{"type":"FeatureCollection","features":[{"type":"Feature","geometry":{"type":"Polygon","coordinates":[[[-117.37217,35.10139],[-117.31563,35.18381],[-117.37392,35.26292],[-117.4888,35.25954],[-117.54521,35.1771],[-117.48688,35.09805],[-117.37217,35.10139]]]},"properties":{"h3":"8529a307fffffff","sunshine":[8.7,9.7,10.9,12.1,13.3,13.8,13.7,12.8,11.8,10.8,9.7,8.4]}},{"type":"Feature","geometry":{"type":"Polygon","coordinates":[[[-116.16383,37.45978],[-116.10484,37.5407],[-116.16381,37.61898],[-116.28181,37.61628],[-116.34067,37.53534],[-116.28166,37.45712],[-116.16383,37.45978]]]},"properties":{"h3":"85298383fffffff","sunshine":[8.6,9.5,10.5,12.1,13,13.9,13.5,12.8,11.7,10.6,9.2,8]}},{"type":"Feature","geometry":{"type":"Polygon","coordinates":[[[-117.8916,35.32751],[-117.83546,35.40998],[-117.89412,35.48861],[-118.00895,35.48469],[-118.06495,35.4022],[-118.00627,35.32363],[-117.8916,35.32751]]]},"properties":{"h3":"8529aecbfffffff","sunshine":[8.6,9.7,11,12.1,13.4,13.9,13.8,12.9,11.8,10.8,9.6,8.4]}},{"type":"Feature","geometry":{"type":"Polygon","coordinates":[[[-117.21442,36.63416],[-117.15691,36.71585],[-117.21596,36.79404],[-117.33255,36.79048],[-117.38992,36.70877],[-117.33083,36.63064],[-117.21442,36.63416]]]},"properties":{"h3":"85298567fffffff","sunshine":[8.8,9.7,11,12.2,13.2,13.8,13.7,12.9,11.7,10.6,9.4,8.3]}},{"type":"Feature","geometry":{"type":"Polygon","coordinates":[[[-115.6538,33.18165],[-115.59659,33.26426],[-115.65305,33.34555],[-115.76676,33.34417],[-115.82385,33.26152],[-115.76735,33.18029],[-115.6538,33.18165]]]},"properties":{"h3":"8529a6cffffffff","sunshine":[9.1,9.9,11.1,12.4,13.1,13.6,13.3,12.6,11.5,10.8,9.7,8.5]}},{"type":"Feature","geometry":{"type":"Polygon","coordinates":[[[-121.76447,37.67569],[-121.71124,37.75805],[-121.77275,37.83226],[-121.8875,37.82408],[-121.94056,37.74172],[-121.87905,37.66756],[-121.76447,37.67569]]]},"properties":{"h3":"852830d3fffffff","sunshine":[7.3,8.8,9.5,11.3,13,13.7,13.7,12.9,11.7,10,8.5,6.8]}},{"type":"Feature","geometry":{"type":"Polygon","coordinates":[[[-121.805,41.61468],[-121.74969,41.69478],[-121.81367,41.76562],[-121.93298,41.75631],[-121.98811,41.6762],[-121.92412,41.60542],[-121.805,41.61468]]]},"properties":{"h3":"8528114ffffffff","sunshine":[6.7,8.3,9.2,11.3,12.5,13.8,14,13.1,11.6,9.5,7.6,5.8]}},{"type":"Feature","geometry":{"type":"Polygon","coordinates":[[[-120.58471,34.24219],[-120.53189,34.3257],[-120.59107,34.40316],[-120.70308,34.39706],[-120.75575,34.31355],[-120.69656,34.23614],[-120.58471,34.24219]]]},"properties":{"h3":"8529131bfffffff","sunshine":[8.3,9.6,10.4,11.7,12.8,13.1,13.1,12.2,11.6,10.5,9.3,8.2]}},{"type":"Feature","geometry":{"type":"Polygon","coordinates":[[[-120.13458,35.79308],[-120.08052,35.87592],[-120.14037,35.9527],[-120.2543,35.94657],[-120.30821,35.86372],[-120.24834,35.787],[-120.13458,35.79308]]]},"properties":{"h3":"8529a8b3fffffff","sunshine":[8,9.4,10.4,11.8,13.3,13.8,13.8,13,11.8,10.6,9.2,7.8]}},{"type":"Feature","geometry":{"type":"Polygon","coordinates":[[[-121.6369,38.54675],[-121.58307,38.62864],[-121.64506,38.70227],[-121.76088,38.69395],[-121.81454,38.61206],[-121.75255,38.53848],[-121.6369,38.54675]]]},"properties":{"h3":"852832b7fffffff","sunshine":[6.5,8.5,9.2,11.3,13,13.7,13.9,13,11.7,9.9,8.1,6.1]}},{"type":"Feature","geometry":{"type":"Polygon","coordinates":[[[-120.11054,39.81355],[-120.05433,39.89436],[-120.11653,39.96806],[-120.23494,39.96091],[-120.29099,39.88009],[-120.22878,39.80644],[-120.11054,39.81355]]]},"properties":{"h3":"8529892ffffffff","sunshine":[7.4,8.8,9.6,11.6,12.9,13.6,13.9,13,11.6,10,8.3,6.7]}},{"type":"Feature","geometry":{"type":"Polygon","coordinates":[[[-122.04717,36.55064],[-121.99482,36.63355],[-122.05577,36.7084],[-122.16907,36.70028],[-122.22126,36.61737],[-122.16031,36.54258],[-122.04717,36.55064]]]},"properties":{"h3":"8528349bfffffff","sunshine":[7.6,9.2,9.6,11.2,12.1,12.5,12.2,11.3,11.2,9.9,8.9,7.4]}},{"type":"Feature","geometry":{"type":"Polygon","coordinates":[[[-118.77073,36.17804],[-118.71505,36.2604],[-118.77456,36.33786],[-118.88978,36.33291],[-118.94532,36.25054],[-118.88579,36.17314],[-118.77073,36.17804]]]},"properties":{"h3":"8529aa97fffffff","sunshine":[7.9,9.1,10.2,11.8,13.2,13.8,13.8,13,11.8,10.6,9.2,7.8]}},{"type":"Feature","geometry":{"type":"Polygon","coordinates":[[[-122.43172,40.19079],[-122.37792,40.27193],[-122.4412,40.34357],[-122.55826,40.33402],[-122.61188,40.25288],[-122.54861,40.18129],[-122.43172,40.19079]]]},"properties":{"h3":"85281517fffffff","sunshine":[6.2,8.3,8.7,11.2,12.8,13.8,14,13,11.7,9.6,7.9,5.7]}},{"type":"Feature","geometry":{"type":"Polygon","coordinates":[[[-117.86686,33.70751],[-117.8115,33.79059],[-117.8693,33.87021],[-117.98248,33.8667],[-118.0377,33.78361],[-117.97987,33.70404],[-117.86686,33.70751]]]},"properties":{"h3":"8529a0b7fffffff","sunshine":[8.5,9.4,10.5,11.5,12.1,13.1,13.4,12.4,11.4,10.3,9.5,8.1]}},{"type":"Feature","geometry":{"type":"Polygon","coordinates":[[[-117.57383,37.42018],[-117.51626,37.50159],[-117.57592,37.57897],[-117.69318,37.57489],[-117.75061,37.49346],[-117.69091,37.41613],[-117.57383,37.42018]]]},"properties":{"h3":"85298133fffffff","sunshine":[8.7,9.6,10.7,12.2,13,13.7,13.6,12.8,11.8,10.6,9.4,8.3]}},{"type":"Feature","geometry":{"type":"Polygon","coordinates":[[[-119.2629,35.27405],[-119.20819,35.3569],[-119.26741,35.43463],[-119.38137,35.42945],[-119.43594,35.34659],[-119.3767,35.26891],[-119.2629,35.27405]]]},"properties":{"h3":"8529ac7bfffffff","sunshine":[8.2,9.6,10.6,11.9,13.3,13.8,13.8,12.9,11.8,10.7,9.3,7.9]}},{"type":"Feature","geometry":{"type":"Polygon","coordinates":[[[-115.99297,33.99488],[-115.93566,34.07732],[-115.9927,34.15796],[-116.10709,34.1561],[-116.16428,34.07364],[-116.10719,33.99306],[-115.99297,33.99488]]]},"properties":{"h3":"8529a29bfffffff","sunshine":[8.9,9.9,11.1,12.3,13.2,13.7,13.4,12.7,11.6,10.8,9.8,8.4]}},{"type":"Feature","geometry":{"type":"Polygon","coordinates":[[[-116.69632,38.00267],[-116.63756,38.08348],[-116.69711,38.16101],[-116.81547,38.15768],[-116.8741,38.07685],[-116.81451,37.99937],[-116.69632,38.00267]]]},"properties":{"h3":"85298edbfffffff","sunshine":[8.4,9.3,10.4,12.1,12.9,13.7,13.5,12.8,11.7,10.5,9.1,8]}},{"type":"Feature","geometry":{"type":"Polygon","coordinates":[[[-122.16098,38.58637],[-122.10773,38.66834],[-122.16992,38.74154],[-122.28536,38.73271],[-122.33845,38.65073],[-122.27626,38.57759],[-122.16098,38.58637]]]},"properties":{"h3":"85283067fffffff","sunshine":[6.8,8.6,9.2,11.4,13,13.8,13.9,13,11.8,9.9,8.3,6.2]}},{"type":"Feature","geometry":{"type":"Polygon","coordinates":[[[-115.82231,33.75245],[-115.76497,33.83492],[-115.82179,33.9158],[-115.93601,33.91415],[-115.99324,33.83166],[-115.93636,33.75083],[-115.82231,33.75245]]]},"properties":{"h3":"8529a663fffffff","sunshine":[9,10,11.1,12.3,13.2,13.7,13.4,12.7,11.6,10.8,9.8,8.3]}},{"type":"Feature","geometry":{"type":"Polygon","coordinates":[[[-124.30747,41.6954],[-124.25508,41.77596],[-124.31989,41.84475],[-124.43708,41.83293],[-124.48928,41.75238],[-124.42448,41.68364],[-124.30747,41.6954]]]},"properties":{"h3":"85281ca7fffffff","sunshine":[5.7,7.2,8.2,10.1,11.8,13.1,13.4,12.3,10.8,8.5,6.8,5.1]}},{"type":"Feature","geometry":{"type":"Polygon","coordinates":[[[-120.25381,38.94937],[-120.19823,39.03072],[-120.25996,39.10504],[-120.37727,39.09796],[-120.43268,39.0166],[-120.37094,38.94233],[-120.25381,38.94937]]]},"properties":{"h3":"8528324bfffffff","sunshine":[7,8.1,8.8,11.1,12.5,13.5,13.8,13.1,11.5,10,8,6.5]}},{"type":"Feature","geometry":{"type":"Polygon","coordinates":[[[-119.29016,36.23496],[-119.23498,36.31742],[-119.29475,36.39449],[-119.4097,36.38903],[-119.46473,36.30656],[-119.40495,36.22955],[-119.29016,36.23496]]]},"properties":{"h3":"8529a847fffffff","sunshine":[7.7,9.2,10.1,11.7,13.2,13.8,13.9,12.9,11.8,10.6,9,7.3]}},{"type":"Feature","geometry":{"type":"Polygon","coordinates":[[[-118.12194,38.5858],[-118.0643,38.66675],[-118.12488,38.74287],[-118.24315,38.73799],[-118.30065,38.65703],[-118.24003,38.58096],[-118.12194,38.5858]]]},"properties":{"h3":"852988c3fffffff","sunshine":[8.4,9.4,10.5,11.8,12.7,13.5,13.5,12.9,11.7,10.5,9,7.9]}},{"type":"Feature","geometry":{"type":"Polygon","coordinates":[[[-122.4412,37.46886],[-122.38884,37.55144],[-122.45045,37.6253],[-122.56442,37.61654],[-122.61662,37.53396],[-122.55501,37.46015],[-122.4412,37.46886]]]},"properties":{"h3":"8528342ffffffff","sunshine":[7.3,8.9,9.4,11.2,12.3,12.9,12.6,11.9,11.2,9.7,8.6,6.8]}},{"type":"Feature","geometry":{"type":"Polygon","coordinates":[[[-118.6178,37.06223],[-118.5615,37.14413],[-118.62143,37.22107],[-118.7377,37.21605],[-118.79386,37.13414],[-118.7339,37.05725],[-118.6178,37.06223]]]},"properties":{"h3":"8529aa2bfffffff","sunshine":[8,8.9,10,11.8,13.1,13.6,13.7,13,11.8,10.6,9,7.7]}},{"type":"Feature","geometry":{"type":"Polygon","coordinates":[[[-121.35126,39.81018],[-121.29644,39.8913],[-121.35911,39.96409],[-121.4766,39.95571],[-121.53126,39.87458],[-121.46858,39.80184],[-121.35126,39.81018]]]},"properties":{"h3":"852814abfffffff","sunshine":[6.2,7.8,8.1,10.7,12.4,13.6,13.9,13.1,11.6,9.7,7.6,5.8]}},{"type":"Feature","geometry":{"type":"Polygon","coordinates":[[[-116.50681,34.06734],[-116.44995,34.1499],[-116.50729,34.23018],[-116.62152,34.22784],[-116.67825,34.14525],[-116.62088,34.06502],[-116.50681,34.06734]]]},"properties":{"h3":"8529a04bfffffff","sunshine":[8.8,9.8,11.1,12.2,13.3,13.8,13.6,12.7,11.7,10.8,9.8,8.4]}},{"type":"Feature","geometry":{"type":"Polygon","coordinates":[[[-115.8133,36.50722],[-115.7545,36.58851],[-115.81276,36.66768],[-115.92987,36.66551],[-115.98855,36.5842],[-115.93024,36.50508],[-115.8133,36.50722]]]},"properties":{"h3":"852980c7fffffff","sunshine":[8.7,9.7,10.7,12.2,13.1,13.8,13.5,12.7,11.7,10.6,9.4,8.2]}},{"type":"Feature","geometry":{"type":"Polygon","coordinates":[[[-119.59906,35.09772],[-119.54479,35.18072],[-119.60405,35.25833],[-119.71761,35.25289],[-119.77174,35.16987],[-119.71246,35.09232],[-119.59906,35.09772]]]},"properties":{"h3":"8529ac0ffffffff","sunshine":[8.2,9.5,10.5,11.9,13.4,13.8,13.8,12.9,11.8,10.7,9.3,8]}},{"type":"Feature","geometry":{"type":"Polygon","coordinates":[[[-120.8915,37.49751],[-120.8374,37.57977],[-120.8985,37.65477],[-121.01372,37.64746],[-121.06767,37.5652],[-121.00655,37.49025],[-120.8915,37.49751]]]},"properties":{"h3":"85283613fffffff","sunshine":[7,8.9,9.7,11.4,13.2,13.7,13.8,13,11.7,10.2,8.5,6.7]}},{"type":"Feature","geometry":{"type":"Polygon","coordinates":[[[-119.94735,40.21002],[-119.89074,40.29054],[-119.95311,40.36403],[-120.07211,40.35694],[-120.12856,40.27641],[-120.06617,40.20298],[-119.94735,40.21002]]]},"properties":{"h3":"8528168ffffffff","sunshine":[7.6,9,9.8,11.8,12.8,13.6,13.8,13,11.5,10,8.4,6.8]}},{"type":"Feature","geometry":{"type":"Polygon","coordinates":[[[-118.45197,37.46637],[-118.39528,37.54802],[-118.45537,37.62477],[-118.57218,37.61982],[-118.62873,37.53816],[-118.56861,37.46146],[-118.45197,37.46637]]]},"properties":{"h3":"85298c8bfffffff","sunshine":[8.6,9.5,10.9,12.2,13.2,13.6,13.6,13,11.8,10.6,9.3,8.2]}},{"type":"Feature","geometry":{"type":"Polygon","coordinates":[[[-116.33687,34.96459],[-116.27939,35.04676],[-116.3371,35.12661],[-116.45234,35.12424],[-116.5097,35.04205],[-116.45194,34.96225],[-116.33687,34.96459]]]},"properties":{"h3":"8529a22ffffffff","sunshine":[8.8,9.8,10.9,12.2,13.2,13.7,13.5,12.7,11.7,10.7,9.6,8.3]}},{"type":"Feature","geometry":{"type":"Polygon","coordinates":[[[-123.16304,40.58881],[-123.10989,40.66985],[-123.17365,40.74057],[-123.29055,40.73019],[-123.34353,40.64914],[-123.27978,40.57848],[-123.16304,40.58881]]]},"properties":{"h3":"852802cffffffff","sunshine":[5.9,7.7,8.3,10.6,12.3,13.8,14.2,13.1,11.5,9.3,7.5,5.3]}},{"type":"Feature","geometry":{"type":"Polygon","coordinates":[[[-117.17731,32.58165],[-117.12184,32.66489],[-117.17875,32.74557],[-117.29117,32.74294],[-117.34651,32.65967],[-117.28957,32.57906],[-117.17731,32.58165]]]},"properties":{"h3":"8529a413fffffff","sunshine":[8.6,9.5,10.4,11.1,11.3,12.1,12.5,11.8,10.8,10,9.5,8.3]}},{"type":"Feature","geometry":{"type":"Polygon","coordinates":[[[-116.16411,35.37274],[-116.10625,35.45468],[-116.16409,35.53438],[-116.27983,35.53209],[-116.33757,35.45013],[-116.27969,35.37048],[-116.16411,35.37274]]]},"properties":{"h3":"8529848ffffffff","sunshine":[8.7,9.7,10.8,12.2,13.2,13.7,13.5,12.7,11.7,10.7,9.5,8.2]}},{"type":"Feature","geometry":{"type":"Polygon","coordinates":[[[-121.0654,41.2127],[-121.00947,41.29288],[-121.07292,41.36464],[-121.19231,41.35618],[-121.24807,41.27599],[-121.18461,41.20428],[-121.0654,41.2127]]]},"properties":{"h3":"85281077fffffff","sunshine":[6.6,8.2,9,11.1,12.5,13.7,13.9,13.1,11.6,9.6,7.6,5.9]}},{"type":"Feature","geometry":{"type":"Polygon","coordinates":[[[-115.12628,34.90139],[-115.06769,34.98318],[-115.12473,35.0638],[-115.24042,35.06259],[-115.29889,34.98078],[-115.24179,34.9002],[-115.12628,34.90139]]]},"properties":{"h3":"8529b1bbfffffff","sunshine":[8.7,9.7,10.9,12.3,13.1,13.7,13.2,12.6,11.6,10.7,9.7,8.1]}},{"type":"Feature","geometry":{"type":"Polygon","coordinates":[[[-123.75865,39.15212],[-123.70695,39.23408],[-123.76997,39.30557],[-123.88467,39.29505],[-123.93619,39.2131],[-123.87319,39.14166],[-123.75865,39.15212]]]},"properties":{"h3":"85280697fffffff","sunshine":[6.4,8.2,8.8,11,12.1,13.4,13.3,12.4,11.3,9.4,8,6]}},{"type":"Feature","geometry":{"type":"Polygon","coordinates":[[[-123.79684,41.97127],[-123.74368,42.05157],[-123.80854,42.12051],[-123.92655,42.10911],[-123.97952,42.02882],[-123.91467,41.95993],[-123.79684,41.97127]]]},"properties":{"h3":"85281c3bfffffff","sunshine":[5.5,6.8,7.8,9.8,11.8,13.3,14.2,13.1,11.2,8.7,6.6,4.8]}},{"type":"Feature","geometry":{"type":"Polygon","coordinates":[[[-119.05634,33.90939],[-119.00209,33.99268],[-119.0605,34.07141],[-119.17318,34.06677],[-119.2273,33.98346],[-119.16887,33.9048],[-119.05634,33.90939]]]},"properties":{"h3":"85291243fffffff","sunshine":[8.5,9.6,10.6,11.7,12.8,13,13.3,12.4,11.5,10.5,9.6,8.4]}},{"type":"Feature","geometry":{"type":"Polygon","coordinates":[[[-118.12783,38.89973],[-118.07001,38.9805],[-118.13079,39.05637],[-118.24941,39.05141],[-118.30708,38.97062],[-118.24627,38.89481],[-118.12783,38.89973]]]},"properties":{"h3":"85298857fffffff","sunshine":[8.3,9.3,10.3,11.8,12.7,13.5,13.6,12.9,11.7,10.4,8.9,7.8]}},{"type":"Feature","geometry":{"type":"Polygon","coordinates":[[[-121.83143,38.92251],[-121.77763,39.00424],[-121.83991,39.07741],[-121.956,39.0688],[-122.00964,38.98707],[-121.94735,38.91395],[-121.83143,38.92251]]]},"properties":{"h3":"852833c3fffffff","sunshine":[6.6,8.5,9.1,11.3,13,13.8,13.9,13,11.7,9.8,8.2,6.1]}},{"type":"Feature","geometry":{"type":"Polygon","coordinates":[[[-114.96803,33.51563],[-114.91002,33.5979],[-114.96627,33.67942],[-115.08059,33.6786],[-115.13849,33.59629],[-115.08219,33.51483],[-114.96803,33.51563]]]},"properties":{"h3":"8529b583fffffff","sunshine":[9,9.8,11,12.4,13,13.5,13.2,12.6,11.5,10.8,9.7,8.4]}},{"type":"Feature","geometry":{"type":"Polygon","coordinates":[[[-120.18142,37.06497],[-120.12677,37.14727],[-120.18736,37.22311],[-120.30261,37.2166],[-120.35711,37.13429],[-120.29651,37.0585],[-120.18142,37.06497]]]},"properties":{"h3":"8529aba3fffffff","sunshine":[7.5,9,9.9,11.6,13.2,13.7,13.9,13,11.7,10.5,8.8,7]}},{"type":"Feature","geometry":{"type":"Polygon","coordinates":[[[-120.14674,40.73718],[-120.09005,40.81743],[-120.15284,40.89031],[-120.27233,40.88289],[-120.32885,40.80263],[-120.26605,40.72981],[-120.14674,40.73718]]]},"properties":{"h3":"85281623fffffff","sunshine":[7.1,8.7,9.4,11.5,12.6,13.5,13.8,13,11.5,9.7,8,6.1]}},{"type":"Feature","geometry":{"type":"Polygon","coordinates":[[[-118.04308,34.10859],[-117.98771,34.19157],[-118.04579,34.27085],[-118.15928,34.26708],[-118.21452,34.18408],[-118.15641,34.10486],[-118.04308,34.10859]]]},"properties":{"h3":"8529a1c3fffffff","sunshine":[8.5,9.4,10.2,11.6,12.7,13.6,13.8,12.8,11.6,10.5,9.6,8.2]}},{"type":"Feature","geometry":{"type":"Polygon","coordinates":[[[-115.14449,32.94015],[-115.08693,33.02268],[-115.143,33.1044],[-115.25668,33.10352],[-115.31412,33.02096],[-115.25801,32.9393],[-115.14449,32.94015]]]},"properties":{"h3":"85485b33fffffff","sunshine":[9.1,9.9,11.1,12.4,13,13.6,13.2,12.6,11.5,10.8,9.8,8.5]}},{"type":"Feature","geometry":{"type":"Polygon","coordinates":[[[-123.37625,41.10313],[-123.32307,41.1839],[-123.38723,41.25398],[-123.50456,41.24324],[-123.55756,41.16248],[-123.49341,41.09244],[-123.37625,41.10313]]]},"properties":{"h3":"85280263fffffff","sunshine":[5.8,7.3,8.2,10.2,12,13.6,14.1,13.1,11.4,9.2,7.2,5.2]}},{"type":"Feature","geometry":{"type":"Polygon","coordinates":[[[-117.23163,38.38198],[-117.17318,38.46276],[-117.23322,38.53964],[-117.35175,38.53569],[-117.41005,38.4549],[-117.34997,38.37806],[-117.23163,38.38198]]]},"properties":{"h3":"85298e03fffffff","sunshine":[8.4,9.5,10.5,12,12.9,13.6,13.5,12.8,11.7,10.5,9.2,7.9]}},{"type":"Feature","geometry":{"type":"Polygon","coordinates":[[[-117.8866,35.0048],[-117.83061,35.0874],[-117.8891,35.16624],[-118.00359,35.1624],[-118.05944,35.07978],[-118.00093,35.001],[-117.8866,35.0048]]]},"properties":{"h3":"8529a3a7fffffff","sunshine":[8.7,9.7,10.9,12.1,13.4,13.9,13.8,12.8,11.8,10.8,9.6,8.3]}},{"type":"Feature","geometry":{"type":"Polygon","coordinates":[[[-116.33828,35.93411],[-116.28028,36.01585],[-116.33851,36.09508],[-116.45477,36.09251],[-116.51264,36.01074],[-116.45437,35.93157],[-116.33828,35.93411]]]},"properties":{"h3":"85298423fffffff","sunshine":[8.7,9.7,10.8,12.2,13.2,13.7,13.6,12.8,11.7,10.7,9.5,8.2]}},{"type":"Feature","geometry":{"type":"Polygon","coordinates":[[[-120.87555,40.99663],[-120.81953,41.0769],[-120.88277,41.14901],[-121.00205,41.14079],[-121.0579,41.06051],[-120.99465,40.98845],[-120.87555,40.99663]]]},"properties":{"h3":"8528100bfffffff","sunshine":[6.8,8.4,9.1,11.1,12.3,13.6,13.9,13.1,11.6,9.7,7.8,6]}},{"type":"Feature","geometry":{"type":"Polygon","coordinates":[[[-123.64791,40.00936],[-123.59564,40.09083],[-123.65916,40.16168],[-123.77495,40.151],[-123.82704,40.06953],[-123.76353,39.99874],[-123.64791,40.00936]]]},"properties":{"h3":"8528062bfffffff","sunshine":[6,7.7,8.3,10.5,12,13.6,13.8,12.8,11.3,9.3,7.6,5.6]}},{"type":"Feature","geometry":{"type":"Polygon","coordinates":[[[-123.21553,38.81268],[-123.16337,38.89472],[-123.22602,38.96693],[-123.34083,38.95702],[-123.39281,38.87498],[-123.33017,38.80283],[-123.21553,38.81268]]]},"properties":{"h3":"85283173fffffff","sunshine":[6.3,8.2,8.8,11,12.5,13.8,13.9,12.9,11.6,9.5,8,5.9]}},{"type":"Feature","geometry":{"type":"Polygon","coordinates":[[[-120.33252,36.50048],[-120.27832,36.58308],[-120.33864,36.65922],[-120.45318,36.65271],[-120.50723,36.57011],[-120.44689,36.49403],[-120.33252,36.50048]]]},"properties":{"h3":"8529a953fffffff","sunshine":[7.9,9.3,10.2,11.8,13.3,13.8,13.9,13,11.8,10.5,9,7.5]}},{"type":"Feature","geometry":{"type":"Polygon","coordinates":[[[-121.84842,39.2321],[-121.79447,39.31366],[-121.85696,39.38657],[-121.97339,39.37785],[-122.02717,39.29629],[-121.96468,39.22344],[-121.84842,39.2321]]]},"properties":{"h3":"85283357fffffff","sunshine":[6.6,8.5,9.1,11.3,13.1,13.8,13.9,13,11.7,9.8,8.1,6.1]}},{"type":"Feature","geometry":{"type":"Polygon","coordinates":[[[-120.72115,41.54117],[-120.66464,41.62104],[-120.72817,41.69276],[-120.84823,41.68457],[-120.90457,41.60469],[-120.84102,41.53302],[-120.72115,41.54117]]]},"properties":{"h3":"852813d3fffffff","sunshine":[6.7,8.2,9.1,11.1,12.4,13.6,13.8,13.1,11.5,9.5,7.5,5.7]}},{"type":"Feature","geometry":{"type":"Polygon","coordinates":[[[-114.96451,33.84306],[-114.90633,33.92522],[-114.96274,34.00655],[-115.0774,34.00568],[-115.13547,33.9235],[-115.079,33.84221],[-114.96451,33.84306]]]},"properties":{"h3":"8529b517fffffff","sunshine":[9.1,9.9,11.1,12.4,13,13.6,13.2,12.6,11.5,10.7,9.7,8.4]}},{"type":"Feature","geometry":{"type":"Polygon","coordinates":[[[-120.19331,37.38106],[-120.1385,37.46321],[-120.19928,37.53881],[-120.31487,37.5322],[-120.36952,37.45004],[-120.30873,37.3745],[-120.19331,37.38106]]]},"properties":{"h3":"8529ab37fffffff","sunshine":[7.5,8.8,9.5,11.4,13.1,13.7,13.9,13,11.7,10.3,8.7,7]}},{"type":"Feature","geometry":{"type":"Polygon","coordinates":[[[-122.95176,40.07082],[-122.89863,40.15213],[-122.962,40.22347],[-123.07848,40.21344],[-123.13142,40.13213],[-123.06807,40.06085],[-122.95176,40.07082]]]},"properties":{"h3":"852815b7fffffff","sunshine":[6.2,8,8.6,10.8,12.4,13.8,14.2,13,11.6,9.5,7.6,5.7]}},{"type":"Feature","geometry":{"type":"Polygon","coordinates":[[[-118.0485,34.43295],[-117.99297,34.51582],[-118.05123,34.5949],[-118.16504,34.59105],[-118.22044,34.50816],[-118.16215,34.42914],[-118.0485,34.43295]]]},"properties":{"h3":"8529a157fffffff","sunshine":[8.7,9.7,10.7,12.1,13.4,13.8,13.8,12.8,11.8,10.7,9.6,8.2]}},{"type":"Feature","geometry":{"type":"Polygon","coordinates":[[[-116.86582,36.80405],[-116.80787,36.88555],[-116.86684,36.96384],[-116.98379,36.96058],[-117.0416,36.87907],[-116.98259,36.80082],[-116.86582,36.80405]]]},"properties":{"h3":"852981d3fffffff","sunshine":[8.7,9.7,10.8,12.2,13.2,13.8,13.7,12.9,11.7,10.7,9.4,8.2]}},{"type":"Feature","geometry":{"type":"Polygon","coordinates":[[[-120.62958,35.36565],[-120.57627,35.44877],[-120.63607,35.52548],[-120.7492,35.51901],[-120.80237,35.43589],[-120.74255,35.35923],[-120.62958,35.36565]]]},"properties":{"h3":"8529ad1bfffffff","sunshine":[8.1,9.3,10.1,11.7,13.2,13.6,13.7,12.8,11.7,10.5,9.1,7.7]}},{"type":"Feature","geometry":{"type":"Polygon","coordinates":[[[-120.03433,37.78488],[-119.97914,37.86679],[-120.04009,37.9422],[-120.15624,37.93563],[-120.21127,37.85371],[-120.15031,37.77836],[-120.03433,37.78488]]]},"properties":{"h3":"85298d97fffffff","sunshine":[7.3,8.6,9.3,11.2,12.9,13.6,13.8,13.1,11.6,10.3,8.6,7]}},{"type":"Feature","geometry":{"type":"Polygon","coordinates":[[[-117.37392,35.26292],[-117.3173,35.34528],[-117.37568,35.42428],[-117.49072,35.42087],[-117.54721,35.33849],[-117.4888,35.25954],[-117.37392,35.26292]]]},"properties":{"h3":"8529a33bfffffff","sunshine":[8.7,9.8,10.9,12.2,13.3,13.8,13.7,12.8,11.8,10.8,9.7,8.4]}},{"type":"Feature","geometry":{"type":"Polygon","coordinates":[[[-116.69477,37.68538],[-116.63617,37.76636],[-116.69555,37.84413],[-116.81355,37.84086],[-116.87201,37.75986],[-116.8126,37.68214],[-116.69477,37.68538]]]},"properties":{"h3":"852983b7fffffff","sunshine":[8.6,9.4,10.5,12.1,13,13.8,13.6,12.8,11.7,10.6,9.2,8.1]}},{"type":"Feature","geometry":{"type":"Polygon","coordinates":[[[-124.23372,40.79421],[-124.18172,40.87532],[-124.24592,40.945],[-124.36209,40.93352],[-124.41389,40.85242],[-124.34972,40.78279],[-124.23372,40.79421]]]},"properties":{"h3":"852803dbfffffff","sunshine":[6.1,7.5,8.5,10.4,11.9,13.3,13.7,12.7,11.2,9.1,7.4,5.5]}},{"type":"Feature","geometry":{"type":"Polygon","coordinates":[[[-117.20526,35.671],[-117.14826,35.75313],[-117.20678,35.83198],[-117.32234,35.82863],[-117.37921,35.74648],[-117.32065,35.66769],[-117.20526,35.671]]]},"properties":{"h3":"8529859bfffffff","sunshine":[8.7,9.8,11,12.2,13.3,13.8,13.7,12.9,11.8,10.7,9.6,8.4]}},{"type":"Feature","geometry":{"type":"Polygon","coordinates":[[[-123.54815,38.62854],[-123.49647,38.71073],[-123.55911,38.78282],[-123.6734,38.77267],[-123.72491,38.69047],[-123.66229,38.61843],[-123.54815,38.62854]]]},"properties":{"h3":"85283107fffffff","sunshine":[6.6,8.5,9.1,11.1,12.5,13.7,13.6,12.6,11.5,9.5,8.2,6.1]}},{"type":"Feature","geometry":{"type":"Polygon","coordinates":[[[-122.47941,40.95235],[-122.42526,41.03303],[-122.48904,41.10395],[-122.60697,41.09414],[-122.66095,41.01346],[-122.59717,40.94259],[-122.47941,40.95235]]]},"properties":{"h3":"85281183fffffff","sunshine":[5.8,7.8,8.1,10.9,12.4,13.8,14.1,13.1,11.5,9.4,7.5,5.4]}},{"type":"Feature","geometry":{"type":"Polygon","coordinates":[[[-120.26043,34.58184],[-120.2071,34.66517],[-120.26634,34.74266],[-120.37892,34.73675],[-120.4321,34.65341],[-120.37285,34.57599],[-120.26043,34.58184]]]},"properties":{"h3":"8529134ffffffff","sunshine":[8.2,9.5,10.3,11.6,12.8,13.1,13.3,12.5,11.5,10.5,9.4,8.2]}},{"type":"Feature","geometry":{"type":"Polygon","coordinates":[[[-121.72341,36.88988],[-121.67053,36.97259],[-121.73157,37.04743],[-121.8455,37.03951],[-121.89822,36.9568],[-121.83717,36.88202],[-121.72341,36.88988]]]},"properties":{"h3":"852834cffffffff","sunshine":[7.5,8.9,9.5,11,12.1,12.7,12.6,11.9,11.2,9.9,8.7,7.3]}},{"type":"Feature","geometry":{"type":"Polygon","coordinates":[[[-117.90936,36.4515],[-117.85265,36.53349],[-117.91193,36.61135],[-118.02795,36.60716],[-118.08452,36.52515],[-118.02521,36.44735],[-117.90936,36.4515]]]},"properties":{"h3":"8529aacbfffffff","sunshine":[8.8,9.8,11,12.4,13.4,13.8,13.7,13,11.9,10.7,9.6,8.5]}},{"type":"Feature","geometry":{"type":"Polygon","coordinates":[[[-121.56387,40.48811],[-121.50892,40.56888],[-121.57209,40.64092],[-121.69022,40.63214],[-121.745,40.55137],[-121.68183,40.47938],[-121.56387,40.48811]]]},"properties":{"h3":"8528154bfffffff","sunshine":[6.4,7.9,8.6,10.9,12.5,13.8,14,13.1,11.6,9.6,7.7,5.7]}},{"type":"Feature","geometry":{"type":"Polygon","coordinates":[[[-117.2253,37.74923],[-117.1672,37.83036],[-117.22688,37.90773],[-117.34469,37.90392],[-117.40265,37.82277],[-117.34294,37.74546],[-117.2253,37.74923]]]},"properties":{"h3":"85298167fffffff","sunshine":[8.7,9.6,10.7,12.2,13,13.7,13.7,12.9,11.8,10.6,9.3,8.2]}},{"type":"Feature","geometry":{"type":"Polygon","coordinates":[[[-120.10585,34.99236],[-120.05216,35.07551],[-120.11156,35.15284],[-120.22467,35.14696],[-120.27822,35.0638],[-120.2188,34.98653],[-120.10585,34.99236]]]},"properties":{"h3":"8529acaffffffff","sunshine":[8.2,9.3,10.1,11.8,13.2,13.6,13.8,12.8,11.7,10.7,9.3,8.1]}},{"type":"Feature","geometry":{"type":"Polygon","coordinates":[[[-121.40463,37.38541],[-121.35115,37.46783],[-121.41237,37.54254],[-121.52708,37.53477],[-121.5804,37.45235],[-121.51917,37.3777],[-121.40463,37.38541]]]},"properties":{"h3":"852836b3fffffff","sunshine":[7.6,8.8,9.6,11.4,13.1,13.7,13.8,13,11.7,10.2,8.8,7.1]}},{"type":"Feature","geometry":{"type":"Polygon","coordinates":[[[-119.89066,38.65753],[-119.83485,38.73894],[-119.89625,38.81377],[-120.01348,38.80712],[-120.06913,38.72569],[-120.00771,38.65092],[-119.89066,38.65753]]]},"properties":{"h3":"85298d2bfffffff","sunshine":[7.5,8.5,9.6,11.5,12.8,13.6,13.7,13.1,11.6,10.1,8.4,6.9]}},{"type":"Feature","geometry":{"type":"Polygon","coordinates":[[[-115.64845,34.3259],[-115.59064,34.4081],[-115.64767,34.48876],[-115.76255,34.48716],[-115.82023,34.40493],[-115.76316,34.32433],[-115.64845,34.3259]]]},"properties":{"h3":"8529a2cffffffff","sunshine":[9,9.9,11.1,12.3,13.2,13.7,13.3,12.7,11.6,10.7,9.7,8.3]}},{"type":"Feature","geometry":{"type":"Polygon","coordinates":[[[-118.57155,34.98046],[-118.51627,35.06326],[-118.57504,35.14165],[-118.68912,35.13718],[-118.74426,35.05437],[-118.68546,34.97604],[-118.57155,34.98046]]]},"properties":{"h3":"8529ae93fffffff","sunshine":[8.3,9.4,10.4,11.9,13.2,13.8,13.8,12.9,11.8,10.7,9.4,7.9]}},{"type":"Feature","geometry":{"type":"Polygon","coordinates":[[[-124.65813,41.65978],[-124.60619,41.74042],[-124.67107,41.80896],[-124.78787,41.79681],[-124.83962,41.71618],[-124.77477,41.64769],[-124.65813,41.65978]]]},"properties":{"h3":"8528036ffffffff","sunshine":[5.8,7.3,8.5,10.2,12,13.2,13.5,12.1,10.6,8.4,6.9,5.2]}},{"type":"Feature","geometry":{"type":"Polygon","coordinates":[[[-117.56347,36.62325],[-117.50632,36.70506],[-117.56553,36.78302],[-117.68192,36.77913],[-117.73893,36.69731],[-117.67969,36.6194],[-117.56347,36.62325]]]},"properties":{"h3":"8529852ffffffff","sunshine":[8.8,9.8,11,12.3,13.3,13.8,13.7,13,11.8,10.7,9.5,8.4]}},{"type":"Feature","geometry":{"type":"Polygon","coordinates":[[[-116.33391,32.84415],[-116.2775,32.92708],[-116.33413,33.00814],[-116.44721,33.00621],[-116.5035,32.92325],[-116.44683,32.84225],[-116.33391,32.84415]]]},"properties":{"h3":"8529a697fffffff","sunshine":[8.8,9.7,10.8,12.2,13.2,13.7,13.4,12.7,11.6,10.7,9.7,8.4]}},{"type":"Feature","geometry":{"type":"Polygon","coordinates":[[[-122.10791,37.65097],[-122.05508,37.7334],[-122.11669,37.80738],[-122.23114,37.79887],[-122.2838,37.71644],[-122.22219,37.64252],[-122.10791,37.65097]]]},"properties":{"h3":"8528309bfffffff","sunshine":[7.3,8.8,9.4,11.2,12.5,13.2,13.1,12.3,11.4,9.8,8.6,6.8]}},{"type":"Feature","geometry":{"type":"Polygon","coordinates":[[[-122.4987,41.25532],[-122.44439,41.33581],[-122.50838,41.40645],[-122.62667,41.39653],[-122.68079,41.31604],[-122.6168,41.24546],[-122.4987,41.25532]]]},"properties":{"h3":"85281117fffffff","sunshine":[6.1,7.8,8.4,10.9,12.3,13.8,14.1,13.1,11.5,9.3,7.4,5.3]}},{"type":"Feature","geometry":{"type":"Polygon","coordinates":[[[-123.04502,41.43629],[-122.99126,41.51679],[-123.05554,41.58682],[-123.17357,41.57632],[-123.22715,41.49583],[-123.16287,41.42584],[-123.04502,41.43629]]]},"properties":{"h3":"85281cdbfffffff","sunshine":[5.9,7.6,8.4,10.6,12.2,13.7,14.2,13.1,11.5,9.2,7.2,5.3]}},{"type":"Feature","geometry":{"type":"Polygon","coordinates":[[[-119.29475,36.39449],[-119.2395,36.47688],[-119.29935,36.55383],[-119.41447,36.54833],[-119.46958,36.46592],[-119.4097,36.38903],[-119.29475,36.39449]]]},"properties":{"h3":"8529a87bfffffff","sunshine":[7.7,9.3,10.1,11.7,13.3,13.8,13.9,12.9,11.8,10.6,9,7.3]}},{"type":"Feature","geometry":{"type":"Polygon","coordinates":[[[-121.92355,37.42834],[-121.87062,37.51084],[-121.93204,37.58513],[-122.04639,37.57686],[-122.09916,37.49436],[-122.03773,37.42013],[-121.92355,37.42834]]]},"properties":{"h3":"85283463fffffff","sunshine":[7.4,8.9,9.6,11.3,12.8,13.6,13.7,12.8,11.6,10.1,8.7,7.1]}},{"type":"Feature","geometry":{"type":"Polygon","coordinates":[[[-119.0857,35.04026],[-119.03092,35.12316],[-119.08994,35.20116],[-119.20377,35.19621],[-119.25841,35.11329],[-119.19936,35.03534],[-119.0857,35.04026]]]},"properties":{"h3":"8529ac43fffffff","sunshine":[8.3,9.6,10.6,11.9,13.3,13.8,13.8,12.9,11.8,10.7,9.4,8]}},{"type":"Feature","geometry":{"type":"Polygon","coordinates":[[[-120.5588,37.83326],[-120.50416,37.91528],[-120.56534,37.99026],[-120.68117,37.98318],[-120.73566,37.90116],[-120.67447,37.82622],[-120.5588,37.83326]]]},"properties":{"h3":"85283647fffffff","sunshine":[7.3,8.7,9.4,11.3,13.1,13.7,13.8,13.1,11.7,10.2,8.6,6.9]}},{"type":"Feature","geometry":{"type":"Polygon","coordinates":[[[-115.81866,34.89264],[-115.76072,34.97467],[-115.81813,35.05488],[-115.93352,35.05301],[-115.99134,34.97096],[-115.93388,34.8908],[-115.81866,34.89264]]]},"properties":{"h3":"8529a263fffffff","sunshine":[8.8,9.8,10.9,12.2,13.1,13.7,13.4,12.7,11.7,10.7,9.7,8.3]}},{"type":"Feature","geometry":{"type":"Polygon","coordinates":[[[-118.93719,35.93068],[-118.8818,36.01318],[-118.94125,36.0907],[-119.0561,36.08566],[-119.11134,36.00314],[-119.05187,35.92568],[-118.93719,35.93068]]]},"properties":{"h3":"8529ae27fffffff","sunshine":[7.9,9.3,10.3,11.7,13.2,13.8,13.9,12.9,11.8,10.6,9.2,7.7]}},{"type":"Feature","geometry":{"type":"Polygon","coordinates":[[[-117.76245,38.28462],[-117.7046,38.36563],[-117.76485,38.44223],[-117.88297,38.43777],[-117.94068,38.35675],[-117.8804,38.2802],[-117.76245,38.28462]]]},"properties":{"h3":"85298ea3fffffff","sunshine":[8.5,9.5,10.6,12,12.8,13.5,13.4,12.8,11.7,10.6,9.2,8.1]}},{"type":"Feature","geometry":{"type":"Polygon","coordinates":[[[-116.8421,32.91675],[-116.78614,32.9998],[-116.84305,33.08051],[-116.95597,33.07811],[-117.0118,32.99503],[-116.95485,32.91438],[-116.8421,32.91675]]]},"properties":{"h3":"8529a447fffffff","sunshine":[8.5,9.3,10.2,10.8,11.2,12.8,13.3,12.3,11,10.2,9.4,8]}},{"type":"Feature","geometry":{"type":"Polygon","coordinates":[[[-115.64376,35.30059],[-115.58545,35.38239],[-115.64298,35.46246],[-115.75887,35.46068],[-115.81707,35.37886],[-115.75949,35.29884],[-115.64376,35.30059]]]},"properties":{"h3":"852984c3fffffff","sunshine":[8.7,9.7,10.8,12.3,13.1,13.8,13.3,12.7,11.7,10.7,9.7,8.2]}},{"type":"Feature","geometry":{"type":"Polygon","coordinates":[[[-121.85648,36.16713],[-121.80411,36.25016],[-121.86478,36.32543],[-121.97783,36.3176],[-122.03004,36.23457],[-121.96937,36.15936],[-121.85648,36.16713]]]},"properties":{"h3":"85291a73fffffff","sunshine":[7.6,8.9,9.5,11.4,12.7,13.5,13.5,12.7,11.6,10.2,9,7.3]}},{"type":"Feature","geometry":{"type":"Polygon","coordinates":[[[-122.50649,38.55971],[-122.45365,38.64177],[-122.51593,38.71472],[-122.63106,38.70557],[-122.68373,38.62352],[-122.62145,38.55062],[-122.50649,38.55971]]]},"properties":{"h3":"8528302ffffffff","sunshine":[6.6,8.5,9.1,11.3,13,13.8,13.9,12.9,11.7,9.7,8.2,6.1]}},{"type":"Feature","geometry":{"type":"Polygon","coordinates":[[[-116.16432,33.74729],[-116.1073,33.82986],[-116.1643,33.91054],[-116.27836,33.90857],[-116.33526,33.82597],[-116.27822,33.74535],[-116.16432,33.74729]]]},"properties":{"h3":"8529a62bfffffff","sunshine":[9,9.9,11.2,12.3,13.2,13.7,13.5,12.6,11.6,10.8,9.8,8.4]}},{"type":"Feature","geometry":{"type":"Polygon","coordinates":[[[-115.4643,36.19131],[-115.40534,36.27263],[-115.46324,36.35223],[-115.58016,36.35046],[-115.639,36.26911],[-115.58104,36.18957],[-115.4643,36.19131]]]},"properties":{"h3":"852986a7fffffff","sunshine":[8.6,9.6,10.6,12.3,13,13.7,13.2,12.6,11.7,10.7,9.5,8.1]}},{"type":"Feature","geometry":{"type":"Polygon","coordinates":[[[-121.40668,40.88275],[-121.35132,40.96323],[-121.41469,41.03503],[-121.53342,41.02631],[-121.5886,40.94582],[-121.52523,40.87407],[-121.40668,40.88275]]]},"properties":{"h3":"852810abfffffff","sunshine":[6.7,8.3,9.1,11.2,12.6,13.8,13.9,13.1,11.6,9.7,7.8,5.9]}},{"type":"Feature","geometry":{"type":"Polygon","coordinates":[[[-122.91112,39.45796],[-122.85827,39.53961],[-122.92123,39.61151],[-123.03703,39.6017],[-123.08971,39.52005],[-123.02675,39.44821],[-122.91112,39.45796]]]},"properties":{"h3":"852806cbfffffff","sunshine":[6.6,8.4,8.9,11.2,12.8,13.9,14.1,13,11.8,9.7,8.1,6]}},{"type":"Feature","geometry":{"type":"Polygon","coordinates":[[[-119.56944,34.1306],[-119.51561,34.21394],[-119.57434,34.29218],[-119.68693,34.28703],[-119.74062,34.20368],[-119.68187,34.1255],[-119.56944,34.1306]]]},"properties":{"h3":"85291277fffffff","sunshine":[8.4,9.6,10.5,11.7,12.8,13,13.4,12.4,11.5,10.5,9.5,8.4]}},{"type":"Feature","geometry":{"type":"Polygon","coordinates":[[[-120.94093,38.59405],[-120.88631,38.67576],[-120.94808,38.74987],[-121.06449,38.74221],[-121.11895,38.66049],[-121.05717,38.58644],[-120.94093,38.59405]]]},"properties":{"h3":"85283213fffffff","sunshine":[6.8,8.3,9.1,11,12.9,13.6,13.9,13.1,11.5,9.9,8.1,6.5]}},{"type":"Feature","geometry":{"type":"Polygon","coordinates":[[[-119.63428,36.21841],[-119.57948,36.30097],[-119.63937,36.3778],[-119.75409,36.37203],[-119.80874,36.28946],[-119.74883,36.21268],[-119.63428,36.21841]]]},"properties":{"h3":"8529a80ffffffff","sunshine":[7.6,9.3,10.1,11.7,13.2,13.7,13.9,12.9,11.8,10.6,9,7.2]}},{"type":"Feature","geometry":{"type":"Polygon","coordinates":[[[-119.98807,41.28312],[-119.93089,41.36296],[-119.99396,41.43547],[-120.11423,41.42808],[-120.17124,41.34823],[-120.10816,41.27578],[-119.98807,41.28312]]]},"properties":{"h3":"8528128ffffffff","sunshine":[7,8.4,9.4,11.4,12.5,13.6,13.8,13.1,11.5,9.6,7.7,5.9]}},{"type":"Feature","geometry":{"type":"Polygon","coordinates":[[[-118.47598,38.57092],[-118.41871,38.65199],[-118.47946,38.72788],[-118.5975,38.72265],[-118.65462,38.64157],[-118.59385,38.56573],[-118.47598,38.57092]]]},"properties":{"h3":"8529888bfffffff","sunshine":[8.3,9.4,10.5,11.9,12.8,13.5,13.6,12.9,11.7,10.5,9,7.9]}},{"type":"Feature","geometry":{"type":"Polygon","coordinates":[[[-120.83269,40.0774],[-120.77714,40.15824],[-120.83978,40.23119],[-120.95799,40.22325],[-121.01337,40.1424],[-120.95072,40.06951],[-120.83269,40.0774]]]},"properties":{"h3":"85281473fffffff","sunshine":[6.6,8.2,8.8,11.1,12.6,13.6,13.9,13.1,11.6,9.7,7.7,6]}},{"type":"Feature","geometry":{"type":"Polygon","coordinates":[[[-117.18743,33.72619],[-117.1314,33.80908],[-117.18889,33.88913],[-117.30245,33.88623],[-117.35835,33.80332],[-117.30082,33.72333],[-117.18743,33.72619]]]},"properties":{"h3":"8529a013fffffff","sunshine":[8.3,9.2,10.2,11.2,12.1,13.5,13.6,12.7,11.4,10.4,9.5,8]}},{"type":"Feature","geometry":{"type":"Polygon","coordinates":[[[-115.47986,33.75668],[-115.42219,33.83904],[-115.47884,33.92012],[-115.59321,33.91879],[-115.65076,33.8364],[-115.59406,33.75538],[-115.47986,33.75668]]]},"properties":{"h3":"8529b5b7fffffff","sunshine":[9,9.9,11.1,12.4,13.1,13.6,13.3,12.6,11.6,10.8,9.8,8.4]}},{"type":"Feature","geometry":{"type":"Polygon","coordinates":[[[-116.16396,36.50046],[-116.1055,36.58187],[-116.16394,36.66083],[-116.28089,36.65832],[-116.33923,36.57688],[-116.28074,36.49798],[-116.16396,36.50046]]]},"properties":{"h3":"8529808ffffffff","sunshine":[8.7,9.7,10.7,12.1,13.2,13.8,13.6,12.8,11.7,10.6,9.4,8.2]}},{"type":"Feature","geometry":{"type":"Polygon","coordinates":[[[-122.76293,37.1293],[-122.7111,37.21208],[-122.77261,37.28596],[-122.88594,37.277],[-122.93761,37.19422],[-122.87611,37.1204],[-122.76293,37.1293]]]},"properties":{"h3":"852835dbfffffff","sunshine":[7.4,8.8,9.3,11,11.8,12.4,11.9,11.1,10.8,9.5,8.7,6.9]}},{"type":"Feature","geometry":{"type":"Polygon","coordinates":[[[-119.47931,36.7841],[-119.42406,36.86636],[-119.4842,36.9429],[-119.59963,36.93713],[-119.65474,36.85486],[-119.59457,36.77837],[-119.47931,36.7841]]]},"properties":{"h3":"8529abd7fffffff","sunshine":[7.7,9.1,9.9,11.7,13.2,13.7,13.9,12.9,11.7,10.5,8.9,7.3]}},{"type":"Feature","geometry":{"type":"Polygon","coordinates":[[[-117.93012,37.72487],[-117.87274,37.80623],[-117.93274,37.88315],[-118.05015,37.87865],[-118.10738,37.79727],[-118.04734,37.72041],[-117.93012,37.72487]]]},"properties":{"h3":"85298c53fffffff","sunshine":[8.9,9.8,10.9,12.2,13.1,13.6,13.5,12.9,11.8,10.7,9.4,8.4]}},{"type":"Feature","geometry":{"type":"Polygon","coordinates":[[[-121.13365,35.25613],[-121.08093,35.33939],[-121.14085,35.41581],[-121.2535,35.40892],[-121.30606,35.32565],[-121.24614,35.24929],[-121.13365,35.25613]]]},"properties":{"h3":"8529adbbfffffff","sunshine":[8.1,9.4,10.1,11.6,12.8,13,12.7,11.8,11.4,10.3,9.2,7.9]}},{"type":"Feature","geometry":{"type":"Polygon","coordinates":[[[-114.79972,33.2706],[-114.74168,33.35291],[-114.79772,33.43465],[-114.91186,33.43403],[-114.96979,33.35169],[-114.91369,33.27],[-114.79972,33.2706]]]},"properties":{"h3":"85485b67fffffff","sunshine":[9.1,9.9,11,12.4,13,13.5,13.1,12.6,11.5,10.8,9.7,8.5]}},{"type":"Feature","geometry":{"type":"Polygon","coordinates":[[[-123.83856,40.22165],[-123.7864,40.30303],[-123.85012,40.37354],[-123.96598,40.36261],[-124.01796,40.28124],[-123.95426,40.21078],[-123.83856,40.22165]]]},"properties":{"h3":"85280297fffffff","sunshine":[5.8,7.4,8.1,10.2,11.7,13.4,13.6,12.7,11.2,9.2,7.3,5.2]}},{"type":"Feature","geometry":{"type":"Polygon","coordinates":[[[-117.76724,38.59963],[-117.70922,38.68046],[-117.76965,38.75681],[-117.88813,38.75228],[-117.94601,38.67143],[-117.88555,38.59513],[-117.76724,38.59963]]]},"properties":{"h3":"85298e37fffffff","sunshine":[8.3,9.3,10.4,11.8,12.7,13.6,13.5,12.9,11.7,10.4,9,7.8]}},{"type":"Feature","geometry":{"type":"Polygon","coordinates":[[[-116.68044,34.63293],[-116.62346,34.71534],[-116.68118,34.79518],[-116.79591,34.79255],[-116.85276,34.71012],[-116.79501,34.63034],[-116.68044,34.63293]]]},"properties":{"h3":"8529a3dbfffffff","sunshine":[8.8,9.9,11,12.1,13.3,13.8,13.6,12.6,11.7,10.7,9.7,8.4]}},{"type":"Feature","geometry":{"type":"Polygon","coordinates":[[[-115.64218,35.62414],[-115.58369,35.70579],[-115.64139,35.78566],[-115.75763,35.78382],[-115.816,35.70214],[-115.75825,35.62233],[-115.64218,35.62414]]]},"properties":{"h3":"85298457fffffff","sunshine":[8.7,9.7,10.8,12.3,13.1,13.7,13.3,12.6,11.7,10.7,9.6,8.2]}},{"type":"Feature","geometry":{"type":"Polygon","coordinates":[[[-114.95562,34.65897],[-114.897,34.7408],[-114.95382,34.82167],[-115.06932,34.82066],[-115.12782,34.73881],[-115.07094,34.65799],[-114.95562,34.65897]]]},"properties":{"h3":"8529b183fffffff","sunshine":[8.9,9.8,11,12.4,13.1,13.7,13.2,12.6,11.6,10.7,9.7,8.2]}},{"type":"Feature","geometry":{"type":"Polygon","coordinates":[[[-123.60277,41.76364],[-123.54949,41.84403],[-123.61415,41.91333],[-123.73208,41.90218],[-123.78518,41.82179],[-123.72052,41.75255],[-123.60277,41.76364]]]},"properties":{"h3":"85281c03fffffff","sunshine":[5.6,6.8,7.9,9.8,11.9,13.4,14.2,13.1,11.3,8.9,6.7,5]}},{"type":"Feature","geometry":{"type":"Polygon","coordinates":[[[-119.39369,33.89532],[-119.33979,33.9787],[-119.39833,34.0572],[-119.51079,34.05226],[-119.56455,33.96887],[-119.50599,33.89043],[-119.39369,33.89532]]]},"properties":{"h3":"8529120bfffffff","sunshine":[8.5,9.7,10.6,11.8,13,13.2,13.5,12.5,11.6,10.6,9.6,8.4]}},{"type":"Feature","geometry":{"type":"Polygon","coordinates":[[[-120.18982,41.80397],[-120.13256,41.88351],[-120.19605,41.95538],[-120.31682,41.94767],[-120.37392,41.86812],[-120.31041,41.79629],[-120.18982,41.80397]]]},"properties":{"h3":"85281223fffffff","sunshine":[6.4,7.9,9,11,12.3,13.5,13.9,13.1,11.3,9.4,7.2,5.5]}},{"type":"Feature","geometry":{"type":"Polygon","coordinates":[[[-121.17716,36.21162],[-121.12402,36.29451],[-121.18449,36.37025],[-121.29811,36.36304],[-121.35109,36.28014],[-121.29062,36.20446],[-121.17716,36.21162]]]},"properties":{"h3":"8529a987fffffff","sunshine":[7.9,9.3,10,11.7,13.3,13.8,13.8,13,11.8,10.4,9.1,7.6]}},{"type":"Feature","geometry":{"type":"Polygon","coordinates":[[[-122.17888,38.8965],[-122.12549,38.97832],[-122.18787,39.05125],[-122.30365,39.04231],[-122.35688,38.96049],[-122.29449,38.88762],[-122.17888,38.8965]]]},"properties":{"h3":"8528338bfffffff","sunshine":[6.8,8.7,9.2,11.4,13.1,13.8,13.9,13,11.8,9.9,8.3,6.3]}},{"type":"Feature","geometry":{"type":"Polygon","coordinates":[[[-121.17889,39.89949],[-121.12382,39.98053],[-121.18648,40.05337],[-121.30421,40.04513],[-121.35911,39.96409],[-121.29644,39.8913],[-121.17889,39.89949]]]},"properties":{"h3":"85281407fffffff","sunshine":[6.3,7.9,8.2,10.8,12.4,13.5,13.9,13.1,11.6,9.7,7.6,5.8]}},{"type":"Feature","geometry":{"type":"Polygon","coordinates":[[[-114.10001,34.0915],[-114.04092,34.17325],[-114.09698,34.25495],[-114.21218,34.25484],[-114.27117,34.17306],[-114.21505,34.09141],[-114.10001,34.0915]]]},"properties":{"h3":"8529b54bfffffff","sunshine":[8.9,9.8,10.9,12.5,12.9,13.5,12.9,12.6,11.6,10.7,9.6,8.2]}},{"type":"Feature","geometry":{"type":"Polygon","coordinates":[[[-116.33995,37.05699],[-116.28135,37.13818],[-116.34019,37.21664],[-116.45767,37.21384],[-116.51613,37.13263],[-116.45725,37.05423],[-116.33995,37.05699]]]},"properties":{"h3":"85298023fffffff","sunshine":[8.5,9.4,10.6,12.2,13.1,13.9,13.6,12.8,11.8,10.6,9.3,8.1]}},{"type":"Feature","geometry":{"type":"Polygon","coordinates":[[[-123.16353,38.03827],[-123.11171,38.1207],[-123.17387,38.19357],[-123.28785,38.18395],[-123.33951,38.10153],[-123.27735,38.02871],[-123.16353,38.03827]]]},"properties":{"h3":"8528356ffffffff","sunshine":[6.9,8.7,9.4,11.2,12.4,13,12.3,11.4,10.9,9.3,8.4,6.5]}},{"type":"Feature","geometry":{"type":"Polygon","coordinates":[[[-119.33195,37.66388],[-119.27608,37.74568],[-119.33666,37.82167],[-119.45315,37.81582],[-119.50887,37.73401],[-119.44826,37.65807],[-119.33195,37.66388]]]},"properties":{"h3":"8529ab6bfffffff","sunshine":[7.7,8.7,9.6,11.5,12.9,13.6,13.8,13.1,11.7,10.4,8.7,7.4]}},{"type":"Feature","geometry":{"type":"Polygon","coordinates":[[[-124.36439,40.24774],[-124.31284,40.32919],[-124.37671,40.39926],[-124.49211,40.38782],[-124.54347,40.30638],[-124.47962,40.23636],[-124.36439,40.24774]]]},"properties":{"h3":"85280047fffffff","sunshine":[5.9,7.5,8.2,10.3,11.5,13,12.9,12.2,11,9,7.3,5.3]}},{"type":"Feature","geometry":{"type":"Polygon","coordinates":[[[-118.38285,34.09711],[-118.32782,34.18018],[-118.38605,34.25924],[-118.49933,34.25517],[-118.55422,34.17208],[-118.49597,34.09308],[-118.38285,34.09711]]]},"properties":{"h3":"8529a18bfffffff","sunshine":[8.4,9.4,10.3,11.7,12.7,13.4,13.7,12.7,11.6,10.5,9.6,8.2]}},{"type":"Feature","geometry":{"type":"Polygon","coordinates":[[[-120.30217,35.70408],[-120.24834,35.787],[-120.30821,35.86372],[-120.42192,35.85746],[-120.47561,35.77453],[-120.41573,35.69787],[-120.30217,35.70408]]]},"properties":{"h3":"8529ad4ffffffff","sunshine":[8.1,9.4,10.2,11.8,13.3,13.8,13.8,13,11.8,10.6,9.2,7.9]}},{"type":"Feature","geometry":{"type":"Polygon","coordinates":[[[-123.72738,41.07074],[-123.67463,41.1516],[-123.73887,41.22143],[-123.85584,41.21036],[-123.9084,41.12951],[-123.84418,41.05973],[-123.72738,41.07074]]]},"properties":{"h3":"8528022bfffffff","sunshine":[5.7,7.1,8,10,11.7,13.4,14,13,11.2,9.1,7.1,5.1]}},{"type":"Feature","geometry":{"type":"Polygon","coordinates":[[[-119.16849,38.06665],[-119.11223,38.14819],[-119.17298,38.22399],[-119.29002,38.2182],[-119.34613,38.13664],[-119.28536,38.0609],[-119.16849,38.06665]]]},"properties":{"h3":"85298dcbfffffff","sunshine":[8.2,9.3,10.5,12,13.1,13.5,13.6,13,11.7,10.4,9,7.6]}},{"type":"Feature","geometry":{"type":"Polygon","coordinates":[[[-117.03143,35.59517],[-116.9743,35.67728],[-117.03269,35.75629],[-117.14826,35.75313],[-117.20526,35.671],[-117.14683,35.59204],[-117.03143,35.59517]]]},"properties":{"h3":"8529a36ffffffff","sunshine":[8.7,9.7,10.9,12.2,13.3,13.8,13.7,12.8,11.7,10.7,9.6,8.3]}},{"type":"Feature","geometry":{"type":"Polygon","coordinates":[[[-117.85957,33.21854],[-117.80445,33.30177],[-117.86199,33.38167],[-117.97468,33.37829],[-118.02967,33.29504],[-117.9721,33.2152],[-117.85957,33.21854]]]},"properties":{"h3":"8529a553fffffff","sunshine":[8.7,9.7,10.7,11.7,12.4,12.9,13.3,12.3,11.4,10.4,9.6,8.4]}},{"type":"Feature","geometry":{"type":"Polygon","coordinates":[[[-116.86074,36.00226],[-116.80322,36.08414],[-116.86175,36.16298],[-116.97783,36.1599],[-117.03522,36.078],[-116.97665,35.99921],[-116.86074,36.00226]]]},"properties":{"h3":"852985cffffffff","sunshine":[8.7,9.7,10.9,12.2,13.2,13.8,13.6,12.8,11.7,10.7,9.5,8.2]}},{"type":"Feature","geometry":{"type":"Polygon","coordinates":[[[-114.95202,34.98421],[-114.89323,35.0659],[-114.95022,35.14658],[-115.06606,35.14552],[-115.12473,35.0638],[-115.06769,34.98318],[-114.95202,34.98421]]]},"properties":{"h3":"8529b117fffffff","sunshine":[8.7,9.7,10.9,12.3,13,13.7,13.2,12.6,11.6,10.7,9.7,8.1]}},{"type":"Feature","geometry":{"type":"Polygon","coordinates":[[[-123.55911,38.78282],[-123.50736,38.86495],[-123.57009,38.9369],[-123.68455,38.92668],[-123.73612,38.84457],[-123.6734,38.77267],[-123.55911,38.78282]]]},"properties":{"h3":"8528313bfffffff","sunshine":[6.4,8.3,9,11,12.4,13.6,13.6,12.6,11.5,9.4,8.1,6]}},{"type":"Feature","geometry":{"type":"Polygon","coordinates":[[[-123.02407,41.1345],[-122.97045,41.21519],[-123.03453,41.28552],[-123.15221,41.27512],[-123.20565,41.19444],[-123.14158,41.12416],[-123.02407,41.1345]]]},"properties":{"h3":"852811b7fffffff","sunshine":[6,7.7,8.5,10.7,12.3,13.8,14.2,13.1,11.5,9.3,7.4,5.3]}},{"type":"Feature","geometry":{"type":"Polygon","coordinates":[[[-120.67538,36.48079],[-120.62156,36.56347],[-120.682,36.63938],[-120.79627,36.63256],[-120.84994,36.54987],[-120.78949,36.47402],[-120.67538,36.48079]]]},"properties":{"h3":"8529a91bfffffff","sunshine":[8,9.2,10.1,11.7,13.3,13.8,13.9,13,11.8,10.5,9.1,7.6]}},{"type":"Feature","geometry":{"type":"Polygon","coordinates":[[[-120.075,38.88175],[-120.01926,38.9631],[-120.08088,39.0376],[-120.19823,39.03072],[-120.25381,38.94937],[-120.19218,38.87491],[-120.075,38.88175]]]},"properties":{"h3":"85298997fffffff","sunshine":[7.3,8.4,9.4,11.5,12.8,13.6,13.8,13.1,11.7,10.1,8.3,6.7]}},{"type":"Feature","geometry":{"type":"Polygon","coordinates":[[[-121.08047,41.51635],[-121.02438,41.59633],[-121.08804,41.66781],[-121.20779,41.65925],[-121.26371,41.57926],[-121.20004,41.50784],[-121.08047,41.51635]]]},"properties":{"h3":"8528139bfffffff","sunshine":[6.6,8.2,9,11.2,12.4,13.7,13.9,13.1,11.5,9.5,7.6,5.8]}},{"type":"Feature","geometry":{"type":"Polygon","coordinates":[[[-117.21596,36.79404],[-117.15837,36.87566],[-117.2175,36.95373],[-117.33427,36.95013],[-117.39172,36.8685],[-117.33255,36.79048],[-117.21596,36.79404]]]},"properties":{"h3":"8529819bfffffff","sunshine":[8.7,9.7,10.8,12.2,13.2,13.8,13.7,12.9,11.7,10.6,9.3,8.2]}},{"type":"Feature","geometry":{"type":"Polygon","coordinates":[[[-117.19925,35.02534],[-117.14257,35.10774],[-117.20075,35.18701],[-117.31563,35.18381],[-117.37217,35.10139],[-117.31397,35.02218],[-117.19925,35.02534]]]},"properties":{"h3":"8529a303fffffff","sunshine":[8.8,9.8,10.9,12.2,13.3,13.8,13.7,12.7,11.8,10.8,9.7,8.4]}},{"type":"Feature","geometry":{"type":"Polygon","coordinates":[[[-118.23539,35.31556],[-118.1796,35.39814],[-118.23841,35.47654],[-118.35303,35.47231],[-118.40868,35.38972],[-118.34985,35.31137],[-118.23539,35.31556]]]},"properties":{"h3":"8529aec7fffffff","sunshine":[8.4,9.6,10.7,12.1,13.4,13.8,13.9,12.9,11.9,10.7,9.6,8.2]}},{"type":"Feature","geometry":{"type":"Polygon","coordinates":[[[-117.03904,36.5592],[-116.9814,36.64088],[-117.04032,36.71923],[-117.15691,36.71585],[-117.21442,36.63416],[-117.15546,36.55586],[-117.03904,36.5592]]]},"properties":{"h3":"85298563fffffff","sunshine":[8.8,9.7,11,12.2,13.2,13.8,13.7,12.9,11.7,10.7,9.4,8.3]}},{"type":"Feature","geometry":{"type":"Polygon","coordinates":[[[-115.48389,33.10146],[-115.42656,33.18405],[-115.48289,33.26548],[-115.59659,33.26426],[-115.6538,33.18165],[-115.59743,33.10027],[-115.48389,33.10146]]]},"properties":{"h3":"8529a6cbfffffff","sunshine":[9.1,9.9,11.2,12.3,13.1,13.6,13.3,12.6,11.5,10.8,9.7,8.4]}},{"type":"Feature","geometry":{"type":"Polygon","coordinates":[[[-121.78106,37.98863],[-121.72769,38.07084],[-121.78939,38.1448],[-121.90447,38.1365],[-121.95768,38.0543],[-121.89597,37.98039],[-121.78106,37.98863]]]},"properties":{"h3":"852830cffffffff","sunshine":[6.9,8.7,9.4,11.4,13,13.7,13.7,12.9,11.7,9.9,8.3,6.3]}},{"type":"Feature","geometry":{"type":"Polygon","coordinates":[[[-121.62192,41.55277],[-121.56643,41.63287],[-121.63031,41.7039],[-121.74969,41.69478],[-121.805,41.61468],[-121.74111,41.5437],[-121.62192,41.55277]]]},"properties":{"h3":"8528114bfffffff","sunshine":[6.7,8.3,9.1,11.3,12.6,13.8,14,13.1,11.6,9.5,7.6,5.8]}},{"type":"Feature","geometry":{"type":"Polygon","coordinates":[[[-120.14619,36.11215],[-120.09198,36.19487],[-120.15202,36.27141],[-120.26627,36.26519],[-120.32033,36.18246],[-120.26028,36.10597],[-120.14619,36.11215]]]},"properties":{"h3":"8529a8affffffff","sunshine":[8,9.4,10.3,11.8,13.3,13.8,13.9,13,11.8,10.6,9.2,7.9]}},{"type":"Feature","geometry":{"type":"Polygon","coordinates":[[[-121.45929,38.48107],[-121.4053,38.56295],[-121.46719,38.63677],[-121.58307,38.62864],[-121.6369,38.54675],[-121.575,38.47299],[-121.45929,38.48107]]]},"properties":{"h3":"852832b3fffffff","sunshine":[6.5,8.5,9.3,11.3,13,13.7,13.9,13.1,11.7,9.9,8.1,6.1]}},{"type":"Feature","geometry":{"type":"Polygon","coordinates":[[[-118.59623,36.10519],[-118.54041,36.18753],[-118.5998,36.26516],[-118.71505,36.2604],[-118.77073,36.17804],[-118.71131,36.10047],[-118.59623,36.10519]]]},"properties":{"h3":"8529aa93fffffff","sunshine":[8.1,9.1,10.3,11.9,13.3,13.8,13.8,13,11.8,10.6,9.3,7.9]}},{"type":"Feature","geometry":{"type":"Polygon","coordinates":[[[-122.25157,40.12832],[-122.1976,40.20946],[-122.26078,40.28129],[-122.37792,40.27193],[-122.43172,40.19079],[-122.36854,40.11902],[-122.25157,40.12832]]]},"properties":{"h3":"85281513fffffff","sunshine":[6.2,8.3,8.7,11.2,12.8,13.8,14,13,11.7,9.6,7.8,5.7]}},{"type":"Feature","geometry":{"type":"Polygon","coordinates":[[[-117.69611,33.63109],[-117.64063,33.71415],[-117.69831,33.79392],[-117.8115,33.79059],[-117.86686,33.70751],[-117.80915,33.62779],[-117.69611,33.63109]]]},"properties":{"h3":"8529a0b3fffffff","sunshine":[8.5,9.4,10.5,11.5,12.2,13.3,13.6,12.6,11.4,10.4,9.6,8.1]}},{"type":"Feature","geometry":{"type":"Polygon","coordinates":[[[-117.57801,37.73757],[-117.52028,37.81881],[-117.58012,37.89596],[-117.69773,37.8918],[-117.75532,37.81054],[-117.69545,37.73345],[-117.57801,37.73757]]]},"properties":{"h3":"8529812ffffffff","sunshine":[8.8,9.7,10.8,12.2,13.1,13.7,13.6,12.9,11.8,10.6,9.4,8.4]}},{"type":"Feature","geometry":{"type":"Polygon","coordinates":[[[-120.56534,37.99026],[-120.51062,38.0722],[-120.57189,38.14706],[-120.68789,38.13993],[-120.74245,38.05799],[-120.68117,37.98318],[-120.56534,37.99026]]]},"properties":{"h3":"8528367bfffffff","sunshine":[7.1,8.4,9.2,11.2,12.9,13.6,13.8,13.1,11.6,10.1,8.4,6.9]}},{"type":"Feature","geometry":{"type":"Polygon","coordinates":[[[-119.60405,35.25833],[-119.5497,35.34127],[-119.60905,35.41878],[-119.72278,35.41329],[-119.77698,35.33033],[-119.71761,35.25289],[-119.60405,35.25833]]]},"properties":{"h3":"8529ac77fffffff","sunshine":[8.1,9.6,10.5,11.9,13.4,13.8,13.8,12.9,11.8,10.7,9.3,8]}},{"type":"Feature","geometry":{"type":"Polygon","coordinates":[[[-116.33549,33.9891],[-116.27851,34.07164],[-116.33572,34.15207],[-116.44995,34.1499],[-116.50681,34.06734],[-116.44956,33.98696],[-116.33549,33.9891]]]},"properties":{"h3":"8529a297fffffff","sunshine":[8.8,9.8,11,12.2,13.2,13.7,13.5,12.7,11.6,10.7,9.8,8.3]}},{"type":"Feature","geometry":{"type":"Polygon","coordinates":[[[-117.72288,35.57479],[-117.66644,35.65712],[-117.72515,35.73569],[-117.84034,35.73188],[-117.89664,35.64953],[-117.8379,35.57102],[-117.72288,35.57479]]]},"properties":{"h3":"8529ae5bfffffff","sunshine":[8.6,9.8,11,12.1,13.4,13.9,13.8,12.9,11.8,10.7,9.6,8.4]}},{"type":"Feature","geometry":{"type":"Polygon","coordinates":[[[-117.0507,37.99242],[-116.99229,38.07336],[-117.05201,38.15066],[-117.17019,38.14697],[-117.22846,38.06602],[-117.16869,37.98877],[-117.0507,37.99242]]]},"properties":{"h3":"85298ed7fffffff","sunshine":[8.5,9.5,10.5,12.1,13,13.7,13.5,12.9,11.7,10.5,9.2,8]}},{"type":"Feature","geometry":{"type":"Polygon","coordinates":[[[-116.84305,33.08051],[-116.78701,33.16351],[-116.84401,33.24413],[-116.95709,33.24169],[-117.013,33.15867],[-116.95597,33.07811],[-116.84305,33.08051]]]},"properties":{"h3":"8529a47bfffffff","sunshine":[8.3,9.1,9.9,11,11.7,13.2,13.5,12.6,11.2,10.3,9.4,7.9]}},{"type":"Feature","geometry":{"type":"Polygon","coordinates":[[[-121.98354,38.52163],[-121.93012,38.6036],[-121.99222,38.67699],[-122.10773,38.66834],[-122.16098,38.58637],[-122.09889,38.51304],[-121.98354,38.52163]]]},"properties":{"h3":"85283063fffffff","sunshine":[6.8,8.6,9.2,11.3,13,13.8,13.9,13,11.7,9.9,8.2,6.2]}},{"type":"Feature","geometry":{"type":"Polygon","coordinates":[[[-124.12564,41.63802],[-124.07306,41.71859],[-124.13779,41.78759],[-124.25508,41.77596],[-124.30747,41.6954],[-124.24276,41.62646],[-124.12564,41.63802]]]},"properties":{"h3":"85281ca3fffffff","sunshine":[5.5,6.8,7.8,9.8,11.3,12.7,13,12.2,10.8,8.4,6.6,5]}},{"type":"Feature","geometry":{"type":"Polygon","coordinates":[[[-120.60494,38.92793],[-120.54977,39.00937],[-120.61162,39.08346],[-120.72865,39.07604],[-120.78366,38.99458],[-120.72181,38.92055],[-120.60494,38.92793]]]},"properties":{"h3":"85283247fffffff","sunshine":[6.8,8,8.7,11,12.6,13.5,13.8,13.1,11.5,9.8,8,6.4]}},{"type":"Feature","geometry":{"type":"Polygon","coordinates":[[[-119.11566,36.16301],[-119.06034,36.24546],[-119.11999,36.32269],[-119.23498,36.31742],[-119.29016,36.23496],[-119.23048,36.15778],[-119.11566,36.16301]]]},"properties":{"h3":"8529a843fffffff","sunshine":[7.8,9.1,10.1,11.6,13.2,13.8,13.9,12.9,11.8,10.6,9.1,7.5]}},{"type":"Feature","geometry":{"type":"Polygon","coordinates":[[[-122.2658,37.40339],[-122.21327,37.48597],[-122.27479,37.56002],[-122.38884,37.55144],[-122.4412,37.46886],[-122.37969,37.39487],[-122.2658,37.40339]]]},"properties":{"h3":"8528342bfffffff","sunshine":[7.4,8.9,9.5,11.3,12.6,13.3,13.2,12.5,11.5,9.8,8.6,6.9]}},{"type":"Feature","geometry":{"type":"Polygon","coordinates":[[[-118.96587,37.04697],[-118.90993,37.12897],[-118.97001,37.20569],[-119.08605,37.20034],[-119.14184,37.11832],[-119.08174,37.04167],[-118.96587,37.04697]]]},"properties":{"h3":"8529aa27fffffff","sunshine":[7.9,8.7,9.8,11.6,13,13.6,13.8,13.1,11.7,10.6,8.9,7.6]}},{"type":"Feature","geometry":{"type":"Polygon","coordinates":[[[-121.70292,39.78483],[-121.64851,39.86605],[-121.71129,39.93859],[-121.82847,39.92987],[-121.88271,39.84864],[-121.81994,39.77615],[-121.70292,39.78483]]]},"properties":{"h3":"852814a7fffffff","sunshine":[6.4,8.1,8.6,11,12.8,13.7,13.9,13,11.7,9.7,7.8,5.9]}},{"type":"Feature","geometry":{"type":"Polygon","coordinates":[[[-116.84884,34.06009],[-116.79232,34.14276],[-116.84982,34.22283],[-116.96388,34.22017],[-117.02028,34.13748],[-116.96274,34.05747],[-116.84884,34.06009]]]},"properties":{"h3":"8529a047fffffff","sunshine":[8.7,9.7,10.8,12.1,13.3,13.8,13.6,12.8,11.7,10.8,9.7,8.3]}},{"type":"Feature","geometry":{"type":"Polygon","coordinates":[[[-115.6382,36.4299],[-115.57927,36.51117],[-115.63739,36.5905],[-115.7545,36.58851],[-115.8133,36.50722],[-115.75513,36.42794],[-115.6382,36.4299]]]},"properties":{"h3":"852980c3fffffff","sunshine":[8.7,9.7,10.7,12.2,13.1,13.8,13.4,12.7,11.7,10.6,9.4,8.2]}},{"type":"Feature","geometry":{"type":"Polygon","coordinates":[[[-119.42646,35.02521],[-119.37204,35.1082],[-119.43119,35.18598],[-119.54479,35.18072],[-119.59906,35.09772],[-119.53989,35.01999],[-119.42646,35.02521]]]},"properties":{"h3":"8529ac0bfffffff","sunshine":[8.3,9.6,10.6,11.9,13.4,13.8,13.8,12.9,11.8,10.7,9.3,8.1]}},{"type":"Feature","geometry":{"type":"Polygon","coordinates":[[[-120.90552,37.81183],[-120.85127,37.89393],[-120.91256,37.96868],[-121.02812,37.96127],[-121.08221,37.87916],[-121.02091,37.80447],[-120.90552,37.81183]]]},"properties":{"h3":"8528360ffffffff","sunshine":[6.8,8.7,9.5,11.4,13.1,13.7,13.9,13.1,11.7,10.1,8.2,6.3]}},{"type":"Feature","geometry":{"type":"Polygon","coordinates":[[[-118.80167,37.4513],[-118.74535,37.53306],[-118.80558,37.60958],[-118.92217,37.6043],[-118.97834,37.52252],[-118.91808,37.44605],[-118.80167,37.4513]]]},"properties":{"h3":"85298c87fffffff","sunshine":[8.1,9.2,10.3,11.8,13.1,13.6,13.7,13,11.8,10.6,9,7.8]}},{"type":"Feature","geometry":{"type":"Polygon","coordinates":[[[-116.16417,34.8868],[-116.10657,34.96895],[-116.16415,35.04895],[-116.27939,35.04676],[-116.33687,34.96459],[-116.27924,34.88464],[-116.16417,34.8868]]]},"properties":{"h3":"8529a22bfffffff","sunshine":[8.8,9.8,10.9,12.2,13.2,13.7,13.4,12.7,11.7,10.7,9.7,8.3]}},{"type":"Feature","geometry":{"type":"Polygon","coordinates":[[[-122.98256,40.52808],[-122.92923,40.60913],[-122.99289,40.68004],[-123.10989,40.66985],[-123.16304,40.58881],[-123.09938,40.51795],[-122.98256,40.52808]]]},"properties":{"h3":"852802cbfffffff","sunshine":[6,7.9,8.6,10.8,12.4,13.9,14.2,13.1,11.5,9.4,7.6,5.4]}},{"type":"Feature","geometry":{"type":"Polygon","coordinates":[[[-117.18018,32.90935],[-117.12455,32.9925],[-117.18163,33.073],[-117.29437,33.07029],[-117.34987,32.98712],[-117.29276,32.90668],[-117.18018,32.90935]]]},"properties":{"h3":"8529a40ffffffff","sunshine":[8.7,9.5,10.5,11.1,11.5,12.4,12.8,12,11,10.2,9.5,8.3]}},{"type":"Feature","geometry":{"type":"Polygon","coordinates":[[[-115.99078,35.29501],[-115.9328,35.37693],[-115.99051,35.45679],[-116.10625,35.45468],[-116.16411,35.37274],[-116.10636,35.29294],[-115.99078,35.29501]]]},"properties":{"h3":"8529848bfffffff","sunshine":[8.8,9.8,10.9,12.2,13.2,13.7,13.4,12.7,11.7,10.7,9.6,8.2]}},{"type":"Feature","geometry":{"type":"Polygon","coordinates":[[[-120.88277,41.14901],[-120.82667,41.22918],[-120.89002,41.30114],[-121.00947,41.29288],[-121.0654,41.2127],[-121.00205,41.14079],[-120.88277,41.14901]]]},"properties":{"h3":"85281073fffffff","sunshine":[6.7,8.2,9,11,12.3,13.6,13.9,13.1,11.5,9.6,7.6,5.9]}},{"type":"Feature","geometry":{"type":"Polygon","coordinates":[[[-115.47268,34.8975],[-115.41442,34.97941],[-115.47165,35.05983],[-115.58719,35.05829],[-115.64533,34.97636],[-115.58806,34.89599],[-115.47268,34.8975]]]},"properties":{"h3":"8529b1b7fffffff","sunshine":[8.8,9.7,11,12.3,13.1,13.7,13.3,12.7,11.7,10.7,9.7,8.2]}},{"type":"Feature","geometry":{"type":"Polygon","coordinates":[[[-123.58111,39.09077],[-123.52923,39.17273],[-123.59216,39.24441],[-123.70695,39.23408],[-123.75865,39.15212],[-123.69574,39.08049],[-123.58111,39.09077]]]},"properties":{"h3":"85280693fffffff","sunshine":[6.4,8.2,8.8,10.9,12.1,13.4,13.3,12.5,11.4,9.4,8,6]}},{"type":"Feature","geometry":{"type":"Polygon","coordinates":[[[-124.14997,41.9369],[-124.09726,42.01728],[-124.16219,42.08598],[-124.27982,42.07424],[-124.33235,41.99387],[-124.26743,41.92522],[-124.14997,41.9369]]]},"properties":{"h3":"85281c37fffffff","sunshine":[5.6,7,7.9,9.9,11.9,13.3,14,12.8,11,8.5,6.8,4.9]}},{"type":"Feature","geometry":{"type":"Polygon","coordinates":[[[-122.83127,38.22179],[-122.77897,38.30407],[-122.84115,38.37705],[-122.95562,38.36769],[-123.00775,38.28541],[-122.94558,38.21248],[-122.83127,38.22179]]]},"properties":{"h3":"852831dbfffffff","sunshine":[6.8,8.6,9.3,11.3,12.5,13.3,13,12.2,11.3,9.4,8.3,6.2]}},{"type":"Feature","geometry":{"type":"Polygon","coordinates":[[[-117.94869,38.82846],[-117.89072,38.90921],[-117.95137,38.98526],[-118.07001,38.9805],[-118.12783,38.89973],[-118.06715,38.82373],[-117.94869,38.82846]]]},"properties":{"h3":"85298853fffffff","sunshine":[8.3,9.3,10.3,11.7,12.6,13.5,13.5,12.9,11.6,10.4,8.9,7.7]}},{"type":"Feature","geometry":{"type":"Polygon","coordinates":[[[-121.18449,36.37025],[-121.13127,36.45308],[-121.19184,36.5287],[-121.30562,36.52143],[-121.35867,36.4386],[-121.29811,36.36304],[-121.18449,36.37025]]]},"properties":{"h3":"8529a9bbfffffff","sunshine":[7.8,9.1,9.9,11.6,13.2,13.8,13.8,13,11.8,10.4,9.1,7.5]}},{"type":"Feature","geometry":{"type":"Polygon","coordinates":[[[-121.18648,40.05337],[-121.13134,40.13431],[-121.1941,40.20701],[-121.312,40.19872],[-121.36698,40.11778],[-121.30421,40.04513],[-121.18648,40.05337]]]},"properties":{"h3":"8528143bfffffff","sunshine":[6.4,8,8.5,10.9,12.6,13.6,13.9,13.1,11.6,9.7,7.6,5.8]}},{"type":"Feature","geometry":{"type":"Polygon","coordinates":[[[-124.37671,40.39926],[-124.3251,40.48062],[-124.38907,40.55054],[-124.50463,40.53905],[-124.55606,40.45769],[-124.49211,40.38782],[-124.37671,40.39926]]]},"properties":{"h3":"8528007bfffffff","sunshine":[6,7.5,8.3,10.1,11.3,12.6,12.3,11.8,10.8,8.9,7.3,5.4]}},{"type":"Feature","geometry":{"type":"Polygon","coordinates":[[[-118.28158,37.71115],[-118.22458,37.79262],[-118.28474,37.86931],[-118.40192,37.86447],[-118.45878,37.78298],[-118.3986,37.70634],[-118.28158,37.71115]]]},"properties":{"h3":"85298c1bfffffff","sunshine":[8.8,9.8,11,12.2,13.1,13.6,13.6,12.9,11.8,10.6,9.4,8.4]}},{"type":"Feature","geometry":{"type":"Polygon","coordinates":[[[-120.95435,35.02624],[-120.90155,35.10955],[-120.96128,35.18626],[-121.07382,35.17959],[-121.12647,35.09628],[-121.06673,35.01963],[-120.95435,35.02624]]]},"properties":{"h3":"8529ad83fffffff","sunshine":[8.2,9.4,10.2,11.6,12.7,13,12.9,11.9,11.4,10.3,9.3,8]}},{"type":"Feature","geometry":{"type":"Polygon","coordinates":[[[-115.1415,33.2685],[-115.08377,33.35093],[-115.14,33.43247],[-115.25401,33.43154],[-115.31162,33.34909],[-115.25534,33.2676],[-115.1415,33.2685]]]},"properties":{"h3":"85485b2ffffffff","sunshine":[9.1,9.9,11.1,12.4,13.1,13.6,13.2,12.6,11.6,10.8,9.8,8.5]}},{"type":"Feature","geometry":{"type":"Polygon","coordinates":[[[-117.71385,34.92948],[-117.65774,35.01207],[-117.7161,35.09106],[-117.83061,35.0874],[-117.8866,35.0048],[-117.8282,34.92586],[-117.71385,34.92948]]]},"properties":{"h3":"8529a3a3fffffff","sunshine":[8.6,9.7,10.9,12.1,13.4,13.8,13.8,12.7,11.8,10.8,9.6,8.3]}},{"type":"Feature","geometry":{"type":"Polygon","coordinates":[[[-124.10191,39.12042],[-124.05063,39.20245],[-124.11371,39.27369],[-124.22806,39.26286],[-124.27916,39.18084],[-124.21609,39.10965],[-124.10191,39.12042]]]},"properties":{"h3":"85280443fffffff","sunshine":[6.5,8.3,8.9,11.1,12.2,13.2,12.9,11.9,11,9.1,7.9,6]}},{"type":"Feature","geometry":{"type":"Polygon","coordinates":[[[-121.23253,40.97175],[-121.17693,41.05213],[-121.24029,41.12399],[-121.35926,41.11542],[-121.41469,41.03503],[-121.35132,40.96323],[-121.23253,40.97175]]]},"properties":{"h3":"85281007fffffff","sunshine":[6.7,8.3,9.1,11.1,12.5,13.7,13.9,13.1,11.6,9.7,7.7,6]}},{"type":"Feature","geometry":{"type":"Polygon","coordinates":[[[-123.99442,39.97717],[-123.94257,40.05872],[-124.00617,40.12932],[-124.1216,40.11832],[-124.17327,40.03678],[-124.10969,39.96623],[-123.99442,39.97717]]]},"properties":{"h3":"85280627fffffff","sunshine":[6.1,7.9,8.5,10.8,12.3,13.7,13.9,12.8,11.4,9.3,7.7,5.7]}},{"type":"Feature","geometry":{"type":"Polygon","coordinates":[[[-123.23655,39.12096],[-123.18425,39.20285],[-123.2471,39.27478],[-123.36223,39.26477],[-123.41435,39.18288],[-123.35151,39.111],[-123.23655,39.12096]]]},"properties":{"h3":"8528316ffffffff","sunshine":[6.1,8.1,8.5,10.8,12.1,13.5,13.7,12.7,11.4,9.4,7.9,5.8]}},{"type":"Feature","geometry":{"type":"Polygon","coordinates":[[[-121.66971,39.16753],[-121.61559,39.24909],[-121.67798,39.32219],[-121.79447,39.31366],[-121.84842,39.2321],[-121.78604,39.15906],[-121.66971,39.16753]]]},"properties":{"h3":"85283353fffffff","sunshine":[6.5,8.4,8.9,11.3,13,13.7,13.9,13,11.7,9.8,8,6]}},{"type":"Feature","geometry":{"type":"Polygon","coordinates":[[[-120.34478,36.81776],[-120.29043,36.90022],[-120.35094,36.97612],[-120.46581,36.96952],[-120.52001,36.88706],[-120.45949,36.81121],[-120.34478,36.81776]]]},"properties":{"h3":"8529a94ffffffff","sunshine":[7.6,9.2,10.1,11.7,13.3,13.8,13.9,13,11.8,10.4,8.9,7]}},{"type":"Feature","geometry":{"type":"Polygon","coordinates":[[[-120.73522,41.84411],[-120.67855,41.92378],[-120.74229,41.99522],[-120.86271,41.98693],[-120.91921,41.90725],[-120.85546,41.83587],[-120.73522,41.84411]]]},"properties":{"h3":"852813cffffffff","sunshine":[6.5,8,8.9,11,12.4,13.6,13.9,13.1,11.4,9.4,7.3,5.6]}},{"type":"Feature","geometry":{"type":"Polygon","coordinates":[[[-114.79371,33.76231],[-114.73541,33.84444],[-114.79169,33.92592],[-114.90633,33.92522],[-114.96451,33.84306],[-114.90818,33.76163],[-114.79371,33.76231]]]},"properties":{"h3":"8529b513fffffff","sunshine":[9,9.9,11,12.4,13,13.6,13.2,12.6,11.5,10.7,9.7,8.4]}},{"type":"Feature","geometry":{"type":"Polygon","coordinates":[[[-120.01716,37.31172],[-119.9622,37.39386],[-120.02286,37.46964],[-120.1385,37.46321],[-120.19331,37.38106],[-120.13263,37.30534],[-120.01716,37.31172]]]},"properties":{"h3":"8529ab33fffffff","sunshine":[7.6,8.8,9.6,11.4,13.1,13.6,13.8,13,11.7,10.4,8.7,7.1]}},{"type":"Feature","geometry":{"type":"Polygon","coordinates":[[[-122.7721,40.00912],[-122.7188,40.09043],[-122.78207,40.16196],[-122.89863,40.15213],[-122.95176,40.07082],[-122.8885,39.99934],[-122.7721,40.00912]]]},"properties":{"h3":"852815b3fffffff","sunshine":[6.5,8.4,8.9,11.2,12.7,13.9,14.1,13,11.7,9.7,8,5.9]}},{"type":"Feature","geometry":{"type":"Polygon","coordinates":[[[-117.87667,34.35741],[-117.821,34.44026],[-117.87914,34.51949],[-117.99297,34.51582],[-118.0485,34.43295],[-117.99034,34.35377],[-117.87667,34.35741]]]},"properties":{"h3":"8529a153fffffff","sunshine":[8.7,9.7,10.7,12.1,13.3,13.8,13.8,12.9,11.8,10.8,9.7,8.3]}},{"type":"Feature","geometry":{"type":"Polygon","coordinates":[[[-116.86787,37.12344],[-116.80976,37.20478],[-116.8689,37.28284],[-116.9862,37.27952],[-117.04418,37.19816],[-116.98499,37.12015],[-116.86787,37.12344]]]},"properties":{"h3":"852981cffffffff","sunshine":[8.7,9.6,10.7,12.2,13.2,13.8,13.7,12.9,11.8,10.6,9.3,8.2]}},{"type":"Feature","geometry":{"type":"Polygon","coordinates":[[[-120.96823,35.3461],[-120.91528,35.42929],[-120.9752,35.50578],[-121.08806,35.49901],[-121.14085,35.41581],[-121.08093,35.33939],[-120.96823,35.3461]]]},"properties":{"h3":"8529ad17fffffff","sunshine":[8.1,9.4,10.1,11.7,13,13.3,13.3,12.5,11.6,10.4,9.2,7.8]}},{"type":"Feature","geometry":{"type":"Polygon","coordinates":[[[-119.85745,37.71568],[-119.80211,37.79759],[-119.86295,37.87317],[-119.97914,37.86679],[-120.03433,37.78488],[-119.97348,37.70935],[-119.85745,37.71568]]]},"properties":{"h3":"85298d93fffffff","sunshine":[7.5,8.6,9.3,11.3,12.9,13.6,13.8,13.1,11.7,10.3,8.6,7.1]}},{"type":"Feature","geometry":{"type":"Polygon","coordinates":[[[-117.71835,35.25247],[-117.66208,35.33494],[-117.72061,35.41372],[-117.83546,35.40998],[-117.8916,35.32751],[-117.83303,35.24878],[-117.71835,35.25247]]]},"properties":{"h3":"8529a337fffffff","sunshine":[8.6,9.7,11,12.1,13.4,13.8,13.8,12.9,11.8,10.7,9.7,8.4]}},{"type":"Feature","geometry":{"type":"Polygon","coordinates":[[[-116.51765,37.61054],[-116.45893,37.6915],[-116.51816,37.76944],[-116.63617,37.76636],[-116.69477,37.68538],[-116.63549,37.60749],[-116.51765,37.61054]]]},"properties":{"h3":"852983b3fffffff","sunshine":[8.5,9.4,10.4,12.1,12.9,13.8,13.5,12.8,11.7,10.6,9.2,8.1]}},{"type":"Feature","geometry":{"type":"Polygon","coordinates":[[[-124.58135,40.75962],[-124.52979,40.84081],[-124.59405,40.91024],[-124.70984,40.89844],[-124.76121,40.81726],[-124.69698,40.74788],[-124.58135,40.75962]]]},"properties":{"h3":"852803d7fffffff","sunshine":[5.9,7.6,8.5,10.3,11.7,12.9,12.8,11.6,10.6,8.6,7.1,5.4]}},{"type":"Feature","geometry":{"type":"Polygon","coordinates":[[[-117.55124,35.66075],[-117.49459,35.74299],[-117.55327,35.82162],[-117.66863,35.81795],[-117.72515,35.73569],[-117.66644,35.65712],[-117.55124,35.66075]]]},"properties":{"h3":"85298597fffffff","sunshine":[8.7,9.8,11,12.2,13.4,13.9,13.7,12.9,11.8,10.7,9.6,8.4]}},{"type":"Feature","geometry":{"type":"Polygon","coordinates":[[[-123.37139,38.56622],[-123.31954,38.64842],[-123.38209,38.72071],[-123.49647,38.71073],[-123.54815,38.62854],[-123.48562,38.55631],[-123.37139,38.56622]]]},"properties":{"h3":"85283103fffffff","sunshine":[6.5,8.4,9.1,11.2,12.6,13.7,13.8,12.8,11.6,9.5,8.1,6]}},{"type":"Feature","geometry":{"type":"Polygon","coordinates":[[[-120.08881,34.50994],[-120.03534,34.59326],[-120.09448,34.67091],[-120.2071,34.66517],[-120.26043,34.58184],[-120.20128,34.50426],[-120.08881,34.50994]]]},"properties":{"h3":"8529134bfffffff","sunshine":[8.2,9.5,10.2,11.8,13,13.2,13.5,12.6,11.5,10.5,9.4,8.2]}},{"type":"Feature","geometry":{"type":"Polygon","coordinates":[[[-121.54864,36.8226],[-121.4956,36.90531],[-121.55654,36.98033],[-121.67053,36.97259],[-121.72341,36.88988],[-121.66246,36.81492],[-121.54864,36.8226]]]},"properties":{"h3":"852834cbfffffff","sunshine":[7.6,9,9.6,11,12.3,12.9,12.8,12.1,11.3,10,8.9,7.4]}},{"type":"Feature","geometry":{"type":"Polygon","coordinates":[[[-118.25669,36.43872],[-118.20034,36.52081],[-118.25977,36.59844],[-118.37558,36.59392],[-118.43178,36.51181],[-118.37233,36.43424],[-118.25669,36.43872]]]},"properties":{"h3":"8529aac7fffffff","sunshine":[8.2,9.2,10.4,12.1,13.3,13.7,13.7,12.9,11.8,10.6,9.3,8]}},{"type":"Feature","geometry":{"type":"Polygon","coordinates":[[[-121.91742,40.46158],[-121.86288,40.54245],[-121.92616,40.61424],[-122.04397,40.60512],[-122.09834,40.52425],[-122.03506,40.45251],[-121.91742,40.46158]]]},"properties":{"h3":"85281547fffffff","sunshine":[6.3,8.1,8.7,11,12.7,13.8,14,13.1,11.7,9.6,7.7,5.7]}},{"type":"Feature","geometry":{"type":"Polygon","coordinates":[[[-117.04808,37.67532],[-116.98984,37.75643],[-117.04938,37.83397],[-117.1672,37.83036],[-117.2253,37.74923],[-117.16572,37.67174],[-117.04808,37.67532]]]},"properties":{"h3":"85298163fffffff","sunshine":[8.7,9.6,10.7,12.2,13,13.7,13.6,12.9,11.8,10.6,9.3,8.1]}},{"type":"Feature","geometry":{"type":"Polygon","coordinates":[[[-119.93355,34.92058],[-119.87971,35.00372],[-119.93901,35.08122],[-120.05216,35.07551],[-120.10585,34.99236],[-120.04654,34.91492],[-119.93355,34.92058]]]},"properties":{"h3":"8529acabfffffff","sunshine":[8,9.2,10.1,11.8,13.2,13.7,13.8,12.9,11.7,10.7,9.2,8]}},{"type":"Feature","geometry":{"type":"Polygon","coordinates":[[[-121.42013,37.69947],[-121.3665,37.78174],[-121.42792,37.8562],[-121.54296,37.84833],[-121.59642,37.76605],[-121.53501,37.69165],[-121.42013,37.69947]]]},"properties":{"h3":"852836affffffff","sunshine":[7.3,8.9,9.7,11.5,13.2,13.7,13.9,13,11.7,10.2,8.6,6.8]}},{"type":"Feature","geometry":{"type":"Polygon","coordinates":[[[-120.24156,38.63738],[-120.18614,38.71889],[-120.24768,38.79348],[-120.36464,38.78649],[-120.4199,38.70496],[-120.35835,38.63043],[-120.24156,38.63738]]]},"properties":{"h3":"85298d27fffffff","sunshine":[7,8.1,8.8,11.1,12.5,13.5,13.8,13.1,11.6,10,8.1,6.6]}},{"type":"Feature","geometry":{"type":"Polygon","coordinates":[[[-115.4768,34.24655],[-115.41888,34.32872],[-115.47578,34.40953],[-115.59064,34.4081],[-115.64845,34.3259],[-115.5915,34.24515],[-115.4768,34.24655]]]},"properties":{"h3":"8529a2cbfffffff","sunshine":[9,9.9,11.1,12.3,13.1,13.7,13.3,12.7,11.6,10.7,9.7,8.3]}},{"type":"Feature","geometry":{"type":"Polygon","coordinates":[[[-118.57855,35.30267],[-118.52312,35.38534],[-118.58207,35.46352],[-118.69648,35.45897],[-118.75177,35.37628],[-118.69279,35.29816],[-118.57855,35.30267]]]},"properties":{"h3":"8529ae8ffffffff","sunshine":[8.3,9.4,10.5,11.9,13.2,13.8,13.9,12.9,11.8,10.7,9.3,8]}},{"type":"Feature","geometry":{"type":"Polygon","coordinates":[[[-124.47662,41.60299],[-124.42448,41.68364],[-124.48928,41.75238],[-124.60619,41.74042],[-124.65813,41.65978],[-124.59336,41.59109],[-124.47662,41.60299]]]},"properties":{"h3":"8528036bfffffff","sunshine":[5.7,7.3,8.3,10.1,11.9,13.1,13.5,12.1,10.6,8.4,6.8,5.1]}},{"type":"Feature","geometry":{"type":"Polygon","coordinates":[[[-117.38812,36.54885],[-117.33083,36.63064],[-117.38992,36.70877],[-117.50632,36.70506],[-117.56347,36.62325],[-117.50435,36.54518],[-117.38812,36.54885]]]},"properties":{"h3":"8529852bfffffff","sunshine":[8.8,9.8,10.9,12.2,13.3,13.8,13.7,13,11.8,10.6,9.5,8.4]}},{"type":"Feature","geometry":{"type":"Polygon","coordinates":[[[-121.48622,35.55418],[-121.43374,35.63739],[-121.49394,35.71336],[-121.60663,35.70605],[-121.65896,35.62284],[-121.59875,35.54693],[-121.48622,35.55418]]]},"properties":{"h3":"85291adbfffffff","sunshine":[8,9.3,9.9,11.6,12.7,12.8,12.5,11.6,11.3,10.1,9.1,7.7]}},{"type":"Feature","geometry":{"type":"Polygon","coordinates":[[[-116.16444,32.76474],[-116.10791,32.84764],[-116.16442,32.92885],[-116.2775,32.92708],[-116.33391,32.84415],[-116.27736,32.76301],[-116.16444,32.76474]]]},"properties":{"h3":"8529a693fffffff","sunshine":[9,9.8,11,12.2,13.2,13.7,13.4,12.7,11.5,10.8,9.8,8.5]}},{"type":"Feature","geometry":{"type":"Polygon","coordinates":[[[-122.45045,37.6253],[-122.39801,37.70781],[-122.45972,37.78155],[-122.57385,37.77273],[-122.62612,37.69022],[-122.56442,37.61654],[-122.45045,37.6253]]]},"properties":{"h3":"85283097fffffff","sunshine":[7.2,8.9,9.5,11.4,12.7,13.2,13,12.3,11.5,9.8,8.6,6.7]}},{"type":"Feature","geometry":{"type":"Polygon","coordinates":[[[-122.31662,41.19421],[-122.26214,41.2747],[-122.32603,41.34553],[-122.44439,41.33581],[-122.4987,41.25532],[-122.43481,41.18454],[-122.31662,41.19421]]]},"properties":{"h3":"85281113fffffff","sunshine":[5.9,7.8,8.2,10.9,12.4,13.8,14.1,13.1,11.5,9.4,7.4,5.4]}},{"type":"Feature","geometry":{"type":"Polygon","coordinates":[[[-123.39824,41.40459],[-123.34491,41.48518],[-123.40928,41.55497],[-123.52696,41.54412],[-123.5801,41.46354],[-123.51574,41.3938],[-123.39824,41.40459]]]},"properties":{"h3":"85281cd7fffffff","sunshine":[5.6,7.2,8.1,10.1,12.1,13.7,14.2,13.1,11.4,9.1,7,5.1]}},{"type":"Feature","geometry":{"type":"Polygon","coordinates":[[[-120.61162,39.08346],[-120.55636,39.16482],[-120.61831,39.23877],[-120.73551,39.23131],[-120.7906,39.14994],[-120.72865,39.07604],[-120.61162,39.08346]]]},"properties":{"h3":"8528327bfffffff","sunshine":[6.7,7.8,8.5,10.9,12.5,13.5,13.9,13.1,11.5,9.8,7.9,6.3]}},{"type":"Feature","geometry":{"type":"Polygon","coordinates":[[[-119.63937,36.3778],[-119.5845,36.46029],[-119.64448,36.53701],[-119.75936,36.53119],[-119.81409,36.44869],[-119.75409,36.37203],[-119.63937,36.3778]]]},"properties":{"h3":"8529a877fffffff","sunshine":[7.6,9.3,10.2,11.7,13.2,13.8,13.9,13,11.8,10.6,8.9,7.2]}},{"type":"Feature","geometry":{"type":"Polygon","coordinates":[[[-117.73893,36.69731],[-117.68192,36.77913],[-117.74125,36.85692],[-117.85763,36.85284],[-117.9145,36.771],[-117.85514,36.69326],[-117.73893,36.69731]]]},"properties":{"h3":"8529aa5bfffffff","sunshine":[8.9,9.8,11,12.3,13.3,13.8,13.7,13,11.8,10.7,9.6,8.5]}},{"type":"Feature","geometry":{"type":"Polygon","coordinates":[[[-120.452,39.48242],[-120.39636,39.56352],[-120.45848,39.63726],[-120.57627,39.62984],[-120.63175,39.54874],[-120.56961,39.47506],[-120.452,39.48242]]]},"properties":{"h3":"852814dbfffffff","sunshine":[7,8.2,9,11.3,12.7,13.6,13.8,13.1,11.6,10,8.1,6.5]}},{"type":"Feature","geometry":{"type":"Polygon","coordinates":[[[-116.84982,34.22283],[-116.79321,34.30545],[-116.8508,34.38542],[-116.96503,34.38273],[-117.0215,34.30009],[-116.96388,34.22017],[-116.84982,34.22283]]]},"properties":{"h3":"8529a07bfffffff","sunshine":[8.7,9.7,10.8,12.1,13.3,13.8,13.6,12.7,11.8,10.7,9.7,8.4]}},{"type":"Feature","geometry":{"type":"Polygon","coordinates":[[[-120.382,37.76499],[-120.3272,37.847],[-120.38827,37.92217],[-120.50416,37.91528],[-120.5588,37.83326],[-120.49772,37.75815],[-120.382,37.76499]]]},"properties":{"h3":"85283643fffffff","sunshine":[7.4,8.6,9.3,11.3,13,13.6,13.8,13.1,11.7,10.2,8.6,7]}},{"type":"Feature","geometry":{"type":"Polygon","coordinates":[[[-118.80558,37.60958],[-118.74918,37.69126],[-118.80951,37.76767],[-118.92627,37.76234],[-118.98253,37.68065],[-118.92217,37.6043],[-118.80558,37.60958]]]},"properties":{"h3":"85298cbbfffffff","sunshine":[8.3,9.4,10.6,12,13.1,13.6,13.7,13,11.8,10.6,9.1,7.8]}},{"type":"Feature","geometry":{"type":"Polygon","coordinates":[[[-118.76311,35.85787],[-118.70759,35.94036],[-118.76692,36.01805],[-118.8818,36.01318],[-118.93719,35.93068],[-118.87783,35.85305],[-118.76311,35.85787]]]},"properties":{"h3":"8529ae23fffffff","sunshine":[8,9.3,10.3,11.8,13.1,13.8,13.9,13,11.8,10.6,9.3,7.8]}},{"type":"Feature","geometry":{"type":"Polygon","coordinates":[[[-116.67251,32.83816],[-116.61642,32.92119],[-116.67322,33.00204],[-116.78614,32.9998],[-116.8421,32.91675],[-116.78526,32.83596],[-116.67251,32.83816]]]},"properties":{"h3":"8529a443fffffff","sunshine":[8.5,9.2,10.1,11.6,12.4,13.6,13.5,12.7,11.4,10.5,9.5,8]}},{"type":"Feature","geometry":{"type":"Polygon","coordinates":[[[-121.8731,36.48355],[-121.82059,36.56646],[-121.88145,36.64149],[-121.99482,36.63355],[-122.04717,36.55064],[-121.98631,36.47567],[-121.8731,36.48355]]]},"properties":{"h3":"85291a6ffffffff","sunshine":[7.7,9.1,9.6,11.1,12.2,12.6,12.3,11.6,11.2,9.9,9,7.4]}},{"type":"Feature","geometry":{"type":"Polygon","coordinates":[[[-122.32927,38.49554],[-122.27626,38.57759],[-122.33845,38.65073],[-122.45365,38.64177],[-122.50649,38.55971],[-122.44431,38.48662],[-122.32927,38.49554]]]},"properties":{"h3":"8528302bfffffff","sunshine":[6.6,8.5,9,11.2,12.8,13.8,13.8,12.9,11.7,9.7,8.1,6.1]}},{"type":"Feature","geometry":{"type":"Polygon","coordinates":[[[-116.50586,33.74118],[-116.44916,33.82387],[-116.50633,33.90433],[-116.62023,33.90206],[-116.6768,33.81935],[-116.61959,33.73894],[-116.50586,33.74118]]]},"properties":{"h3":"8529a627fffffff","sunshine":[8.7,9.8,11,12.2,13.2,13.7,13.5,12.6,11.6,10.8,9.8,8.3]}},{"type":"Feature","geometry":{"type":"Polygon","coordinates":[[[-115.28975,36.11316],[-115.23066,36.19446],[-115.28843,36.27422],[-115.40534,36.27263],[-115.4643,36.19131],[-115.40648,36.1116],[-115.28975,36.11316]]]},"properties":{"h3":"852986a3fffffff","sunshine":[8.6,9.6,10.7,12.3,13.1,13.8,13.2,12.6,11.7,10.7,9.5,8.1]}},{"type":"Feature","geometry":{"type":"Polygon","coordinates":[[[-121.76201,40.85637],[-121.70708,40.93695],[-121.77056,41.00851],[-121.88897,40.99944],[-121.94373,40.91885],[-121.88025,40.84734],[-121.76201,40.85637]]]},"properties":{"h3":"852810a7fffffff","sunshine":[6.3,8.1,8.8,11.1,12.7,13.8,14,13.1,11.6,9.6,7.7,5.7]}},{"type":"Feature","geometry":{"type":"Polygon","coordinates":[[[-123.25769,39.42838],[-123.20526,39.51011],[-123.26831,39.58177],[-123.38377,39.57164],[-123.43602,39.48991],[-123.37299,39.41831],[-123.25769,39.42838]]]},"properties":{"h3":"852806c7fffffff","sunshine":[6.1,8.1,8.4,10.8,12.4,13.8,14,12.9,11.6,9.5,7.8,5.8]}},{"type":"Feature","geometry":{"type":"Polygon","coordinates":[[[-119.39833,34.0572],[-119.34436,34.14052],[-119.40299,34.21893],[-119.51561,34.21394],[-119.56944,34.1306],[-119.51079,34.05226],[-119.39833,34.0572]]]},"properties":{"h3":"85291273fffffff","sunshine":[8.4,9.6,10.5,11.7,12.8,12.9,13.4,12.4,11.5,10.5,9.5,8.3]}},{"type":"Feature","geometry":{"type":"Polygon","coordinates":[[[-120.95525,38.90547],[-120.90047,38.98702],[-120.96244,39.06086],[-121.07919,39.05311],[-121.1338,38.97156],[-121.07182,38.89777],[-120.95525,38.90547]]]},"properties":{"h3":"8528320ffffffff","sunshine":[6.8,8.1,8.8,11,12.9,13.6,13.9,13.1,11.5,9.8,8,6.3]}},{"type":"Feature","geometry":{"type":"Polygon","coordinates":[[[-119.4599,36.14701],[-119.40495,36.22955],[-119.46473,36.30656],[-119.57948,36.30097],[-119.63428,36.21841],[-119.57448,36.14146],[-119.4599,36.14701]]]},"properties":{"h3":"8529a80bfffffff","sunshine":[7.7,9.3,10.2,11.8,13.3,13.8,13.9,12.9,11.8,10.6,9,7.3]}},{"type":"Feature","geometry":{"type":"Polygon","coordinates":[[[-118.82934,38.55501],[-118.77245,38.63619],[-118.83334,38.71184],[-118.95115,38.70627],[-119.00789,38.62507],[-118.94697,38.54947],[-118.82934,38.55501]]]},"properties":{"h3":"85298887fffffff","sunshine":[8.3,9.4,10.6,12,12.9,13.5,13.6,13,11.7,10.4,9,7.8]}},{"type":"Feature","geometry":{"type":"Polygon","coordinates":[[[-120.84689,40.38475],[-120.79119,40.4654],[-120.85403,40.53807],[-120.97258,40.53003],[-121.02812,40.44937],[-120.96527,40.37676],[-120.84689,40.38475]]]},"properties":{"h3":"8528146ffffffff","sunshine":[6.7,8.4,9.1,11.2,12.6,13.7,13.9,13.1,11.6,9.7,7.8,5.9]}},{"type":"Feature","geometry":{"type":"Polygon","coordinates":[[[-117.19036,34.05191],[-117.13417,34.13468],[-117.19183,34.21454],[-117.30572,34.21157],[-117.36178,34.12878],[-117.30408,34.04898],[-117.19036,34.05191]]]},"properties":{"h3":"8529a00ffffffff","sunshine":[8.4,9.3,10.4,11.7,12.8,13.7,13.7,12.8,11.6,10.6,9.6,8.1]}},{"type":"Feature","geometry":{"type":"Polygon","coordinates":[[[-115.3091,33.67665],[-115.25132,33.75898],[-115.30784,33.8402],[-115.42219,33.83904],[-115.47986,33.75668],[-115.42329,33.67551],[-115.3091,33.67665]]]},"properties":{"h3":"8529b5b3fffffff","sunshine":[9,9.9,11.1,12.4,13.1,13.6,13.2,12.7,11.6,10.8,9.8,8.4]}},{"type":"Feature","geometry":{"type":"Polygon","coordinates":[[[-115.98883,36.42369],[-115.93024,36.50508],[-115.98855,36.5842],[-116.1055,36.58187],[-116.16396,36.50046],[-116.1056,36.4214],[-115.98883,36.42369]]]},"properties":{"h3":"8529808bfffffff","sunshine":[8.7,9.7,10.7,12.2,13.1,13.8,13.4,12.7,11.7,10.6,9.4,8.2]}},{"type":"Feature","geometry":{"type":"Polygon","coordinates":[[[-119.30396,36.71298],[-119.24856,36.79523],[-119.30859,36.87195],[-119.42406,36.86636],[-119.47931,36.7841],[-119.41926,36.70744],[-119.30396,36.71298]]]},"properties":{"h3":"8529abd3fffffff","sunshine":[7.7,9,9.8,11.5,13.1,13.7,13.8,12.9,11.7,10.6,8.9,7.4]}},{"type":"Feature","geometry":{"type":"Polygon","coordinates":[[[-117.93538,38.04122],[-117.87784,38.12242],[-117.93803,38.19909],[-118.05578,38.19452],[-118.11318,38.11331],[-118.05296,38.03669],[-117.93538,38.04122]]]},"properties":{"h3":"85298c4ffffffff","sunshine":[8.8,9.7,10.8,12.1,13,13.6,13.6,12.9,11.8,10.6,9.4,8.3]}},{"type":"Feature","geometry":{"type":"Polygon","coordinates":[[[-114.62981,33.1892],[-114.57166,33.27148],[-114.62757,33.35336],[-114.74168,33.35291],[-114.79972,33.2706],[-114.74376,33.18877],[-114.62981,33.1892]]]},"properties":{"h3":"85485b63fffffff","sunshine":[9.1,9.9,11,12.4,13,13.5,13.1,12.6,11.5,10.8,9.7,8.5]}},{"type":"Feature","geometry":{"type":"Polygon","coordinates":[[[-123.65916,40.16168],[-123.60682,40.24306],[-123.67045,40.31377],[-123.7864,40.30303],[-123.83856,40.22165],[-123.77495,40.151],[-123.65916,40.16168]]]},"properties":{"h3":"85280293fffffff","sunshine":[6,7.6,8.2,10.5,12.2,13.7,14.1,12.9,11.4,9.3,7.5,5.5]}},{"type":"Feature","geometry":{"type":"Polygon","coordinates":[[[-117.58859,38.52745],[-117.53043,38.60826],[-117.59072,38.68479],[-117.70922,38.68046],[-117.76724,38.59963],[-117.70691,38.52315],[-117.58859,38.52745]]]},"properties":{"h3":"85298e33fffffff","sunshine":[8.4,9.3,10.5,11.9,12.8,13.6,13.5,12.9,11.7,10.5,9.1,7.9]}},{"type":"Feature","geometry":{"type":"Polygon","coordinates":[[[-117.02397,34.62485],[-116.96732,34.70736],[-117.0252,34.78698],[-117.13976,34.78404],[-117.19627,34.70151],[-117.13836,34.62194],[-117.02397,34.62485]]]},"properties":{"h3":"8529a3d7fffffff","sunshine":[8.8,9.9,11,12.1,13.3,13.8,13.6,12.7,11.7,10.7,9.7,8.5]}},{"type":"Feature","geometry":{"type":"Polygon","coordinates":[[[-115.46852,35.54581],[-115.4099,35.62743],[-115.46747,35.70745],[-115.58369,35.70579],[-115.64218,35.62414],[-115.58457,35.54418],[-115.46852,35.54581]]]},"properties":{"h3":"85298453fffffff","sunshine":[8.6,9.6,10.7,12.3,13.1,13.7,13.2,12.6,11.7,10.7,9.6,8.2]}},{"type":"Feature","geometry":{"type":"Polygon","coordinates":[[[-121.24029,41.12399],[-121.18461,41.20428],[-121.24807,41.27599],[-121.36722,41.26737],[-121.42273,41.18708],[-121.35926,41.11542],[-121.24029,41.12399]]]},"properties":{"h3":"8528103bfffffff","sunshine":[6.5,8.2,9,11,12.5,13.7,13.9,13.1,11.6,9.6,7.6,5.8]}},{"type":"Feature","geometry":{"type":"Polygon","coordinates":[[[-122.75226,39.70275],[-122.6991,39.78423],[-122.76217,39.85604],[-122.87839,39.84632],[-122.93138,39.76484],[-122.86831,39.69308],[-122.75226,39.70275]]]},"properties":{"h3":"8528065bfffffff","sunshine":[6.6,8.3,8.9,11.2,12.7,13.9,14.1,13,11.7,9.7,8,5.9]}},{"type":"Feature","geometry":{"type":"Polygon","coordinates":[[[-118.30386,38.81393],[-118.24627,38.89481],[-118.30708,38.97062],[-118.4255,38.96551],[-118.48294,38.88462],[-118.4221,38.80886],[-118.30386,38.81393]]]},"properties":{"h3":"8529881bfffffff","sunshine":[8.3,9.4,10.4,11.8,12.7,13.5,13.6,12.9,11.7,10.4,8.9,7.8]}},{"type":"Feature","geometry":{"type":"Polygon","coordinates":[[[-121.00327,36.14275],[-120.94998,36.22564],[-121.01035,36.30155],[-121.12402,36.29451],[-121.17716,36.21162],[-121.11679,36.13577],[-121.00327,36.14275]]]},"properties":{"h3":"8529a983fffffff","sunshine":[7.9,9.3,10.1,11.8,13.3,13.8,13.8,13,11.8,10.5,9,7.6]}},{"type":"Feature","geometry":{"type":"Polygon","coordinates":[[[-122.5254,38.86952],[-122.47241,38.95142],[-122.53489,39.02411],[-122.65035,39.01485],[-122.70317,38.93295],[-122.64069,38.86032],[-122.5254,38.86952]]]},"properties":{"h3":"85283387fffffff","sunshine":[6.7,8.6,9.2,11.3,13,13.9,14,13,11.8,9.8,8.3,6.1]}},{"type":"Feature","geometry":{"type":"Polygon","coordinates":[[[-120.99871,39.83451],[-120.94348,39.91554],[-121.00603,39.98857],[-121.12382,39.98053],[-121.17889,39.89949],[-121.11633,39.82651],[-120.99871,39.83451]]]},"properties":{"h3":"85281403fffffff","sunshine":[6.5,8.1,8.6,11,12.6,13.6,13.9,13.1,11.6,9.7,7.7,6]}},{"type":"Feature","geometry":{"type":"Polygon","coordinates":[[[-114.44502,34.09092],[-114.38623,34.1728],[-114.44249,34.2543],[-114.55758,34.25386],[-114.61625,34.17196],[-114.55994,34.09051],[-114.44502,34.09092]]]},"properties":{"h3":"8529b547fffffff","sunshine":[9,9.8,10.9,12.4,13,13.6,13.1,12.6,11.6,10.7,9.7,8.3]}},{"type":"Feature","geometry":{"type":"Polygon","coordinates":[[[-122.98756,37.97464],[-122.93557,38.05707],[-122.99764,38.13013],[-123.11171,38.1207],[-123.16353,38.03827],[-123.10146,37.96527],[-122.98756,37.97464]]]},"properties":{"h3":"8528356bfffffff","sunshine":[6.9,8.7,9.2,11.1,12.2,12.9,12.3,11.4,10.8,9.4,8.4,6.4]}},{"type":"Feature","geometry":{"type":"Polygon","coordinates":[[[-119.68065,37.64612],[-119.62515,37.72801],[-119.68587,37.80378],[-119.80211,37.79759],[-119.85745,37.71568],[-119.79671,37.63998],[-119.68065,37.64612]]]},"properties":{"h3":"8529ab67fffffff","sunshine":[7.6,8.6,9.5,11.4,12.9,13.6,13.8,13.1,11.7,10.4,8.7,7.3]}},{"type":"Feature","geometry":{"type":"Polygon","coordinates":[[[-124.18529,40.18872],[-124.13355,40.27018],[-124.19734,40.34044],[-124.31284,40.32919],[-124.36439,40.24774],[-124.30062,40.17753],[-124.18529,40.18872]]]},"properties":{"h3":"85280043fffffff","sunshine":[5.9,7.6,8.3,10.5,11.9,13.4,13.6,12.7,11.3,9.1,7.4,5.4]}},{"type":"Feature","geometry":{"type":"Polygon","coordinates":[[[-118.722,34.08471],[-118.66732,34.16787],[-118.72568,34.24671],[-118.83875,34.24234],[-118.89329,34.15916],[-118.8349,34.08038],[-118.722,34.08471]]]},"properties":{"h3":"8529a187fffffff","sunshine":[8.4,9.5,10.3,11.6,12.5,12.9,13.6,12.6,11.4,10.4,9.5,8.2]}},{"type":"Feature","geometry":{"type":"Polygon","coordinates":[[[-120.1288,35.63328],[-120.07482,35.71619],[-120.13458,35.79308],[-120.24834,35.787],[-120.30217,35.70408],[-120.2424,35.62725],[-120.1288,35.63328]]]},"properties":{"h3":"8529ad4bfffffff","sunshine":[8.1,9.5,10.4,11.9,13.4,13.8,13.8,13,11.8,10.7,9.2,8]}},{"type":"Feature","geometry":{"type":"Polygon","coordinates":[[[-124.07742,41.03737],[-124.02511,41.1183],[-124.08942,41.18789],[-124.20603,41.17649],[-124.25815,41.09556],[-124.19386,41.02602],[-124.07742,41.03737]]]},"properties":{"h3":"85280227fffffff","sunshine":[5.9,7.4,8.3,10.3,11.8,13.2,13.5,12.6,11.1,9.1,7.2,5.3]}},{"type":"Feature","geometry":{"type":"Polygon","coordinates":[[[-119.51885,38.04906],[-119.46296,38.1307],[-119.52385,38.20627],[-119.64065,38.20014],[-119.69638,38.11848],[-119.63547,38.04297],[-119.51885,38.04906]]]},"properties":{"h3":"85298dc7fffffff","sunshine":[7.6,8.4,9.3,11.3,12.7,13.5,13.7,13.1,11.6,10.3,8.6,7.2]}},{"type":"Feature","geometry":{"type":"Polygon","coordinates":[[[-116.85772,35.519],[-116.80046,35.60109],[-116.85872,35.68026],[-116.9743,35.67728],[-117.03143,35.59517],[-116.97313,35.51605],[-116.85772,35.519]]]},"properties":{"h3":"8529a36bfffffff","sunshine":[8.7,9.7,10.9,12.2,13.2,13.8,13.7,12.8,11.8,10.7,9.6,8.3]}},{"type":"Feature","geometry":{"type":"Polygon","coordinates":[[[-117.86442,33.54467],[-117.80915,33.62779],[-117.86686,33.70751],[-117.97987,33.70404],[-118.03501,33.6209],[-117.97727,33.54124],[-117.86442,33.54467]]]},"properties":{"h3":"8529a54ffffffff","sunshine":[8.5,9.4,10.4,11.3,11.8,12.4,12.9,12.1,11.1,10.1,9.4,8]}},{"type":"Feature","geometry":{"type":"Polygon","coordinates":[[[-116.68638,35.92617],[-116.62873,36.00803],[-116.68713,36.08704],[-116.80322,36.08414],[-116.86074,36.00226],[-116.80229,35.9233],[-116.68638,35.92617]]]},"properties":{"h3":"852985cbfffffff","sunshine":[8.7,9.7,10.9,12.1,13.2,13.8,13.6,12.8,11.7,10.7,9.5,8.2]}},{"type":"Feature","geometry":{"type":"Polygon","coordinates":[[[-114.77947,34.9043],[-114.72056,34.98596],[-114.77741,35.06679],[-114.89323,35.0659],[-114.95202,34.98421],[-114.89512,34.90344],[-114.77947,34.9043]]]},"properties":{"h3":"8529b113fffffff","sunshine":[8.8,9.7,10.9,12.4,13,13.7,13.2,12.6,11.6,10.7,9.6,8.1]}},{"type":"Feature","geometry":{"type":"Polygon","coordinates":[[[-123.90166,38.75204],[-123.85033,38.83422],[-123.91313,38.90594],[-124.02725,38.89541],[-124.0784,38.81322],[-124.01561,38.74157],[-123.90166,38.75204]]]},"properties":{"h3":"85283137fffffff","sunshine":[6.6,8.4,9,11,12.1,13,12.4,11.5,11,9.1,8.1,6.1]}},{"type":"Feature","geometry":{"type":"Polygon","coordinates":[[[-122.84251,41.07418],[-122.78871,41.15486],[-122.85269,41.22539],[-122.97045,41.21519],[-123.02407,41.1345],[-122.9601,41.06403],[-122.84251,41.07418]]]},"properties":{"h3":"852811b3fffffff","sunshine":[6.1,7.8,8.4,10.8,12.4,13.8,14.1,13.1,11.5,9.3,7.4,5.3]}},{"type":"Feature","geometry":{"type":"Polygon","coordinates":[[[-121.01744,36.46016],[-120.964,36.54292],[-121.02455,36.6186],[-121.13855,36.61146],[-121.19184,36.5287],[-121.13127,36.45308],[-121.01744,36.46016]]]},"properties":{"h3":"8529a917fffffff","sunshine":[7.9,9.2,9.9,11.7,13.3,13.8,13.8,13,11.8,10.4,9,7.5]}},{"type":"Feature","geometry":{"type":"Polygon","coordinates":[[[-122.01839,39.14178],[-121.96468,39.22344],[-122.02717,39.29629],[-122.14335,39.28743],[-122.19689,39.20578],[-122.13441,39.13298],[-122.01839,39.14178]]]},"properties":{"h3":"8528331bfffffff","sunshine":[6.7,8.6,9.1,11.4,13.1,13.8,13.9,13,11.7,9.8,8.2,6.1]}},{"type":"Feature","geometry":{"type":"Polygon","coordinates":[[[-119.89625,38.81377],[-119.84036,38.8951],[-119.90186,38.96979],[-120.01926,38.9631],[-120.075,38.88175],[-120.01348,38.80712],[-119.89625,38.81377]]]},"properties":{"h3":"85298993fffffff","sunshine":[7.6,8.7,9.9,11.8,12.9,13.6,13.7,13.1,11.7,10.1,8.5,6.9]}},{"type":"Feature","geometry":{"type":"Polygon","coordinates":[[[-121.43888,41.49046],[-121.38322,41.57055],[-121.44699,41.64178],[-121.56643,41.63287],[-121.62192,41.55277],[-121.55814,41.48159],[-121.43888,41.49046]]]},"properties":{"h3":"85281397fffffff","sunshine":[6.6,8.2,9,11.3,12.6,13.8,14,13.1,11.6,9.5,7.5,5.8]}},{"type":"Feature","geometry":{"type":"Polygon","coordinates":[[[-121.92616,40.61424],[-121.87155,40.69501],[-121.93493,40.76666],[-122.05292,40.75749],[-122.10735,40.67672],[-122.04397,40.60512],[-121.92616,40.61424]]]},"properties":{"h3":"8528157bfffffff","sunshine":[6.1,8,8.5,11,12.6,13.8,14,13.1,11.7,9.6,7.6,5.7]}},{"type":"Feature","geometry":{"type":"Polygon","coordinates":[[[-118.21747,34.3462],[-118.16215,34.42914],[-118.22044,34.50816],[-118.33407,34.50418],[-118.38925,34.42122],[-118.33094,34.34226],[-118.21747,34.3462]]]},"properties":{"h3":"8529a11bfffffff","sunshine":[8.4,9.4,10.3,11.6,12.8,13.6,13.8,12.8,11.6,10.6,9.5,8.1]}},{"type":"Feature","geometry":{"type":"Polygon","coordinates":[[[-117.56553,36.78302],[-117.5083,36.86475],[-117.56759,36.9426],[-117.68416,36.93867],[-117.74125,36.85692],[-117.68192,36.77913],[-117.56553,36.78302]]]},"properties":{"h3":"85298197fffffff","sunshine":[8.8,9.8,11,12.3,13.3,13.8,13.7,13,11.8,10.7,9.5,8.4]}},{"type":"Feature","geometry":{"type":"Polygon","coordinates":[[[-118.99938,38.3111],[-118.94281,38.39246],[-119.00363,38.46819],[-119.12105,38.4625],[-119.17748,38.38113],[-119.11663,38.30545],[-118.99938,38.3111]]]},"properties":{"h3":"85298d5bfffffff","sunshine":[8.4,9.6,10.7,12.1,13,13.5,13.6,12.9,11.7,10.5,9.1,7.9]}},{"type":"Feature","geometry":{"type":"Polygon","coordinates":[[[-118.06219,35.24107],[-118.00627,35.32363],[-118.06495,35.4022],[-118.1796,35.39814],[-118.23539,35.31556],[-118.17667,35.23706],[-118.06219,35.24107]]]},"properties":{"h3":"8529aec3fffffff","sunshine":[8.5,9.7,10.9,12.1,13.4,13.9,13.8,12.9,11.8,10.8,9.6,8.3]}},{"type":"Feature","geometry":{"type":"Polygon","coordinates":[[[-115.82437,33.0976],[-115.76735,33.18029],[-115.82385,33.26152],[-115.93741,33.26],[-115.99431,33.17728],[-115.93776,33.0961],[-115.82437,33.0976]]]},"properties":{"h3":"8529a6c7fffffff","sunshine":[9.1,9.8,11.1,12.3,13.1,13.7,13.3,12.6,11.5,10.7,9.8,8.4]}},{"type":"Feature","geometry":{"type":"Polygon","coordinates":[[[-121.60447,37.9226],[-121.55093,38.0048],[-121.61254,38.07895],[-121.72769,38.07084],[-121.78106,37.98863],[-121.71945,37.91454],[-121.60447,37.9226]]]},"properties":{"h3":"852830cbfffffff","sunshine":[6.9,8.8,9.5,11.4,13.1,13.7,13.8,13,11.7,10,8.3,6.4]}},{"type":"Feature","geometry":{"type":"Polygon","coordinates":[[[-121.97918,41.52522],[-121.92412,41.60542],[-121.98811,41.6762],[-122.10716,41.66673],[-122.16204,41.58653],[-122.09805,41.5158],[-121.97918,41.52522]]]},"properties":{"h3":"85281147fffffff","sunshine":[6.7,8.3,9.1,11.2,12.6,13.8,14.1,13.1,11.6,9.4,7.6,5.7]}},{"type":"Feature","geometry":{"type":"Polygon","coordinates":[[[-119.97211,36.04148],[-119.91775,36.12419],[-119.97768,36.20091],[-120.09198,36.19487],[-120.14619,36.11215],[-120.08624,36.03548],[-119.97211,36.04148]]]},"properties":{"h3":"8529a8abfffffff","sunshine":[7.9,9.4,10.4,11.8,13.2,13.8,13.9,13,11.8,10.6,9.2,7.7]}},{"type":"Feature","geometry":{"type":"Polygon","coordinates":[[[-121.47511,38.79225],[-121.42098,38.87398],[-121.48306,38.94753],[-121.59928,38.9393],[-121.65325,38.85757],[-121.59117,38.78407],[-121.47511,38.79225]]]},"properties":{"h3":"852832affffffff","sunshine":[6.6,8.4,9.1,11.3,12.9,13.7,13.9,13.1,11.6,9.9,8.1,6]}},{"type":"Feature","geometry":{"type":"Polygon","coordinates":[[[-120.28474,39.72553],[-120.22878,39.80644],[-120.29099,39.88009],[-120.40918,39.87278],[-120.46498,39.79186],[-120.40276,39.71826],[-120.28474,39.72553]]]},"properties":{"h3":"85298927fffffff","sunshine":[7.4,8.7,9.6,11.6,12.9,13.6,13.8,13,11.6,10,8.4,6.8]}},{"type":"Feature","geometry":{"type":"Polygon","coordinates":[[[-122.21243,36.4596],[-122.16031,36.54258],[-122.22126,36.61737],[-122.33433,36.60913],[-122.38629,36.52615],[-122.32534,36.45142],[-122.21243,36.4596]]]},"properties":{"h3":"85283493fffffff","sunshine":[7.7,9.1,9.5,11.1,11.9,12.4,12,11.2,11,9.8,8.9,7.4]}},{"type":"Feature","geometry":{"type":"Polygon","coordinates":[[[-118.60338,36.42495],[-118.5474,36.50715],[-118.60697,36.58455],[-118.72256,36.5797],[-118.7784,36.49749],[-118.7188,36.42014],[-118.60338,36.42495]]]},"properties":{"h3":"8529aa8ffffffff","sunshine":[8,9,10.1,11.8,13.2,13.7,13.8,13,11.8,10.6,9.2,7.9]}},{"type":"Feature","geometry":{"type":"Polygon","coordinates":[[[-122.27001,40.43403],[-122.2159,40.51499],[-122.27928,40.58653],[-122.39677,40.57707],[-122.45071,40.49611],[-122.38733,40.42462],[-122.27001,40.43403]]]},"properties":{"h3":"8528150ffffffff","sunshine":[6.1,8.2,8.6,11,12.7,13.8,14,13.1,11.6,9.5,7.7,5.6]}},{"type":"Feature","geometry":{"type":"Polygon","coordinates":[[[-117.70051,33.95661],[-117.64487,34.03956],[-117.70272,34.11915],[-117.81624,34.11573],[-117.87175,34.03276],[-117.81387,33.95323],[-117.70051,33.95661]]]},"properties":{"h3":"8529a0affffffff","sunshine":[8.3,9.2,9.9,10.9,11.3,12.7,13.3,12.4,11.1,10.1,9.4,8]}},{"type":"Feature","geometry":{"type":"Polygon","coordinates":[[[-117.40082,37.66423],[-117.34294,37.74546],[-117.40265,37.82277],[-117.52028,37.81881],[-117.57801,37.73757],[-117.51827,37.6603],[-117.40082,37.66423]]]},"properties":{"h3":"8529812bfffffff","sunshine":[8.7,9.6,10.7,12.2,13,13.7,13.6,12.9,11.8,10.6,9.3,8.3]}},{"type":"Feature","geometry":{"type":"Polygon","coordinates":[[[-119.43119,35.18598],[-119.3767,35.26891],[-119.43594,35.34659],[-119.5497,35.34127],[-119.60405,35.25833],[-119.54479,35.18072],[-119.43119,35.18598]]]},"properties":{"h3":"8529ac73fffffff","sunshine":[8.2,9.6,10.6,11.9,13.4,13.8,13.8,12.9,11.8,10.7,9.3,8]}},{"type":"Feature","geometry":{"type":"Polygon","coordinates":[[[-120.91256,37.96868],[-120.85823,38.05071],[-120.91962,38.12534],[-121.03535,38.11788],[-121.08951,38.03584],[-121.02812,37.96127],[-120.91256,37.96868]]]},"properties":{"h3":"85283677fffffff","sunshine":[6.8,8.6,9.4,11.2,13,13.6,13.8,13.1,11.6,10,8.2,6.4]}},{"type":"Feature","geometry":{"type":"Polygon","coordinates":[[[-116.1643,33.91054],[-116.10719,33.99306],[-116.16428,34.07364],[-116.27851,34.07164],[-116.33549,33.9891],[-116.27836,33.90857],[-116.1643,33.91054]]]},"properties":{"h3":"8529a293fffffff","sunshine":[9,9.9,11.1,12.3,13.3,13.7,13.5,12.7,11.6,10.8,9.8,8.4]}},{"type":"Feature","geometry":{"type":"Polygon","coordinates":[[[-118.06772,35.56315],[-118.01164,35.64558],[-118.0705,35.72393],[-118.18548,35.7198],[-118.24143,35.63735],[-118.18254,35.55906],[-118.06772,35.56315]]]},"properties":{"h3":"8529ae57fffffff","sunshine":[8.4,9.7,10.8,12.1,13.4,13.8,13.8,12.9,11.8,10.7,9.6,8.3]}},{"type":"Feature","geometry":{"type":"Polygon","coordinates":[[[-116.87306,37.91846],[-116.81451,37.99937],[-116.8741,38.07685],[-116.99229,38.07336],[-117.0507,37.99242],[-116.99106,37.915],[-116.87306,37.91846]]]},"properties":{"h3":"85298ed3fffffff","sunshine":[8.5,9.5,10.6,12.1,13,13.7,13.6,12.9,11.7,10.5,9.2,8]}},{"type":"Feature","geometry":{"type":"Polygon","coordinates":[[[-117.18163,33.073],[-117.12591,33.1561],[-117.18307,33.23651],[-117.29597,33.23377],[-117.35156,33.15065],[-117.29437,33.07029],[-117.18163,33.073]]]},"properties":{"h3":"8529a477fffffff","sunshine":[8.6,9.5,10.5,11.2,11.7,12.7,13.1,12.2,11.1,10.3,9.5,8.2]}},{"type":"Feature","geometry":{"type":"Polygon","coordinates":[[[-115.31162,33.34909],[-115.25401,33.43154],[-115.31036,33.51294],[-115.42438,33.51183],[-115.48188,33.42936],[-115.42547,33.34801],[-115.31162,33.34909]]]},"properties":{"h3":"8529a65bfffffff","sunshine":[9.1,9.9,11.1,12.4,13.1,13.6,13.2,12.6,11.6,10.8,9.8,8.5]}},{"type":"Feature","geometry":{"type":"Polygon","coordinates":[[[-120.49777,40.56148],[-120.44157,40.64193],[-120.50439,40.7147],[-120.62342,40.70697],[-120.67945,40.62651],[-120.61662,40.55379],[-120.49777,40.56148]]]},"properties":{"h3":"852810dbfffffff","sunshine":[7,8.8,9.4,11.5,12.6,13.6,13.9,13.1,11.6,9.8,8,6.2]}},{"type":"Feature","geometry":{"type":"Polygon","coordinates":[[[-120.42628,38.86089],[-120.37094,38.94233],[-120.43268,39.0166],[-120.54977,39.00937],[-120.60494,38.92793],[-120.54319,38.85371],[-120.42628,38.86089]]]},"properties":{"h3":"85283243fffffff","sunshine":[6.9,8,8.7,11,12.5,13.5,13.8,13.1,11.5,9.9,8,6.5]}},{"type":"Feature","geometry":{"type":"Polygon","coordinates":[[[-118.83334,38.71184],[-118.77637,38.79294],[-118.83736,38.86847],[-118.95534,38.86285],[-119.01216,38.78174],[-118.95115,38.70627],[-118.83334,38.71184]]]},"properties":{"h3":"852988bbfffffff","sunshine":[8.3,9.4,10.5,11.9,12.8,13.5,13.6,13,11.7,10.4,9,7.8]}},{"type":"Feature","geometry":{"type":"Polygon","coordinates":[[[-122.60714,37.37751],[-122.55501,37.46015],[-122.61662,37.53396],[-122.73035,37.52507],[-122.78231,37.44243],[-122.72071,37.36867],[-122.60714,37.37751]]]},"properties":{"h3":"85283427fffffff","sunshine":[7.3,8.8,9.3,11,11.8,12.3,11.6,10.8,10.8,9.4,8.6,6.8]}},{"type":"Feature","geometry":{"type":"Polygon","coordinates":[[[-118.78998,36.97526],[-118.7339,37.05725],[-118.79386,37.13414],[-118.90993,37.12897],[-118.96587,37.04697],[-118.90588,36.97014],[-118.78998,36.97526]]]},"properties":{"h3":"8529aa23fffffff","sunshine":[8,8.8,9.9,11.6,13.1,13.6,13.7,13,11.8,10.6,9,7.7]}},{"type":"Feature","geometry":{"type":"Polygon","coordinates":[[[-121.52316,39.72062],[-121.46858,39.80184],[-121.53126,39.87458],[-121.64851,39.86605],[-121.70292,39.78483],[-121.64024,39.71214],[-121.52316,39.72062]]]},"properties":{"h3":"852814a3fffffff","sunshine":[6.4,8.1,8.5,10.9,12.7,13.7,13.9,13,11.7,9.7,7.8,6]}},{"type":"Feature","geometry":{"type":"Polygon","coordinates":[[[-116.67753,33.98237],[-116.62088,34.06502],[-116.67825,34.14525],[-116.79232,34.14276],[-116.84884,34.06009],[-116.79143,33.97993],[-116.67753,33.98237]]]},"properties":{"h3":"8529a043fffffff","sunshine":[8.5,9.6,10.8,12.1,13.2,13.7,13.6,12.7,11.7,10.7,9.7,8.2]}},{"type":"Feature","geometry":{"type":"Polygon","coordinates":[[[-119.76652,35.00925],[-119.71246,35.09232],[-119.77174,35.16987],[-119.8851,35.1643],[-119.93901,35.08122],[-119.87971,35.00372],[-119.76652,35.00925]]]},"properties":{"h3":"8529ac07fffffff","sunshine":[8.1,9.4,10.4,11.9,13.4,13.8,13.8,13,11.8,10.7,9.3,8]}},{"type":"Feature","geometry":{"type":"Polygon","coordinates":[[[-120.72888,37.74412],[-120.67447,37.82622],[-120.73566,37.90116],[-120.85127,37.89393],[-120.90552,37.81183],[-120.84432,37.73695],[-120.72888,37.74412]]]},"properties":{"h3":"8528360bfffffff","sunshine":[7.2,8.7,9.5,11.3,13.1,13.7,13.8,13.1,11.7,10.2,8.5,6.8]}},{"type":"Feature","geometry":{"type":"Polygon","coordinates":[[[-120.12253,40.12235],[-120.06617,40.20298],[-120.12856,40.27641],[-120.24733,40.26916],[-120.30353,40.18853],[-120.24113,40.11515],[-120.12253,40.12235]]]},"properties":{"h3":"85281687fffffff","sunshine":[7.5,9,9.7,11.7,12.8,13.6,13.8,13,11.5,10,8.3,6.6]}},{"type":"Feature","geometry":{"type":"Polygon","coordinates":[[[-118.62508,37.37971],[-118.56861,37.46146],[-118.62873,37.53816],[-118.74535,37.53306],[-118.80167,37.4513],[-118.74152,37.37465],[-118.62508,37.37971]]]},"properties":{"h3":"85298c83fffffff","sunshine":[8.1,9.1,10.2,11.8,13,13.5,13.6,12.9,11.8,10.5,9,7.7]}},{"type":"Feature","geometry":{"type":"Polygon","coordinates":[[[-116.50921,34.88],[-116.45194,34.96225],[-116.5097,35.04205],[-116.62477,35.03953],[-116.68191,34.95726],[-116.62411,34.87752],[-116.50921,34.88]]]},"properties":{"h3":"8529a227fffffff","sunshine":[8.8,9.9,10.9,12.2,13.2,13.7,13.5,12.7,11.7,10.7,9.7,8.4]}},{"type":"Feature","geometry":{"type":"Polygon","coordinates":[[[-123.33268,40.49735],[-123.27978,40.57848],[-123.34353,40.64914],[-123.46017,40.63862],[-123.5129,40.5575],[-123.44916,40.48688],[-123.33268,40.49735]]]},"properties":{"h3":"852802c7fffffff","sunshine":[5.7,7.5,8.1,10.4,12,13.6,14.1,13,11.4,9.2,7.3,5.1]}},{"type":"Feature","geometry":{"type":"Polygon","coordinates":[[[-117.23642,38.85432],[-117.17772,38.93483],[-117.23803,39.01134],[-117.35709,39.00729],[-117.41566,38.92676],[-117.35531,38.85031],[-117.23642,38.85432]]]},"properties":{"h3":"85298e67fffffff","sunshine":[8.2,9.2,10.3,11.7,12.7,13.6,13.4,12.8,11.6,10.3,8.9,7.5]}},{"type":"Feature","geometry":{"type":"Polygon","coordinates":[[[-117.01061,32.83126],[-116.95485,32.91438],[-117.0118,32.99503],[-117.12455,32.9925],[-117.18018,32.90935],[-117.12319,32.82876],[-117.01061,32.83126]]]},"properties":{"h3":"8529a40bfffffff","sunshine":[8.6,9.4,10.3,10.9,11.1,12.6,13.1,12.2,11,10.2,9.5,8.2]}},{"type":"Feature","geometry":{"type":"Polygon","coordinates":[[[-116.33734,35.28845],[-116.27969,35.37048],[-116.33757,35.45013],[-116.45315,35.44769],[-116.51067,35.36564],[-116.45274,35.28605],[-116.33734,35.28845]]]},"properties":{"h3":"85298487fffffff","sunshine":[8.8,9.8,10.9,12.2,13.2,13.7,13.5,12.7,11.7,10.7,9.6,8.3]}},{"type":"Feature","geometry":{"type":"Polygon","coordinates":[[[-120.89728,41.45304],[-120.84102,41.53302],[-120.90457,41.60469],[-121.02438,41.59633],[-121.08047,41.51635],[-121.01691,41.44473],[-120.89728,41.45304]]]},"properties":{"h3":"8528106ffffffff","sunshine":[6.6,8.1,9,11,12.3,13.6,13.9,13.1,11.5,9.5,7.5,5.7]}},{"type":"Feature","geometry":{"type":"Polygon","coordinates":[[[-115.30018,34.81832],[-115.24179,34.9002],[-115.29889,34.98078],[-115.41442,34.97941],[-115.47268,34.8975],[-115.41554,34.81698],[-115.30018,34.81832]]]},"properties":{"h3":"8529b1b3fffffff","sunshine":[8.8,9.7,11,12.3,13.1,13.7,13.3,12.7,11.6,10.7,9.7,8.2]}},{"type":"Feature","geometry":{"type":"Polygon","coordinates":[[[-123.60324,39.39784],[-123.55124,39.47965],[-123.61436,39.55106],[-123.72948,39.54061],[-123.78131,39.45881],[-123.7182,39.38745],[-123.60324,39.39784]]]},"properties":{"h3":"8528068ffffffff","sunshine":[6.3,8.2,8.7,11,12.5,13.7,13.9,12.8,11.5,9.5,8,6]}},{"type":"Feature","geometry":{"type":"Polygon","coordinates":[[[-123.96758,41.87955],[-123.91467,41.95993],[-123.97952,42.02882],[-124.09726,42.01728],[-124.14997,41.9369],[-124.08514,41.86806],[-123.96758,41.87955]]]},"properties":{"h3":"85281c33fffffff","sunshine":[5.6,6.9,7.9,9.8,11.9,13.4,14.1,13,11.1,8.6,6.8,4.9]}},{"type":"Feature","geometry":{"type":"Polygon","coordinates":[[[-119.73548,34.04209],[-119.68187,34.1255],[-119.74062,34.20368],[-119.853,34.19839],[-119.90648,34.11498],[-119.84771,34.03686],[-119.73548,34.04209]]]},"properties":{"h3":"8529123bfffffff","sunshine":[8.4,9.6,10.6,11.8,13.1,13.3,13.5,12.5,11.6,10.6,9.5,8.4]}},{"type":"Feature","geometry":{"type":"Polygon","coordinates":[[[-123.17387,38.19357],[-123.12198,38.27592],[-123.18424,38.34866],[-123.29838,38.33898],[-123.35011,38.25663],[-123.28785,38.18395],[-123.17387,38.19357]]]},"properties":{"h3":"852831d7fffffff","sunshine":[6.8,8.7,9.4,11.3,12.4,13.1,12.4,11.6,10.9,9.3,8.4,6.3]}},{"type":"Feature","geometry":{"type":"Polygon","coordinates":[[[-121.52506,36.3483],[-121.47223,36.4312],[-121.5329,36.50659],[-121.6464,36.49901],[-121.69907,36.41611],[-121.6384,36.34078],[-121.52506,36.3483]]]},"properties":{"h3":"8529a9b7fffffff","sunshine":[7.8,9.1,9.8,11.6,13.1,13.7,13.8,12.9,11.8,10.3,9.1,7.5]}},{"type":"Feature","geometry":{"type":"Polygon","coordinates":[[[-122.53489,39.02411],[-122.48184,39.10592],[-122.54442,39.17848],[-122.66004,39.16916],[-122.71293,39.08734],[-122.65035,39.01485],[-122.53489,39.02411]]]},"properties":{"h3":"852833bbfffffff","sunshine":[6.7,8.6,9.2,11.3,13,13.9,14,13,11.8,9.7,8.3,6.1]}},{"type":"Feature","geometry":{"type":"Polygon","coordinates":[[[-121.53937,40.02831],[-121.48465,40.10934],[-121.54752,40.1818],[-121.66512,40.17317],[-121.71968,40.09213],[-121.6568,40.01972],[-121.53937,40.02831]]]},"properties":{"h3":"85281437fffffff","sunshine":[6.4,8.1,8.6,11,12.8,13.7,14,13,11.7,9.7,7.7,5.9]}},{"type":"Feature","geometry":{"type":"Polygon","coordinates":[[[-114.44249,34.2543],[-114.38361,34.33611],[-114.43995,34.41752],[-114.55521,34.41706],[-114.61397,34.33522],[-114.55758,34.25386],[-114.44249,34.2543]]]},"properties":{"h3":"8529b57bfffffff","sunshine":[8.9,9.8,10.9,12.4,13,13.6,13.1,12.6,11.6,10.7,9.7,8.3]}},{"type":"Feature","geometry":{"type":"Polygon","coordinates":[[[-119.6496,36.69603],[-119.59457,36.77837],[-119.65474,36.85486],[-119.76995,36.84894],[-119.82484,36.76659],[-119.76465,36.69016],[-119.6496,36.69603]]]},"properties":{"h3":"8529ab9bfffffff","sunshine":[7.7,9.1,9.9,11.7,13.2,13.7,13.9,12.9,11.8,10.5,8.9,7.3]}},{"type":"Feature","geometry":{"type":"Polygon","coordinates":[[[-118.6324,37.6964],[-118.57577,37.77799],[-118.63607,37.85445],[-118.75303,37.84927],[-118.80951,37.76767],[-118.74918,37.69126],[-118.6324,37.6964]]]},"properties":{"h3":"85298c17fffffff","sunshine":[8.5,9.6,10.9,12.1,13.2,13.6,13.7,13,11.8,10.6,9.3,8.2]}},{"type":"Feature","geometry":{"type":"Polygon","coordinates":[[[-118.72568,34.24671],[-118.67092,34.32982],[-118.72937,34.40856],[-118.84261,34.40414],[-118.89722,34.32102],[-118.83875,34.24234],[-118.72568,34.24671]]]},"properties":{"h3":"8529a1bbfffffff","sunshine":[8.3,9.4,10.3,11.5,12.5,13.1,13.7,12.6,11.5,10.5,9.5,8.1]}},{"type":"Feature","geometry":{"type":"Polygon","coordinates":[[[-114.97153,33.18761],[-114.91369,33.27],[-114.96979,33.35169],[-115.08377,33.35093],[-115.1415,33.2685],[-115.08536,33.18687],[-114.97153,33.18761]]]},"properties":{"h3":"85485b2bfffffff","sunshine":[9.1,9.9,11,12.4,13,13.6,13.2,12.6,11.6,10.8,9.8,8.5]}},{"type":"Feature","geometry":{"type":"Polygon","coordinates":[[[-122.82224,40.77104],[-122.76858,40.85191],[-122.83236,40.92273],[-122.94978,40.91263],[-123.00325,40.83176],[-122.93949,40.76099],[-122.82224,40.77104]]]},"properties":{"h3":"8528025bfffffff","sunshine":[6,8,8.5,10.9,12.5,13.9,14.1,13.1,11.6,9.4,7.5,5.4]}},{"type":"Feature","geometry":{"type":"Polygon","coordinates":[[[-115.81653,35.54059],[-115.75825,35.62233],[-115.816,35.70214],[-115.93207,35.70015],[-115.99023,35.61838],[-115.93244,35.53863],[-115.81653,35.54059]]]},"properties":{"h3":"8529841bfffffff","sunshine":[8.7,9.7,10.8,12.2,13.1,13.7,13.3,12.7,11.7,10.7,9.6,8.2]}},{"type":"Feature","geometry":{"type":"Polygon","coordinates":[[[-121.05042,40.90808],[-120.99465,40.98845],[-121.0579,41.06051],[-121.17693,41.05213],[-121.23253,40.97175],[-121.16927,40.89975],[-121.05042,40.90808]]]},"properties":{"h3":"85281003fffffff","sunshine":[7,8.5,9.2,11.2,12.4,13.7,13.9,13.1,11.6,9.7,7.8,6.1]}},{"type":"Feature","geometry":{"type":"Polygon","coordinates":[[[-123.81556,39.91718],[-123.76353,39.99874],[-123.82704,40.06953],[-123.94257,40.05872],[-123.99442,39.97717],[-123.93092,39.90643],[-123.81556,39.91718]]]},"properties":{"h3":"85280623fffffff","sunshine":[6.1,7.8,8.4,10.7,12.2,13.6,13.9,12.8,11.4,9.3,7.6,5.6]}},{"type":"Feature","geometry":{"type":"Polygon","coordinates":[[[-123.05874,39.05867],[-123.00628,39.14056],[-123.06903,39.21268],[-123.18425,39.20285],[-123.23655,39.12096],[-123.1738,39.0489],[-123.05874,39.05867]]]},"properties":{"h3":"8528316bfffffff","sunshine":[6.2,8.1,8.6,10.9,12.4,13.8,13.9,12.9,11.6,9.5,7.9,5.9]}},{"type":"Feature","geometry":{"type":"Polygon","coordinates":[[[-121.68627,39.47662],[-121.632,39.55801],[-121.69458,39.63084],[-121.81142,39.62221],[-121.86552,39.54082],[-121.80294,39.46805],[-121.68627,39.47662]]]},"properties":{"h3":"8528334ffffffff","sunshine":[6.6,8.4,9,11.2,13,13.8,13.9,13,11.7,9.8,8,6.1]}},{"type":"Feature","geometry":{"type":"Polygon","coordinates":[[[-120.16961,36.74811],[-120.11511,36.83056],[-120.17551,36.90664],[-120.29043,36.90022],[-120.34478,36.81776],[-120.28436,36.74174],[-120.16961,36.74811]]]},"properties":{"h3":"8529a94bfffffff","sunshine":[7.4,9.2,10,11.7,13.2,13.8,13.9,13,11.7,10.5,8.8,6.9]}},{"type":"Feature","geometry":{"type":"Polygon","coordinates":[[[-120.55129,41.78057],[-120.49445,41.86024],[-120.55807,41.93187],[-120.67855,41.92378],[-120.73522,41.84411],[-120.67159,41.77254],[-120.55129,41.78057]]]},"properties":{"h3":"852813cbfffffff","sunshine":[6.5,7.9,9,11,12.4,13.5,13.8,13.1,11.4,9.4,7.2,5.5]}},{"type":"Feature","geometry":{"type":"Polygon","coordinates":[[[-114.78967,34.08937],[-114.7312,34.17138],[-114.78764,34.25268],[-114.90261,34.25192],[-114.96097,34.16989],[-114.90447,34.08865],[-114.78967,34.08937]]]},"properties":{"h3":"8529b50ffffffff","sunshine":[9,9.8,11,12.4,13,13.6,13.2,12.7,11.6,10.7,9.7,8.4]}},{"type":"Feature","geometry":{"type":"Polygon","coordinates":[[[-120.02859,37.62736],[-119.97348,37.70935],[-120.03433,37.78488],[-120.15031,37.77836],[-120.20527,37.69636],[-120.1444,37.62089],[-120.02859,37.62736]]]},"properties":{"h3":"8529ab2ffffffff","sunshine":[7.4,8.6,9.4,11.3,12.9,13.6,13.8,13.1,11.6,10.3,8.6,7.1]}},{"type":"Feature","geometry":{"type":"Polygon","coordinates":[[[-124.53092,40.15484],[-124.47962,40.23636],[-124.54347,40.30638],[-124.6586,40.29481],[-124.70972,40.21329],[-124.64589,40.14333],[-124.53092,40.15484]]]},"properties":{"h3":"8528000bfffffff","sunshine":[6,7.8,8.6,10.5,11.8,13,12.8,11.9,10.8,8.9,7.4,5.6]}},{"type":"Feature","geometry":{"type":"Polygon","coordinates":[[[-122.79207,40.31458],[-122.73862,40.39571],[-122.80209,40.46696],[-122.919,40.45702],[-122.97226,40.37589],[-122.9088,40.30469],[-122.79207,40.31458]]]},"properties":{"h3":"852815affffffff","sunshine":[6.2,8.2,8.7,11.1,12.7,14,14.1,13,11.6,9.5,7.8,5.7]}},{"type":"Feature","geometry":{"type":"Polygon","coordinates":[[[-117.88162,34.68142],[-117.82579,34.76416],[-117.8841,34.84319],[-117.99827,34.83944],[-118.05396,34.75669],[-117.99562,34.67771],[-117.88162,34.68142]]]},"properties":{"h3":"8529a14ffffffff","sunshine":[8.7,9.7,10.9,12.1,13.4,13.8,13.8,12.8,11.8,10.8,9.7,8.3]}},{"type":"Feature","geometry":{"type":"Polygon","coordinates":[[[-116.69169,37.04836],[-116.63344,37.12968],[-116.69245,37.20791],[-116.80976,37.20478],[-116.86787,37.12344],[-116.80881,37.04526],[-116.69169,37.04836]]]},"properties":{"h3":"852981cbfffffff","sunshine":[8.7,9.6,10.7,12.1,13.2,13.8,13.6,12.9,11.7,10.6,9.3,8.2]}},{"type":"Feature","geometry":{"type":"Polygon","coordinates":[[[-120.79565,35.27605],[-120.74255,35.35923],[-120.80237,35.43589],[-120.91528,35.42929],[-120.96823,35.3461],[-120.9084,35.26951],[-120.79565,35.27605]]]},"properties":{"h3":"8529ad13fffffff","sunshine":[8.1,9.4,10.1,11.6,13,13.2,13.2,12.4,11.6,10.4,9.2,7.9]}},{"type":"Feature","geometry":{"type":"Polygon","coordinates":[[[-119.86845,38.03046],[-119.81296,38.1122],[-119.87398,38.18754],[-119.99052,38.18107],[-120.04586,38.09931],[-119.98482,38.02403],[-119.86845,38.03046]]]},"properties":{"h3":"85298d8ffffffff","sunshine":[7.3,8.3,9,11.1,12.6,13.5,13.8,13.1,11.6,10.2,8.4,6.9]}},{"type":"Feature","geometry":{"type":"Polygon","coordinates":[[[-117.54521,35.1771],[-117.4888,35.25954],[-117.54721,35.33849],[-117.66208,35.33494],[-117.71835,35.25247],[-117.6599,35.17359],[-117.54521,35.1771]]]},"properties":{"h3":"8529a333fffffff","sunshine":[8.6,9.7,10.9,12.1,13.4,13.8,13.7,12.8,11.8,10.7,9.7,8.4]}},{"type":"Feature","geometry":{"type":"Polygon","coordinates":[[[-116.51868,37.92814],[-116.45977,38.00893],[-116.51919,38.08663],[-116.63756,38.08348],[-116.69632,38.00267],[-116.63686,37.92503],[-116.51868,37.92814]]]},"properties":{"h3":"852983affffffff","sunshine":[8.5,9.4,10.5,12.1,12.9,13.8,13.5,12.8,11.7,10.6,9.2,8]}},{"type":"Feature","geometry":{"type":"Polygon","coordinates":[[[-124.40146,40.7016],[-124.34972,40.78279],[-124.41389,40.85242],[-124.52979,40.84081],[-124.58135,40.75962],[-124.51719,40.69004],[-124.40146,40.7016]]]},"properties":{"h3":"852803d3fffffff","sunshine":[6.1,7.5,8.5,10.3,11.4,12.5,12.2,11.5,10.7,8.9,7.3,5.5]}},{"type":"Feature","geometry":{"type":"Polygon","coordinates":[[[-117.37744,35.58547],[-117.32065,35.66769],[-117.37921,35.74648],[-117.49459,35.74299],[-117.55124,35.66075],[-117.49265,35.58202],[-117.37744,35.58547]]]},"properties":{"h3":"85298593fffffff","sunshine":[8.7,9.8,11,12.2,13.4,13.8,13.7,12.9,11.8,10.7,9.6,8.4]}},{"type":"Feature","geometry":{"type":"Polygon","coordinates":[[[-121.98811,41.6762],[-121.93298,41.75631],[-121.99707,41.82694],[-122.1163,41.81743],[-122.17125,41.73732],[-122.10716,41.66673],[-121.98811,41.6762]]]},"properties":{"h3":"8528117bfffffff","sunshine":[6.7,8.2,9.1,11.1,12.4,13.7,14,13,11.5,9.4,7.5,5.6]}},{"type":"Feature","geometry":{"type":"Polygon","coordinates":[[[-120.42596,34.4926],[-120.37285,34.57599],[-120.4321,34.65341],[-120.54448,34.64738],[-120.59744,34.56398],[-120.53818,34.48662],[-120.42596,34.4926]]]},"properties":{"h3":"85291347fffffff","sunshine":[8.2,9.5,10.3,11.6,12.6,13,13.1,12.3,11.4,10.4,9.3,8.2]}},{"type":"Feature","geometry":{"type":"Polygon","coordinates":[[[-121.88982,36.79924],[-121.83717,36.88202],[-121.89822,36.9568],[-122.01191,36.94876],[-122.0644,36.86598],[-122.00335,36.79125],[-121.88982,36.79924]]]},"properties":{"h3":"852834c7fffffff","sunshine":[7.5,9,9.5,11,12.1,12.6,12.5,11.8,11.2,9.9,8.8,7.3]}},{"type":"Feature","geometry":{"type":"Polygon","coordinates":[[[-118.0817,36.36527],[-118.02521,36.44735],[-118.08452,36.52515],[-118.20034,36.52081],[-118.25669,36.43872],[-118.19735,36.36097],[-118.0817,36.36527]]]},"properties":{"h3":"8529aac3fffffff","sunshine":[8.4,9.5,10.7,12.2,13.4,13.8,13.6,13,11.9,10.7,9.4,8.2]}},{"type":"Feature","geometry":{"type":"Polygon","coordinates":[[[-121.73653,40.39852],[-121.68183,40.47938],[-121.745,40.55137],[-121.86288,40.54245],[-121.91742,40.46158],[-121.85424,40.38965],[-121.73653,40.39852]]]},"properties":{"h3":"85281543fffffff","sunshine":[6.3,7.9,8.5,10.9,12.5,13.8,14,13.1,11.6,9.6,7.6,5.7]}},{"type":"Feature","geometry":{"type":"Polygon","coordinates":[[[-120.27227,34.90331],[-120.2188,34.98653],[-120.27822,35.0638],[-120.39112,35.05779],[-120.44444,34.97456],[-120.38501,34.89735],[-120.27227,34.90331]]]},"properties":{"h3":"8529aca7fffffff","sunshine":[8.2,9.3,10.1,11.6,12.9,13.4,13.5,12.6,11.5,10.5,9.2,8.1]}},{"type":"Feature","geometry":{"type":"Polygon","coordinates":[[[-121.24388,37.63252],[-121.19009,37.71478],[-121.2514,37.78942],[-121.3665,37.78174],[-121.42013,37.69947],[-121.35882,37.62488],[-121.24388,37.63252]]]},"properties":{"h3":"852836abfffffff","sunshine":[7.3,8.9,9.7,11.5,13.2,13.7,13.8,13,11.7,10.2,8.6,6.8]}},{"type":"Feature","geometry":{"type":"Polygon","coordinates":[[[-120.06329,38.56941],[-120.00771,38.65092],[-120.06913,38.72569],[-120.18614,38.71889],[-120.24156,38.63738],[-120.18013,38.56266],[-120.06329,38.56941]]]},"properties":{"h3":"85298d23fffffff","sunshine":[7.1,8.2,8.9,11.2,12.5,13.5,13.7,13.1,11.5,10.1,8.2,6.8]}},{"type":"Feature","geometry":{"type":"Polygon","coordinates":[[[-115.82075,34.24204],[-115.76316,34.32433],[-115.82023,34.40493],[-115.93495,34.40319],[-115.99243,34.32088],[-115.93531,34.24033],[-115.82075,34.24204]]]},"properties":{"h3":"8529a2c7fffffff","sunshine":[9,9.9,11.1,12.3,13.2,13.7,13.4,12.7,11.6,10.8,9.8,8.3]}},{"type":"Feature","geometry":{"type":"Polygon","coordinates":[[[-118.40542,35.22871],[-118.34985,35.31137],[-118.40868,35.38972],[-118.52312,35.38534],[-118.57855,35.30267],[-118.51969,35.22438],[-118.40542,35.22871]]]},"properties":{"h3":"8529ae8bfffffff","sunshine":[8.3,9.4,10.5,11.9,13.2,13.8,13.8,12.9,11.8,10.7,9.4,8]}},{"type":"Feature","geometry":{"type":"Polygon","coordinates":[[[-117.73662,36.5375],[-117.67969,36.6194],[-117.73893,36.69731],[-117.85514,36.69326],[-117.91193,36.61135],[-117.85265,36.53349],[-117.73662,36.5375]]]},"properties":{"h3":"85298527fffffff","sunshine":[8.8,9.8,11,12.3,13.4,13.8,13.7,13,11.8,10.7,9.6,8.5]}},{"type":"Feature","geometry":{"type":"Polygon","coordinates":[[[-122.27479,37.56002],[-122.22219,37.64252],[-122.2838,37.71644],[-122.39801,37.70781],[-122.45045,37.6253],[-122.38884,37.55144],[-122.27479,37.56002]]]},"properties":{"h3":"85283093fffffff","sunshine":[7.3,8.8,9.5,11.3,12.7,13.3,13.3,12.5,11.5,9.8,8.6,6.8]}},{"type":"Feature","geometry":{"type":"Polygon","coordinates":[[[-116.1644,33.09281],[-116.10771,33.17562],[-116.16438,33.25665],[-116.27779,33.25482],[-116.33436,33.17199],[-116.27764,33.09102],[-116.1644,33.09281]]]},"properties":{"h3":"8529a68ffffffff","sunshine":[9.1,9.8,11.1,12.2,13.2,13.7,13.4,12.6,11.5,10.8,9.8,8.4]}},{"type":"Feature","geometry":{"type":"Polygon","coordinates":[[[-122.33546,41.49661],[-122.28084,41.57691],[-122.34493,41.64745],[-122.46365,41.63763],[-122.5181,41.55733],[-122.45401,41.48685],[-122.33546,41.49661]]]},"properties":{"h3":"8528110ffffffff","sunshine":[6.7,8.1,9.1,11.2,12.5,13.8,14.1,13.1,11.6,9.4,7.7,5.6]}},{"type":"Feature","geometry":{"type":"Polygon","coordinates":[[[-123.21638,41.34525],[-123.16287,41.42584],[-123.22715,41.49583],[-123.34491,41.48518],[-123.39824,41.40459],[-123.33398,41.33466],[-123.21638,41.34525]]]},"properties":{"h3":"85281cd3fffffff","sunshine":[5.7,7.3,8.2,10.3,12.1,13.7,14.2,13.1,11.5,9.2,7.1,5.2]}},{"type":"Feature","geometry":{"type":"Polygon","coordinates":[[[-120.96244,39.06086],[-120.90758,39.14232],[-120.96965,39.21603],[-121.08657,39.20823],[-121.14126,39.12676],[-121.07919,39.05311],[-120.96244,39.06086]]]},"properties":{"h3":"85283277fffffff","sunshine":[6.8,8,8.8,11,12.8,13.6,13.9,13.1,11.6,9.8,8,6.3]}},{"type":"Feature","geometry":{"type":"Polygon","coordinates":[[[-119.46473,36.30656],[-119.4097,36.38903],[-119.46958,36.46592],[-119.5845,36.46029],[-119.63937,36.3778],[-119.57948,36.30097],[-119.46473,36.30656]]]},"properties":{"h3":"8529a873fffffff","sunshine":[7.6,9.3,10.2,11.7,13.3,13.8,13.9,12.9,11.8,10.6,9,7.3]}},{"type":"Feature","geometry":{"type":"Polygon","coordinates":[[[-121.38922,37.07057],[-121.33588,37.15313],[-121.39691,37.22809],[-121.51129,37.22043],[-121.56447,37.13786],[-121.50344,37.06296],[-121.38922,37.07057]]]},"properties":{"h3":"8528345bfffffff","sunshine":[7.6,8.9,9.6,11.4,12.9,13.6,13.7,12.9,11.7,10.3,8.8,7.3]}},{"type":"Feature","geometry":{"type":"Polygon","coordinates":[[[-118.08734,36.68484],[-118.03069,36.76677],[-118.09018,36.84434],[-118.20635,36.83993],[-118.26286,36.75798],[-118.20334,36.68047],[-118.08734,36.68484]]]},"properties":{"h3":"8529aa57fffffff","sunshine":[8.7,9.7,10.9,12.3,13.4,13.8,13.7,13,11.9,10.7,9.6,8.4]}},{"type":"Feature","geometry":{"type":"Polygon","coordinates":[[[-120.80455,39.45998],[-120.74931,39.54118],[-120.81155,39.61468],[-120.92905,39.60692],[-120.98413,39.52572],[-120.92188,39.45228],[-120.80455,39.45998]]]},"properties":{"h3":"852814d7fffffff","sunshine":[6.5,7.8,8.3,10.8,12.4,13.5,13.9,13.1,11.5,9.7,7.8,6.1]}},{"type":"Feature","geometry":{"type":"Polygon","coordinates":[[[-117.19183,34.21454],[-117.13556,34.29726],[-117.19331,34.37702],[-117.30736,34.37401],[-117.3635,34.29128],[-117.30572,34.21157],[-117.19183,34.21454]]]},"properties":{"h3":"8529a077fffffff","sunshine":[8.5,9.4,10.4,11.9,13.1,13.8,13.7,12.8,11.7,10.7,9.6,8.1]}},{"type":"Feature","geometry":{"type":"Polygon","coordinates":[[[-119.77174,35.16987],[-119.71761,35.25289],[-119.77698,35.33033],[-119.8905,35.32471],[-119.94448,35.24169],[-119.8851,35.1643],[-119.77174,35.16987]]]},"properties":{"h3":"8529ac3bfffffff","sunshine":[8.1,9.4,10.3,11.9,13.4,13.8,13.8,13,11.8,10.7,9.2,8]}},{"type":"Feature","geometry":{"type":"Polygon","coordinates":[[[-120.12856,40.27641],[-120.07211,40.35694],[-120.1346,40.43023],[-120.25355,40.42295],[-120.30983,40.34241],[-120.24733,40.26916],[-120.12856,40.27641]]]},"properties":{"h3":"852816bbfffffff","sunshine":[7.3,8.8,9.6,11.6,12.7,13.6,13.8,13,11.5,9.9,8.2,6.4]}},{"type":"Feature","geometry":{"type":"Polygon","coordinates":[[[-119.15511,37.59339],[-119.09908,37.67517],[-119.15955,37.75134],[-119.27608,37.74568],[-119.33195,37.66388],[-119.27146,37.58776],[-119.15511,37.59339]]]},"properties":{"h3":"85298cb7fffffff","sunshine":[7.7,8.7,9.6,11.6,13,13.5,13.6,13,11.6,10.4,8.7,7.4]}},{"type":"Feature","geometry":{"type":"Polygon","coordinates":[[[-115.30275,34.49291],[-115.24454,34.57493],[-115.30146,34.6557],[-115.41665,34.65439],[-115.47475,34.57235],[-115.41777,34.49164],[-115.30275,34.49291]]]},"properties":{"h3":"8529a25bfffffff","sunshine":[9,9.8,11,12.3,13.1,13.7,13.3,12.7,11.6,10.7,9.7,8.2]}},{"type":"Feature","geometry":{"type":"Polygon","coordinates":[[[-117.22688,37.90773],[-117.16869,37.98877],[-117.22846,38.06602],[-117.34645,38.06218],[-117.40449,37.98112],[-117.34469,37.90392],[-117.22688,37.90773]]]},"properties":{"h3":"85298e9bfffffff","sunshine":[8.7,9.6,10.7,12.2,13,13.7,13.6,12.9,11.8,10.5,9.3,8.2]}},{"type":"Feature","geometry":{"type":"Polygon","coordinates":[[[-116.33757,35.45013],[-116.27983,35.53209],[-116.3378,35.61163],[-116.45355,35.60916],[-116.51116,35.52718],[-116.45315,35.44769],[-116.33757,35.45013]]]},"properties":{"h3":"852984bbfffffff","sunshine":[8.7,9.8,10.9,12.2,13.2,13.7,13.5,12.7,11.7,10.8,9.6,8.2]}},{"type":"Feature","geometry":{"type":"Polygon","coordinates":[[[-121.69907,36.41611],[-121.6464,36.49901],[-121.70716,36.57422],[-121.82059,36.56646],[-121.8731,36.48355],[-121.81234,36.4084],[-121.69907,36.41611]]]},"properties":{"h3":"85291a6bfffffff","sunshine":[7.8,9.1,9.7,11.3,12.6,13.3,13.3,12.5,11.5,10.1,9.1,7.4]}},{"type":"Feature","geometry":{"type":"Polygon","coordinates":[[[-122.67406,38.46848],[-122.62145,38.55062],[-122.68373,38.62352],[-122.79862,38.61423],[-122.85105,38.5321],[-122.78878,38.45925],[-122.67406,38.46848]]]},"properties":{"h3":"85283027fffffff","sunshine":[6.7,8.5,9.1,11.2,12.6,13.4,13.5,12.5,11.4,9.5,8.2,6.1]}},{"type":"Feature","geometry":{"type":"Polygon","coordinates":[[[-116.33503,33.66269],[-116.27822,33.74535],[-116.33526,33.82597],[-116.44916,33.82387],[-116.50586,33.74118],[-116.44877,33.66062],[-116.33503,33.66269]]]},"properties":{"h3":"8529a623fffffff","sunshine":[8.8,9.9,11.1,12.2,13.3,13.7,13.5,12.7,11.6,10.8,9.8,8.3]}},{"type":"Feature","geometry":{"type":"Polygon","coordinates":[[[-121.58033,40.79349],[-121.52523,40.87407],[-121.5886,40.94582],[-121.70708,40.93695],[-121.76201,40.85637],[-121.69864,40.78466],[-121.58033,40.79349]]]},"properties":{"h3":"852810a3fffffff","sunshine":[6.5,8.2,8.9,11.1,12.7,13.8,14,13.1,11.6,9.6,7.8,5.8]}},{"type":"Feature","geometry":{"type":"Polygon","coordinates":[[[-123.07936,39.36648],[-123.02675,39.44821],[-123.08971,39.52005],[-123.20526,39.51011],[-123.25769,39.42838],[-123.19474,39.35659],[-123.07936,39.36648]]]},"properties":{"h3":"852806c3fffffff","sunshine":[6.2,8.1,8.5,10.9,12.6,13.9,14.1,13,11.7,9.5,7.9,5.8]}},{"type":"Feature","geometry":{"type":"Polygon","coordinates":[[[-119.40765,34.3805],[-119.35353,34.46372],[-119.41233,34.54192],[-119.52528,34.53684],[-119.57926,34.45361],[-119.52044,34.37547],[-119.40765,34.3805]]]},"properties":{"h3":"8529126ffffffff","sunshine":[8.3,9.5,10.4,11.9,13.2,13.6,13.8,12.8,11.8,10.6,9.5,8.2]}},{"type":"Feature","geometry":{"type":"Polygon","coordinates":[[[-120.77674,38.83901],[-120.72181,38.92055],[-120.78366,38.99458],[-120.90047,38.98702],[-120.95525,38.90547],[-120.89338,38.8315],[-120.77674,38.83901]]]},"properties":{"h3":"8528320bfffffff","sunshine":[6.8,8.1,8.7,11,12.7,13.5,13.8,13.1,11.5,9.8,8,6.4]}},{"type":"Feature","geometry":{"type":"Polygon","coordinates":[[[-119.80341,36.13005],[-119.74883,36.21268],[-119.80874,36.28946],[-119.92325,36.28355],[-119.97768,36.20091],[-119.91775,36.12419],[-119.80341,36.13005]]]},"properties":{"h3":"8529a807fffffff","sunshine":[7.7,9.4,10.3,11.7,13.3,13.8,13.9,12.9,11.8,10.6,9.1,7.4]}},{"type":"Feature","geometry":{"type":"Polygon","coordinates":[[[-120.16509,41.19583],[-120.10816,41.27578],[-120.17124,41.34823],[-120.29128,41.34068],[-120.34805,41.26072],[-120.28494,41.18832],[-120.16509,41.19583]]]},"properties":{"h3":"85281287fffffff","sunshine":[6.9,8.2,9.2,11.2,12.4,13.5,13.8,13,11.5,9.6,7.6,5.8]}},{"type":"Feature","geometry":{"type":"Polygon","coordinates":[[[-118.65089,38.48456],[-118.59385,38.56573],[-118.65462,38.64157],[-118.77245,38.63619],[-118.82934,38.55501],[-118.76855,38.47922],[-118.65089,38.48456]]]},"properties":{"h3":"85298883fffffff","sunshine":[8.4,9.5,10.6,12,12.9,13.5,13.6,13,11.7,10.5,9.1,7.9]}},{"type":"Feature","geometry":{"type":"Polygon","coordinates":[[[-120.66572,40.31973],[-120.60984,40.40038],[-120.67257,40.47324],[-120.79119,40.4654],[-120.84689,40.38475],[-120.78415,40.31194],[-120.66572,40.31973]]]},"properties":{"h3":"8528146bfffffff","sunshine":[6.9,8.5,9.2,11.3,12.7,13.7,13.9,13.1,11.6,9.8,7.9,6]}},{"type":"Feature","geometry":{"type":"Polygon","coordinates":[[[-117.01906,33.97472],[-116.96274,34.05747],[-117.02028,34.13748],[-117.13417,34.13468],[-117.19036,34.05191],[-117.13279,33.97196],[-117.01906,33.97472]]]},"properties":{"h3":"8529a00bfffffff","sunshine":[8.3,9.2,10.2,11.5,12.5,13.6,13.6,12.7,11.5,10.5,9.5,8]}},{"type":"Feature","geometry":{"type":"Polygon","coordinates":[[[-115.30657,34.00361],[-115.24862,34.08582],[-115.3053,34.16687],[-115.41999,34.16565],[-115.47782,34.08341],[-115.42109,34.00242],[-115.30657,34.00361]]]},"properties":{"h3":"8529b5affffffff","sunshine":[9,9.9,11.1,12.4,13.1,13.6,13.2,12.6,11.5,10.7,9.7,8.3]}},{"type":"Feature","geometry":{"type":"Polygon","coordinates":[[[-116.33899,36.41647],[-116.28074,36.49798],[-116.33923,36.57688],[-116.45601,36.57422],[-116.51413,36.49268],[-116.4556,36.41383],[-116.33899,36.41647]]]},"properties":{"h3":"85298087fffffff","sunshine":[8.7,9.6,10.7,12.1,13.2,13.8,13.6,12.8,11.7,10.6,9.4,8.2]}},{"type":"Feature","geometry":{"type":"Polygon","coordinates":[[[-115.65682,32.52465],[-115.59994,32.60748],[-115.65607,32.6891],[-115.76913,32.68784],[-115.82589,32.60499],[-115.76972,32.52342],[-115.65682,32.52465]]]},"properties":{"h3":"8548597bfffffff","sunshine":[9.2,10,11.1,12.3,13.1,13.6,13.3,12.6,11.5,10.8,9.8,8.6]}},{"type":"Feature","geometry":{"type":"Polygon","coordinates":[[[-119.31324,37.03073],[-119.25768,37.11283],[-119.3179,37.18931],[-119.4337,37.18363],[-119.48911,37.10152],[-119.42887,37.02509],[-119.31324,37.03073]]]},"properties":{"h3":"8529abcffffffff","sunshine":[7.8,8.8,9.7,11.5,13.1,13.6,13.8,13,11.7,10.5,8.9,7.5]}},{"type":"Feature","geometry":{"type":"Polygon","coordinates":[[[-117.75769,37.96877],[-117.70001,38.04995],[-117.76007,38.1268],[-117.87784,38.12242],[-117.93538,38.04122],[-117.87529,37.96443],[-117.75769,37.96877]]]},"properties":{"h3":"85298c4bfffffff","sunshine":[8.8,9.7,10.8,12.1,13,13.7,13.6,12.9,11.8,10.6,9.4,8.3]}},{"type":"Feature","geometry":{"type":"Polygon","coordinates":[[[-123.68176,40.46563],[-123.62929,40.54684],[-123.69312,40.61726],[-123.80941,40.60641],[-123.8617,40.5252],[-123.79789,40.45483],[-123.68176,40.46563]]]},"properties":{"h3":"8528028ffffffff","sunshine":[5.7,7.3,8,10.2,12,13.6,14.1,13,11.4,9.3,7.3,5.3]}},{"type":"Feature","geometry":{"type":"Polygon","coordinates":[[[-117.59287,38.84192],[-117.53453,38.92255],[-117.59501,38.99883],[-117.71387,38.99443],[-117.77206,38.91378],[-117.71154,38.83755],[-117.59287,38.84192]]]},"properties":{"h3":"85298e2ffffffff","sunshine":[8.2,9.2,10.3,11.6,12.6,13.6,13.5,12.8,11.6,10.3,8.8,7.6]}},{"type":"Feature","geometry":{"type":"Polygon","coordinates":[[[-116.85178,34.54785],[-116.79501,34.63034],[-116.85276,34.71012],[-116.96732,34.70736],[-117.02397,34.62485],[-116.96617,34.54512],[-116.85178,34.54785]]]},"properties":{"h3":"8529a3d3fffffff","sunshine":[8.8,9.9,11,12.1,13.3,13.8,13.6,12.7,11.7,10.7,9.7,8.5]}},{"type":"Feature","geometry":{"type":"Polygon","coordinates":[[[-115.46641,35.86892],[-115.40763,35.95039],[-115.46536,36.03021],[-115.58193,36.02849],[-115.6406,35.94699],[-115.58281,35.86723],[-115.46641,35.86892]]]},"properties":{"h3":"8529844ffffffff","sunshine":[8.6,9.7,10.7,12.3,13.1,13.8,13.3,12.6,11.7,10.7,9.5,8.1]}},{"type":"Feature","geometry":{"type":"Polygon","coordinates":[[[-121.59689,41.09792],[-121.54163,41.17831],[-121.60521,41.24978],[-121.72404,41.24081],[-121.77913,41.16041],[-121.71555,41.089],[-121.59689,41.09792]]]},"properties":{"h3":"85281037fffffff","sunshine":[6.2,8,8.7,11,12.6,13.8,14,13.1,11.6,9.6,7.4,5.5]}},{"type":"Feature","geometry":{"type":"Polygon","coordinates":[[[-123.10009,39.67341],[-123.04735,39.75497],[-123.1105,39.82654],[-123.22639,39.81649],[-123.27896,39.73493],[-123.21581,39.66341],[-123.10009,39.67341]]]},"properties":{"h3":"85280657fffffff","sunshine":[6.3,8.1,8.6,10.9,12.5,13.9,14.1,13,11.6,9.5,7.8,5.9]}},{"type":"Feature","geometry":{"type":"Polygon","coordinates":[[[-118.65836,38.79836],[-118.60116,38.87935],[-118.66211,38.95493],[-118.7803,38.94947],[-118.83736,38.86847],[-118.77637,38.79294],[-118.65836,38.79836]]]},"properties":{"h3":"85298817fffffff","sunshine":[8.3,9.4,10.5,11.9,12.7,13.4,13.6,13,11.7,10.4,9,7.8]}},{"type":"Feature","geometry":{"type":"Polygon","coordinates":[[[-122.34765,38.80572],[-122.29449,38.88762],[-122.35688,38.96049],[-122.47241,38.95142],[-122.5254,38.86952],[-122.46302,38.7967],[-122.34765,38.80572]]]},"properties":{"h3":"85283383fffffff","sunshine":[6.8,8.6,9.1,11.4,13,13.9,13.9,13,11.8,9.8,8.3,6.2]}},{"type":"Feature","geometry":{"type":"Polygon","coordinates":[[[-114.27395,34.00957],[-114.21505,34.09141],[-114.27117,34.17306],[-114.38623,34.1728],[-114.44502,34.09092],[-114.38885,34.00933],[-114.27395,34.00957]]]},"properties":{"h3":"8529b543fffffff","sunshine":[8.9,9.8,10.9,12.5,12.9,13.5,13,12.6,11.6,10.7,9.6,8.3]}},{"type":"Feature","geometry":{"type":"Polygon","coordinates":[[[-115.81276,36.66768],[-115.75386,36.74889],[-115.81221,36.82795],[-115.9295,36.82575],[-115.98827,36.74452],[-115.92987,36.66551],[-115.81276,36.66768]]]},"properties":{"h3":"8529801bfffffff","sunshine":[8.7,9.7,10.7,12.1,13.1,13.8,13.5,12.8,11.7,10.6,9.4,8.1]}},{"type":"Feature","geometry":{"type":"Polygon","coordinates":[[[-123.32894,37.94622],[-123.27735,38.02871],[-123.33951,38.10153],[-123.45324,38.09179],[-123.50466,38.00929],[-123.44251,37.93654],[-123.32894,37.94622]]]},"properties":{"h3":"85283567fffffff","sunshine":[7,8.7,9.5,11.3,12.4,13.2,12.6,11.6,11.1,9.4,8.5,6.6]}},{"type":"Feature","geometry":{"type":"Polygon","coordinates":[[[-119.50391,37.57619],[-119.44826,37.65807],[-119.50887,37.73401],[-119.62515,37.72801],[-119.68065,37.64612],[-119.62002,37.57023],[-119.50391,37.57619]]]},"properties":{"h3":"8529ab63fffffff","sunshine":[7.7,8.7,9.5,11.5,12.8,13.5,13.8,13.1,11.7,10.4,8.7,7.4]}},{"type":"Feature","geometry":{"type":"Polygon","coordinates":[[[-118.55079,34.00993],[-118.49597,34.09308],[-118.55422,34.17208],[-118.66732,34.16787],[-118.722,34.08471],[-118.66372,34.00577],[-118.55079,34.00993]]]},"properties":{"h3":"8529a183fffffff","sunshine":[8.4,9.4,10.4,11.6,12.3,12.8,13.4,12.5,11.3,10.4,9.5,8.2]}},{"type":"Feature","geometry":{"type":"Polygon","coordinates":[[[-120.46934,35.61488],[-120.41573,35.69787],[-120.47561,35.77453],[-120.58911,35.76814],[-120.64257,35.68514],[-120.58268,35.60854],[-120.46934,35.61488]]]},"properties":{"h3":"8529ad47fffffff","sunshine":[8.1,9.4,10.2,11.8,13.3,13.7,13.8,12.9,11.8,10.6,9.2,7.8]}},{"type":"Feature","geometry":{"type":"Polygon","coordinates":[[[-123.89668,40.97879],[-123.84418,41.05973],[-123.9084,41.12951],[-124.02511,41.1183],[-124.07742,41.03737],[-124.01321,40.96764],[-123.89668,40.97879]]]},"properties":{"h3":"85280223fffffff","sunshine":[5.8,7.2,8.1,10.2,11.7,13.3,13.7,12.8,11.2,9.1,7.2,5.3]}},{"type":"Feature","geometry":{"type":"Polygon","coordinates":[[[-119.34139,37.97926],[-119.28536,38.0609],[-119.34613,38.13664],[-119.46296,38.1307],[-119.51885,38.04906],[-119.45805,37.97336],[-119.34139,37.97926]]]},"properties":{"h3":"85298dc3fffffff","sunshine":[7.7,8.6,9.6,11.4,12.9,13.5,13.7,13,11.7,10.3,8.6,7.3]}},{"type":"Feature","geometry":{"type":"Polygon","coordinates":[[[-117.20375,35.50984],[-117.14683,35.59204],[-117.20526,35.671],[-117.32065,35.66769],[-117.37744,35.58547],[-117.31897,35.50657],[-117.20375,35.50984]]]},"properties":{"h3":"8529a367fffffff","sunshine":[8.7,9.8,11,12.2,13.3,13.8,13.7,12.8,11.8,10.7,9.6,8.4]}},{"type":"Feature","geometry":{"type":"Polygon","coordinates":[[[-117.69393,33.46811],[-117.63852,33.55122],[-117.69611,33.63109],[-117.80915,33.62779],[-117.86442,33.54467],[-117.80679,33.46485],[-117.69393,33.46811]]]},"properties":{"h3":"8529a54bfffffff","sunshine":[8.6,9.5,10.6,11.5,12.2,13.1,13.4,12.4,11.4,10.4,9.5,8.1]}},{"type":"Feature","geometry":{"type":"Polygon","coordinates":[[[-117.03395,35.91724],[-116.97665,35.99921],[-117.03522,36.078],[-117.15113,36.07477],[-117.2083,35.99278],[-117.14969,35.91404],[-117.03395,35.91724]]]},"properties":{"h3":"852985c7fffffff","sunshine":[8.7,9.8,11,12.2,13.3,13.8,13.7,12.8,11.7,10.7,9.5,8.3]}},{"type":"Feature","geometry":{"type":"Polygon","coordinates":[[[-114.77535,35.22912],[-114.71626,35.31064],[-114.77328,35.39127],[-114.88944,35.39033],[-114.94841,35.30879],[-114.89134,35.2282],[-114.77535,35.22912]]]},"properties":{"h3":"8529b10ffffffff","sunshine":[8.7,9.8,10.8,12.3,13,13.7,13.2,12.5,11.6,10.7,9.6,8.1]}},{"type":"Feature","geometry":{"type":"Polygon","coordinates":[[[-123.72491,38.69047],[-123.6734,38.77267],[-123.73612,38.84457],[-123.85033,38.83422],[-123.90166,38.75204],[-123.83895,38.68019],[-123.72491,38.69047]]]},"properties":{"h3":"85283133fffffff","sunshine":[6.5,8.4,9,11,12,12.9,12.3,11.4,10.8,9.1,8,6.1]}},{"type":"Feature","geometry":{"type":"Polygon","coordinates":[[[-122.8629,41.37636],[-122.80895,41.45686],[-122.87314,41.52709],[-122.99126,41.51679],[-123.04502,41.43629],[-122.98084,41.36611],[-122.8629,41.37636]]]},"properties":{"h3":"852811affffffff","sunshine":[6.2,7.9,8.8,10.9,12.4,13.8,14.2,13.1,11.5,9.3,7.5,5.5]}},{"type":"Feature","geometry":{"type":"Polygon","coordinates":[[[-120.4321,34.65341],[-120.37892,34.73675],[-120.43827,34.81407],[-120.5508,34.80799],[-120.60383,34.72464],[-120.54448,34.64738],[-120.4321,34.65341]]]},"properties":{"h3":"8529137bfffffff","sunshine":[8.2,9.5,10.3,11.5,12.5,12.9,13,12.1,11.4,10.4,9.3,8.2]}},{"type":"Feature","geometry":{"type":"Polygon","coordinates":[[[-120.84308,36.39127],[-120.78949,36.47402],[-120.84994,36.54987],[-120.964,36.54292],[-121.01744,36.46016],[-120.95698,36.38437],[-120.84308,36.39127]]]},"properties":{"h3":"8529a913fffffff","sunshine":[7.9,9.2,10,11.7,13.3,13.8,13.8,13,11.8,10.5,9,7.6]}},{"type":"Feature","geometry":{"type":"Polygon","coordinates":[[[-122.36613,39.11505],[-122.31284,39.19679],[-122.37542,39.26939],[-122.49129,39.26021],[-122.54442,39.17848],[-122.48184,39.10592],[-122.36613,39.11505]]]},"properties":{"h3":"85283317fffffff","sunshine":[6.7,8.6,9.1,11.5,13,13.9,14,13,11.8,9.8,8.3,6.2]}},{"type":"Feature","geometry":{"type":"Polygon","coordinates":[[[-121.25588,41.42775],[-121.20004,41.50784],[-121.26371,41.57926],[-121.38322,41.57055],[-121.43888,41.49046],[-121.37521,41.41908],[-121.25588,41.42775]]]},"properties":{"h3":"85281393fffffff","sunshine":[6.5,8.2,8.9,11.1,12.5,13.7,14,13.1,11.6,9.6,7.5,5.8]}},{"type":"Feature","geometry":{"type":"Polygon","coordinates":[[[-122.27928,40.58653],[-122.22509,40.6674],[-122.28857,40.73881],[-122.40624,40.72929],[-122.46025,40.64843],[-122.39677,40.57707],[-122.27928,40.58653]]]},"properties":{"h3":"85281577fffffff","sunshine":[6,8.1,8.4,11,12.7,13.9,14,13.1,11.6,9.5,7.6,5.5]}},{"type":"Feature","geometry":{"type":"Polygon","coordinates":[[[-118.55767,34.33407],[-118.5027,34.4171],[-118.56112,34.49591],[-118.67454,34.49161],[-118.72937,34.40856],[-118.67092,34.32982],[-118.55767,34.33407]]]},"properties":{"h3":"8529a117fffffff","sunshine":[8.3,9.3,10.2,11.5,12.5,13.2,13.7,12.7,11.5,10.5,9.5,8.1]}},{"type":"Feature","geometry":{"type":"Polygon","coordinates":[[[-117.38992,36.70877],[-117.33255,36.79048],[-117.39172,36.8685],[-117.5083,36.86475],[-117.56553,36.78302],[-117.50632,36.70506],[-117.38992,36.70877]]]},"properties":{"h3":"85298193fffffff","sunshine":[8.8,9.7,10.9,12.3,13.3,13.8,13.7,12.9,11.8,10.7,9.4,8.4]}},{"type":"Feature","geometry":{"type":"Polygon","coordinates":[[[-119.07304,34.55655],[-119.01849,34.63963],[-119.07725,34.71794],[-119.19058,34.71312],[-119.245,34.63003],[-119.18622,34.55177],[-119.07304,34.55655]]]},"properties":{"h3":"8529acdbfffffff","sunshine":[8.3,9.5,10.4,12,13.3,13.8,13.8,12.9,11.8,10.7,9.5,8.1]}},{"type":"Feature","geometry":{"type":"Polygon","coordinates":[[[-119.35089,38.29382],[-119.29469,38.37529],[-119.35566,38.45079],[-119.47284,38.44476],[-119.52888,38.36328],[-119.46789,38.28784],[-119.35089,38.29382]]]},"properties":{"h3":"85298d57fffffff","sunshine":[8.1,9.2,10.4,11.9,12.9,13.5,13.6,13,11.7,10.3,8.9,7.4]}},{"type":"Feature","geometry":{"type":"Polygon","coordinates":[[[-116.51313,36.17157],[-116.45518,36.25326],[-116.51363,36.33222],[-116.63006,36.32943],[-116.68788,36.24773],[-116.6294,36.16882],[-116.51313,36.17157]]]},"properties":{"h3":"8529855bfffffff","sunshine":[8.7,9.7,10.9,12.1,13.2,13.8,13.6,12.8,11.7,10.6,9.5,8.3]}},{"type":"Feature","geometry":{"type":"Polygon","coordinates":[[[-115.65456,33.0176],[-115.59743,33.10027],[-115.6538,33.18165],[-115.76735,33.18029],[-115.82437,33.0976],[-115.76795,33.01628],[-115.65456,33.0176]]]},"properties":{"h3":"8529a6c3fffffff","sunshine":[9.1,9.9,11.2,12.3,13.1,13.7,13.3,12.6,11.5,10.8,9.8,8.5]}},{"type":"Feature","geometry":{"type":"Polygon","coordinates":[[[-121.94911,37.89811],[-121.89597,37.98039],[-121.95768,38.0543],[-122.07253,38.04587],[-122.1255,37.96359],[-122.06379,37.88974],[-121.94911,37.89811]]]},"properties":{"h3":"852830c7fffffff","sunshine":[7.1,8.7,9.3,11.3,12.8,13.5,13.5,12.7,11.6,9.9,8.4,6.5]}},{"type":"Feature","geometry":{"type":"Polygon","coordinates":[[[-121.79635,41.4635],[-121.74111,41.5437],[-121.805,41.61468],[-121.92412,41.60542],[-121.97918,41.52522],[-121.91529,41.45428],[-121.79635,41.4635]]]},"properties":{"h3":"85281143fffffff","sunshine":[6.2,8,8.4,11,12.4,13.7,14,13.1,11.5,9.5,7.3,5.6]}},{"type":"Feature","geometry":{"type":"Polygon","coordinates":[[[-120.76235,34.47436],[-120.70961,34.55783],[-120.76897,34.63502],[-120.88109,34.6287],[-120.93368,34.54522],[-120.87431,34.46809],[-120.76235,34.47436]]]},"properties":{"h3":"8529130ffffffff","sunshine":[8.2,9.5,10.3,11.5,12.5,12.9,12.7,11.8,11.3,10.3,9.3,8.1]}},{"type":"Feature","geometry":{"type":"Polygon","coordinates":[[[-120.31426,36.02318],[-120.26028,36.10597],[-120.32033,36.18246],[-120.43437,36.1761],[-120.4882,36.0933],[-120.42814,36.01687],[-120.31426,36.02318]]]},"properties":{"h3":"8529a8a7fffffff","sunshine":[8,9.4,10.3,11.8,13.3,13.8,13.9,13,11.8,10.6,9.2,7.9]}},{"type":"Feature","geometry":{"type":"Polygon","coordinates":[[[-121.29701,38.72656],[-121.24271,38.80828],[-121.30469,38.88202],[-121.42098,38.87398],[-121.47511,38.79225],[-121.41313,38.71857],[-121.29701,38.72656]]]},"properties":{"h3":"852832abfffffff","sunshine":[6.7,8.4,9.2,11.2,13,13.7,13.9,13.1,11.6,9.9,8.1,6.3]}},{"type":"Feature","geometry":{"type":"Polygon","coordinates":[[[-120.10457,39.6588],[-120.04845,39.73971],[-120.11054,39.81355],[-120.22878,39.80644],[-120.28474,39.72553],[-120.22263,39.65174],[-120.10457,39.6588]]]},"properties":{"h3":"85298923fffffff","sunshine":[7.6,8.8,9.7,11.7,12.8,13.6,13.8,13,11.6,10,8.4,6.8]}},{"type":"Feature","geometry":{"type":"Polygon","coordinates":[[[-122.23012,36.77496],[-122.17786,36.8578],[-122.239,36.93235],[-122.35239,36.92399],[-122.40449,36.84115],[-122.34335,36.76666],[-122.23012,36.77496]]]},"properties":{"h3":"8528348ffffffff","sunshine":[7.6,9.1,9.5,11.2,12.1,12.6,12.4,11.6,11.2,9.9,8.8,7.2]}},{"type":"Feature","geometry":{"type":"Polygon","coordinates":[[[-118.42845,36.35206],[-118.37233,36.43424],[-118.43178,36.51181],[-118.5474,36.50715],[-118.60338,36.42495],[-118.5439,36.34743],[-118.42845,36.35206]]]},"properties":{"h3":"8529aa8bfffffff","sunshine":[8.2,9.2,10.4,12.1,13.3,13.7,13.7,13,11.9,10.7,9.3,8]}},{"type":"Feature","geometry":{"type":"Polygon","coordinates":[[[-122.08935,40.37155],[-122.03506,40.45251],[-122.09834,40.52425],[-122.2159,40.51499],[-122.27001,40.43403],[-122.20674,40.36234],[-122.08935,40.37155]]]},"properties":{"h3":"8528150bfffffff","sunshine":[6.3,8.2,8.7,11,12.8,13.8,14,13.1,11.6,9.6,7.8,5.7]}},{"type":"Feature","geometry":{"type":"Polygon","coordinates":[[[-117.52938,33.88013],[-117.47361,33.96306],[-117.53134,34.0428],[-117.64487,34.03956],[-117.70051,33.95661],[-117.64275,33.87693],[-117.52938,33.88013]]]},"properties":{"h3":"8529a0abfffffff","sunshine":[8.4,9.3,10.3,11.4,12.1,13.2,13.6,12.6,11.4,10.3,9.5,8]}},{"type":"Feature","geometry":{"type":"Polygon","coordinates":[[[-117.75296,37.6521],[-117.69545,37.73345],[-117.75532,37.81054],[-117.87274,37.80623],[-117.93012,37.72487],[-117.87021,37.64783],[-117.75296,37.6521]]]},"properties":{"h3":"85298127fffffff","sunshine":[8.9,9.7,10.8,12.2,13.1,13.6,13.6,12.9,11.8,10.6,9.4,8.4]}},{"type":"Feature","geometry":{"type":"Polygon","coordinates":[[[-120.73566,37.90116],[-120.68117,37.98318],[-120.74245,38.05799],[-120.85823,38.05071],[-120.91256,37.96868],[-120.85127,37.89393],[-120.73566,37.90116]]]},"properties":{"h3":"85283673fffffff","sunshine":[7.1,8.7,9.4,11.3,13.1,13.6,13.8,13.1,11.7,10.1,8.5,6.7]}},{"type":"Feature","geometry":{"type":"Polygon","coordinates":[[[-119.4407,35.50702],[-119.38606,35.58982],[-119.44548,35.66728],[-119.55957,35.66187],[-119.61407,35.57906],[-119.55463,35.50166],[-119.4407,35.50702]]]},"properties":{"h3":"8529ac6ffffffff","sunshine":[7.9,9.5,10.5,11.9,13.3,13.8,13.8,12.9,11.8,10.7,9.2,7.6]}},{"type":"Feature","geometry":{"type":"Polygon","coordinates":[[[-116.16426,34.23659],[-116.10699,34.31899],[-116.16424,34.39938],[-116.2788,34.39732],[-116.33595,34.3149],[-116.27865,34.23456],[-116.16426,34.23659]]]},"properties":{"h3":"8529a28ffffffff","sunshine":[8.9,9.9,11.1,12.2,13.2,13.7,13.5,12.7,11.7,10.8,9.8,8.4]}},{"type":"Feature","geometry":{"type":"Polygon","coordinates":[[[-117.89412,35.48861],[-117.8379,35.57102],[-117.89664,35.64953],[-118.01164,35.64558],[-118.06772,35.56315],[-118.00895,35.48469],[-117.89412,35.48861]]]},"properties":{"h3":"8529ae53fffffff","sunshine":[8.6,9.8,11,12.2,13.4,13.9,13.8,12.9,11.8,10.8,9.6,8.4]}},{"type":"Feature","geometry":{"type":"Polygon","coordinates":[[[-116.87515,38.23503],[-116.81643,38.31577],[-116.87621,38.39301],[-116.99475,38.38945],[-117.05333,38.30869],[-116.99351,38.23151],[-116.87515,38.23503]]]},"properties":{"h3":"85298ecffffffff","sunshine":[8.4,9.4,10.5,12,12.9,13.7,13.5,12.8,11.7,10.5,9.2,7.9]}},{"type":"Feature","geometry":{"type":"Polygon","coordinates":[[[-117.0118,32.99503],[-116.95597,33.07811],[-117.013,33.15867],[-117.12591,33.1561],[-117.18163,33.073],[-117.12455,32.9925],[-117.0118,32.99503]]]},"properties":{"h3":"8529a473fffffff","sunshine":[8.6,9.5,10.4,11,11.4,12.8,13.3,12.3,11.1,10.3,9.5,8.1]}},{"type":"Feature","geometry":{"type":"Polygon","coordinates":[[[-115.65305,33.34555],[-115.59575,33.42811],[-115.65228,33.50931],[-115.76616,33.5079],[-115.82334,33.42531],[-115.76676,33.34417],[-115.65305,33.34555]]]},"properties":{"h3":"8529a657fffffff","sunshine":[9.1,9.9,11.1,12.4,13.2,13.7,13.4,12.6,11.6,10.8,9.7,8.4]}},{"type":"Feature","geometry":{"type":"Polygon","coordinates":[[[-121.44355,38.16904],[-121.38971,38.25109],[-121.45141,38.32516],[-121.56695,38.31713],[-121.62063,38.23509],[-121.55893,38.16107],[-121.44355,38.16904]]]},"properties":{"h3":"8528305bfffffff","sunshine":[6.4,8.5,9.3,11.3,13,13.7,13.8,13,11.6,9.9,8.1,6.1]}},{"type":"Feature","geometry":{"type":"Polygon","coordinates":[[[-120.85403,40.53807],[-120.79824,40.61863],[-120.86118,40.69116],[-120.97992,40.68308],[-121.03553,40.60251],[-120.97258,40.53003],[-120.85403,40.53807]]]},"properties":{"h3":"852810d7fffffff","sunshine":[6.8,8.4,8.9,11.1,12.4,13.6,13.8,13,11.5,9.7,7.8,5.9]}},{"type":"Feature","geometry":{"type":"Polygon","coordinates":[[[-123.56881,41.31313],[-123.51574,41.3938],[-123.5801,41.46354],[-123.69751,41.45256],[-123.75039,41.37189],[-123.68605,41.3022],[-123.56881,41.31313]]]},"properties":{"h3":"85281c9bfffffff","sunshine":[5.7,7.2,8.1,10.1,12.1,13.6,14.2,13.1,11.4,9.1,7.1,5.2]}},{"type":"Feature","geometry":{"type":"Polygon","coordinates":[[[-119.80874,36.28946],[-119.75409,36.37203],[-119.81409,36.44869],[-119.92877,36.44273],[-119.98327,36.36016],[-119.92325,36.28355],[-119.80874,36.28946]]]},"properties":{"h3":"8529a83bfffffff","sunshine":[7.7,9.4,10.2,11.7,13.2,13.8,13.9,13,11.8,10.6,9,7.4]}},{"type":"Feature","geometry":{"type":"Polygon","coordinates":[[[-120.17124,41.34823],[-120.11423,41.42808],[-120.17742,41.50039],[-120.29764,41.4928],[-120.35448,41.41294],[-120.29128,41.34068],[-120.17124,41.34823]]]},"properties":{"h3":"852812bbfffffff","sunshine":[6.9,8.2,9.2,11.1,12.4,13.6,13.8,13.1,11.5,9.6,7.5,5.8]}},{"type":"Feature","geometry":{"type":"Polygon","coordinates":[[[-119.18652,38.69477],[-119.12994,38.77597],[-119.19107,38.85127],[-119.30881,38.8453],[-119.36524,38.76409],[-119.30409,38.68885],[-119.18652,38.69477]]]},"properties":{"h3":"852988b7fffffff","sunshine":[8.2,9.4,10.6,12,12.8,13.5,13.6,13,11.6,10.4,9,7.7]}},{"type":"Feature","geometry":{"type":"Polygon","coordinates":[[[-122.43198,37.31222],[-122.37969,37.39487],[-122.4412,37.46886],[-122.55501,37.46015],[-122.60714,37.37751],[-122.54563,37.30357],[-122.43198,37.31222]]]},"properties":{"h3":"85283423fffffff","sunshine":[7.3,8.8,9.3,11.1,12.2,12.8,12.5,11.9,11.2,9.6,8.6,6.8]}},{"type":"Feature","geometry":{"type":"Polygon","coordinates":[[[-116.33923,36.57688],[-116.28089,36.65832],[-116.33947,36.73711],[-116.45642,36.73441],[-116.51463,36.65295],[-116.45601,36.57422],[-116.33923,36.57688]]]},"properties":{"h3":"852980bbfffffff","sunshine":[8.6,9.6,10.8,12.1,13.2,13.8,13.6,12.8,11.7,10.6,9.3,8.2]}},{"type":"Feature","geometry":{"type":"Polygon","coordinates":[[[-119.59409,34.93693],[-119.53989,35.01999],[-119.59906,35.09772],[-119.71246,35.09232],[-119.76652,35.00925],[-119.70732,34.93158],[-119.59409,34.93693]]]},"properties":{"h3":"8529ac03fffffff","sunshine":[8.2,9.5,10.5,11.9,13.4,13.8,13.8,12.9,11.8,10.7,9.3,8.1]}},{"type":"Feature","geometry":{"type":"Polygon","coordinates":[[[-121.07493,37.72228],[-121.02091,37.80447],[-121.08221,37.87916],[-121.19754,37.87161],[-121.2514,37.78942],[-121.19009,37.71478],[-121.07493,37.72228]]]},"properties":{"h3":"85283607fffffff","sunshine":[6.8,8.8,9.6,11.4,13.1,13.7,13.9,13.1,11.7,10.2,8.3,6.4]}},{"type":"Feature","geometry":{"type":"Polygon","coordinates":[[[-119.9416,40.05578],[-119.88507,40.1364],[-119.94735,40.21002],[-120.06617,40.20298],[-120.12253,40.12235],[-120.06024,40.04878],[-119.9416,40.05578]]]},"properties":{"h3":"85281683fffffff","sunshine":[7.5,9,9.8,11.8,12.8,13.6,13.8,13,11.5,10,8.4,6.8]}},{"type":"Feature","geometry":{"type":"Polygon","coordinates":[[[-116.33664,34.80241],[-116.27924,34.88464],[-116.33687,34.96459],[-116.45194,34.96225],[-116.50921,34.88],[-116.45154,34.80011],[-116.33664,34.80241]]]},"properties":{"h3":"8529a223fffffff","sunshine":[8.8,9.8,10.9,12.2,13.2,13.7,13.5,12.7,11.7,10.7,9.7,8.4]}},{"type":"Feature","geometry":{"type":"Polygon","coordinates":[[[-123.15247,40.43681],[-123.09938,40.51795],[-123.16304,40.58881],[-123.27978,40.57848],[-123.33268,40.49735],[-123.26904,40.42654],[-123.15247,40.43681]]]},"properties":{"h3":"852802c3fffffff","sunshine":[6,7.9,8.5,10.8,12.3,13.9,14.2,13.1,11.5,9.4,7.5,5.4]}},{"type":"Feature","geometry":{"type":"Polygon","coordinates":[[[-117.05731,38.78151],[-116.99846,38.862],[-117.05865,38.93868],[-117.17772,38.93483],[-117.23642,38.85432],[-117.1762,38.77769],[-117.05731,38.78151]]]},"properties":{"h3":"85298e63fffffff","sunshine":[8.3,9.3,10.4,11.8,12.8,13.7,13.4,12.8,11.7,10.4,9,7.7]}},{"type":"Feature","geometry":{"type":"Polygon","coordinates":[[[-117.34819,32.82347],[-117.29276,32.90668],[-117.34987,32.98712],[-117.46244,32.98429],[-117.51774,32.90105],[-117.4606,32.82067],[-117.34819,32.82347]]]},"properties":{"h3":"8529a407fffffff","sunshine":[8.6,9.5,10.4,11,11.2,12.2,12.6,11.8,10.7,10,9.5,8.2]}},{"type":"Feature","geometry":{"type":"Polygon","coordinates":[[[-116.16413,35.21093],[-116.10636,35.29294],[-116.16411,35.37274],[-116.27969,35.37048],[-116.33734,35.28845],[-116.27954,35.20871],[-116.16413,35.21093]]]},"properties":{"h3":"85298483fffffff","sunshine":[8.8,9.8,10.9,12.2,13.2,13.7,13.5,12.7,11.7,10.7,9.6,8.2]}},{"type":"Feature","geometry":{"type":"Polygon","coordinates":[[[-120.71415,41.38933],[-120.65772,41.4693],[-120.72115,41.54117],[-120.84102,41.53302],[-120.89728,41.45304],[-120.83384,41.38122],[-120.71415,41.38933]]]},"properties":{"h3":"8528106bfffffff","sunshine":[6.6,8.2,9,11,12.3,13.5,13.8,13.1,11.4,9.5,7.5,5.8]}},{"type":"Feature","geometry":{"type":"Polygon","coordinates":[[[-115.29759,35.14307],[-115.23904,35.22481],[-115.2963,35.30519],[-115.41217,35.30376],[-115.47061,35.222],[-115.41329,35.14167],[-115.29759,35.14307]]]},"properties":{"h3":"8529b1affffffff","sunshine":[8.6,9.6,10.8,12.3,13,13.7,13.2,12.6,11.7,10.7,9.7,8.2]}},{"type":"Feature","geometry":{"type":"Polygon","coordinates":[[[-123.42517,39.3365],[-123.37299,39.41831],[-123.43602,39.48991],[-123.55124,39.47965],[-123.60324,39.39784],[-123.54022,39.3263],[-123.42517,39.3365]]]},"properties":{"h3":"8528068bfffffff","sunshine":[6.2,8.1,8.6,10.9,12.4,13.7,13.9,12.9,11.5,9.5,7.8,5.9]}},{"type":"Feature","geometry":{"type":"Polygon","coordinates":[[[-122.99764,38.13013],[-122.94558,38.21248],[-123.00775,38.28541],[-123.12198,38.27592],[-123.17387,38.19357],[-123.11171,38.1207],[-122.99764,38.13013]]]},"properties":{"h3":"852831d3fffffff","sunshine":[6.9,8.6,9.3,11.2,12.4,13.2,12.8,12,11.1,9.4,8.3,6.2]}},{"type":"Feature","geometry":{"type":"Polygon","coordinates":[[[-121.35109,36.28014],[-121.29811,36.36304],[-121.35867,36.4386],[-121.47223,36.4312],[-121.52506,36.3483],[-121.46449,36.2728],[-121.35109,36.28014]]]},"properties":{"h3":"8529a9b3fffffff","sunshine":[7.8,9,9.7,11.7,13.3,13.8,13.8,13,11.8,10.4,9.1,7.4]}},{"type":"Feature","geometry":{"type":"Polygon","coordinates":[[[-122.88095,38.996],[-122.82831,39.07789],[-122.89098,39.1502],[-123.00628,39.14056],[-123.05874,39.05867],[-122.99608,38.98641],[-122.88095,38.996]]]},"properties":{"h3":"852833b7fffffff","sunshine":[6.3,8.3,8.8,11.1,12.6,13.8,14,12.9,11.6,9.6,8.1,5.9]}},{"type":"Feature","geometry":{"type":"Polygon","coordinates":[[[-121.35911,39.96409],[-121.30421,40.04513],[-121.36698,40.11778],[-121.48465,40.10934],[-121.53937,40.02831],[-121.4766,39.95571],[-121.35911,39.96409]]]},"properties":{"h3":"85281433fffffff","sunshine":[6.4,7.9,8.4,10.9,12.5,13.6,14,13,11.6,9.6,7.6,5.8]}},{"type":"Feature","geometry":{"type":"Polygon","coordinates":[[[-114.78764,34.25268],[-114.72908,34.33461],[-114.78561,34.41582],[-114.90075,34.41504],[-114.95919,34.33308],[-114.90261,34.25192],[-114.78764,34.25268]]]},"properties":{"h3":"8529b577fffffff","sunshine":[9,9.9,11,12.4,13,13.7,13.2,12.7,11.6,10.7,9.7,8.3]}},{"type":"Feature","geometry":{"type":"Polygon","coordinates":[[[-119.9945,36.6781],[-119.93985,36.76054],[-120.00014,36.83679],[-120.11511,36.83056],[-120.16961,36.74811],[-120.1093,36.67191],[-119.9945,36.6781]]]},"properties":{"h3":"8529ab97fffffff","sunshine":[7.4,9.2,10,11.7,13.2,13.8,13.9,13,11.8,10.5,8.8,6.9]}},{"type":"Feature","geometry":{"type":"Polygon","coordinates":[[[-124.54347,40.30638],[-124.49211,40.38782],[-124.55606,40.45769],[-124.67136,40.44606],[-124.72253,40.36463],[-124.6586,40.29481],[-124.54347,40.30638]]]},"properties":{"h3":"85280073fffffff","sunshine":[6,7.8,8.6,10.5,11.8,13.1,13,12.1,11,9,7.4,5.5]}},{"type":"Feature","geometry":{"type":"Polygon","coordinates":[[[-119.95311,40.36403],[-119.89642,40.44446],[-119.95889,40.5178],[-120.07807,40.51067],[-120.1346,40.43023],[-120.07211,40.35694],[-119.95311,40.36403]]]},"properties":{"h3":"85281617fffffff","sunshine":[7.4,8.9,9.7,11.7,12.8,13.6,13.8,13,11.5,9.9,8.2,6.6]}},{"type":"Feature","geometry":{"type":"Polygon","coordinates":[[[-118.45537,37.62477],[-118.3986,37.70634],[-118.45878,37.78298],[-118.57577,37.77799],[-118.6324,37.6964],[-118.57218,37.61982],[-118.45537,37.62477]]]},"properties":{"h3":"85298c13fffffff","sunshine":[8.6,9.6,10.9,12.2,13.2,13.6,13.6,13,11.8,10.6,9.3,8.3]}},{"type":"Feature","geometry":{"type":"Polygon","coordinates":[[[-119.06467,34.23327],[-119.01026,34.31647],[-119.06885,34.39499],[-119.18186,34.39026],[-119.23612,34.30706],[-119.17752,34.22859],[-119.06467,34.23327]]]},"properties":{"h3":"8529a1b7fffffff","sunshine":[8.4,9.5,10.4,11.6,12.4,12.7,13.5,12.5,11.4,10.4,9.5,8.3]}},{"type":"Feature","geometry":{"type":"Polygon","coordinates":[[[-115.31287,33.18509],[-115.25534,33.2676],[-115.31162,33.34909],[-115.42547,33.34801],[-115.48289,33.26548],[-115.42656,33.18405],[-115.31287,33.18509]]]},"properties":{"h3":"85485b27fffffff","sunshine":[9.1,9.9,11.1,12.4,13.1,13.6,13.3,12.6,11.5,10.8,9.8,8.5]}},{"type":"Feature","geometry":{"type":"Polygon","coordinates":[[[-120.47561,35.77453],[-120.42192,35.85746],[-120.4819,35.934],[-120.59556,35.92756],[-120.6491,35.84463],[-120.58911,35.76814],[-120.47561,35.77453]]]},"properties":{"h3":"8529ad7bfffffff","sunshine":[8,9.3,10,11.8,13.3,13.8,13.8,13,11.8,10.6,9.1,7.8]}},{"type":"Feature","geometry":{"type":"Polygon","coordinates":[[[-123.17365,40.74057],[-123.12042,40.82152],[-123.18428,40.89209],[-123.30136,40.88166],[-123.3544,40.80071],[-123.29055,40.73019],[-123.17365,40.74057]]]},"properties":{"h3":"85280257fffffff","sunshine":[5.9,7.6,8.2,10.6,12.3,13.8,14.2,13.1,11.5,9.4,7.4,5.3]}},{"type":"Feature","geometry":{"type":"Polygon","coordinates":[[[-117.19479,34.53934],[-117.13836,34.62194],[-117.19627,34.70151],[-117.31065,34.69842],[-117.36695,34.61581],[-117.309,34.5363],[-117.19479,34.53934]]]},"properties":{"h3":"8529a39bfffffff","sunshine":[8.8,9.9,11,12.1,13.3,13.8,13.7,12.8,11.7,10.7,9.7,8.4]}},{"type":"Feature","geometry":{"type":"Polygon","coordinates":[[[-116.16409,35.53438],[-116.10614,35.61624],[-116.16407,35.69584],[-116.27998,35.69352],[-116.3378,35.61163],[-116.27983,35.53209],[-116.16409,35.53438]]]},"properties":{"h3":"85298417fffffff","sunshine":[8.7,9.7,10.8,12.2,13.2,13.7,13.5,12.7,11.7,10.7,9.5,8.3]}},{"type":"Feature","geometry":{"type":"Polygon","coordinates":[[[-123.40357,39.02903],[-123.35151,39.111],[-123.41435,39.18288],[-123.52923,39.17273],[-123.58111,39.09077],[-123.51828,39.01895],[-123.40357,39.02903]]]},"properties":{"h3":"85283167fffffff","sunshine":[6.2,8.1,8.7,10.8,12,13.4,13.5,12.6,11.4,9.4,7.9,5.9]}},{"type":"Feature","geometry":{"type":"Polygon","coordinates":[[[-121.50705,39.41205],[-121.45262,39.49344],[-121.51509,39.56645],[-121.632,39.55801],[-121.68627,39.47662],[-121.62379,39.40366],[-121.50705,39.41205]]]},"properties":{"h3":"8528334bfffffff","sunshine":[6.7,8.4,8.9,11.2,12.9,13.7,13.9,13,11.7,9.8,8,6.2]}},{"type":"Feature","geometry":{"type":"Polygon","coordinates":[[[-120.51361,36.72868],[-120.45949,36.81121],[-120.52001,36.88706],[-120.63467,36.88032],[-120.68864,36.79778],[-120.6281,36.72199],[-120.51361,36.72868]]]},"properties":{"h3":"8529a947fffffff","sunshine":[7.7,9.3,10,11.7,13.3,13.8,13.9,13,11.8,10.4,8.9,7.2]}},{"type":"Feature","geometry":{"type":"Polygon","coordinates":[[[-120.91188,41.75609],[-120.85546,41.83587],[-120.91921,41.90725],[-121.03939,41.89881],[-121.09563,41.81903],[-121.03187,41.74769],[-120.91188,41.75609]]]},"properties":{"h3":"852813c7fffffff","sunshine":[6.5,8,8.8,10.9,12.3,13.5,13.9,13.1,11.4,9.4,7.3,5.6]}},{"type":"Feature","geometry":{"type":"Polygon","coordinates":[[[-114.61853,34.00854],[-114.55994,34.09051],[-114.61625,34.17196],[-114.7312,34.17138],[-114.78967,34.08937],[-114.73331,34.00798],[-114.61853,34.00854]]]},"properties":{"h3":"8529b50bfffffff","sunshine":[9,9.8,10.9,12.4,13,13.6,13.1,12.6,11.5,10.7,9.7,8.4]}},{"type":"Feature","geometry":{"type":"Polygon","coordinates":[[[-119.85198,37.55799],[-119.79671,37.63998],[-119.85745,37.71568],[-119.97348,37.70935],[-120.02859,37.62736],[-119.96783,37.55171],[-119.85198,37.55799]]]},"properties":{"h3":"8529ab2bfffffff","sunshine":[7.5,8.6,9.4,11.3,12.9,13.6,13.9,13.1,11.6,10.3,8.6,7.2]}},{"type":"Feature","geometry":{"type":"Polygon","coordinates":[[[-122.61188,40.25288],[-122.55826,40.33402],[-122.62164,40.40546],[-122.73862,40.39571],[-122.79207,40.31458],[-122.7287,40.24319],[-122.61188,40.25288]]]},"properties":{"h3":"852815abfffffff","sunshine":[6.2,8.3,8.7,11.2,12.8,13.9,14.1,13,11.7,9.6,7.9,5.7]}},{"type":"Feature","geometry":{"type":"Polygon","coordinates":[[[-117.70938,34.60582],[-117.65342,34.68854],[-117.71161,34.76773],[-117.82579,34.76416],[-117.88162,34.68142],[-117.82339,34.60229],[-117.70938,34.60582]]]},"properties":{"h3":"8529a14bfffffff","sunshine":[8.8,9.8,10.9,12.1,13.4,13.8,13.7,12.8,11.8,10.8,9.7,8.3]}},{"type":"Feature","geometry":{"type":"Polygon","coordinates":[[[-117.04289,37.03871],[-116.98499,37.12015],[-117.04418,37.19816],[-117.1613,37.19468],[-117.21906,37.11322],[-117.15983,37.03527],[-117.04289,37.03871]]]},"properties":{"h3":"852981c7fffffff","sunshine":[8.7,9.7,10.7,12.2,13.2,13.8,13.7,12.9,11.8,10.6,9.4,8.2]}},{"type":"Feature","geometry":{"type":"Polygon","coordinates":[[[-120.8091,35.59556],[-120.75587,35.67862],[-120.81586,35.75505],[-120.9291,35.74836],[-120.98218,35.66528],[-120.92218,35.58891],[-120.8091,35.59556]]]},"properties":{"h3":"8529ad0ffffffff","sunshine":[8,9.3,10,11.7,13.3,13.7,13.8,12.9,11.8,10.5,9.1,7.7]}},{"type":"Feature","geometry":{"type":"Polygon","coordinates":[[[-119.69112,37.96123],[-119.63547,38.04297],[-119.69638,38.11848],[-119.81296,38.1122],[-119.86845,38.03046],[-119.80753,37.955],[-119.69112,37.96123]]]},"properties":{"h3":"85298d8bfffffff","sunshine":[7.5,8.4,9.3,11.3,12.7,13.5,13.8,13.1,11.6,10.3,8.5,7.2]}},{"type":"Feature","geometry":{"type":"Polygon","coordinates":[[[-117.54923,35.49971],[-117.49265,35.58202],[-117.55124,35.66075],[-117.66644,35.65712],[-117.72288,35.57479],[-117.66426,35.49611],[-117.54923,35.49971]]]},"properties":{"h3":"8529a32ffffffff","sunshine":[8.7,9.8,11,12.2,13.4,13.8,13.8,12.8,11.8,10.7,9.6,8.4]}},{"type":"Feature","geometry":{"type":"Polygon","coordinates":[[[-116.34116,37.85324],[-116.28213,37.93401],[-116.34141,38.01188],[-116.45977,38.00893],[-116.51868,37.92814],[-116.45935,37.85032],[-116.34116,37.85324]]]},"properties":{"h3":"852983abfffffff","sunshine":[8.5,9.4,10.4,12.1,13,13.8,13.5,12.8,11.7,10.5,9.2,8]}},{"type":"Feature","geometry":{"type":"Polygon","coordinates":[[[-124.42636,41.00301],[-124.37449,41.08402],[-124.43887,41.15336],[-124.5551,41.14163],[-124.60679,41.06062],[-124.54243,40.99134],[-124.42636,41.00301]]]},"properties":{"h3":"852803cffffffff","sunshine":[5.9,7.5,8.4,10.3,11.8,12.9,13,11.7,10.6,8.5,7,5.3]}},{"type":"Feature","geometry":{"type":"Polygon","coordinates":[[[-117.38098,35.90732],[-117.32403,35.9894],[-117.38276,36.06797],[-117.49848,36.06441],[-117.55529,35.98231],[-117.49653,35.90379],[-117.38098,35.90732]]]},"properties":{"h3":"8529858ffffffff","sunshine":[8.7,9.7,11,12.2,13.4,13.8,13.7,12.9,11.8,10.7,9.6,8.4]}},{"type":"Feature","geometry":{"type":"Polygon","coordinates":[[[-122.34493,41.64745],[-122.29023,41.72766],[-122.35442,41.79805],[-122.47332,41.78818],[-122.52784,41.70797],[-122.46365,41.63763],[-122.34493,41.64745]]]},"properties":{"h3":"85281177fffffff","sunshine":[6.5,7.9,8.9,10.9,12.4,13.7,14.1,13,11.5,9.3,7.4,5.4]}},{"type":"Feature","geometry":{"type":"Polygon","coordinates":[[[-120.25454,34.42087],[-120.20128,34.50426],[-120.26043,34.58184],[-120.37285,34.57599],[-120.42596,34.4926],[-120.3668,34.41507],[-120.25454,34.42087]]]},"properties":{"h3":"85291343fffffff","sunshine":[8.2,9.5,10.3,11.7,12.9,13.2,13.4,12.5,11.5,10.5,9.3,8.2]}},{"type":"Feature","geometry":{"type":"Polygon","coordinates":[[[-119.10275,35.68287],[-119.04766,35.76552],[-119.10704,35.84309],[-119.22153,35.83796],[-119.27647,35.75529],[-119.21707,35.67778],[-119.10275,35.68287]]]},"properties":{"h3":"8529a8dbfffffff","sunshine":[8.1,9.4,10.4,11.8,13.2,13.8,13.9,12.9,11.8,10.7,9.2,7.8]}},{"type":"Feature","geometry":{"type":"Polygon","coordinates":[[[-121.71527,36.73214],[-121.66246,36.81492],[-121.72341,36.88988],[-121.83717,36.88202],[-121.88982,36.79924],[-121.82887,36.72433],[-121.71527,36.73214]]]},"properties":{"h3":"852834c3fffffff","sunshine":[7.7,9.1,9.6,11.1,12.1,12.5,12.2,11.6,11.1,9.8,8.9,7.4]}},{"type":"Feature","geometry":{"type":"Polygon","coordinates":[[[-116.51664,37.29213],[-116.45809,37.37326],[-116.51715,37.45143],[-116.6348,37.44842],[-116.69322,37.36727],[-116.63412,37.28915],[-116.51664,37.29213]]]},"properties":{"h3":"8529815bfffffff","sunshine":[8.7,9.6,10.6,12.1,13.1,13.9,13.6,12.9,11.7,10.6,9.3,8.1]}},{"type":"Feature","geometry":{"type":"Polygon","coordinates":[[[-120.10016,34.83171],[-120.04654,34.91492],[-120.10585,34.99236],[-120.2188,34.98653],[-120.27227,34.90331],[-120.21294,34.82593],[-120.10016,34.83171]]]},"properties":{"h3":"8529aca3fffffff","sunshine":[8.2,9.4,10.1,11.8,13.3,13.7,13.8,12.8,11.7,10.7,9.3,8.2]}},{"type":"Feature","geometry":{"type":"Polygon","coordinates":[[[-121.5884,37.6093],[-121.53501,37.69165],[-121.59642,37.76605],[-121.71124,37.75805],[-121.76447,37.67569],[-121.70305,37.60135],[-121.5884,37.6093]]]},"properties":{"h3":"852836a7fffffff","sunshine":[7.4,8.9,9.6,11.4,13.1,13.7,13.8,13,11.7,10.1,8.6,6.9]}},{"type":"Feature","geometry":{"type":"Polygon","coordinates":[[[-115.64922,34.16289],[-115.5915,34.24515],[-115.64845,34.3259],[-115.76316,34.32433],[-115.82075,34.24204],[-115.76376,34.16135],[-115.64922,34.16289]]]},"properties":{"h3":"8529a2c3fffffff","sunshine":[9,9.9,11.1,12.3,13.2,13.7,13.3,12.6,11.6,10.7,9.8,8.3]}},{"type":"Feature","geometry":{"type":"Polygon","coordinates":[[[-118.74801,35.21541],[-118.69279,35.29816],[-118.75177,35.37628],[-118.86599,35.37159],[-118.92106,35.28883],[-118.86206,35.21077],[-118.74801,35.21541]]]},"properties":{"h3":"8529ae87fffffff","sunshine":[8.3,9.5,10.5,11.9,13.2,13.8,13.8,12.9,11.8,10.7,9.3,8]}},{"type":"Feature","geometry":{"type":"Polygon","coordinates":[[[-124.64524,41.51035],[-124.59336,41.59109],[-124.65813,41.65978],[-124.77477,41.64769],[-124.82646,41.56696],[-124.7617,41.49831],[-124.64524,41.51035]]]},"properties":{"h3":"85280363fffffff","sunshine":[5.8,7.5,8.5,10.3,12,13.2,13.5,12,10.6,8.5,6.9,5.3]}},{"type":"Feature","geometry":{"type":"Polygon","coordinates":[[[-117.56142,36.4633],[-117.50435,36.54518],[-117.56347,36.62325],[-117.67969,36.6194],[-117.73662,36.5375],[-117.67747,36.45947],[-117.56142,36.4633]]]},"properties":{"h3":"85298523fffffff","sunshine":[8.8,9.8,10.9,12.3,13.4,13.8,13.7,13,11.8,10.7,9.5,8.4]}},{"type":"Feature","geometry":{"type":"Polygon","coordinates":[[[-122.29284,37.87267],[-122.24011,37.95503],[-122.30191,38.02869],[-122.41645,38.01995],[-122.46902,37.93759],[-122.40722,37.86398],[-122.29284,37.87267]]]},"properties":{"h3":"8528308ffffffff","sunshine":[7,8.7,9.3,11.4,12.8,13.4,13.3,12.5,11.6,9.7,8.4,6.4]}},{"type":"Feature","geometry":{"type":"Polygon","coordinates":[[[-115.99457,33.01333],[-115.93776,33.0961],[-115.99431,33.17728],[-116.10771,33.17562],[-116.1644,33.09281],[-116.10781,33.0117],[-115.99457,33.01333]]]},"properties":{"h3":"8529a68bfffffff","sunshine":[9.1,9.9,11.1,12.3,13.2,13.7,13.4,12.6,11.5,10.8,9.8,8.5]}},{"type":"Feature","geometry":{"type":"Polygon","coordinates":[[[-122.15286,41.4355],[-122.09805,41.5158],[-122.16204,41.58653],[-122.28084,41.57691],[-122.33546,41.49661],[-122.27148,41.42593],[-122.15286,41.4355]]]},"properties":{"h3":"8528110bfffffff","sunshine":[6.6,8.2,9,11.2,12.5,13.7,14.1,13.1,11.5,9.4,7.7,5.7]}},{"type":"Feature","geometry":{"type":"Polygon","coordinates":[[[-123.23794,41.64616],[-123.1843,41.72656],[-123.24877,41.79625],[-123.36689,41.78549],[-123.42035,41.7051],[-123.35589,41.63546],[-123.23794,41.64616]]]},"properties":{"h3":"85281ccffffffff","sunshine":[6.1,7.6,8.6,10.5,12.2,13.7,14.2,13.1,11.4,9.2,7.2,5.3]}},{"type":"Feature","geometry":{"type":"Polygon","coordinates":[[[-120.78366,38.99458],[-120.72865,39.07604],[-120.7906,39.14994],[-120.90758,39.14232],[-120.96244,39.06086],[-120.90047,38.98702],[-120.78366,38.99458]]]},"properties":{"h3":"85283273fffffff","sunshine":[6.8,8,8.7,11,12.7,13.6,13.8,13.1,11.5,9.8,8,6.3]}},{"type":"Feature","geometry":{"type":"Polygon","coordinates":[[[-119.47444,36.62511],[-119.41926,36.70744],[-119.47931,36.7841],[-119.59457,36.77837],[-119.6496,36.69603],[-119.58953,36.61942],[-119.47444,36.62511]]]},"properties":{"h3":"8529a86ffffffff","sunshine":[7.7,9.1,9.9,11.6,13.2,13.7,13.9,12.9,11.7,10.5,8.9,7.3]}},{"type":"Feature","geometry":{"type":"Polygon","coordinates":[[[-121.73157,37.04743],[-121.67862,37.13007],[-121.73976,37.20479],[-121.85385,37.19682],[-121.90664,37.11418],[-121.8455,37.03951],[-121.73157,37.04743]]]},"properties":{"h3":"85283457fffffff","sunshine":[7.4,8.8,9.4,11.1,12.5,13.4,13.6,12.8,11.6,10.1,8.7,7.2]}},{"type":"Feature","geometry":{"type":"Polygon","coordinates":[[[-117.91193,36.61135],[-117.85514,36.69326],[-117.9145,36.771],[-118.03069,36.76677],[-118.08734,36.68484],[-118.02795,36.60716],[-117.91193,36.61135]]]},"properties":{"h3":"8529aa53fffffff","sunshine":[8.8,9.8,11,12.3,13.4,13.8,13.7,13,11.8,10.7,9.6,8.5]}},{"type":"Feature","geometry":{"type":"Polygon","coordinates":[[[-120.62502,39.39387],[-120.56961,39.47506],[-120.63175,39.54874],[-120.74931,39.54118],[-120.80455,39.45998],[-120.7424,39.38635],[-120.62502,39.39387]]]},"properties":{"h3":"852814d3fffffff","sunshine":[6.7,7.9,8.4,10.9,12.4,13.4,13.9,13.1,11.5,9.8,7.8,6.2]}},{"type":"Feature","geometry":{"type":"Polygon","coordinates":[[[-117.02028,34.13748],[-116.96388,34.22017],[-117.0215,34.30009],[-117.13556,34.29726],[-117.19183,34.21454],[-117.13417,34.13468],[-117.02028,34.13748]]]},"properties":{"h3":"8529a073fffffff","sunshine":[8.4,9.4,10.3,11.9,13,13.8,13.6,12.7,11.7,10.6,9.5,8.1]}},{"type":"Feature","geometry":{"type":"Polygon","coordinates":[[[-120.11156,35.15284],[-120.0578,35.23593],[-120.11729,35.31316],[-120.23056,35.30723],[-120.28418,35.22412],[-120.22467,35.14696],[-120.11156,35.15284]]]},"properties":{"h3":"8529ac37fffffff","sunshine":[8.1,9.3,10,11.7,13.2,13.6,13.8,12.9,11.7,10.7,9.2,7.9]}},{"type":"Feature","geometry":{"type":"Polygon","coordinates":[[[-121.08221,37.87916],[-121.02812,37.96127],[-121.08951,38.03584],[-121.20501,38.02824],[-121.25895,37.94613],[-121.19754,37.87161],[-121.08221,37.87916]]]},"properties":{"h3":"8528363bfffffff","sunshine":[6.7,8.7,9.6,11.4,13.1,13.7,13.9,13.1,11.7,10.1,8.2,6.3]}},{"type":"Feature","geometry":{"type":"Polygon","coordinates":[[[-120.48459,40.25432],[-120.42855,40.33496],[-120.49117,40.40802],[-120.60984,40.40038],[-120.66572,40.31973],[-120.60309,40.24673],[-120.48459,40.25432]]]},"properties":{"h3":"852816b7fffffff","sunshine":[7.1,8.7,9.5,11.5,12.8,13.7,13.9,13.1,11.6,9.9,8.1,6.3]}},{"type":"Feature","geometry":{"type":"Polygon","coordinates":[[[-118.97834,37.52252],[-118.92217,37.6043],[-118.98253,37.68065],[-119.09908,37.67517],[-119.15511,37.59339],[-119.09473,37.51709],[-118.97834,37.52252]]]},"properties":{"h3":"85298cb3fffffff","sunshine":[8,9,10.1,11.8,13.1,13.6,13.7,13,11.8,10.5,8.9,7.7]}},{"type":"Feature","geometry":{"type":"Polygon","coordinates":[[[-115.64767,34.48876],[-115.58978,34.57089],[-115.64689,34.65145],[-115.76194,34.64982],[-115.81971,34.56766],[-115.76255,34.48716],[-115.64767,34.48876]]]},"properties":{"h3":"8529a257fffffff","sunshine":[9,9.9,11,12.3,13.2,13.7,13.3,12.7,11.6,10.7,9.7,8.3]}},{"type":"Feature","geometry":{"type":"Polygon","coordinates":[[[-118.23841,35.47654],[-118.18254,35.55906],[-118.24143,35.63735],[-118.35622,35.63307],[-118.41195,35.55055],[-118.35303,35.47231],[-118.23841,35.47654]]]},"properties":{"h3":"8529ae1bfffffff","sunshine":[8.4,9.5,10.7,12.1,13.4,13.8,13.9,12.9,11.8,10.7,9.5,8.1]}},{"type":"Feature","geometry":{"type":"Polygon","coordinates":[[[-117.58012,37.89596],[-117.52229,37.97712],[-117.58223,38.05414],[-117.70001,38.04995],[-117.75769,37.96877],[-117.69773,37.8918],[-117.58012,37.89596]]]},"properties":{"h3":"85298e97fffffff","sunshine":[8.8,9.7,10.8,12.2,13.1,13.7,13.6,12.9,11.8,10.6,9.3,8.4]}},{"type":"Feature","geometry":{"type":"Polygon","coordinates":[[[-117.34987,32.98712],[-117.29437,33.07029],[-117.35156,33.15065],[-117.46429,33.14777],[-117.51967,33.06458],[-117.46244,32.98429],[-117.34987,32.98712]]]},"properties":{"h3":"8529a43bfffffff","sunshine":[8.7,9.5,10.5,11.1,11.5,12.4,12.8,12,11,10.2,9.5,8.3]}},{"type":"Feature","geometry":{"type":"Polygon","coordinates":[[[-116.68413,35.44249],[-116.62674,35.52456],[-116.68488,35.60389],[-116.80046,35.60109],[-116.85772,35.519],[-116.79954,35.43972],[-116.68413,35.44249]]]},"properties":{"h3":"852984b7fffffff","sunshine":[8.7,9.8,10.9,12.2,13.2,13.7,13.6,12.8,11.8,10.8,9.6,8.3]}},{"type":"Feature","geometry":{"type":"Polygon","coordinates":[[[-122.03859,36.3927],[-121.98631,36.47567],[-122.04717,36.55064],[-122.16031,36.54258],[-122.21243,36.4596],[-122.15157,36.38469],[-122.03859,36.3927]]]},"properties":{"h3":"85291a67fffffff","sunshine":[7.7,9.2,9.6,11.2,12.2,12.9,12.6,11.8,11.3,10,9,7.4]}},{"type":"Feature","geometry":{"type":"Polygon","coordinates":[[[-122.49708,38.40449],[-122.44431,38.48662],[-122.50649,38.55971],[-122.62145,38.55062],[-122.67406,38.46848],[-122.61188,38.39545],[-122.49708,38.40449]]]},"properties":{"h3":"85283023fffffff","sunshine":[6.7,8.5,9.1,11.3,12.8,13.6,13.7,12.8,11.6,9.6,8.2,6.1]}},{"type":"Feature","geometry":{"type":"Polygon","coordinates":[[[-119.23612,34.30706],[-119.18186,34.39026],[-119.24055,34.46862],[-119.35353,34.46372],[-119.40765,34.3805],[-119.34894,34.3022],[-119.23612,34.30706]]]},"properties":{"h3":"8529126bfffffff","sunshine":[8.4,9.6,10.5,11.9,13.2,13.5,13.8,12.7,11.7,10.6,9.6,8.3]}},{"type":"Feature","geometry":{"type":"Polygon","coordinates":[[[-121.12636,38.81613],[-121.07182,38.89777],[-121.1338,38.97156],[-121.25032,38.96366],[-121.30469,38.88202],[-121.24271,38.80828],[-121.12636,38.81613]]]},"properties":{"h3":"85283207fffffff","sunshine":[6.8,8.2,9,11.1,12.9,13.6,13.9,13.1,11.6,9.9,8.1,6.4]}},{"type":"Feature","geometry":{"type":"Polygon","coordinates":[[[-119.62921,36.05884],[-119.57448,36.14146],[-119.63428,36.21841],[-119.74883,36.21268],[-119.80341,36.13005],[-119.74359,36.05316],[-119.62921,36.05884]]]},"properties":{"h3":"8529a803fffffff","sunshine":[7.7,9.4,10.3,11.8,13.3,13.8,13.9,12.9,11.8,10.6,9.1,7.4]}},{"type":"Feature","geometry":{"type":"Polygon","coordinates":[[[-119.9822,41.13054],[-119.9251,41.21048],[-119.98807,41.28312],[-120.10816,41.27578],[-120.16509,41.19583],[-120.1021,41.12324],[-119.9822,41.13054]]]},"properties":{"h3":"85281283fffffff","sunshine":[7,8.4,9.4,11.3,12.6,13.5,13.7,13,11.5,9.7,7.7,5.9]}},{"type":"Feature","geometry":{"type":"Polygon","coordinates":[[[-121.02074,40.296],[-120.96527,40.37676],[-121.02812,40.44937],[-121.14644,40.44119],[-121.20174,40.36043],[-121.13888,40.28786],[-121.02074,40.296]]]},"properties":{"h3":"85281467fffffff","sunshine":[6.6,8.3,8.9,11,12.6,13.7,13.9,13.1,11.6,9.7,7.7,5.9]}},{"type":"Feature","geometry":{"type":"Polygon","coordinates":[[[-117.36006,33.96613],[-117.30408,34.04898],[-117.36178,34.12878],[-117.47549,34.12567],[-117.53134,34.0428],[-117.47361,33.96306],[-117.36006,33.96613]]]},"properties":{"h3":"8529a007fffffff","sunshine":[8.3,9.2,10.3,11.3,12,13.2,13.6,12.6,11.3,10.3,9.4,8.1]}},{"type":"Feature","geometry":{"type":"Polygon","coordinates":[[[-115.13547,33.9235],[-115.0774,34.00568],[-115.13395,34.08687],[-115.24862,34.08582],[-115.30657,34.00361],[-115.24997,33.92248],[-115.13547,33.9235]]]},"properties":{"h3":"8529b5abfffffff","sunshine":[9,9.9,11.1,12.4,13.1,13.6,13.2,12.6,11.5,10.7,9.7,8.3]}},{"type":"Feature","geometry":{"type":"Polygon","coordinates":[[[-116.16398,36.3399],[-116.1056,36.4214],[-116.16396,36.50046],[-116.28074,36.49798],[-116.33899,36.41647],[-116.28059,36.33745],[-116.16398,36.3399]]]},"properties":{"h3":"85298083fffffff","sunshine":[8.8,9.7,10.8,12.2,13.2,13.8,13.6,12.8,11.7,10.7,9.4,8.2]}},{"type":"Feature","geometry":{"type":"Polygon","coordinates":[[[-115.99536,32.52066],[-115.9388,32.60359],[-115.9951,32.68502],[-116.10801,32.68346],[-116.16446,32.6005],[-116.10811,32.51913],[-115.99536,32.52066]]]},"properties":{"h3":"85485977fffffff","sunshine":[9,9.8,11,12.3,13.2,13.7,13.4,12.7,11.5,10.8,9.8,8.5]}},{"type":"Feature","geometry":{"type":"Polygon","coordinates":[[[-119.13745,36.95958],[-119.08174,37.04167],[-119.14184,37.11832],[-119.25768,37.11283],[-119.31324,37.03073],[-119.25311,36.95413],[-119.13745,36.95958]]]},"properties":{"h3":"8529abcbfffffff","sunshine":[7.8,8.8,9.7,11.5,13.1,13.7,13.8,13,11.8,10.5,8.9,7.5]}},{"type":"Feature","geometry":{"type":"Polygon","coordinates":[[[-118.11027,37.95539],[-118.05296,38.03669],[-118.11318,38.11331],[-118.23073,38.10858],[-118.2879,38.02727],[-118.22765,37.9507],[-118.11027,37.95539]]]},"properties":{"h3":"85298c47fffffff","sunshine":[8.7,9.7,10.9,12.1,13,13.6,13.5,12.9,11.8,10.7,9.3,8.3]}},{"type":"Feature","geometry":{"type":"Polygon","coordinates":[[[-121.31351,35.48517],[-121.26088,35.56837],[-121.32099,35.64451],[-121.43374,35.63739],[-121.48622,35.55418],[-121.42611,35.4781],[-121.31351,35.48517]]]},"properties":{"h3":"8529adaffffffff","sunshine":[8,9.3,10,11.7,12.9,13.2,13,12.2,11.6,10.3,9.2,7.8]}},{"type":"Feature","geometry":{"type":"Polygon","coordinates":[[[-123.50182,40.40567],[-123.44916,40.48688],[-123.5129,40.5575],[-123.62929,40.54684],[-123.68176,40.46563],[-123.61804,40.39507],[-123.50182,40.40567]]]},"properties":{"h3":"8528028bfffffff","sunshine":[5.8,7.5,8.1,10.4,12.1,13.7,14.2,13.1,11.5,9.3,7.4,5.3]}},{"type":"Feature","geometry":{"type":"Polygon","coordinates":[[[-117.41378,38.76969],[-117.35531,38.85031],[-117.41566,38.92676],[-117.53453,38.92255],[-117.59287,38.84192],[-117.53247,38.76551],[-117.41378,38.76969]]]},"properties":{"h3":"85298e2bfffffff","sunshine":[8.2,9.1,10.3,11.7,12.6,13.6,13.4,12.8,11.6,10.3,8.9,7.7]}},{"type":"Feature","geometry":{"type":"Polygon","coordinates":[[[-116.85375,34.87223],[-116.79681,34.9546],[-116.85474,35.03418],[-116.96963,35.03134],[-117.02644,34.94895],[-116.96848,34.86943],[-116.85375,34.87223]]]},"properties":{"h3":"8529a3cffffffff","sunshine":[8.8,9.8,11,12.2,13.2,13.8,13.6,12.7,11.7,10.7,9.7,8.4]}},{"type":"Feature","geometry":{"type":"Polygon","coordinates":[[[-115.29238,35.79051],[-115.23347,35.87196],[-115.29107,35.95193],[-115.40763,35.95039],[-115.46641,35.86892],[-115.40877,35.789],[-115.29238,35.79051]]]},"properties":{"h3":"8529844bfffffff","sunshine":[8.6,9.6,10.7,12.3,13.1,13.7,13.2,12.6,11.7,10.7,9.5,8.1]}},{"type":"Feature","geometry":{"type":"Polygon","coordinates":[[[-121.41469,41.03503],[-121.35926,41.11542],[-121.42273,41.18708],[-121.54163,41.17831],[-121.59689,41.09792],[-121.53342,41.02631],[-121.41469,41.03503]]]},"properties":{"h3":"85281033fffffff","sunshine":[6.5,8.2,9,11.1,12.6,13.7,14,13.1,11.6,9.6,7.6,5.8]}},{"type":"Feature","geometry":{"type":"Polygon","coordinates":[[[-122.92123,39.61151],[-122.86831,39.69308],[-122.93138,39.76484],[-123.04735,39.75497],[-123.10009,39.67341],[-123.03703,39.6017],[-122.92123,39.61151]]]},"properties":{"h3":"85280653fffffff","sunshine":[6.6,8.3,8.9,11.1,12.6,13.9,14.1,13,11.7,9.6,8,6]}},{"type":"Feature","geometry":{"type":"Polygon","coordinates":[[[-123.33951,38.10153],[-123.28785,38.18395],[-123.35011,38.25663],[-123.464,38.24683],[-123.51549,38.16441],[-123.45324,38.09179],[-123.33951,38.10153]]]},"properties":{"h3":"8528319bfffffff","sunshine":[6.8,8.7,9.4,11.3,12.4,13.2,12.6,11.7,11,9.3,8.4,6.5]}},{"type":"Feature","geometry":{"type":"Polygon","coordinates":[[[-119.99396,41.43547],[-119.9367,41.5152],[-119.99987,41.58756],[-120.12032,41.58013],[-120.17742,41.50039],[-120.11423,41.42808],[-119.99396,41.43547]]]},"properties":{"h3":"85281217fffffff","sunshine":[6.8,8.3,9.3,11.3,12.5,13.6,13.8,13.1,11.5,9.6,7.6,5.8]}},{"type":"Feature","geometry":{"type":"Polygon","coordinates":[[[-118.47946,38.72788],[-118.4221,38.80886],[-118.48294,38.88462],[-118.60116,38.87935],[-118.65836,38.79836],[-118.5975,38.72265],[-118.47946,38.72788]]]},"properties":{"h3":"85298813fffffff","sunshine":[8.3,9.4,10.5,11.9,12.8,13.4,13.6,12.9,11.7,10.4,9,7.8]}},{"type":"Feature","geometry":{"type":"Polygon","coordinates":[[[-124.31989,41.84475],[-124.26743,41.92522],[-124.33235,41.99387],[-124.44971,41.98199],[-124.50197,41.90153],[-124.43708,41.83293],[-124.31989,41.84475]]]},"properties":{"h3":"85281ddbfffffff","sunshine":[5.6,7,7.9,9.9,11.9,13.3,14,12.8,11,8.5,6.8,4.9]}},{"type":"Feature","geometry":{"type":"Polygon","coordinates":[[[-120.52001,36.88706],[-120.46581,36.96952],[-120.52643,37.04524],[-120.64125,37.03845],[-120.69529,36.95599],[-120.63467,36.88032],[-120.52001,36.88706]]]},"properties":{"h3":"8529a97bfffffff","sunshine":[7.4,9.2,10.1,11.7,13.3,13.8,13.9,13,11.8,10.4,8.8,6.9]}},{"type":"Feature","geometry":{"type":"Polygon","coordinates":[[[-116.16394,36.66083],[-116.10539,36.74216],[-116.16392,36.82101],[-116.28104,36.81847],[-116.33947,36.73711],[-116.28089,36.65832],[-116.16394,36.66083]]]},"properties":{"h3":"85298017fffffff","sunshine":[8.6,9.6,10.7,12.1,13.2,13.8,13.6,12.8,11.7,10.6,9.3,8.1]}},{"type":"Feature","geometry":{"type":"Polygon","coordinates":[[[-123.15322,37.88277],[-123.10146,37.96527],[-123.16353,38.03827],[-123.27735,38.02871],[-123.32894,37.94622],[-123.26688,37.87327],[-123.15322,37.88277]]]},"properties":{"h3":"85283563fffffff","sunshine":[7,8.7,9.3,11.2,12.4,13.1,12.4,11.5,11.1,9.4,8.5,6.5]}},{"type":"Feature","geometry":{"type":"Polygon","coordinates":[[[-120.29616,35.54426],[-120.2424,35.62725],[-120.30217,35.70408],[-120.41573,35.69787],[-120.46934,35.61488],[-120.40955,35.5381],[-120.29616,35.54426]]]},"properties":{"h3":"8529ad43fffffff","sunshine":[8,9.4,10.1,11.8,13.2,13.7,13.8,12.9,11.7,10.6,9.2,7.9]}},{"type":"Feature","geometry":{"type":"Polygon","coordinates":[[[-117.03018,35.43387],[-116.97313,35.51605],[-117.03143,35.59517],[-117.14683,35.59204],[-117.20375,35.50984],[-117.14541,35.43078],[-117.03018,35.43387]]]},"properties":{"h3":"8529a363fffffff","sunshine":[8.7,9.7,10.9,12.2,13.2,13.8,13.7,12.8,11.8,10.7,9.6,8.3]}},{"type":"Feature","geometry":{"type":"Polygon","coordinates":[[[-118.03234,33.45804],[-117.97727,33.54124],[-118.03501,33.6209],[-118.14785,33.6173],[-118.20278,33.53408],[-118.14501,33.45448],[-118.03234,33.45804]]]},"properties":{"h3":"8529a547fffffff","sunshine":[8.6,9.6,10.6,11.6,12.2,12.7,13.1,12.2,11.3,10.3,9.5,8.2]}},{"type":"Feature","geometry":{"type":"Polygon","coordinates":[[[-116.85973,35.84135],[-116.80229,35.9233],[-116.86074,36.00226],[-116.97665,35.99921],[-117.03395,35.91724],[-116.97547,35.83833],[-116.85973,35.84135]]]},"properties":{"h3":"852985c3fffffff","sunshine":[8.7,9.8,11,12.2,13.2,13.8,13.7,12.8,11.7,10.7,9.5,8.3]}},{"type":"Feature","geometry":{"type":"Polygon","coordinates":[[[-123.74737,38.99845],[-123.69574,39.08049],[-123.75865,39.15212],[-123.87319,39.14166],[-123.92464,39.05962],[-123.86174,38.98805],[-123.74737,38.99845]]]},"properties":{"h3":"8528312ffffffff","sunshine":[6.4,8.3,9,11,12.4,13.6,13.6,12.6,11.5,9.4,8.1,6]}},{"type":"Feature","geometry":{"type":"Polygon","coordinates":[[[-122.68079,41.31604],[-122.62667,41.39653],[-122.69075,41.46697],[-122.80895,41.45686],[-122.8629,41.37636],[-122.79882,41.30598],[-122.68079,41.31604]]]},"properties":{"h3":"852811abfffffff","sunshine":[6.4,8,8.8,11,12.4,13.8,14.2,13.1,11.5,9.3,7.6,5.5]}},{"type":"Feature","geometry":{"type":"Polygon","coordinates":[[[-120.76897,34.63502],[-120.71616,34.71843],[-120.77561,34.79552],[-120.88789,34.78914],[-120.94055,34.70572],[-120.88109,34.6287],[-120.76897,34.63502]]]},"properties":{"h3":"85291377fffffff","sunshine":[8.2,9.5,10.3,11.6,12.6,12.9,12.7,11.8,11.4,10.3,9.3,8.1]}},{"type":"Feature","geometry":{"type":"Polygon","coordinates":[[[-120.85682,36.70829],[-120.80308,36.7909],[-120.86371,36.86652],[-120.9781,36.85946],[-121.03168,36.77684],[-120.97104,36.70128],[-120.85682,36.70829]]]},"properties":{"h3":"8529a90ffffffff","sunshine":[7.8,9.1,9.8,11.6,13.2,13.7,13.8,13,11.8,10.4,9,7.5]}},{"type":"Feature","geometry":{"type":"Polygon","coordinates":[[[-122.18787,39.05125],[-122.13441,39.13298],[-122.19689,39.20578],[-122.31284,39.19679],[-122.36613,39.11505],[-122.30365,39.04231],[-122.18787,39.05125]]]},"properties":{"h3":"85283313fffffff","sunshine":[6.8,8.7,9.2,11.5,13.1,13.9,13.9,13,11.8,9.8,8.3,6.2]}},{"type":"Feature","geometry":{"type":"Polygon","coordinates":[[[-121.27156,41.73053],[-121.21557,41.81042],[-121.27944,41.88156],[-121.39931,41.87275],[-121.45513,41.79286],[-121.39125,41.72177],[-121.27156,41.73053]]]},"properties":{"h3":"8528138ffffffff","sunshine":[6.6,8.1,9,11.1,12.4,13.6,13.9,13.1,11.4,9.4,7.5,5.8]}},{"type":"Feature","geometry":{"type":"Polygon","coordinates":[[[-122.09834,40.52425],[-122.04397,40.60512],[-122.10735,40.67672],[-122.22509,40.6674],[-122.27928,40.58653],[-122.2159,40.51499],[-122.09834,40.52425]]]},"properties":{"h3":"85281573fffffff","sunshine":[6,8.1,8.5,10.9,12.6,13.8,14,13,11.6,9.5,7.6,5.6]}},{"type":"Feature","geometry":{"type":"Polygon","coordinates":[[[-118.38605,34.25924],[-118.33094,34.34226],[-118.38925,34.42122],[-118.5027,34.4171],[-118.55767,34.33407],[-118.49933,34.25517],[-118.38605,34.25924]]]},"properties":{"h3":"8529a113fffffff","sunshine":[8.4,9.4,10.3,11.6,12.7,13.5,13.7,12.8,11.6,10.5,9.5,8.1]}},{"type":"Feature","geometry":{"type":"Polygon","coordinates":[[[-117.39353,37.02804],[-117.33599,37.10959],[-117.39534,37.18738],[-117.51227,37.18356],[-117.56967,37.10199],[-117.51028,37.02425],[-117.39353,37.02804]]]},"properties":{"h3":"8529818ffffffff","sunshine":[8.8,9.7,10.8,12.3,13.2,13.8,13.7,12.9,11.8,10.7,9.4,8.3]}},{"type":"Feature","geometry":{"type":"Polygon","coordinates":[[[-119.41233,34.54192],[-119.35814,34.62508],[-119.41703,34.70318],[-119.53013,34.69805],[-119.58419,34.61488],[-119.52528,34.53684],[-119.41233,34.54192]]]},"properties":{"h3":"8529acd7fffffff","sunshine":[8.3,9.5,10.4,12,13.4,13.8,13.8,13,11.8,10.8,9.5,8.2]}},{"type":"Feature","geometry":{"type":"Polygon","coordinates":[[[-120.36331,37.29226],[-120.30873,37.3745],[-120.36952,37.45004],[-120.4849,37.44328],[-120.53932,37.36104],[-120.47852,37.28556],[-120.36331,37.29226]]]},"properties":{"h3":"852836dbfffffff","sunshine":[7.5,9,9.7,11.5,13.2,13.7,13.9,13,11.7,10.4,8.8,7.1]}},{"type":"Feature","geometry":{"type":"Polygon","coordinates":[[[-119.17298,38.22399],[-119.11663,38.30545],[-119.17748,38.38113],[-119.29469,38.37529],[-119.35089,38.29382],[-119.29002,38.2182],[-119.17298,38.22399]]]},"properties":{"h3":"85298d53fffffff","sunshine":[8.2,9.4,10.6,12,13,13.5,13.6,12.9,11.7,10.4,8.9,7.6]}},{"type":"Feature","geometry":{"type":"Polygon","coordinates":[[[-118.75177,35.37628],[-118.69648,35.45897],[-118.75554,35.53699],[-118.86992,35.53225],[-118.92508,35.44955],[-118.86599,35.37159],[-118.75177,35.37628]]]},"properties":{"h3":"8529aebbfffffff","sunshine":[8.2,9.5,10.5,11.8,13.2,13.8,13.9,12.9,11.8,10.6,9.3,7.9]}},{"type":"Feature","geometry":{"type":"Polygon","coordinates":[[[-116.67038,32.34571],[-116.61454,32.42889],[-116.67109,32.50999],[-116.78352,32.50787],[-116.83925,32.42467],[-116.78266,32.34362],[-116.67038,32.34571]]]},"properties":{"h3":"8529a4dbfffffff","sunshine":[8.7,9.4,10.4,11.5,12.1,13.4,13.4,12.6,11.2,10.4,9.6,8.2]}},{"type":"Feature","geometry":{"type":"Polygon","coordinates":[[[-116.86175,36.16298],[-116.80414,36.24479],[-116.86276,36.32353],[-116.97902,36.32041],[-117.03649,36.23859],[-116.97783,36.1599],[-116.86175,36.16298]]]},"properties":{"h3":"85298557fffffff","sunshine":[8.7,9.7,10.9,12.2,13.2,13.8,13.6,12.8,11.7,10.7,9.5,8.3]}},{"type":"Feature","geometry":{"type":"Polygon","coordinates":[[[-121.77275,37.83226],[-121.71945,37.91454],[-121.78106,37.98863],[-121.89597,37.98039],[-121.94911,37.89811],[-121.8875,37.82408],[-121.77275,37.83226]]]},"properties":{"h3":"852830c3fffffff","sunshine":[7.2,8.8,9.4,11.3,13,13.6,13.7,12.9,11.7,10,8.4,6.6]}},{"type":"Feature","geometry":{"type":"Polygon","coordinates":[[[-120.59107,34.40316],[-120.53818,34.48662],[-120.59744,34.56398],[-120.70961,34.55783],[-120.76235,34.47436],[-120.70308,34.39706],[-120.59107,34.40316]]]},"properties":{"h3":"8529130bfffffff","sunshine":[8.2,9.4,10.3,11.6,12.6,12.9,13,12.2,11.4,10.4,9.3,8.1]}},{"type":"Feature","geometry":{"type":"Polygon","coordinates":[[[-120.14037,35.9527],[-120.08624,36.03548],[-120.14619,36.11215],[-120.26028,36.10597],[-120.31426,36.02318],[-120.2543,35.94657],[-120.14037,35.9527]]]},"properties":{"h3":"8529a8a3fffffff","sunshine":[8,9.4,10.4,11.8,13.3,13.8,13.9,13,11.8,10.6,9.2,7.8]}},{"type":"Feature","geometry":{"type":"Polygon","coordinates":[[[-121.64506,38.70227],[-121.59117,38.78407],[-121.65325,38.85757],[-121.76924,38.8492],[-121.82297,38.76739],[-121.76088,38.69395],[-121.64506,38.70227]]]},"properties":{"h3":"852832a7fffffff","sunshine":[6.5,8.5,9.2,11.3,13,13.7,13.9,13.1,11.7,9.9,8.1,6.1]}},{"type":"Feature","geometry":{"type":"Polygon","coordinates":[[[-122.05577,36.7084],[-122.00335,36.79125],[-122.0644,36.86598],[-122.17786,36.8578],[-122.23012,36.77496],[-122.16907,36.70028],[-122.05577,36.7084]]]},"properties":{"h3":"8528348bfffffff","sunshine":[7.5,9.1,9.5,11.2,12.1,12.7,12.4,11.6,11.2,9.9,8.8,7.2]}},{"type":"Feature","geometry":{"type":"Polygon","coordinates":[[[-118.77456,36.33786],[-118.7188,36.42014],[-118.7784,36.49749],[-118.89379,36.4925],[-118.94941,36.4102],[-118.88978,36.33291],[-118.77456,36.33786]]]},"properties":{"h3":"8529aa87fffffff","sunshine":[8,9,10.1,11.8,13.2,13.7,13.8,13,11.8,10.6,9.2,7.9]}},{"type":"Feature","geometry":{"type":"Polygon","coordinates":[[[-122.4412,40.34357],[-122.38733,40.42462],[-122.45071,40.49611],[-122.56795,40.48651],[-122.62164,40.40546],[-122.55826,40.33402],[-122.4412,40.34357]]]},"properties":{"h3":"85281507fffffff","sunshine":[6.1,8.2,8.6,11.1,12.7,13.9,14,13.1,11.6,9.5,7.7,5.6]}},{"type":"Feature","geometry":{"type":"Polygon","coordinates":[[[-117.8693,33.87021],[-117.81387,33.95323],[-117.87175,34.03276],[-117.98509,34.02921],[-118.04039,33.94617],[-117.98248,33.8667],[-117.8693,33.87021]]]},"properties":{"h3":"8529a0a7fffffff","sunshine":[8.4,9.3,10.2,11.2,11.6,12.7,13.2,12.2,11.1,10.2,9.4,8.1]}},{"type":"Feature","geometry":{"type":"Polygon","coordinates":[[[-117.57592,37.57897],[-117.51827,37.6603],[-117.57801,37.73757],[-117.69545,37.73345],[-117.75296,37.6521],[-117.69318,37.57489],[-117.57592,37.57897]]]},"properties":{"h3":"85298123fffffff","sunshine":[8.8,9.7,10.8,12.2,13,13.7,13.6,12.9,11.8,10.6,9.4,8.4]}},{"type":"Feature","geometry":{"type":"Polygon","coordinates":[[[-120.74927,38.21461],[-120.69463,38.29647],[-120.75611,38.37103],[-120.87223,38.36366],[-120.9267,38.28178],[-120.86522,38.20729],[-120.74927,38.21461]]]},"properties":{"h3":"8528366ffffffff","sunshine":[7,8.4,9.2,11.1,12.9,13.6,13.8,13.1,11.6,10.1,8.3,6.8]}},{"type":"Feature","geometry":{"type":"Polygon","coordinates":[[[-119.26741,35.43463],[-119.21262,35.51743],[-119.27193,35.59505],[-119.38606,35.58982],[-119.4407,35.50702],[-119.38137,35.42945],[-119.26741,35.43463]]]},"properties":{"h3":"8529ac6bfffffff","sunshine":[8,9.6,10.5,11.9,13.3,13.8,13.8,12.9,11.8,10.7,9.2,7.6]}},{"type":"Feature","geometry":{"type":"Polygon","coordinates":[[[-115.9927,34.15796],[-115.93531,34.24033],[-115.99243,34.32088],[-116.10699,34.31899],[-116.16426,34.23659],[-116.10709,34.1561],[-115.9927,34.15796]]]},"properties":{"h3":"8529a28bfffffff","sunshine":[8.9,9.9,11.1,12.2,13.2,13.7,13.4,12.7,11.6,10.8,9.8,8.4]}},{"type":"Feature","geometry":{"type":"Polygon","coordinates":[[[-117.89917,35.81029],[-117.84279,35.89256],[-117.90171,35.97086],[-118.01704,35.96683],[-118.07329,35.88454],[-118.01434,35.80629],[-117.89917,35.81029]]]},"properties":{"h3":"8529ae4ffffffff","sunshine":[8.7,9.7,11,12.2,13.4,13.8,13.8,13,11.8,10.7,9.5,8.5]}},{"type":"Feature","geometry":{"type":"Polygon","coordinates":[[[-116.69711,38.16101],[-116.63825,38.24173],[-116.69789,38.31914],[-116.81643,38.31577],[-116.87515,38.23503],[-116.81547,38.15768],[-116.69711,38.16101]]]},"properties":{"h3":"85298ecbfffffff","sunshine":[8.4,9.3,10.5,12,12.9,13.8,13.5,12.8,11.7,10.5,9.1,7.9]}},{"type":"Feature","geometry":{"type":"Polygon","coordinates":[[[-117.01421,33.32217],[-116.95821,33.40514],[-117.01542,33.48552],[-117.12865,33.48287],[-117.18452,33.39988],[-117.12728,33.31956],[-117.01421,33.32217]]]},"properties":{"h3":"8529a46ffffffff","sunshine":[8.5,9.5,10.4,11.2,11.8,13.1,13.4,12.5,11.2,10.4,9.5,8]}},{"type":"Feature","geometry":{"type":"Polygon","coordinates":[[[-115.48289,33.26548],[-115.42547,33.34801],[-115.48188,33.42936],[-115.59575,33.42811],[-115.65305,33.34555],[-115.59659,33.26426],[-115.48289,33.26548]]]},"properties":{"h3":"8529a653fffffff","sunshine":[9.1,9.9,11.1,12.4,13.1,13.6,13.3,12.6,11.5,10.8,9.8,8.5]}},{"type":"Feature","geometry":{"type":"Polygon","coordinates":[[[-121.78939,38.1448],[-121.73595,38.22693],[-121.79775,38.30076],[-121.913,38.29241],[-121.96627,38.21028],[-121.90447,38.1365],[-121.78939,38.1448]]]},"properties":{"h3":"85283057fffffff","sunshine":[6.7,8.6,9.4,11.3,13,13.7,13.8,12.9,11.7,9.9,8.2,6.2]}},{"type":"Feature","geometry":{"type":"Polygon","coordinates":[[[-120.67257,40.47324],[-120.61662,40.55379],[-120.67945,40.62651],[-120.79824,40.61863],[-120.85403,40.53807],[-120.79119,40.4654],[-120.67257,40.47324]]]},"properties":{"h3":"852810d3fffffff","sunshine":[6.9,8.6,9.2,11.3,12.7,13.7,13.9,13.1,11.6,9.8,7.9,6.1]}},{"type":"Feature","geometry":{"type":"Polygon","coordinates":[[[-123.92017,41.28],[-123.86754,41.36076],[-123.93197,41.43025],[-124.04901,41.41893],[-124.10146,41.33818],[-124.03704,41.26874],[-123.92017,41.28]]]},"properties":{"h3":"85281c97fffffff","sunshine":[5.8,7.2,8.2,10.2,11.8,13.3,13.8,12.8,11.2,9,7.1,5.2]}},{"type":"Feature","geometry":{"type":"Polygon","coordinates":[[[-121.1338,38.97156],[-121.07919,39.05311],[-121.14126,39.12676],[-121.25795,39.11881],[-121.31239,39.03726],[-121.25032,38.96366],[-121.1338,38.97156]]]},"properties":{"h3":"8528323bfffffff","sunshine":[6.8,8.2,9,11.1,12.9,13.6,13.9,13.1,11.6,9.8,8.1,6.3]}},{"type":"Feature","geometry":{"type":"Polygon","coordinates":[[[-120.15202,36.27141],[-120.09774,36.35407],[-120.15786,36.4305],[-120.27229,36.42422],[-120.32641,36.34156],[-120.26627,36.26519],[-120.15202,36.27141]]]},"properties":{"h3":"8529a837fffffff","sunshine":[8,9.4,10.2,11.7,13.2,13.8,13.9,13,11.8,10.6,9.2,7.8]}},{"type":"Feature","geometry":{"type":"Polygon","coordinates":[[[-119.00789,38.62507],[-118.95115,38.70627],[-119.01216,38.78174],[-119.12994,38.77597],[-119.18652,38.69477],[-119.12549,38.61934],[-119.00789,38.62507]]]},"properties":{"h3":"852988b3fffffff","sunshine":[8.3,9.4,10.6,12,12.8,13.5,13.6,13,11.7,10.4,9,7.8]}},{"type":"Feature","geometry":{"type":"Polygon","coordinates":[[[-120.53107,41.32523],[-120.47447,41.40519],[-120.53779,41.47725],[-120.65772,41.4693],[-120.71415,41.38933],[-120.65081,41.31732],[-120.53107,41.32523]]]},"properties":{"h3":"852812b7fffffff","sunshine":[6.8,8.2,9.1,11.1,12.4,13.6,13.8,13.1,11.5,9.6,7.6,5.9]}},{"type":"Feature","geometry":{"type":"Polygon","coordinates":[[[-118.25977,36.59844],[-118.20334,36.68047],[-118.26286,36.75798],[-118.37884,36.75342],[-118.43512,36.67138],[-118.37558,36.59392],[-118.25977,36.59844]]]},"properties":{"h3":"8529aa1bfffffff","sunshine":[8.2,9.1,10.4,12,13.3,13.7,13.7,13,11.9,10.6,9.2,8]}},{"type":"Feature","geometry":{"type":"Polygon","coordinates":[[[-120.97688,39.37099],[-120.92188,39.45228],[-120.98413,39.52572],[-121.1014,39.51782],[-121.15624,39.43652],[-121.09397,39.36313],[-120.97688,39.37099]]]},"properties":{"h3":"8528149bfffffff","sunshine":[6.5,7.8,8.4,10.8,12.6,13.5,13.8,13.1,11.5,9.7,7.8,6]}},{"type":"Feature","geometry":{"type":"Polygon","coordinates":[[[-117.36178,34.12878],[-117.30572,34.21157],[-117.3635,34.29128],[-117.47737,34.28813],[-117.5333,34.20532],[-117.47549,34.12567],[-117.36178,34.12878]]]},"properties":{"h3":"8529a03bfffffff","sunshine":[8.3,9.3,10.3,11.8,12.9,13.7,13.7,12.8,11.7,10.6,9.5,8.1]}},{"type":"Feature","geometry":{"type":"Polygon","coordinates":[[[-116.6894,36.56855],[-116.63141,36.6501],[-116.69016,36.72868],[-116.80694,36.72564],[-116.86479,36.64406],[-116.806,36.56554],[-116.6894,36.56855]]]},"properties":{"h3":"852980b7fffffff","sunshine":[8.8,9.7,11,12.2,13.2,13.8,13.7,12.9,11.7,10.7,9.4,8.3]}},{"type":"Feature","geometry":{"type":"Polygon","coordinates":[[[-120.8985,37.65477],[-120.84432,37.73695],[-120.90552,37.81183],[-121.02091,37.80447],[-121.07493,37.72228],[-121.01372,37.64746],[-120.8985,37.65477]]]},"properties":{"h3":"85283603fffffff","sunshine":[6.9,8.8,9.6,11.4,13.2,13.7,13.9,13,11.7,10.2,8.3,6.5]}},{"type":"Feature","geometry":{"type":"Polygon","coordinates":[[[-124.14934,39.73221],[-124.0978,39.81392],[-124.16129,39.8846],[-124.27629,39.87353],[-124.32764,39.79183],[-124.26418,39.7212],[-124.14934,39.73221]]]},"properties":{"h3":"852800dbfffffff","sunshine":[6.3,8.1,8.7,11,12.3,13.3,13.1,12.2,11,9,7.7,5.8]}},{"type":"Feature","geometry":{"type":"Polygon","coordinates":[[[-118.11318,38.11331],[-118.05578,38.19452],[-118.11609,38.27101],[-118.23382,38.26625],[-118.29107,38.18502],[-118.23073,38.10858],[-118.11318,38.11331]]]},"properties":{"h3":"85298c7bfffffff","sunshine":[8.6,9.6,10.8,12.1,13,13.5,13.6,12.9,11.8,10.6,9.3,8.1]}},{"type":"Feature","geometry":{"type":"Polygon","coordinates":[[[-117.17875,32.74557],[-117.12319,32.82876],[-117.18018,32.90935],[-117.29276,32.90668],[-117.34819,32.82347],[-117.29117,32.74294],[-117.17875,32.74557]]]},"properties":{"h3":"8529a403fffffff","sunshine":[8.7,9.5,10.4,11.1,11.2,12.2,12.6,11.8,10.8,10.1,9.5,8.3]}},{"type":"Feature","geometry":{"type":"Polygon","coordinates":[[[-121.07292,41.36464],[-121.01691,41.44473],[-121.08047,41.51635],[-121.20004,41.50784],[-121.25588,41.42775],[-121.19231,41.35618],[-121.07292,41.36464]]]},"properties":{"h3":"85281067fffffff","sunshine":[6.5,8.1,9,11,12.4,13.6,13.9,13.1,11.5,9.5,7.5,5.8]}},{"type":"Feature","geometry":{"type":"Polygon","coordinates":[[[-115.12473,35.0638],[-115.06606,35.14552],[-115.12318,35.22605],[-115.23904,35.22481],[-115.29759,35.14307],[-115.24042,35.06259],[-115.12473,35.0638]]]},"properties":{"h3":"8529b1abfffffff","sunshine":[8.7,9.7,10.8,12.3,13.1,13.7,13.2,12.6,11.7,10.7,9.7,8.2]}},{"type":"Feature","geometry":{"type":"Polygon","coordinates":[[[-123.76997,39.30557],[-123.7182,39.38745],[-123.78131,39.45881],[-123.89618,39.44823],[-123.94776,39.36635],[-123.88467,39.29505],[-123.76997,39.30557]]]},"properties":{"h3":"85280687fffffff","sunshine":[6.4,8.2,8.7,10.9,12.1,13.3,13.1,12.2,11.2,9.3,7.9,5.9]}},{"type":"Feature","geometry":{"type":"Polygon","coordinates":[[[-123.01789,38.44048],[-122.96569,38.52268],[-123.02806,38.59534],[-123.14261,38.58574],[-123.19464,38.50354],[-123.13228,38.43093],[-123.01789,38.44048]]]},"properties":{"h3":"852831cffffffff","sunshine":[6.7,8.6,9.2,11.3,12.6,13.5,13.4,12.6,11.5,9.5,8.3,6.2]}},{"type":"Feature","geometry":{"type":"Polygon","coordinates":[[[-121.36628,36.59687],[-121.31315,36.67964],[-121.3739,36.75496],[-121.48779,36.74746],[-121.54076,36.66469],[-121.48,36.58942],[-121.36628,36.59687]]]},"properties":{"h3":"8529a9affffffff","sunshine":[7.7,9.1,9.7,11.3,12.7,13.6,13.7,12.8,11.7,10.3,9,7.4]}},{"type":"Feature","geometry":{"type":"Polygon","coordinates":[[[-122.70317,38.93295],[-122.65035,39.01485],[-122.71293,39.08734],[-122.82831,39.07789],[-122.88095,38.996],[-122.81838,38.92355],[-122.70317,38.93295]]]},"properties":{"h3":"852833b3fffffff","sunshine":[6.5,8.4,8.9,11.2,12.8,13.8,14,12.9,11.7,9.6,8.1,5.9]}},{"type":"Feature","geometry":{"type":"Polygon","coordinates":[[[-121.37487,40.27124],[-121.31982,40.35209],[-121.38279,40.42446],[-121.5008,40.41593],[-121.55568,40.33507],[-121.49271,40.26275],[-121.37487,40.27124]]]},"properties":{"h3":"8528142ffffffff","sunshine":[6.3,8,8.5,10.9,12.6,13.7,14,13.1,11.6,9.6,7.6,5.8]}},{"type":"Feature","geometry":{"type":"Polygon","coordinates":[[[-114.61625,34.17196],[-114.55758,34.25386],[-114.61397,34.33522],[-114.72908,34.33461],[-114.78764,34.25268],[-114.7312,34.17138],[-114.61625,34.17196]]]},"properties":{"h3":"8529b573fffffff","sunshine":[8.9,9.8,10.9,12.4,13,13.6,13.1,12.6,11.5,10.7,9.7,8.3]}},{"type":"Feature","geometry":{"type":"Polygon","coordinates":[[[-119.81946,36.60773],[-119.76465,36.69016],[-119.82484,36.76659],[-119.93985,36.76054],[-119.9945,36.6781],[-119.9343,36.60173],[-119.81946,36.60773]]]},"properties":{"h3":"8529ab93fffffff","sunshine":[7.4,9.2,10,11.6,13.2,13.7,13.9,13,11.7,10.5,8.8,7]}},{"type":"Feature","geometry":{"type":"Polygon","coordinates":[[[-124.56868,40.60877],[-124.51719,40.69004],[-124.58135,40.75962],[-124.69698,40.74788],[-124.74828,40.66662],[-124.68415,40.59709],[-124.56868,40.60877]]]},"properties":{"h3":"8528006ffffffff","sunshine":[5.9,7.7,8.5,10.3,11.7,12.8,12.7,11.5,10.5,8.5,7.2,5.4]}},{"type":"Feature","geometry":{"type":"Polygon","coordinates":[[[-118.4622,37.94098],[-118.40526,38.02239],[-118.46563,38.09878],[-118.58297,38.09371],[-118.63976,38.01229],[-118.57936,37.93595],[-118.4622,37.94098]]]},"properties":{"h3":"85298c0ffffffff","sunshine":[8.6,9.7,10.9,12.2,13.1,13.5,13.6,12.9,11.8,10.6,9.3,8.2]}},{"type":"Feature","geometry":{"type":"Polygon","coordinates":[[[-118.89329,34.15916],[-118.83875,34.24234],[-118.89722,34.32102],[-119.01026,34.31647],[-119.06467,34.23327],[-119.00617,34.15465],[-118.89329,34.15916]]]},"properties":{"h3":"8529a1b3fffffff","sunshine":[8.4,9.5,10.4,11.6,12.6,12.9,13.5,12.5,11.4,10.4,9.5,8.3]}},{"type":"Feature","geometry":{"type":"Polygon","coordinates":[[[-115.143,33.1044],[-115.08536,33.18687],[-115.1415,33.2685],[-115.25534,33.2676],[-115.31287,33.18509],[-115.25668,33.10352],[-115.143,33.1044]]]},"properties":{"h3":"85485b23fffffff","sunshine":[9.1,9.9,11.1,12.4,13,13.6,13.2,12.6,11.5,10.8,9.8,8.5]}},{"type":"Feature","geometry":{"type":"Polygon","coordinates":[[[-120.81586,35.75505],[-120.76255,35.83806],[-120.82264,35.91438],[-120.93604,35.90763],[-120.98919,35.82462],[-120.9291,35.74836],[-120.81586,35.75505]]]},"properties":{"h3":"8529ad77fffffff","sunshine":[7.9,9.2,10,11.7,13.3,13.8,13.8,12.9,11.8,10.5,9.1,7.6]}},{"type":"Feature","geometry":{"type":"Polygon","coordinates":[[[-122.99289,40.68004],[-122.93949,40.76099],[-123.00325,40.83176],[-123.12042,40.82152],[-123.17365,40.74057],[-123.10989,40.66985],[-122.99289,40.68004]]]},"properties":{"h3":"85280253fffffff","sunshine":[5.9,7.8,8.4,10.8,12.5,13.9,14.1,13.1,11.5,9.4,7.5,5.4]}},{"type":"Feature","geometry":{"type":"Polygon","coordinates":[[[-117.53725,34.52989],[-117.48116,34.61258],[-117.53923,34.69194],[-117.65342,34.68854],[-117.70938,34.60582],[-117.65128,34.52653],[-117.53725,34.52989]]]},"properties":{"h3":"8529a397fffffff","sunshine":[8.8,9.9,10.9,12.1,13.3,13.8,13.7,12.8,11.8,10.7,9.7,8.4]}},{"type":"Feature","geometry":{"type":"Polygon","coordinates":[[[-115.99051,35.45679],[-115.93244,35.53863],[-115.99023,35.61838],[-116.10614,35.61624],[-116.16409,35.53438],[-116.10625,35.45468],[-115.99051,35.45679]]]},"properties":{"h3":"85298413fffffff","sunshine":[8.7,9.7,10.8,12.2,13.2,13.7,13.4,12.7,11.7,10.7,9.5,8.2]}},{"type":"Feature","geometry":{"type":"Polygon","coordinates":[[[-118.03501,33.6209],[-117.97987,33.70404],[-118.0377,33.78361],[-118.15069,33.77997],[-118.2057,33.6968],[-118.14785,33.6173],[-118.03501,33.6209]]]},"properties":{"h3":"8529a57bfffffff","sunshine":[8.5,9.4,10.5,11.4,11.9,12.5,12.9,12,11.2,10.1,9.4,8.1]}},{"type":"Feature","geometry":{"type":"Polygon","coordinates":[[[-123.26831,39.58177],[-123.21581,39.66341],[-123.27896,39.73493],[-123.39459,39.72474],[-123.44691,39.6431],[-123.38377,39.57164],[-123.26831,39.58177]]]},"properties":{"h3":"8528061bfffffff","sunshine":[6.2,8.1,8.5,10.8,12.5,13.9,14.1,13,11.6,9.5,7.8,5.9]}},{"type":"Feature","geometry":{"type":"Polygon","coordinates":[[[-123.22602,38.96693],[-123.1738,39.0489],[-123.23655,39.12096],[-123.35151,39.111],[-123.40357,39.02903],[-123.34083,38.95702],[-123.22602,38.96693]]]},"properties":{"h3":"85283163fffffff","sunshine":[6.2,8.1,8.6,10.8,12.2,13.6,13.8,12.8,11.5,9.4,7.9,5.8]}},{"type":"Feature","geometry":{"type":"Polygon","coordinates":[[[-120.33864,36.65922],[-120.28436,36.74174],[-120.34478,36.81776],[-120.45949,36.81121],[-120.51361,36.72868],[-120.45318,36.65271],[-120.33864,36.65922]]]},"properties":{"h3":"8529a943fffffff","sunshine":[7.7,9.3,10.1,11.7,13.3,13.8,13.9,13,11.8,10.5,8.9,7.2]}},{"type":"Feature","geometry":{"type":"Polygon","coordinates":[[[-121.85696,39.38657],[-121.80294,39.46805],[-121.86552,39.54082],[-121.98212,39.53205],[-122.03597,39.45057],[-121.97339,39.37785],[-121.85696,39.38657]]]},"properties":{"h3":"85283347fffffff","sunshine":[6.5,8.4,9,11.2,12.9,13.8,13.9,13,11.7,9.8,8,5.9]}},{"type":"Feature","geometry":{"type":"Polygon","coordinates":[[[-120.72817,41.69276],[-120.67159,41.77254],[-120.73522,41.84411],[-120.85546,41.83587],[-120.91188,41.75609],[-120.84823,41.68457],[-120.72817,41.69276]]]},"properties":{"h3":"852813c3fffffff","sunshine":[6.5,8,8.9,11,12.3,13.6,13.9,13.1,11.4,9.4,7.3,5.5]}},{"type":"Feature","geometry":{"type":"Polygon","coordinates":[[[-114.96274,34.00655],[-114.90447,34.08865],[-114.96097,34.16989],[-115.07579,34.16899],[-115.13395,34.08687],[-115.0774,34.00568],[-114.96274,34.00655]]]},"properties":{"h3":"8529b507fffffff","sunshine":[9.1,9.9,11,12.4,13,13.6,13.2,12.6,11.5,10.7,9.7,8.4]}},{"type":"Feature","geometry":{"type":"Polygon","coordinates":[[[-120.19928,37.53881],[-120.1444,37.62089],[-120.20527,37.69636],[-120.32103,37.6897],[-120.37575,37.60761],[-120.31487,37.5322],[-120.19928,37.53881]]]},"properties":{"h3":"8529ab27fffffff","sunshine":[7.6,8.8,9.6,11.4,13.1,13.7,13.9,13,11.7,10.3,8.7,7.2]}},{"type":"Feature","geometry":{"type":"Polygon","coordinates":[[[-122.962,40.22347],[-122.9088,40.30469],[-122.97226,40.37589],[-123.08891,40.36581],[-123.14193,40.28459],[-123.07848,40.21344],[-122.962,40.22347]]]},"properties":{"h3":"852815a7fffffff","sunshine":[6.3,8.2,8.8,11.1,12.6,13.9,14.2,13.1,11.6,9.6,7.8,5.7]}},{"type":"Feature","geometry":{"type":"Polygon","coordinates":[[[-118.05123,34.5949],[-117.99562,34.67771],[-118.05396,34.75669],[-118.16794,34.7528],[-118.22341,34.66997],[-118.16504,34.59105],[-118.05123,34.5949]]]},"properties":{"h3":"8529a147fffffff","sunshine":[8.7,9.7,10.7,12.1,13.4,13.8,13.8,12.8,11.8,10.8,9.6,8.2]}},{"type":"Feature","geometry":{"type":"Polygon","coordinates":[[[-116.86684,36.96384],[-116.80881,37.04526],[-116.86787,37.12344],[-116.98499,37.12015],[-117.04289,37.03871],[-116.98379,36.96058],[-116.86684,36.96384]]]},"properties":{"h3":"852981c3fffffff","sunshine":[8.7,9.7,10.7,12.2,13.2,13.8,13.7,12.9,11.8,10.6,9.4,8.2]}},{"type":"Feature","geometry":{"type":"Polygon","coordinates":[[[-120.63607,35.52548],[-120.58268,35.60854],[-120.64257,35.68514],[-120.75587,35.67862],[-120.8091,35.59556],[-120.7492,35.51901],[-120.63607,35.52548]]]},"properties":{"h3":"8529ad0bfffffff","sunshine":[8,9.3,10.1,11.7,13.3,13.7,13.8,12.9,11.7,10.5,9.1,7.7]}},{"type":"Feature","geometry":{"type":"Polygon","coordinates":[[[-120.04009,37.9422],[-119.98482,38.02403],[-120.04586,38.09931],[-120.16218,38.0927],[-120.21729,38.01086],[-120.15624,37.93563],[-120.04009,37.9422]]]},"properties":{"h3":"85298d87fffffff","sunshine":[7.3,8.4,9.1,11.2,12.7,13.5,13.8,13.1,11.6,10.3,8.4,7]}},{"type":"Feature","geometry":{"type":"Polygon","coordinates":[[[-117.37568,35.42428],[-117.31897,35.50657],[-117.37744,35.58547],[-117.49265,35.58202],[-117.54923,35.49971],[-117.49072,35.42087],[-117.37568,35.42428]]]},"properties":{"h3":"8529a32bfffffff","sunshine":[8.7,9.8,11,12.2,13.3,13.8,13.7,12.8,11.8,10.7,9.6,8.4]}},{"type":"Feature","geometry":{"type":"Polygon","coordinates":[[[-116.69555,37.84413],[-116.63686,37.92503],[-116.69632,38.00267],[-116.81451,37.99937],[-116.87306,37.91846],[-116.81355,37.84086],[-116.69555,37.84413]]]},"properties":{"h3":"852983a7fffffff","sunshine":[8.5,9.4,10.4,12.1,12.9,13.7,13.5,12.8,11.7,10.5,9.2,8]}},{"type":"Feature","geometry":{"type":"Polygon","coordinates":[[[-124.24592,40.945],[-124.19386,41.02602],[-124.25815,41.09556],[-124.37449,41.08402],[-124.42636,41.00301],[-124.36209,40.93352],[-124.24592,40.945]]]},"properties":{"h3":"852803cbfffffff","sunshine":[6,7.5,8.4,10.4,11.9,13.2,13.4,12.5,11.1,9,7.3,5.4]}},{"type":"Feature","geometry":{"type":"Polygon","coordinates":[[[-117.20678,35.83198],[-117.14969,35.91404],[-117.2083,35.99278],[-117.32403,35.9894],[-117.38098,35.90732],[-117.32234,35.82863],[-117.20678,35.83198]]]},"properties":{"h3":"8529858bfffffff","sunshine":[8.7,9.7,11,12.2,13.3,13.8,13.7,12.9,11.8,10.7,9.5,8.3]}},{"type":"Feature","geometry":{"type":"Polygon","coordinates":[[[-122.16204,41.58653],[-122.10716,41.66673],[-122.17125,41.73732],[-122.29023,41.72766],[-122.34493,41.64745],[-122.28084,41.57691],[-122.16204,41.58653]]]},"properties":{"h3":"85281173fffffff","sunshine":[6.6,8.1,9.1,11.1,12.5,13.8,14.1,13.1,11.5,9.3,7.5,5.6]}},{"type":"Feature","geometry":{"type":"Polygon","coordinates":[[[-120.40719,38.39247],[-120.35209,38.47416],[-120.41354,38.54882],[-120.5301,38.54174],[-120.58505,38.46004],[-120.52359,38.38543],[-120.40719,38.39247]]]},"properties":{"h3":"852832dbfffffff","sunshine":[7,8.2,8.9,11.1,12.8,13.6,13.8,13.1,11.6,10.1,8.2,6.8]}},{"type":"Feature","geometry":{"type":"Polygon","coordinates":[[[-119.44548,35.66728],[-119.39076,35.75002],[-119.45027,35.82737],[-119.56453,35.82191],[-119.6191,35.73916],[-119.55957,35.66187],[-119.44548,35.66728]]]},"properties":{"h3":"8529a8d7fffffff","sunshine":[7.9,9.5,10.5,11.9,13.3,13.8,13.9,12.9,11.8,10.7,9.2,7.5]}},{"type":"Feature","geometry":{"type":"Polygon","coordinates":[[[-118.7784,36.49749],[-118.72256,36.5797],[-118.78225,36.65694],[-118.89781,36.6519],[-118.9535,36.56968],[-118.89379,36.4925],[-118.7784,36.49749]]]},"properties":{"h3":"8529aabbfffffff","sunshine":[8,9,10,11.7,13.2,13.7,13.8,13,11.8,10.6,9.2,7.8]}},{"type":"Feature","geometry":{"type":"Polygon","coordinates":[[[-122.45071,40.49611],[-122.39677,40.57707],[-122.46025,40.64843],[-122.57766,40.63877],[-122.63142,40.55781],[-122.56795,40.48651],[-122.45071,40.49611]]]},"properties":{"h3":"8528153bfffffff","sunshine":[6,8.1,8.5,11,12.6,13.8,14,13.1,11.6,9.5,7.7,5.5]}},{"type":"Feature","geometry":{"type":"Polygon","coordinates":[[[-116.67536,33.49286],[-116.61896,33.57568],[-116.67608,33.65618],[-116.78965,33.6538],[-116.84594,33.57096],[-116.78877,33.49051],[-116.67536,33.49286]]]},"properties":{"h3":"8529a0dbfffffff","sunshine":[8.5,9.4,10.4,11.7,12.6,13.6,13.5,12.7,11.6,10.6,9.6,8.1]}},{"type":"Feature","geometry":{"type":"Polygon","coordinates":[[[-116.8689,37.28284],[-116.8107,37.3641],[-116.86994,37.44205],[-116.98741,37.43869],[-117.04547,37.35741],[-116.9862,37.27952],[-116.8689,37.28284]]]},"properties":{"h3":"85298157fffffff","sunshine":[8.7,9.5,10.6,12.2,13.1,13.8,13.7,12.9,11.7,10.6,9.3,8.2]}},{"type":"Feature","geometry":{"type":"Polygon","coordinates":[[[-121.41237,37.54254],[-121.35882,37.62488],[-121.42013,37.69947],[-121.53501,37.69165],[-121.5884,37.6093],[-121.52708,37.53477],[-121.41237,37.54254]]]},"properties":{"h3":"852836a3fffffff","sunshine":[7.5,8.9,9.6,11.4,13.1,13.7,13.8,13,11.7,10.2,8.6,7]}},{"type":"Feature","geometry":{"type":"Polygon","coordinates":[[[-119.52385,38.20627],[-119.46789,38.28784],[-119.52888,38.36328],[-119.64584,38.3571],[-119.70165,38.27553],[-119.64065,38.20014],[-119.52385,38.20627]]]},"properties":{"h3":"85298d1bfffffff","sunshine":[7.7,8.7,9.7,11.6,12.8,13.5,13.7,13,11.6,10.3,8.6,7.2]}},{"type":"Feature","geometry":{"type":"Polygon","coordinates":[[[-118.57504,35.14165],[-118.51969,35.22438],[-118.57855,35.30267],[-118.69279,35.29816],[-118.74801,35.21541],[-118.68912,35.13718],[-118.57504,35.14165]]]},"properties":{"h3":"8529ae83fffffff","sunshine":[8.2,9.4,10.4,11.8,13.2,13.8,13.8,12.9,11.8,10.6,9.4,7.9]}},{"type":"Feature","geometry":{"type":"Polygon","coordinates":[[[-121.66693,35.78185],[-121.61454,35.865],[-121.67493,35.94068],[-121.78772,35.93314],[-121.83996,35.84998],[-121.77956,35.77436],[-121.66693,35.78185]]]},"properties":{"h3":"85291acffffffff","sunshine":[7.8,9.3,9.8,11.6,12.6,12.7,12.3,11.6,11.3,10.1,9.1,7.6]}},{"type":"Feature","geometry":{"type":"Polygon","coordinates":[[[-116.33413,33.00814],[-116.27764,33.09102],[-116.33436,33.17199],[-116.4476,33.17002],[-116.50397,33.08712],[-116.44721,33.00621],[-116.33413,33.00814]]]},"properties":{"h3":"8529a687fffffff","sunshine":[8.9,9.6,10.8,12.1,13.1,13.7,13.5,12.7,11.6,10.7,9.7,8.3]}},{"type":"Feature","geometry":{"type":"Polygon","coordinates":[[[-122.11669,37.80738],[-122.06379,37.88974],[-122.1255,37.96359],[-122.24011,37.95503],[-122.29284,37.87267],[-122.23114,37.79887],[-122.11669,37.80738]]]},"properties":{"h3":"8528308bfffffff","sunshine":[7.1,8.7,9.3,11.3,12.7,13.3,13.2,12.4,11.5,9.8,8.5,6.6]}},{"type":"Feature","geometry":{"type":"Polygon","coordinates":[[[-122.50838,41.40645],[-122.45401,41.48685],[-122.5181,41.55733],[-122.63656,41.54737],[-122.69075,41.46697],[-122.62667,41.39653],[-122.50838,41.40645]]]},"properties":{"h3":"85281107fffffff","sunshine":[6.6,8.2,9.1,11.3,12.5,13.8,14.1,13.1,11.5,9.4,7.7,5.7]}},{"type":"Feature","geometry":{"type":"Polygon","coordinates":[[[-123.05554,41.58682],[-123.00171,41.66722],[-123.06609,41.73711],[-123.1843,41.72656],[-123.23794,41.64616],[-123.17357,41.57632],[-123.05554,41.58682]]]},"properties":{"h3":"85281ccbfffffff","sunshine":[6.3,7.8,8.9,10.8,12.4,13.7,14.2,13.1,11.5,9.3,7.4,5.5]}},{"type":"Feature","geometry":{"type":"Polygon","coordinates":[[[-120.79757,39.30507],[-120.7424,39.38635],[-120.80455,39.45998],[-120.92188,39.45228],[-120.97688,39.37099],[-120.91472,39.29741],[-120.79757,39.30507]]]},"properties":{"h3":"8528326ffffffff","sunshine":[6.6,7.8,8.4,10.9,12.5,13.5,13.8,13.1,11.5,9.7,7.8,6.2]}},{"type":"Feature","geometry":{"type":"Polygon","coordinates":[[[-119.29935,36.55383],[-119.24402,36.63615],[-119.30396,36.71298],[-119.41926,36.70744],[-119.47444,36.62511],[-119.41447,36.54833],[-119.29935,36.55383]]]},"properties":{"h3":"8529a86bfffffff","sunshine":[7.8,9.1,10,11.6,13.2,13.7,13.8,13,11.8,10.5,9,7.5]}},{"type":"Feature","geometry":{"type":"Polygon","coordinates":[[[-121.55654,36.98033],[-121.50344,37.06296],[-121.56447,37.13786],[-121.67862,37.13007],[-121.73157,37.04743],[-121.67053,36.97259],[-121.55654,36.98033]]]},"properties":{"h3":"85283453fffffff","sunshine":[7.5,8.9,9.5,10.9,12.1,12.9,12.9,12.1,11.3,10,8.8,7.3]}},{"type":"Feature","geometry":{"type":"Polygon","coordinates":[[[-117.91709,36.93047],[-117.86013,37.01223],[-117.91968,37.08974],[-118.03621,37.08543],[-118.09302,37.00366],[-118.03345,36.9262],[-117.91709,36.93047]]]},"properties":{"h3":"8529aa4ffffffff","sunshine":[8.9,9.8,10.9,12.3,13.3,13.8,13.7,13,11.8,10.7,9.5,8.5]}},{"type":"Feature","geometry":{"type":"Polygon","coordinates":[[[-120.6385,39.70339],[-120.58294,39.78441],[-120.64527,39.85782],[-120.76318,39.85016],[-120.81858,39.76914],[-120.75623,39.69578],[-120.6385,39.70339]]]},"properties":{"h3":"852814cffffffff","sunshine":[6.8,8.2,8.8,11.2,12.7,13.6,13.9,13.1,11.6,9.8,7.9,6.2]}},{"type":"Feature","geometry":{"type":"Polygon","coordinates":[[[-117.02273,34.46255],[-116.96617,34.54512],[-117.02397,34.62485],[-117.13836,34.62194],[-117.19479,34.53934],[-117.13696,34.45968],[-117.02273,34.46255]]]},"properties":{"h3":"8529a06ffffffff","sunshine":[8.8,9.9,10.9,12.1,13.3,13.8,13.6,12.7,11.7,10.7,9.7,8.4]}},{"type":"Feature","geometry":{"type":"Polygon","coordinates":[[[-119.93901,35.08122],[-119.8851,35.1643],[-119.94448,35.24169],[-120.0578,35.23593],[-120.11156,35.15284],[-120.05216,35.07551],[-119.93901,35.08122]]]},"properties":{"h3":"8529ac33fffffff","sunshine":[8,9.3,10.2,11.8,13.3,13.8,13.8,13,11.8,10.7,9.2,7.9]}},{"type":"Feature","geometry":{"type":"Polygon","coordinates":[[[-121.42792,37.8562],[-121.37422,37.93839],[-121.43572,38.01272],[-121.55093,38.0048],[-121.60447,37.9226],[-121.54296,37.84833],[-121.42792,37.8562]]]},"properties":{"h3":"85283637fffffff","sunshine":[6.9,8.8,9.6,11.4,13.1,13.7,13.8,13,11.7,10.1,8.4,6.4]}},{"type":"Feature","geometry":{"type":"Polygon","coordinates":[[[-120.30353,40.18853],[-120.24733,40.26916],[-120.30983,40.34241],[-120.42855,40.33496],[-120.48459,40.25432],[-120.42208,40.18113],[-120.30353,40.18853]]]},"properties":{"h3":"852816b3fffffff","sunshine":[7.2,8.8,9.6,11.6,12.7,13.6,13.8,13,11.5,9.9,8.2,6.3]}},{"type":"Feature","geometry":{"type":"Polygon","coordinates":[[[-118.98672,37.83857],[-118.93039,37.92018],[-118.99093,37.99628],[-119.10783,37.99072],[-119.16402,37.9091],[-119.10345,37.83305],[-118.98672,37.83857]]]},"properties":{"h3":"85298caffffffff","sunshine":[8.3,9.5,10.7,12.1,13.1,13.5,13.6,12.9,11.7,10.5,9.1,7.8]}},{"type":"Feature","geometry":{"type":"Polygon","coordinates":[[[-115.47578,34.40953],[-115.41777,34.49164],[-115.47475,34.57235],[-115.58978,34.57089],[-115.64767,34.48876],[-115.59064,34.4081],[-115.47578,34.40953]]]},"properties":{"h3":"8529a253fffffff","sunshine":[9,9.9,11,12.3,13.1,13.7,13.3,12.7,11.6,10.7,9.7,8.2]}},{"type":"Feature","geometry":{"type":"Polygon","coordinates":[[[-118.58207,35.46352],[-118.52655,35.54613],[-118.58559,35.6242],[-118.70017,35.61961],[-118.75554,35.53699],[-118.69648,35.45897],[-118.58207,35.46352]]]},"properties":{"h3":"8529ae17fffffff","sunshine":[8.2,9.4,10.5,11.8,13.2,13.8,13.9,12.9,11.8,10.7,9.3,7.9]}},{"type":"Feature","geometry":{"type":"Polygon","coordinates":[[[-117.40265,37.82277],[-117.34469,37.90392],[-117.40449,37.98112],[-117.52229,37.97712],[-117.58012,37.89596],[-117.52028,37.81881],[-117.40265,37.82277]]]},"properties":{"h3":"85298e93fffffff","sunshine":[8.8,9.6,10.7,12.2,13,13.7,13.6,12.9,11.8,10.6,9.3,8.3]}},{"type":"Feature","geometry":{"type":"Polygon","coordinates":[[[-116.51067,35.36564],[-116.45315,35.44769],[-116.51116,35.52718],[-116.62674,35.52456],[-116.68413,35.44249],[-116.62608,35.36306],[-116.51067,35.36564]]]},"properties":{"h3":"852984b3fffffff","sunshine":[8.7,9.8,10.9,12.2,13.2,13.7,13.6,12.7,11.7,10.7,9.6,8.2]}},{"type":"Feature","geometry":{"type":"Polygon","coordinates":[[[-121.86478,36.32543],[-121.81234,36.4084],[-121.8731,36.48355],[-121.98631,36.47567],[-122.03859,36.3927],[-121.97783,36.3176],[-121.86478,36.32543]]]},"properties":{"h3":"85291a63fffffff","sunshine":[7.6,9,9.4,11.4,12.7,13.4,13.5,12.7,11.6,10.2,9,7.3]}},{"type":"Feature","geometry":{"type":"Polygon","coordinates":[[[-115.82385,33.26152],[-115.76676,33.34417],[-115.82334,33.42531],[-115.93706,33.42376],[-115.99404,33.34109],[-115.93741,33.26],[-115.82385,33.26152]]]},"properties":{"h3":"8529a61bfffffff","sunshine":[9.1,9.9,11.2,12.3,13.2,13.7,13.4,12.7,11.5,10.8,9.7,8.5]}},{"type":"Feature","geometry":{"type":"Polygon","coordinates":[[[-115.1185,35.71176],[-115.05947,35.79318],[-115.11693,35.87331],[-115.23347,35.87196],[-115.29238,35.79051],[-115.23487,35.71043],[-115.1185,35.71176]]]},"properties":{"h3":"85298697fffffff","sunshine":[8.7,9.7,10.7,12.3,13.1,13.8,13.2,12.6,11.7,10.7,9.6,8.2]}},{"type":"Feature","geometry":{"type":"Polygon","coordinates":[[[-121.02812,40.44937],[-120.97258,40.53003],[-121.03553,40.60251],[-121.15403,40.59428],[-121.2094,40.51361],[-121.14644,40.44119],[-121.02812,40.44937]]]},"properties":{"h3":"8528109bfffffff","sunshine":[6.8,8.4,9,11.2,12.7,13.8,13.9,13.1,11.6,9.8,7.9,6]}},{"type":"Feature","geometry":{"type":"Polygon","coordinates":[[[-123.78131,39.45881],[-123.72948,39.54061],[-123.79269,39.61182],[-123.90772,39.60118],[-123.95938,39.51939],[-123.89618,39.44823],[-123.78131,39.45881]]]},"properties":{"h3":"852806bbfffffff","sunshine":[6.4,8.2,8.7,10.9,12.1,13.3,13.1,12.2,11.2,9.3,7.9,5.9]}},{"type":"Feature","geometry":{"type":"Polygon","coordinates":[[[-119.57434,34.29218],[-119.52044,34.37547],[-119.57926,34.45361],[-119.692,34.4484],[-119.74577,34.36511],[-119.68693,34.28703],[-119.57434,34.29218]]]},"properties":{"h3":"85291267fffffff","sunshine":[8.4,9.6,10.5,11.9,13.2,13.5,13.8,12.7,11.7,10.6,9.5,8.3]}},{"type":"Feature","geometry":{"type":"Polygon","coordinates":[[[-120.94808,38.74987],[-120.89338,38.8315],[-120.95525,38.90547],[-121.07182,38.89777],[-121.12636,38.81613],[-121.06449,38.74221],[-120.94808,38.74987]]]},"properties":{"h3":"85283203fffffff","sunshine":[6.9,8.2,9,11,12.9,13.6,13.9,13.1,11.5,9.9,8,6.4]}},{"type":"Feature","geometry":{"type":"Polygon","coordinates":[[[-120.83978,40.23119],[-120.78415,40.31194],[-120.84689,40.38475],[-120.96527,40.37676],[-121.02074,40.296],[-120.95799,40.22325],[-120.83978,40.23119]]]},"properties":{"h3":"85281463fffffff","sunshine":[6.6,8.2,8.9,11.1,12.6,13.6,13.9,13.1,11.6,9.7,7.7,5.9]}},{"type":"Feature","geometry":{"type":"Polygon","coordinates":[[[-117.18889,33.88913],[-117.13279,33.97196],[-117.19036,34.05191],[-117.30408,34.04898],[-117.36006,33.96613],[-117.30245,33.88623],[-117.18889,33.88913]]]},"properties":{"h3":"8529a003fffffff","sunshine":[8.3,9.3,10.3,11.3,12.3,13.5,13.7,12.7,11.4,10.4,9.5,8]}},{"type":"Feature","geometry":{"type":"Polygon","coordinates":[[[-115.47884,33.92012],[-115.42109,34.00242],[-115.47782,34.08341],[-115.59235,34.08205],[-115.64999,33.99972],[-115.59321,33.91879],[-115.47884,33.92012]]]},"properties":{"h3":"8529b5a7fffffff","sunshine":[9,9.9,11.2,12.4,13.1,13.6,13.3,12.7,11.6,10.8,9.8,8.4]}},{"type":"Feature","geometry":{"type":"Polygon","coordinates":[[[-115.8264,32.44052],[-115.76972,32.52342],[-115.82589,32.60499],[-115.9388,32.60359],[-115.99536,32.52066],[-115.93914,32.43916],[-115.8264,32.44052]]]},"properties":{"h3":"85485973fffffff","sunshine":[9.2,10,11.1,12.3,13.2,13.7,13.3,12.7,11.5,10.8,9.9,8.7]}},{"type":"Feature","geometry":{"type":"Polygon","coordinates":[[[-122.77261,37.28596],[-122.72071,37.36867],[-122.78231,37.44243],[-122.89581,37.43341],[-122.94754,37.3507],[-122.88594,37.277],[-122.77261,37.28596]]]},"properties":{"h3":"852835cbfffffff","sunshine":[7.4,8.9,9.3,11.1,12,12.6,12,11.1,10.9,9.5,8.7,6.9]}},{"type":"Feature","geometry":{"type":"Polygon","coordinates":[[[-119.4842,36.9429],[-119.42887,37.02509],[-119.48911,37.10152],[-119.6047,37.0957],[-119.65989,37.0135],[-119.59963,36.93713],[-119.4842,36.9429]]]},"properties":{"h3":"8529abc7fffffff","sunshine":[7.8,8.9,9.8,11.6,13.1,13.7,13.9,13,11.7,10.5,8.9,7.4]}},{"type":"Feature","geometry":{"type":"Polygon","coordinates":[[[-117.93274,37.88315],[-117.87529,37.96443],[-117.93538,38.04122],[-118.05296,38.03669],[-118.11027,37.95539],[-118.05015,37.87865],[-117.93274,37.88315]]]},"properties":{"h3":"85298c43fffffff","sunshine":[8.8,9.7,10.9,12.2,13.1,13.6,13.5,12.9,11.8,10.7,9.4,8.4]}},{"type":"Feature","geometry":{"type":"Polygon","coordinates":[[[-121.14085,35.41581],[-121.08806,35.49901],[-121.14807,35.57532],[-121.26088,35.56837],[-121.31351,35.48517],[-121.2535,35.40892],[-121.14085,35.41581]]]},"properties":{"h3":"8529adabfffffff","sunshine":[8,9.2,9.9,11.6,12.9,13.3,13.3,12.6,11.6,10.4,9.1,7.7]}},{"type":"Feature","geometry":{"type":"Polygon","coordinates":[[[-123.85012,40.37354],[-123.79789,40.45483],[-123.8617,40.5252],[-123.97773,40.51422],[-124.02978,40.43293],[-123.96598,40.36261],[-123.85012,40.37354]]]},"properties":{"h3":"85280287fffffff","sunshine":[5.8,7.3,8.1,10.2,12,13.6,14,12.9,11.3,9.2,7.3,5.2]}},{"type":"Feature","geometry":{"type":"Polygon","coordinates":[[[-117.76965,38.75681],[-117.71154,38.83755],[-117.77206,38.91378],[-117.89072,38.90921],[-117.94869,38.82846],[-117.88813,38.75228],[-117.76965,38.75681]]]},"properties":{"h3":"85298e27fffffff","sunshine":[8.3,9.3,10.4,11.8,12.7,13.6,13.6,12.9,11.7,10.4,9,7.8]}},{"type":"Feature","geometry":{"type":"Polygon","coordinates":[[[-116.68118,34.79518],[-116.62411,34.87752],[-116.68191,34.95726],[-116.79681,34.9546],[-116.85375,34.87223],[-116.79591,34.79255],[-116.68118,34.79518]]]},"properties":{"h3":"8529a3cbfffffff","sunshine":[8.8,9.9,11,12.1,13.2,13.7,13.5,12.6,11.7,10.7,9.7,8.4]}},{"type":"Feature","geometry":{"type":"Polygon","coordinates":[[[-115.64139,35.78566],[-115.58281,35.86723],[-115.6406,35.94699],[-115.75701,35.94512],[-115.81546,35.86352],[-115.75763,35.78382],[-115.64139,35.78566]]]},"properties":{"h3":"85298447fffffff","sunshine":[8.6,9.6,10.7,12.3,13.1,13.7,13.3,12.6,11.7,10.7,9.5,8.1]}},{"type":"Feature","geometry":{"type":"Polygon","coordinates":[[[-124.30333,39.48677],[-124.2521,39.56864],[-124.31547,39.63941],[-124.43005,39.62827],[-124.48109,39.54642],[-124.41774,39.47569],[-124.30333,39.48677]]]},"properties":{"h3":"8528046bfffffff","sunshine":[6.4,8.1,8.8,11,12.3,13.3,13.2,12.1,11.1,9.1,7.8,6]}},{"type":"Feature","geometry":{"type":"Polygon","coordinates":[[[-121.43079,41.33889],[-121.37521,41.41908],[-121.43888,41.49046],[-121.55814,41.48159],[-121.61355,41.4014],[-121.54987,41.33007],[-121.43079,41.33889]]]},"properties":{"h3":"8528102ffffffff","sunshine":[6.3,8.1,8.6,11,12.5,13.7,14,13.1,11.5,9.5,7.4,5.7]}},{"type":"Feature","geometry":{"type":"Polygon","coordinates":[[[-122.94155,39.91794],[-122.8885,39.99934],[-122.95176,40.07082],[-123.06807,40.06085],[-123.12095,39.97945],[-123.05769,39.90802],[-122.94155,39.91794]]]},"properties":{"h3":"8528064ffffffff","sunshine":[6.3,8.1,8.7,10.9,12.5,13.9,14.2,13,11.7,9.6,7.8,5.8]}},{"type":"Feature","geometry":{"type":"Polygon","coordinates":[[[-124.67107,41.80896],[-124.61905,41.88951],[-124.68404,41.95791],[-124.80101,41.9457],[-124.85283,41.86516],[-124.78787,41.79681],[-124.67107,41.80896]]]},"properties":{"h3":"85281dd7fffffff","sunshine":[5.7,7.3,8.4,10.1,12,13.2,13.6,12.2,10.6,8.3,6.8,5.1]}},{"type":"Feature","geometry":{"type":"Polygon","coordinates":[[[-120.86371,36.86652],[-120.8099,36.94906],[-120.87063,37.02456],[-120.98518,37.01745],[-121.03884,36.9349],[-120.9781,36.85946],[-120.86371,36.86652]]]},"properties":{"h3":"8529a977fffffff","sunshine":[7.7,9.2,9.9,11.6,13.3,13.8,13.8,13,11.8,10.4,8.9,7.3]}},{"type":"Feature","geometry":{"type":"Polygon","coordinates":[[[-121.86552,39.54082],[-121.81142,39.62221],[-121.8741,39.69484],[-121.99087,39.68602],[-122.0448,39.60463],[-121.98212,39.53205],[-121.86552,39.54082]]]},"properties":{"h3":"8528337bfffffff","sunshine":[6.5,8.5,9,11.3,13,13.8,14,13,11.7,9.8,8.1,6]}},{"type":"Feature","geometry":{"type":"Polygon","coordinates":[[[-114.96097,34.16989],[-114.90261,34.25192],[-114.95919,34.33308],[-115.07418,34.33215],[-115.13242,34.25009],[-115.07579,34.16899],[-114.96097,34.16989]]]},"properties":{"h3":"8529b53bfffffff","sunshine":[9.1,9.9,11,12.4,13.1,13.7,13.2,12.6,11.6,10.7,9.7,8.4]}},{"type":"Feature","geometry":{"type":"Polygon","coordinates":[[[-115.98855,36.5842],[-115.92987,36.66551],[-115.98827,36.74452],[-116.10539,36.74216],[-116.16394,36.66083],[-116.1055,36.58187],[-115.98855,36.5842]]]},"properties":{"h3":"85298013fffffff","sunshine":[8.7,9.7,10.7,12.1,13.1,13.8,13.5,12.8,11.7,10.6,9.4,8.1]}},{"type":"Feature","geometry":{"type":"Polygon","coordinates":[[[-118.97001,37.20569],[-118.914,37.28761],[-118.97417,37.3642],[-119.09038,37.35881],[-119.14625,37.27687],[-119.08605,37.20034],[-118.97001,37.20569]]]},"properties":{"h3":"8529ab5bfffffff","sunshine":[7.9,8.8,9.9,11.6,13,13.6,13.7,13,11.8,10.6,8.9,7.6]}},{"type":"Feature","geometry":{"type":"Polygon","coordinates":[[[-121.71129,39.93859],[-121.6568,40.01972],[-121.71968,40.09213],[-121.83704,40.08336],[-121.89135,40.00222],[-121.82847,39.92987],[-121.71129,39.93859]]]},"properties":{"h3":"852815dbfffffff","sunshine":[6.4,8.1,8.6,11,12.8,13.8,14,13,11.7,9.7,7.8,5.9]}},{"type":"Feature","geometry":{"type":"Polygon","coordinates":[[[-118.05396,34.75669],[-117.99827,34.83944],[-118.05669,34.91831],[-118.17084,34.91438],[-118.22639,34.83162],[-118.16794,34.7528],[-118.05396,34.75669]]]},"properties":{"h3":"8529a17bfffffff","sunshine":[8.7,9.7,10.8,12.1,13.4,13.8,13.8,12.8,11.8,10.8,9.6,8.2]}},{"type":"Feature","geometry":{"type":"Polygon","coordinates":[[[-123.34353,40.64914],[-123.29055,40.73019],[-123.3544,40.80071],[-123.47122,40.79013],[-123.52402,40.70909],[-123.46017,40.63862],[-123.34353,40.64914]]]},"properties":{"h3":"8528021bfffffff","sunshine":[5.8,7.5,8.1,10.4,12,13.7,14.1,13.1,11.4,9.3,7.4,5.2]}},{"type":"Feature","geometry":{"type":"Polygon","coordinates":[[[-120.04586,38.09931],[-119.99052,38.18107],[-120.05165,38.25622],[-120.16815,38.24956],[-120.22333,38.1678],[-120.16218,38.0927],[-120.04586,38.09931]]]},"properties":{"h3":"85298dbbfffffff","sunshine":[7.3,8.3,9,11.1,12.7,13.5,13.8,13.1,11.6,10.2,8.4,6.9]}},{"type":"Feature","geometry":{"type":"Polygon","coordinates":[[[-117.86199,33.38167],[-117.80679,33.46485],[-117.86442,33.54467],[-117.97727,33.54124],[-118.03234,33.45804],[-117.97468,33.37829],[-117.86199,33.38167]]]},"properties":{"h3":"8529a543fffffff","sunshine":[8.7,9.6,10.6,11.6,12.3,12.9,13.2,12.3,11.3,10.3,9.6,8.3]}},{"type":"Feature","geometry":{"type":"Polygon","coordinates":[[[-114.95022,35.14658],[-114.89134,35.2282],[-114.94841,35.30879],[-115.06442,35.3077],[-115.12318,35.22605],[-115.06606,35.14552],[-114.95022,35.14658]]]},"properties":{"h3":"8529b107fffffff","sunshine":[8.7,9.7,10.8,12.3,13,13.7,13.2,12.6,11.7,10.7,9.6,8.1]}},{"type":"Feature","geometry":{"type":"Polygon","coordinates":[[[-123.57009,38.9369],[-123.51828,39.01895],[-123.58111,39.09077],[-123.69574,39.08049],[-123.74737,38.99845],[-123.68455,38.92668],[-123.57009,38.9369]]]},"properties":{"h3":"8528312bfffffff","sunshine":[6.4,8.3,8.9,11,12.3,13.5,13.5,12.6,11.5,9.4,8,6]}},{"type":"Feature","geometry":{"type":"Polygon","coordinates":[[[-123.03453,41.28552],[-122.98084,41.36611],[-123.04502,41.43629],[-123.16287,41.42584],[-123.21638,41.34525],[-123.15221,41.27512],[-123.03453,41.28552]]]},"properties":{"h3":"852811a7fffffff","sunshine":[5.9,7.6,8.4,10.6,12.3,13.7,14.2,13.1,11.5,9.2,7.3,5.3]}},{"type":"Feature","geometry":{"type":"Polygon","coordinates":[[[-120.59744,34.56398],[-120.54448,34.64738],[-120.60383,34.72464],[-120.71616,34.71843],[-120.76897,34.63502],[-120.70961,34.55783],[-120.59744,34.56398]]]},"properties":{"h3":"85291373fffffff","sunshine":[8.2,9.5,10.3,11.6,12.6,12.9,13,12.1,11.4,10.4,9.3,8.2]}},{"type":"Feature","geometry":{"type":"Polygon","coordinates":[[[-120.682,36.63938],[-120.6281,36.72199],[-120.68864,36.79778],[-120.80308,36.7909],[-120.85682,36.70829],[-120.79627,36.63256],[-120.682,36.63938]]]},"properties":{"h3":"8529a90bfffffff","sunshine":[7.9,9.3,10,11.7,13.3,13.8,13.9,13,11.8,10.4,9,7.5]}},{"type":"Feature","geometry":{"type":"Polygon","coordinates":[[[-122.20594,39.36009],[-122.15233,39.44166],[-122.21501,39.51418],[-122.33129,39.50509],[-122.38473,39.42352],[-122.32205,39.35105],[-122.20594,39.36009]]]},"properties":{"h3":"8528330ffffffff","sunshine":[6.6,8.5,9.1,11.4,13,13.8,14,13,11.7,9.8,8.1,6.1]}},{"type":"Feature","geometry":{"type":"Polygon","coordinates":[[[-120.08088,39.0376],[-120.02506,39.11886],[-120.08677,39.19323],[-120.20431,39.1863],[-120.25996,39.10504],[-120.19823,39.03072],[-120.08088,39.0376]]]},"properties":{"h3":"85298987fffffff","sunshine":[7.3,8.4,9.4,11.5,12.8,13.6,13.8,13.1,11.7,10,8.3,6.7]}},{"type":"Feature","geometry":{"type":"Polygon","coordinates":[[[-121.08804,41.66781],[-121.03187,41.74769],[-121.09563,41.81903],[-121.21557,41.81042],[-121.27156,41.73053],[-121.20779,41.65925],[-121.08804,41.66781]]]},"properties":{"h3":"8528138bfffffff","sunshine":[6.6,8,8.9,11,12.3,13.6,13.9,13.1,11.4,9.4,7.4,5.7]}},{"type":"Feature","geometry":{"type":"Polygon","coordinates":[[[-122.1164,40.82895],[-122.06189,40.90963],[-122.12547,40.98094],[-122.24356,40.97153],[-122.29789,40.89084],[-122.23431,40.81958],[-122.1164,40.82895]]]},"properties":{"h3":"8528156ffffffff","sunshine":[5.8,7.9,8.2,10.9,12.5,13.9,14.1,13.1,11.6,9.5,7.4,5.4]}},{"type":"Feature","geometry":{"type":"Polygon","coordinates":[[[-118.39247,34.58304],[-118.33721,34.66595],[-118.39569,34.74471],[-118.50946,34.7405],[-118.56459,34.65758],[-118.50608,34.57888],[-118.39247,34.58304]]]},"properties":{"h3":"8529a10ffffffff","sunshine":[8.3,9.4,10.2,11.9,13.1,13.7,13.8,12.8,11.7,10.6,9.5,8]}},{"type":"Feature","geometry":{"type":"Polygon","coordinates":[[[-117.2175,36.95373],[-117.15983,37.03527],[-117.21906,37.11322],[-117.33599,37.10959],[-117.39353,37.02804],[-117.33427,36.95013],[-117.2175,36.95373]]]},"properties":{"h3":"8529818bfffffff","sunshine":[8.7,9.6,10.6,12.2,13.2,13.8,13.7,12.9,11.7,10.6,9.4,8.2]}},{"type":"Feature","geometry":{"type":"Polygon","coordinates":[[[-119.24055,34.46862],[-119.18622,34.55177],[-119.245,34.63003],[-119.35814,34.62508],[-119.41233,34.54192],[-119.35353,34.46372],[-119.24055,34.46862]]]},"properties":{"h3":"8529acd3fffffff","sunshine":[8.3,9.5,10.4,12,13.3,13.7,13.8,12.9,11.8,10.7,9.5,8.2]}},{"type":"Feature","geometry":{"type":"Polygon","coordinates":[[[-120.70867,37.27183],[-120.65448,37.35415],[-120.71538,37.42946],[-120.83049,37.42238],[-120.88452,37.34005],[-120.82361,37.2648],[-120.70867,37.27183]]]},"properties":{"h3":"852836d7fffffff","sunshine":[7.1,8.9,9.7,11.4,13.2,13.7,13.9,13,11.7,10.3,8.6,6.8]}},{"type":"Feature","geometry":{"type":"Polygon","coordinates":[[[-119.182,38.53805],[-119.12549,38.61934],[-119.18652,38.69477],[-119.30409,38.68885],[-119.36044,38.60754],[-119.29938,38.53217],[-119.182,38.53805]]]},"properties":{"h3":"85298d4ffffffff","sunshine":[8.3,9.5,10.7,12.1,12.9,13.5,13.6,13,11.7,10.4,9.1,7.8]}},{"type":"Feature","geometry":{"type":"Polygon","coordinates":[[[-119.0942,35.3619],[-119.03926,35.44468],[-119.09846,35.52247],[-119.21262,35.51743],[-119.26741,35.43463],[-119.20819,35.3569],[-119.0942,35.3619]]]},"properties":{"h3":"8529aeb7fffffff","sunshine":[8,9.4,10.4,11.8,13.2,13.8,13.8,12.9,11.8,10.6,9.2,7.7]}},{"type":"Feature","geometry":{"type":"Polygon","coordinates":[[[-117.00704,32.33915],[-116.95152,32.42241],[-117.00822,32.50332],[-117.12049,32.50089],[-117.17589,32.41761],[-117.11914,32.33676],[-117.00704,32.33915]]]},"properties":{"h3":"8529a4d7fffffff","sunshine":[8.7,9.4,10.4,11.1,11.4,12.4,12.7,11.9,10.9,10.2,9.5,8.3]}},{"type":"Feature","geometry":{"type":"Polygon","coordinates":[[[-116.68713,36.08704],[-116.6294,36.16882],[-116.68788,36.24773],[-116.80414,36.24479],[-116.86175,36.16298],[-116.80322,36.08414],[-116.68713,36.08704]]]},"properties":{"h3":"85298553fffffff","sunshine":[8.7,9.7,10.9,12.1,13.2,13.8,13.6,12.8,11.7,10.6,9.5,8.3]}},{"type":"Feature","geometry":{"type":"Polygon","coordinates":[[[-116.33436,33.17199],[-116.27779,33.25482],[-116.33458,33.3357],[-116.44799,33.3337],[-116.50444,33.25085],[-116.4476,33.17002],[-116.33436,33.17199]]]},"properties":{"h3":"8529a6bbfffffff","sunshine":[9.1,9.9,11.2,12.2,13.2,13.7,13.5,12.7,11.6,10.8,9.8,8.5]}},{"type":"Feature","geometry":{"type":"Polygon","coordinates":[[[-122.5181,41.55733],[-122.46365,41.63763],[-122.52784,41.70797],[-122.64648,41.69796],[-122.70075,41.61766],[-122.63656,41.54737],[-122.5181,41.55733]]]},"properties":{"h3":"8528113bfffffff","sunshine":[6.6,8,9.1,11.1,12.4,13.7,14.1,13.1,11.5,9.3,7.6,5.5]}},{"type":"Feature","geometry":{"type":"Polygon","coordinates":[[[-120.92683,34.38457],[-120.87431,34.46809],[-120.93368,34.54522],[-121.04559,34.53878],[-121.09796,34.45525],[-121.03858,34.37817],[-120.92683,34.38457]]]},"properties":{"h3":"85291307fffffff","sunshine":[8.2,9.5,10.3,11.5,12.5,12.8,12.7,11.7,11.4,10.3,9.3,8.1]}},{"type":"Feature","geometry":{"type":"Polygon","coordinates":[[[-121.46719,38.63677],[-121.41313,38.71857],[-121.47511,38.79225],[-121.59117,38.78407],[-121.64506,38.70227],[-121.58307,38.62864],[-121.46719,38.63677]]]},"properties":{"h3":"852832a3fffffff","sunshine":[6.5,8.5,9.3,11.3,13,13.7,13.9,13.1,11.6,9.9,8.1,6.1]}},{"type":"Feature","geometry":{"type":"Polygon","coordinates":[[[-122.39538,36.68374],[-122.34335,36.76666],[-122.40449,36.84115],[-122.51765,36.83267],[-122.56951,36.74975],[-122.50838,36.67532],[-122.39538,36.68374]]]},"properties":{"h3":"85283487fffffff","sunshine":[7.5,9,9.3,11,11.9,12.3,12,11.2,10.9,9.7,8.7,7.2]}},{"type":"Feature","geometry":{"type":"Polygon","coordinates":[[[-118.5998,36.26516],[-118.5439,36.34743],[-118.60338,36.42495],[-118.7188,36.42014],[-118.77456,36.33786],[-118.71505,36.2604],[-118.5998,36.26516]]]},"properties":{"h3":"8529aa83fffffff","sunshine":[8.1,9,10.2,11.9,13.2,13.7,13.8,13,11.8,10.6,9.2,7.9]}},{"type":"Feature","geometry":{"type":"Polygon","coordinates":[[[-122.26078,40.28129],[-122.20674,40.36234],[-122.27001,40.43403],[-122.38733,40.42462],[-122.4412,40.34357],[-122.37792,40.27193],[-122.26078,40.28129]]]},"properties":{"h3":"85281503fffffff","sunshine":[6.1,8.2,8.7,11.1,12.7,13.8,14,13,11.6,9.6,7.7,5.7]}},{"type":"Feature","geometry":{"type":"Polygon","coordinates":[[[-117.69831,33.79392],[-117.64275,33.87693],[-117.70051,33.95661],[-117.81387,33.95323],[-117.8693,33.87021],[-117.8115,33.79059],[-117.69831,33.79392]]]},"properties":{"h3":"8529a0a3fffffff","sunshine":[8.5,9.4,10.4,11.4,12.1,13.2,13.6,12.5,11.4,10.3,9.5,8.1]}},{"type":"Feature","geometry":{"type":"Polygon","coordinates":[[[-120.57189,38.14706],[-120.51709,38.22892],[-120.57846,38.30366],[-120.69463,38.29647],[-120.74927,38.21461],[-120.68789,38.13993],[-120.57189,38.14706]]]},"properties":{"h3":"8528366bfffffff","sunshine":[7.1,8.4,9.2,11.2,12.9,13.6,13.8,13.1,11.7,10.1,8.3,6.9]}},{"type":"Feature","geometry":{"type":"Polygon","coordinates":[[[-119.60905,35.41878],[-119.55463,35.50166],[-119.61407,35.57906],[-119.72796,35.57352],[-119.78224,35.49063],[-119.72278,35.41329],[-119.60905,35.41878]]]},"properties":{"h3":"8529ac67fffffff","sunshine":[8,9.5,10.5,11.9,13.3,13.8,13.8,12.9,11.8,10.7,9.2,7.9]}},{"type":"Feature","geometry":{"type":"Polygon","coordinates":[[[-116.33572,34.15207],[-116.27865,34.23456],[-116.33595,34.3149],[-116.45035,34.31269],[-116.50729,34.23018],[-116.44995,34.1499],[-116.33572,34.15207]]]},"properties":{"h3":"8529a287fffffff","sunshine":[8.9,9.9,11.1,12.2,13.3,13.7,13.5,12.7,11.7,10.8,9.8,8.4]}},{"type":"Feature","geometry":{"type":"Polygon","coordinates":[[[-117.72515,35.73569],[-117.66863,35.81795],[-117.72743,35.89641],[-117.84279,35.89256],[-117.89917,35.81029],[-117.84034,35.73188],[-117.72515,35.73569]]]},"properties":{"h3":"8529ae4bfffffff","sunshine":[8.7,9.8,11,12.2,13.4,13.9,13.8,12.9,11.8,10.7,9.6,8.5]}},{"type":"Feature","geometry":{"type":"Polygon","coordinates":[[[-117.05201,38.15066],[-116.99351,38.23151],[-117.05333,38.30869],[-117.17168,38.30497],[-117.23004,38.2241],[-117.17019,38.14697],[-117.05201,38.15066]]]},"properties":{"h3":"85298ec7fffffff","sunshine":[8.5,9.4,10.5,12,13,13.7,13.6,12.9,11.7,10.5,9.2,8]}},{"type":"Feature","geometry":{"type":"Polygon","coordinates":[[[-116.84401,33.24413],[-116.78789,33.32708],[-116.84497,33.40762],[-116.95821,33.40514],[-117.01421,33.32217],[-116.95709,33.24169],[-116.84401,33.24413]]]},"properties":{"h3":"8529a46bfffffff","sunshine":[8.4,9.3,10.3,11.5,12.4,13.6,13.5,12.7,11.4,10.5,9.5,8]}},{"type":"Feature","geometry":{"type":"Polygon","coordinates":[[[-115.48087,33.59309],[-115.42329,33.67551],[-115.47986,33.75668],[-115.59406,33.75538],[-115.65152,33.67293],[-115.5949,33.59182],[-115.48087,33.59309]]]},"properties":{"h3":"8529a64ffffffff","sunshine":[9.1,10,11.1,12.4,13.1,13.7,13.3,12.7,11.6,10.8,9.8,8.4]}},{"type":"Feature","geometry":{"type":"Polygon","coordinates":[[[-121.61254,38.07895],[-121.55893,38.16107],[-121.62063,38.23509],[-121.73595,38.22693],[-121.78939,38.1448],[-121.72769,38.07084],[-121.61254,38.07895]]]},"properties":{"h3":"85283053fffffff","sunshine":[6.5,8.6,9.4,11.3,13.1,13.7,13.8,13,11.7,9.9,8.1,6.1]}},{"type":"Feature","geometry":{"type":"Polygon","coordinates":[[[-120.68634,40.77955],[-120.63023,40.85992],[-120.69326,40.93236],[-120.81241,40.92438],[-120.86836,40.84401],[-120.80532,40.77162],[-120.68634,40.77955]]]},"properties":{"h3":"852810cffffffff","sunshine":[6.9,8.5,9.2,11.3,12.4,13.6,13.9,13.1,11.6,9.7,7.9,6]}},{"type":"Feature","geometry":{"type":"Polygon","coordinates":[[[-123.73887,41.22143],[-123.68605,41.3022],[-123.75039,41.37189],[-123.86754,41.36076],[-123.92017,41.28],[-123.85584,41.21036],[-123.73887,41.22143]]]},"properties":{"h3":"85281c93fffffff","sunshine":[5.6,7,7.9,9.9,11.6,13.3,13.9,13,11.2,9,7,5.1]}},{"type":"Feature","geometry":{"type":"Polygon","coordinates":[[[-121.48306,38.94753],[-121.42885,39.02917],[-121.49103,39.10258],[-121.60743,39.0943],[-121.66147,39.01266],[-121.59928,38.9393],[-121.48306,38.94753]]]},"properties":{"h3":"85283237fffffff","sunshine":[6.5,8.3,9,11.3,12.9,13.7,13.9,13.1,11.6,9.8,8,5.9]}},{"type":"Feature","geometry":{"type":"Polygon","coordinates":[[[-119.97768,36.20091],[-119.92325,36.28355],[-119.98327,36.36016],[-120.09774,36.35407],[-120.15202,36.27141],[-120.09198,36.19487],[-119.97768,36.20091]]]},"properties":{"h3":"8529a833fffffff","sunshine":[7.6,9.3,10.1,11.6,13.1,13.7,13.9,12.9,11.7,10.6,9,7.4]}},{"type":"Feature","geometry":{"type":"Polygon","coordinates":[[[-120.34805,41.26072],[-120.29128,41.34068],[-120.35448,41.41294],[-120.47447,41.40519],[-120.53107,41.32523],[-120.46785,41.25302],[-120.34805,41.26072]]]},"properties":{"h3":"852812b3fffffff","sunshine":[6.9,8.3,9.2,11.2,12.5,13.6,13.8,13.1,11.5,9.6,7.7,5.9]}},{"type":"Feature","geometry":{"type":"Polygon","coordinates":[[[-121.89822,36.9568],[-121.8455,37.03951],[-121.90664,37.11418],[-122.02049,37.10607],[-122.07305,37.02336],[-122.01191,36.94876],[-121.89822,36.9568]]]},"properties":{"h3":"8528341bfffffff","sunshine":[7.4,8.9,9.4,11.1,12.3,12.9,12.9,12.3,11.4,10,8.7,7.2]}},{"type":"Feature","geometry":{"type":"Polygon","coordinates":[[[-118.60697,36.58455],[-118.55091,36.66668],[-118.61057,36.74397],[-118.72633,36.73908],[-118.78225,36.65694],[-118.72256,36.5797],[-118.60697,36.58455]]]},"properties":{"h3":"8529aa17fffffff","sunshine":[8.1,8.9,10.1,11.7,13.1,13.7,13.7,13,11.8,10.6,9.1,7.8]}},{"type":"Feature","geometry":{"type":"Polygon","coordinates":[[[-121.32787,39.34709],[-121.27328,39.42848],[-121.33565,39.50168],[-121.45262,39.49344],[-121.50705,39.41205],[-121.44467,39.3389],[-121.32787,39.34709]]]},"properties":{"h3":"85281497fffffff","sunshine":[6.6,8.1,8.7,11.1,12.9,13.7,13.9,13,11.6,9.8,7.9,6.1]}},{"type":"Feature","geometry":{"type":"Polygon","coordinates":[[[-117.70272,34.11915],[-117.647,34.20204],[-117.70493,34.28153],[-117.81862,34.27807],[-117.8742,34.19516],[-117.81624,34.11573],[-117.70272,34.11915]]]},"properties":{"h3":"8529a037fffffff","sunshine":[8.4,9.2,10.1,11.6,12.7,13.6,13.8,12.8,11.6,10.6,9.5,8.1]}},{"type":"Feature","geometry":{"type":"Polygon","coordinates":[[[-114.28224,33.51818],[-114.22361,33.60022],[-114.27948,33.68212],[-114.39405,33.68194],[-114.45257,33.59987],[-114.39664,33.51801],[-114.28224,33.51818]]]},"properties":{"h3":"8529b5dbfffffff","sunshine":[9,9.8,10.9,12.4,12.9,13.5,12.9,12.6,11.5,10.7,9.6,8.3]}},{"type":"Feature","geometry":{"type":"Polygon","coordinates":[[[-116.51413,36.49268],[-116.45601,36.57422],[-116.51463,36.65295],[-116.63141,36.6501],[-116.6894,36.56855],[-116.63073,36.48986],[-116.51413,36.49268]]]},"properties":{"h3":"852980b3fffffff","sunshine":[8.7,9.7,10.8,12.1,13.2,13.8,13.6,12.8,11.7,10.6,9.4,8.3]}},{"type":"Feature","geometry":{"type":"Polygon","coordinates":[[[-118.46563,38.09878],[-118.40861,38.1801],[-118.46907,38.25637],[-118.58658,38.25126],[-118.64346,38.16992],[-118.58297,38.09371],[-118.46563,38.09878]]]},"properties":{"h3":"85298c77fffffff","sunshine":[8.6,9.7,10.8,12.2,13,13.5,13.6,12.9,11.8,10.6,9.2,8.2]}},{"type":"Feature","geometry":{"type":"Polygon","coordinates":[[[-115.82023,34.40493],[-115.76255,34.48716],[-115.81971,34.56766],[-115.93459,34.56589],[-115.99216,34.48364],[-115.93495,34.40319],[-115.82023,34.40493]]]},"properties":{"h3":"8529a21bfffffff","sunshine":[8.9,9.8,11,12.2,13.2,13.7,13.3,12.6,11.6,10.7,9.7,8.3]}},{"type":"Feature","geometry":{"type":"Polygon","coordinates":[[[-123.8617,40.5252],[-123.80941,40.60641],[-123.87333,40.67663],[-123.98952,40.66559],[-124.04164,40.58439],[-123.97773,40.51422],[-123.8617,40.5252]]]},"properties":{"h3":"852802bbfffffff","sunshine":[5.9,7.3,8.2,10.2,11.9,13.5,13.9,12.9,11.3,9.2,7.4,5.3]}},{"type":"Feature","geometry":{"type":"Polygon","coordinates":[[[-115.6406,35.94699],[-115.58193,36.02849],[-115.6398,36.10814],[-115.75638,36.10625],[-115.81492,36.02472],[-115.75701,35.94512],[-115.6406,35.94699]]]},"properties":{"h3":"8529847bfffffff","sunshine":[8.6,9.6,10.7,12.3,13.1,13.8,13.4,12.7,11.7,10.7,9.5,8.1]}},{"type":"Feature","geometry":{"type":"Polygon","coordinates":[[[-120.89002,41.30114],[-120.83384,41.38122],[-120.89728,41.45304],[-121.01691,41.44473],[-121.07292,41.36464],[-121.00947,41.29288],[-120.89002,41.30114]]]},"properties":{"h3":"85281063fffffff","sunshine":[6.7,8.3,9.1,11.1,12.4,13.6,13.9,13.1,11.6,9.6,7.7,6]}},{"type":"Feature","geometry":{"type":"Polygon","coordinates":[[[-115.47165,35.05983],[-115.41329,35.14167],[-115.47061,35.222],[-115.58632,35.22042],[-115.64455,35.13856],[-115.58719,35.05829],[-115.47165,35.05983]]]},"properties":{"h3":"8529b1a7fffffff","sunshine":[8.8,9.8,10.9,12.3,13.1,13.8,13.3,12.7,11.7,10.7,9.7,8.3]}},{"type":"Feature","geometry":{"type":"Polygon","coordinates":[[[-123.59216,39.24441],[-123.54022,39.3263],[-123.60324,39.39784],[-123.7182,39.38745],[-123.76997,39.30557],[-123.70695,39.23408],[-123.59216,39.24441]]]},"properties":{"h3":"85280683fffffff","sunshine":[6.4,8.2,8.8,11,12.2,13.5,13.5,12.6,11.4,9.5,8,6]}},{"type":"Feature","geometry":{"type":"Polygon","coordinates":[[[-119.91186,34.27641],[-119.85831,34.35977],[-119.91726,34.43769],[-120.02977,34.43218],[-120.08317,34.34881],[-120.02421,34.27096],[-119.91186,34.27641]]]},"properties":{"h3":"8529122ffffffff","sunshine":[8.3,9.5,10.4,11.8,13,13.2,13.5,12.6,11.5,10.6,9.4,8.3]}},{"type":"Feature","geometry":{"type":"Polygon","coordinates":[[[-122.84115,38.37705],[-122.78878,38.45925],[-122.85105,38.5321],[-122.96569,38.52268],[-123.01789,38.44048],[-122.95562,38.36769],[-122.84115,38.37705]]]},"properties":{"h3":"852831cbfffffff","sunshine":[6.8,8.6,9.3,11.3,12.6,13.4,13.2,12.3,11.4,9.4,8.3,6.2]}},{"type":"Feature","geometry":{"type":"Polygon","coordinates":[[[-121.19184,36.5287],[-121.13855,36.61146],[-121.19921,36.68696],[-121.31315,36.67964],[-121.36628,36.59687],[-121.30562,36.52143],[-121.19184,36.5287]]]},"properties":{"h3":"8529a9abfffffff","sunshine":[7.8,9.1,9.7,11.5,13,13.7,13.8,13,11.8,10.4,9,7.4]}},{"type":"Feature","geometry":{"type":"Polygon","coordinates":[[[-122.72272,39.24152],[-122.66976,39.32326],[-122.73253,39.39549],[-122.84825,39.38592],[-122.90103,39.30419],[-122.83827,39.23202],[-122.72272,39.24152]]]},"properties":{"h3":"852833affffffff","sunshine":[6.6,8.4,9,11.3,12.9,13.9,14.1,13,11.8,9.8,8.2,6.1]}},{"type":"Feature","geometry":{"type":"Polygon","coordinates":[[[-121.1941,40.20701],[-121.13888,40.28786],[-121.20174,40.36043],[-121.31982,40.35209],[-121.37487,40.27124],[-121.312,40.19872],[-121.1941,40.20701]]]},"properties":{"h3":"8528142bfffffff","sunshine":[6.4,8.2,8.6,10.9,12.7,13.7,14,13.1,11.6,9.7,7.7,5.8]}},{"type":"Feature","geometry":{"type":"Polygon","coordinates":[[[-114.61168,34.49832],[-114.55283,34.5801],[-114.60938,34.66127],[-114.72483,34.66061],[-114.78357,34.57881],[-114.72696,34.49769],[-114.61168,34.49832]]]},"properties":{"h3":"8529b56ffffffff","sunshine":[8.9,9.8,10.9,12.4,13,13.6,13.1,12.7,11.6,10.7,9.6,8.2]}},{"type":"Feature","geometry":{"type":"Polygon","coordinates":[[[-116.16448,32.43613],[-116.10811,32.51913],[-116.16446,32.6005],[-116.27722,32.5988],[-116.33346,32.51578],[-116.27707,32.43447],[-116.16448,32.43613]]]},"properties":{"h3":"8548593bfffffff","sunshine":[8.9,9.7,10.9,12.2,13.1,13.7,13.4,12.7,11.5,10.8,9.8,8.5]}},{"type":"Feature","geometry":{"type":"Polygon","coordinates":[[[-119.83023,36.92526],[-119.77527,37.00754],[-119.83564,37.08373],[-119.95099,37.07759],[-120.0058,36.9953],[-119.94541,36.91916],[-119.83023,36.92526]]]},"properties":{"h3":"8529ab8ffffffff","sunshine":[7.6,9.1,9.9,11.6,13.2,13.7,13.9,13,11.7,10.5,8.8,7.1]}},{"type":"Feature","geometry":{"type":"Polygon","coordinates":[[[-124.38907,40.55054],[-124.33739,40.63182],[-124.40146,40.7016],[-124.51719,40.69004],[-124.56868,40.60877],[-124.50463,40.53905],[-124.38907,40.55054]]]},"properties":{"h3":"8528006bfffffff","sunshine":[6,7.5,8.4,10.2,11.3,12.4,12.1,11.5,10.6,8.8,7.2,5.4]}},{"type":"Feature","geometry":{"type":"Polygon","coordinates":[[[-118.28474,37.86931],[-118.22765,37.9507],[-118.2879,38.02727],[-118.40526,38.02239],[-118.4622,37.94098],[-118.40192,37.86447],[-118.28474,37.86931]]]},"properties":{"h3":"85298c0bfffffff","sunshine":[8.7,9.7,10.9,12.2,13.1,13.5,13.5,12.9,11.8,10.6,9.3,8.3]}},{"type":"Feature","geometry":{"type":"Polygon","coordinates":[[[-118.90117,34.48272],[-118.84647,34.56579],[-118.90512,34.64427],[-119.01849,34.63963],[-119.07304,34.55655],[-119.01437,34.47812],[-118.90117,34.48272]]]},"properties":{"h3":"8529a1affffffff","sunshine":[8.3,9.5,10.3,11.7,13,13.5,13.8,12.8,11.7,10.6,9.6,8.2]}},{"type":"Feature","geometry":{"type":"Polygon","coordinates":[[[-120.64257,35.68514],[-120.58911,35.76814],[-120.6491,35.84463],[-120.76255,35.83806],[-120.81586,35.75505],[-120.75587,35.67862],[-120.64257,35.68514]]]},"properties":{"h3":"8529ad73fffffff","sunshine":[8,9.3,10.1,11.8,13.3,13.8,13.8,12.9,11.8,10.5,9.1,7.6]}},{"type":"Feature","geometry":{"type":"Polygon","coordinates":[[[-123.01365,40.98325],[-122.9601,41.06403],[-123.02407,41.1345],[-123.14158,41.12416],[-123.19495,41.04338],[-123.13099,40.97296],[-123.01365,40.98325]]]},"properties":{"h3":"8528024ffffffff","sunshine":[6.1,7.8,8.4,10.8,12.4,13.8,14.2,13.1,11.5,9.3,7.4,5.3]}},{"type":"Feature","geometry":{"type":"Polygon","coordinates":[[[-117.36522,34.45362],[-117.309,34.5363],[-117.36695,34.61581],[-117.48116,34.61258],[-117.53725,34.52989],[-117.47926,34.45044],[-117.36522,34.45362]]]},"properties":{"h3":"8529a393fffffff","sunshine":[8.8,9.8,10.9,12.1,13.3,13.8,13.7,12.8,11.8,10.7,9.7,8.4]}},{"type":"Feature","geometry":{"type":"Polygon","coordinates":[[[-115.98995,35.77981],[-115.93171,35.8615],[-115.98967,35.94105],[-116.10593,35.93885],[-116.16405,35.85713],[-116.10604,35.77763],[-115.98995,35.77981]]]},"properties":{"h3":"8529840ffffffff","sunshine":[8.7,9.7,10.8,12.2,13.2,13.7,13.4,12.7,11.6,10.7,9.5,8.2]}},{"type":"Feature","geometry":{"type":"Polygon","coordinates":[[[-118.37332,33.6098],[-118.31852,33.69303],[-118.37649,33.77238],[-118.48928,33.76844],[-118.54394,33.68519],[-118.48595,33.6059],[-118.37332,33.6098]]]},"properties":{"h3":"8529a577fffffff","sunshine":[8.5,9.5,10.5,11.5,12.2,12.6,13.1,12.2,11.3,10.2,9.4,8.1]}},{"type":"Feature","geometry":{"type":"Polygon","coordinates":[[[-114.94841,35.30879],[-114.88944,35.39033],[-114.94659,35.47082],[-115.06277,35.4697],[-115.12163,35.38813],[-115.06442,35.3077],[-114.94841,35.30879]]]},"properties":{"h3":"8529b13bfffffff","sunshine":[8.6,9.7,10.8,12.4,13,13.7,13.2,12.5,11.7,10.7,9.6,8.1]}},{"type":"Feature","geometry":{"type":"Polygon","coordinates":[[[-123.61436,39.55106],[-123.56229,39.63278],[-123.62551,39.70405],[-123.7408,39.69354],[-123.79269,39.61182],[-123.72948,39.54061],[-123.61436,39.55106]]]},"properties":{"h3":"85280617fffffff","sunshine":[6.3,8.2,8.6,11,12.5,13.8,14,12.9,11.6,9.5,7.9,5.9]}},{"type":"Feature","geometry":{"type":"Polygon","coordinates":[[[-121.77056,41.00851],[-121.71555,41.089],[-121.77913,41.16041],[-121.89772,41.15129],[-121.95255,41.0708],[-121.88897,40.99944],[-121.77056,41.00851]]]},"properties":{"h3":"852811dbfffffff","sunshine":[5.9,7.9,8.3,10.8,12.5,13.8,14,13.1,11.6,9.5,7.3,5.4]}},{"type":"Feature","geometry":{"type":"Polygon","coordinates":[[[-121.67798,39.32219],[-121.62379,39.40366],[-121.68627,39.47662],[-121.80294,39.46805],[-121.85696,39.38657],[-121.79447,39.31366],[-121.67798,39.32219]]]},"properties":{"h3":"85283343fffffff","sunshine":[6.7,8.4,8.9,11.2,13,13.8,13.9,13,11.7,9.8,8,6.1]}},{"type":"Feature","geometry":{"type":"Polygon","coordinates":[[[-120.08677,39.19323],[-120.03088,39.2744],[-120.09269,39.34865],[-120.2104,39.34167],[-120.26613,39.26049],[-120.20431,39.1863],[-120.08677,39.19323]]]},"properties":{"h3":"852989bbfffffff","sunshine":[7.2,8.4,9.3,11.4,12.6,13.5,13.8,13.1,11.6,10,8.3,6.5]}},{"type":"Feature","geometry":{"type":"Polygon","coordinates":[[[-114.79169,33.92592],[-114.73331,34.00798],[-114.78967,34.08937],[-114.90447,34.08865],[-114.96274,34.00655],[-114.90633,33.92522],[-114.79169,33.92592]]]},"properties":{"h3":"8529b503fffffff","sunshine":[9,9.8,11,12.4,13,13.6,13.2,12.6,11.5,10.7,9.7,8.4]}},{"type":"Feature","geometry":{"type":"Polygon","coordinates":[[[-120.02286,37.46964],[-119.96783,37.55171],[-120.02859,37.62736],[-120.1444,37.62089],[-120.19928,37.53881],[-120.1385,37.46321],[-120.02286,37.46964]]]},"properties":{"h3":"8529ab23fffffff","sunshine":[7.6,8.7,9.5,11.4,13.1,13.6,13.8,13,11.7,10.3,8.7,7.2]}},{"type":"Feature","geometry":{"type":"Polygon","coordinates":[[[-122.78207,40.16196],[-122.7287,40.24319],[-122.79207,40.31458],[-122.9088,40.30469],[-122.962,40.22347],[-122.89863,40.15213],[-122.78207,40.16196]]]},"properties":{"h3":"852815a3fffffff","sunshine":[6.4,8.3,8.9,11.2,12.7,13.9,14.1,13.1,11.7,9.7,7.9,5.8]}},{"type":"Feature","geometry":{"type":"Polygon","coordinates":[[[-117.87914,34.51949],[-117.82339,34.60229],[-117.88162,34.68142],[-117.99562,34.67771],[-118.05123,34.5949],[-117.99297,34.51582],[-117.87914,34.51949]]]},"properties":{"h3":"8529a143fffffff","sunshine":[8.8,9.8,10.9,12.1,13.4,13.8,13.8,12.8,11.8,10.8,9.7,8.3]}},{"type":"Feature","geometry":{"type":"Polygon","coordinates":[[[-120.9752,35.50578],[-120.92218,35.58891],[-120.98218,35.66528],[-121.09521,35.65846],[-121.14807,35.57532],[-121.08806,35.49901],[-120.9752,35.50578]]]},"properties":{"h3":"8529ad07fffffff","sunshine":[8,9.2,9.9,11.6,12.9,13.3,13.3,12.6,11.6,10.4,9.1,7.7]}},{"type":"Feature","geometry":{"type":"Polygon","coordinates":[[[-119.86295,37.87317],[-119.80753,37.955],[-119.86845,38.03046],[-119.98482,38.02403],[-120.04009,37.9422],[-119.97914,37.86679],[-119.86295,37.87317]]]},"properties":{"h3":"85298d83fffffff","sunshine":[7.4,8.5,9.1,11.2,12.8,13.6,13.8,13.1,11.6,10.3,8.5,7]}},{"type":"Feature","geometry":{"type":"Polygon","coordinates":[[[-117.72061,35.41372],[-117.66426,35.49611],[-117.72288,35.57479],[-117.8379,35.57102],[-117.89412,35.48861],[-117.83546,35.40998],[-117.72061,35.41372]]]},"properties":{"h3":"8529a327fffffff","sunshine":[8.6,9.8,11,12.1,13.4,13.9,13.8,12.9,11.8,10.7,9.6,8.4]}},{"type":"Feature","geometry":{"type":"Polygon","coordinates":[[[-116.51816,37.76944],[-116.45935,37.85032],[-116.51868,37.92814],[-116.63686,37.92503],[-116.69555,37.84413],[-116.63617,37.76636],[-116.51816,37.76944]]]},"properties":{"h3":"852983a3fffffff","sunshine":[8.5,9.4,10.4,12.1,13,13.8,13.5,12.8,11.7,10.6,9.2,8]}},{"type":"Feature","geometry":{"type":"Polygon","coordinates":[[[-124.59405,40.91024],[-124.54243,40.99134],[-124.60679,41.06062],[-124.72275,41.04876],[-124.77418,40.96767],[-124.70984,40.89844],[-124.59405,40.91024]]]},"properties":{"h3":"852803c7fffffff","sunshine":[6,7.6,8.5,10.4,11.8,13,13,11.6,10.6,8.5,7.1,5.4]}},{"type":"Feature","geometry":{"type":"Polygon","coordinates":[[[-117.55327,35.82162],[-117.49653,35.90379],[-117.55529,35.98231],[-117.67083,35.9786],[-117.72743,35.89641],[-117.66863,35.81795],[-117.55327,35.82162]]]},"properties":{"h3":"85298587fffffff","sunshine":[8.7,9.8,11,12.2,13.4,13.8,13.7,12.9,11.8,10.7,9.6,8.5]}},{"type":"Feature","geometry":{"type":"Polygon","coordinates":[[[-122.18049,41.88787],[-122.12546,41.96787],[-122.18976,42.03817],[-122.30909,42.0284],[-122.36395,41.94839],[-122.29965,41.87815],[-122.18049,41.88787]]]},"properties":{"h3":"8528116ffffffff","sunshine":[6.6,7.9,9,10.8,12.3,13.7,14.1,13.1,11.4,9.3,7.3,5.6]}},{"type":"Feature","geometry":{"type":"Polygon","coordinates":[[[-120.93368,34.54522],[-120.88109,34.6287],[-120.94055,34.70572],[-121.05262,34.69922],[-121.10506,34.61574],[-121.04559,34.53878],[-120.93368,34.54522]]]},"properties":{"h3":"8529133bfffffff","sunshine":[8.2,9.6,10.3,11.6,12.6,13,12.8,11.9,11.4,10.3,9.3,8.1]}},{"type":"Feature","geometry":{"type":"Polygon","coordinates":[[[-120.75611,38.37103],[-120.7014,38.45281],[-120.76297,38.52723],[-120.87926,38.51981],[-120.93381,38.43802],[-120.87223,38.36366],[-120.75611,38.37103]]]},"properties":{"h3":"852832d7fffffff","sunshine":[7,8.4,9.2,11.1,12.9,13.6,13.8,13.1,11.6,10,8.3,6.7]}},{"type":"Feature","geometry":{"type":"Polygon","coordinates":[[[-119.27193,35.59505],[-119.21707,35.67778],[-119.27647,35.75529],[-119.39076,35.75002],[-119.44548,35.66728],[-119.38606,35.58982],[-119.27193,35.59505]]]},"properties":{"h3":"8529a8d3fffffff","sunshine":[7.8,9.5,10.4,11.8,13.2,13.8,13.9,12.9,11.8,10.6,9.2,7.5]}},{"type":"Feature","geometry":{"type":"Polygon","coordinates":[[[-120.55807,41.93187],[-120.50115,42.01142],[-120.56488,42.08291],[-120.68554,42.07478],[-120.74229,41.99522],[-120.67855,41.92378],[-120.55807,41.93187]]]},"properties":{"h3":"85281353fffffff","sunshine":[6.5,7.9,9,11,12.4,13.6,13.9,13.1,11.4,9.5,7.2,5.5]}},{"type":"Feature","geometry":{"type":"Polygon","coordinates":[[[-122.40449,36.84115],[-122.35239,36.92399],[-122.41363,36.99836],[-122.52695,36.98983],[-122.57888,36.90698],[-122.51765,36.83267],[-122.40449,36.84115]]]},"properties":{"h3":"852834bbfffffff","sunshine":[7.5,9,9.4,11.1,12,12.5,12.2,11.4,11,9.7,8.7,7.1]}},{"type":"Feature","geometry":{"type":"Polygon","coordinates":[[[-119.12434,36.48219],[-119.06886,36.5645],[-119.12869,36.64151],[-119.24402,36.63615],[-119.29935,36.55383],[-119.2395,36.47688],[-119.12434,36.48219]]]},"properties":{"h3":"8529aab7fffffff","sunshine":[7.8,9.1,10,11.6,13.2,13.8,13.9,12.9,11.8,10.6,9,7.5]}},{"type":"Feature","geometry":{"type":"Polygon","coordinates":[[[-122.80209,40.46696],[-122.74858,40.54801],[-122.81215,40.61912],[-122.92923,40.60913],[-122.98256,40.52808],[-122.919,40.45702],[-122.80209,40.46696]]]},"properties":{"h3":"85281537fffffff","sunshine":[6.1,8.1,8.6,11,12.6,13.9,14.1,13,11.6,9.5,7.7,5.6]}},{"type":"Feature","geometry":{"type":"Polygon","coordinates":[[[-117.01542,33.48552],[-116.95934,33.56844],[-117.01663,33.64873],[-117.13003,33.64605],[-117.18597,33.56311],[-117.12865,33.48287],[-117.01542,33.48552]]]},"properties":{"h3":"8529a0d7fffffff","sunshine":[8.5,9.5,10.5,11.4,12.3,13.4,13.6,12.6,11.4,10.5,9.6,8]}},{"type":"Feature","geometry":{"type":"Polygon","coordinates":[[[-116.69245,37.20791],[-116.63412,37.28915],[-116.69322,37.36727],[-116.8107,37.3641],[-116.8689,37.28284],[-116.80976,37.20478],[-116.69245,37.20791]]]},"properties":{"h3":"85298153fffffff","sunshine":[8.6,9.5,10.6,12.1,13.1,13.8,13.6,12.9,11.7,10.6,9.3,8.1]}},{"type":"Feature","geometry":{"type":"Polygon","coordinates":[[[-119.57926,34.45361],[-119.52528,34.53684],[-119.58419,34.61488],[-119.6971,34.60962],[-119.75093,34.52638],[-119.692,34.4484],[-119.57926,34.45361]]]},"properties":{"h3":"8529ac9bfffffff","sunshine":[8.3,9.5,10.4,11.9,13.2,13.5,13.8,12.8,11.7,10.6,9.5,8.3]}},{"type":"Feature","geometry":{"type":"Polygon","coordinates":[[[-119.87398,38.18754],[-119.81841,38.2692],[-119.87952,38.34441],[-119.99623,38.3379],[-120.05165,38.25622],[-119.99052,38.18107],[-119.87398,38.18754]]]},"properties":{"h3":"85298d17fffffff","sunshine":[7.3,8.2,9,11.1,12.5,13.5,13.8,13.1,11.6,10.2,8.4,6.9]}},{"type":"Feature","geometry":{"type":"Polygon","coordinates":[[[-116.33595,34.3149],[-116.2788,34.39732],[-116.33618,34.47756],[-116.45074,34.47532],[-116.50777,34.39288],[-116.45035,34.31269],[-116.33595,34.3149]]]},"properties":{"h3":"8529a2bbfffffff","sunshine":[8.9,9.9,11.1,12.2,13.3,13.7,13.5,12.7,11.7,10.8,9.8,8.4]}},{"type":"Feature","geometry":{"type":"Polygon","coordinates":[[[-116.51919,38.08663],[-116.4602,38.16733],[-116.5197,38.24491],[-116.63825,38.24173],[-116.69711,38.16101],[-116.63756,38.08348],[-116.51919,38.08663]]]},"properties":{"h3":"85298337fffffff","sunshine":[8.4,9.4,10.5,12,12.9,13.7,13.5,12.8,11.6,10.5,9.1,8]}},{"type":"Feature","geometry":{"type":"Polygon","coordinates":[[[-124.08942,41.18789],[-124.03704,41.26874],[-124.10146,41.33818],[-124.21823,41.32672],[-124.27043,41.24588],[-124.20603,41.17649],[-124.08942,41.18789]]]},"properties":{"h3":"8528035bfffffff","sunshine":[5.9,7.4,8.3,10.3,11.9,13.2,13.5,12.6,11.1,9,7.2,5.3]}},{"type":"Feature","geometry":{"type":"Polygon","coordinates":[[[-117.03522,36.078],[-116.97783,36.1599],[-117.03649,36.23859],[-117.15257,36.23532],[-117.20982,36.1534],[-117.15113,36.07477],[-117.03522,36.078]]]},"properties":{"h3":"8529851bfffffff","sunshine":[8.7,9.7,11,12.2,13.2,13.8,13.7,12.8,11.7,10.7,9.5,8.2]}},{"type":"Feature","geometry":{"type":"Polygon","coordinates":[[[-121.49394,35.71336],[-121.44139,35.79651],[-121.50169,35.87236],[-121.61454,35.865],[-121.66693,35.78185],[-121.60663,35.70605],[-121.49394,35.71336]]]},"properties":{"h3":"85291acbfffffff","sunshine":[7.9,9.2,9.9,11.6,12.7,12.8,12.4,11.6,11.3,10.1,9.1,7.6]}},{"type":"Feature","geometry":{"type":"Polygon","coordinates":[[[-122.45972,37.78155],[-122.40722,37.86398],[-122.46902,37.93759],[-122.58332,37.92871],[-122.63565,37.84628],[-122.57385,37.77273],[-122.45972,37.78155]]]},"properties":{"h3":"85283087fffffff","sunshine":[7,8.7,9.3,11.4,12.7,13.4,13.2,12.3,11.6,9.7,8.4,6.4]}},{"type":"Feature","geometry":{"type":"Polygon","coordinates":[[[-116.16442,32.92885],[-116.10781,33.0117],[-116.1644,33.09281],[-116.27764,33.09102],[-116.33413,33.00814],[-116.2775,32.92708],[-116.16442,32.92885]]]},"properties":{"h3":"8529a683fffffff","sunshine":[9,9.8,11,12.2,13.2,13.7,13.4,12.7,11.5,10.8,9.8,8.5]}},{"type":"Feature","geometry":{"type":"Polygon","coordinates":[[[-122.32603,41.34553],[-122.27148,41.42593],[-122.33546,41.49661],[-122.45401,41.48685],[-122.50838,41.40645],[-122.44439,41.33581],[-122.32603,41.34553]]]},"properties":{"h3":"85281103fffffff","sunshine":[6.5,8.1,9,11.2,12.5,13.8,14.1,13.1,11.5,9.4,7.7,5.6]}},{"type":"Feature","geometry":{"type":"Polygon","coordinates":[[[-123.40928,41.55497],[-123.35589,41.63546],[-123.42035,41.7051],[-123.53821,41.6942],[-123.59141,41.61371],[-123.52696,41.54412],[-123.40928,41.55497]]]},"properties":{"h3":"85281cc7fffffff","sunshine":[5.7,7.3,8.2,10.1,12.1,13.7,14.2,13.1,11.4,9.1,7,5.1]}},{"type":"Feature","geometry":{"type":"Polygon","coordinates":[[[-120.61831,39.23877],[-120.56298,39.32005],[-120.62502,39.39387],[-120.7424,39.38635],[-120.79757,39.30507],[-120.73551,39.23131],[-120.61831,39.23877]]]},"properties":{"h3":"8528326bfffffff","sunshine":[6.7,7.8,8.4,10.8,12.4,13.4,13.9,13.1,11.5,9.8,7.8,6.3]}},{"type":"Feature","geometry":{"type":"Polygon","coordinates":[[[-119.64448,36.53701],[-119.58953,36.61942],[-119.6496,36.69603],[-119.76465,36.69016],[-119.81946,36.60773],[-119.75936,36.53119],[-119.64448,36.53701]]]},"properties":{"h3":"8529a867fffffff","sunshine":[7.6,9.2,10.1,11.7,13.2,13.7,13.9,12.9,11.8,10.6,8.9,7.2]}},{"type":"Feature","geometry":{"type":"Polygon","coordinates":[[[-121.57243,37.2952],[-121.51917,37.3777],[-121.5804,37.45235],[-121.69488,37.44445],[-121.74797,37.36196],[-121.68674,37.28736],[-121.57243,37.2952]]]},"properties":{"h3":"8528344ffffffff","sunshine":[7.5,8.8,9.5,11.3,12.9,13.7,13.8,13,11.7,10.2,8.8,7.2]}},{"type":"Feature","geometry":{"type":"Polygon","coordinates":[[[-117.74125,36.85692],[-117.68416,36.93867],[-117.74358,37.01635],[-117.86013,37.01223],[-117.91709,36.93047],[-117.85763,36.85284],[-117.74125,36.85692]]]},"properties":{"h3":"8529aa4bfffffff","sunshine":[8.9,9.8,10.9,12.3,13.3,13.8,13.7,13,11.8,10.7,9.5,8.4]}},{"type":"Feature","geometry":{"type":"Polygon","coordinates":[[[-120.45848,39.63726],[-120.40276,39.71826],[-120.46498,39.79186],[-120.58294,39.78441],[-120.6385,39.70339],[-120.57627,39.62984],[-120.45848,39.63726]]]},"properties":{"h3":"852814cbfffffff","sunshine":[7.1,8.4,9.3,11.4,12.7,13.6,13.8,13.1,11.6,9.9,8.1,6.5]}},{"type":"Feature","geometry":{"type":"Polygon","coordinates":[[[-116.8508,34.38542],[-116.79411,34.46797],[-116.85178,34.54785],[-116.96617,34.54512],[-117.02273,34.46255],[-116.96503,34.38273],[-116.8508,34.38542]]]},"properties":{"h3":"8529a06bfffffff","sunshine":[8.8,9.9,11,12.1,13.3,13.8,13.6,12.7,11.7,10.7,9.7,8.5]}},{"type":"Feature","geometry":{"type":"Polygon","coordinates":[[[-119.94998,35.40199],[-119.89592,35.48495],[-119.95549,35.56213],[-120.06913,35.55627],[-120.12304,35.4733],[-120.06346,35.39619],[-119.94998,35.40199]]]},"properties":{"h3":"8529ac2ffffffff","sunshine":[8,9.5,10.4,11.9,13.4,13.8,13.8,13,11.8,10.7,9.2,7.9]}},{"type":"Feature","geometry":{"type":"Polygon","coordinates":[[[-121.2514,37.78942],[-121.19754,37.87161],[-121.25895,37.94613],[-121.37422,37.93839],[-121.42792,37.8562],[-121.3665,37.78174],[-121.2514,37.78942]]]},"properties":{"h3":"85283633fffffff","sunshine":[7,8.9,9.7,11.5,13.2,13.7,13.9,13.1,11.7,10.2,8.5,6.6]}},{"type":"Feature","geometry":{"type":"Polygon","coordinates":[[[-120.31615,40.49605],[-120.25979,40.5765],[-120.32249,40.64946],[-120.44157,40.64193],[-120.49777,40.56148],[-120.43505,40.48856],[-120.31615,40.49605]]]},"properties":{"h3":"852816affffffff","sunshine":[7.2,8.8,9.4,11.6,12.7,13.6,13.9,13.1,11.6,9.9,8,6.2]}},{"type":"Feature","geometry":{"type":"Polygon","coordinates":[[[-118.80951,37.76767],[-118.75303,37.84927],[-118.81346,37.92555],[-118.93039,37.92018],[-118.98672,37.83857],[-118.92627,37.76234],[-118.80951,37.76767]]]},"properties":{"h3":"85298cabfffffff","sunshine":[8.4,9.5,10.8,12.1,13.2,13.6,13.7,13,11.8,10.6,9.2,8.1]}},{"type":"Feature","geometry":{"type":"Polygon","coordinates":[[[-115.47372,34.73501],[-115.41554,34.81698],[-115.47268,34.8975],[-115.58806,34.89599],[-115.64611,34.81399],[-115.58892,34.73352],[-115.47372,34.73501]]]},"properties":{"h3":"8529a24ffffffff","sunshine":[8.8,9.7,11,12.3,13.1,13.7,13.3,12.7,11.6,10.7,9.7,8.2]}},{"type":"Feature","geometry":{"type":"Polygon","coordinates":[[[-118.40868,35.38972],[-118.35303,35.47231],[-118.41195,35.55055],[-118.52655,35.54613],[-118.58207,35.46352],[-118.52312,35.38534],[-118.40868,35.38972]]]},"properties":{"h3":"8529ae13fffffff","sunshine":[8.2,9.3,10.4,11.9,13.2,13.8,13.8,13,11.8,10.7,9.4,7.9]}},{"type":"Feature","geometry":{"type":"Polygon","coordinates":[[[-117.40634,38.13925],[-117.34821,38.22022],[-117.40819,38.29718],[-117.52635,38.29311],[-117.58434,38.21212],[-117.52432,38.13522],[-117.40634,38.13925]]]},"properties":{"h3":"85298e8ffffffff","sunshine":[8.6,9.6,10.6,12.1,12.9,13.6,13.5,12.9,11.7,10.6,9.2,8.1]}},{"type":"Feature","geometry":{"type":"Polygon","coordinates":[[[-117.51774,32.90105],[-117.46244,32.98429],[-117.51967,33.06458],[-117.63223,33.06158],[-117.6874,32.97832],[-117.63014,32.89809],[-117.51774,32.90105]]]},"properties":{"h3":"8529a433fffffff","sunshine":[8.8,9.6,10.7,11.5,12.1,12.6,12.9,12.1,11.1,10.3,9.6,8.3]}},{"type":"Feature","geometry":{"type":"Polygon","coordinates":[[[-116.51165,35.68854],[-116.45396,35.77045],[-116.51214,35.84973],[-116.62806,35.84705],[-116.68563,35.76512],[-116.6274,35.68589],[-116.51165,35.68854]]]},"properties":{"h3":"852984affffffff","sunshine":[8.8,9.7,10.9,12.2,13.2,13.7,13.6,12.7,11.7,10.7,9.5,8.2]}},{"type":"Feature","geometry":{"type":"Polygon","coordinates":[[[-116.16438,33.25665],[-116.10761,33.33939],[-116.16436,33.42034],[-116.27793,33.41847],[-116.33458,33.3357],[-116.27779,33.25482],[-116.16438,33.25665]]]},"properties":{"h3":"8529a617fffffff","sunshine":[9.1,9.9,11.2,12.3,13.2,13.7,13.5,12.6,11.6,10.8,9.8,8.5]}},{"type":"Feature","geometry":{"type":"Polygon","coordinates":[[[-121.95768,38.0543],[-121.90447,38.1365],[-121.96627,38.21028],[-122.08129,38.2018],[-122.13433,38.11959],[-122.07253,38.04587],[-121.95768,38.0543]]]},"properties":{"h3":"8528301bfffffff","sunshine":[6.8,8.7,9.3,11.4,13,13.7,13.7,12.8,11.7,9.9,8.3,6.3]}},{"type":"Feature","geometry":{"type":"Polygon","coordinates":[[[-121.38279,40.42446],[-121.32766,40.50523],[-121.39073,40.57746],[-121.50892,40.56888],[-121.56387,40.48811],[-121.5008,40.41593],[-121.38279,40.42446]]]},"properties":{"h3":"85281097fffffff","sunshine":[6.4,8.1,8.6,10.9,12.6,13.8,14,13.1,11.7,9.6,7.7,5.8]}},{"type":"Feature","geometry":{"type":"Polygon","coordinates":[[[-124.12555,39.42675],[-124.07415,39.50862],[-124.13743,39.57959],[-124.2521,39.56864],[-124.30333,39.48677],[-124.24006,39.41586],[-124.12555,39.42675]]]},"properties":{"h3":"852806b7fffffff","sunshine":[6.4,8.1,8.8,11,12.3,13.3,13.2,12.1,11.1,9.1,7.8,5.9]}},{"type":"Feature","geometry":{"type":"Polygon","coordinates":[[[-122.89372,41.82783],[-122.83956,41.90803],[-122.90405,41.97783],[-123.0227,41.96736],[-123.07667,41.88716],[-123.01219,41.81742],[-122.89372,41.82783]]]},"properties":{"h3":"85281c5bfffffff","sunshine":[6,7.4,8.5,10.5,12.1,13.5,14.2,13.1,11.4,9,7.1,5.1]}},{"type":"Feature","geometry":{"type":"Polygon","coordinates":[[[-119.40299,34.21893],[-119.34894,34.3022],[-119.40765,34.3805],[-119.52044,34.37547],[-119.57434,34.29218],[-119.51561,34.21394],[-119.40299,34.21893]]]},"properties":{"h3":"85291263fffffff","sunshine":[8.4,9.6,10.5,11.5,12.4,12.4,13.1,12.2,11.3,10.4,9.5,8.3]}},{"type":"Feature","geometry":{"type":"Polygon","coordinates":[[[-115.30784,33.8402],[-115.24997,33.92248],[-115.30657,34.00361],[-115.42109,34.00242],[-115.47884,33.92012],[-115.42219,33.83904],[-115.30784,33.8402]]]},"properties":{"h3":"8529b5a3fffffff","sunshine":[9,9.9,11.1,12.4,13.1,13.6,13.2,12.6,11.6,10.8,9.8,8.4]}},{"type":"Feature","geometry":{"type":"Polygon","coordinates":[[[-115.82539,32.76932],[-115.76854,32.85213],[-115.82488,32.93353],[-115.93811,32.93207],[-115.99484,32.84924],[-115.93845,32.7679],[-115.82539,32.76932]]]},"properties":{"h3":"8548596ffffffff","sunshine":[9.1,10,11.2,12.3,13.1,13.7,13.3,12.6,11.5,10.8,9.8,8.6]}},{"type":"Feature","geometry":{"type":"Polygon","coordinates":[[[-119.30859,36.87195],[-119.25311,36.95413],[-119.31324,37.03073],[-119.42887,37.02509],[-119.4842,36.9429],[-119.42406,36.86636],[-119.30859,36.87195]]]},"properties":{"h3":"8529abc3fffffff","sunshine":[7.7,8.9,9.8,11.6,13.1,13.7,13.9,13,11.7,10.5,8.9,7.4]}},{"type":"Feature","geometry":{"type":"Polygon","coordinates":[[[-123.67045,40.31377],[-123.61804,40.39507],[-123.68176,40.46563],[-123.79789,40.45483],[-123.85012,40.37354],[-123.7864,40.30303],[-123.67045,40.31377]]]},"properties":{"h3":"85280283fffffff","sunshine":[5.8,7.4,8.1,10.3,12.1,13.7,14.1,13,11.4,9.3,7.4,5.4]}},{"type":"Feature","geometry":{"type":"Polygon","coordinates":[[[-117.59072,38.68479],[-117.53247,38.76551],[-117.59287,38.84192],[-117.71154,38.83755],[-117.76965,38.75681],[-117.70922,38.68046],[-117.59072,38.68479]]]},"properties":{"h3":"85298e23fffffff","sunshine":[8.3,9.2,10.4,11.8,12.7,13.6,13.5,12.8,11.6,10.4,9,7.8]}},{"type":"Feature","geometry":{"type":"Polygon","coordinates":[[[-117.0252,34.78698],[-116.96848,34.86943],[-117.02644,34.94895],[-117.14116,34.94597],[-117.19776,34.86351],[-117.13976,34.78404],[-117.0252,34.78698]]]},"properties":{"h3":"8529a3c7fffffff","sunshine":[8.8,9.8,11,12.2,13.3,13.8,13.6,12.7,11.7,10.7,9.7,8.4]}},{"type":"Feature","geometry":{"type":"Polygon","coordinates":[[[-115.46747,35.70745],[-115.40877,35.789],[-115.46641,35.86892],[-115.58281,35.86723],[-115.64139,35.78566],[-115.58369,35.70579],[-115.46747,35.70745]]]},"properties":{"h3":"85298443fffffff","sunshine":[8.7,9.7,10.8,12.4,13.1,13.8,13.3,12.6,11.7,10.7,9.6,8.2]}},{"type":"Feature","geometry":{"type":"Polygon","coordinates":[[[-121.24807,41.27599],[-121.19231,41.35618],[-121.25588,41.42775],[-121.37521,41.41908],[-121.43079,41.33889],[-121.36722,41.26737],[-121.24807,41.27599]]]},"properties":{"h3":"8528102bfffffff","sunshine":[6.5,8.2,9,11.1,12.6,13.7,14,13.1,11.6,9.7,7.6,5.9]}},{"type":"Feature","geometry":{"type":"Polygon","coordinates":[[[-122.76217,39.85604],[-122.70894,39.93744],[-122.7721,40.00912],[-122.8885,39.99934],[-122.94155,39.91794],[-122.87839,39.84632],[-122.76217,39.85604]]]},"properties":{"h3":"8528064bfffffff","sunshine":[6.4,8.3,8.9,11.2,12.7,13.9,14.1,13,11.7,9.7,7.9,5.8]}},{"type":"Feature","geometry":{"type":"Polygon","coordinates":[[[-124.48928,41.75238],[-124.43708,41.83293],[-124.50197,41.90153],[-124.61905,41.88951],[-124.67107,41.80896],[-124.60619,41.74042],[-124.48928,41.75238]]]},"properties":{"h3":"85281dd3fffffff","sunshine":[5.8,7.3,8.4,10.2,11.9,13.1,13.5,12.1,10.6,8.4,6.8,5.2]}},{"type":"Feature","geometry":{"type":"Polygon","coordinates":[[[-120.68864,36.79778],[-120.63467,36.88032],[-120.69529,36.95599],[-120.8099,36.94906],[-120.86371,36.86652],[-120.80308,36.7909],[-120.68864,36.79778]]]},"properties":{"h3":"8529a973fffffff","sunshine":[7.8,9.3,10,11.7,13.3,13.8,13.8,13,11.8,10.4,9,7.4]}},{"type":"Feature","geometry":{"type":"Polygon","coordinates":[[[-122.21501,39.51418],[-122.16133,39.59567],[-122.22411,39.66806],[-122.34056,39.65891],[-122.39407,39.57742],[-122.33129,39.50509],[-122.21501,39.51418]]]},"properties":{"h3":"85283377fffffff","sunshine":[6.6,8.6,9.2,11.4,13,13.9,14,13,11.7,9.8,8.2,6.1]}},{"type":"Feature","geometry":{"type":"Polygon","coordinates":[[[-115.3053,34.16687],[-115.24726,34.24902],[-115.30402,34.32997],[-115.41888,34.32872],[-115.4768,34.24655],[-115.41999,34.16565],[-115.3053,34.16687]]]},"properties":{"h3":"8529b537fffffff","sunshine":[9,9.9,11.1,12.3,13.1,13.7,13.2,12.6,11.5,10.7,9.7,8.3]}},{"type":"Feature","geometry":{"type":"Polygon","coordinates":[[[-115.98798,36.90465],[-115.92913,36.9858],[-115.9877,37.06459],[-116.10517,37.06217],[-116.1639,36.981],[-116.10528,36.90226],[-115.98798,36.90465]]]},"properties":{"h3":"8529800ffffffff","sunshine":[8.6,9.5,10.6,12.1,13.1,13.8,13.5,12.8,11.7,10.6,9.3,8]}},{"type":"Feature","geometry":{"type":"Polygon","coordinates":[[[-122.61662,37.53396],[-122.56442,37.61654],[-122.62612,37.69022],[-122.74002,37.68127],[-122.79205,37.5987],[-122.73035,37.52507],[-122.61662,37.53396]]]},"properties":{"h3":"8528355bfffffff","sunshine":[7.2,8.8,9.3,11.1,12,12.5,11.8,10.8,10.8,9.4,8.5,6.7]}},{"type":"Feature","geometry":{"type":"Polygon","coordinates":[[[-119.3179,37.18931],[-119.26226,37.27134],[-119.32257,37.3477],[-119.43854,37.34198],[-119.49403,37.25994],[-119.4337,37.18363],[-119.3179,37.18931]]]},"properties":{"h3":"8529ab57fffffff","sunshine":[7.8,8.7,9.6,11.5,12.9,13.6,13.8,13.1,11.7,10.5,8.8,7.5]}},{"type":"Feature","geometry":{"type":"Polygon","coordinates":[[[-122.06254,39.91208],[-122.00847,39.9933],[-122.07145,40.06547],[-122.18849,40.05635],[-122.24239,39.97513],[-122.17941,39.90302],[-122.06254,39.91208]]]},"properties":{"h3":"852815d7fffffff","sunshine":[6.4,8.4,8.9,11.3,12.9,13.8,14,13,11.7,9.7,7.9,5.9]}},{"type":"Feature","geometry":{"type":"Polygon","coordinates":[[[-118.39569,34.74471],[-118.34035,34.82755],[-118.39892,34.90621],[-118.51286,34.90196],[-118.56806,34.8191],[-118.50946,34.7405],[-118.39569,34.74471]]]},"properties":{"h3":"8529a177fffffff","sunshine":[8.4,9.5,10.5,12,13.3,13.8,13.8,12.9,11.8,10.7,9.5,8]}},{"type":"Feature","geometry":{"type":"Polygon","coordinates":[[[-120.98218,35.66528],[-120.9291,35.74836],[-120.98919,35.82462],[-121.10238,35.81774],[-121.15531,35.73466],[-121.09521,35.65846],[-120.98218,35.66528]]]},"properties":{"h3":"8529ad3bfffffff","sunshine":[7.9,9.2,9.9,11.7,13.3,13.7,13.8,12.9,11.8,10.4,9,7.6]}},{"type":"Feature","geometry":{"type":"Polygon","coordinates":[[[-123.69312,40.61726],[-123.64057,40.69838],[-123.7045,40.76865],[-123.82096,40.75775],[-123.87333,40.67663],[-123.80941,40.60641],[-123.69312,40.61726]]]},"properties":{"h3":"85280217fffffff","sunshine":[5.8,7.3,8,10.1,11.9,13.6,14.1,13.1,11.4,9.3,7.3,5.2]}},{"type":"Feature","geometry":{"type":"Polygon","coordinates":[[[-120.39456,38.07915],[-120.33961,38.161],[-120.40087,38.23591],[-120.51709,38.22892],[-120.57189,38.14706],[-120.51062,38.0722],[-120.39456,38.07915]]]},"properties":{"h3":"85298db7fffffff","sunshine":[7.2,8.4,9.2,11.2,12.9,13.5,13.8,13.1,11.7,10.1,8.4,6.9]}},{"type":"Feature","geometry":{"type":"Polygon","coordinates":[[[-116.5097,35.04205],[-116.45234,35.12424],[-116.51018,35.20393],[-116.62542,35.20138],[-116.68265,35.11917],[-116.62477,35.03953],[-116.5097,35.04205]]]},"properties":{"h3":"8529a35bfffffff","sunshine":[8.8,9.8,11,12.2,13.2,13.7,13.6,12.7,11.7,10.7,9.7,8.4]}},{"type":"Feature","geometry":{"type":"Polygon","coordinates":[[[-117.55529,35.98231],[-117.49848,36.06441],[-117.55733,36.14282],[-117.67304,36.13908],[-117.72972,36.05696],[-117.67083,35.9786],[-117.55529,35.98231]]]},"properties":{"h3":"852985bbfffffff","sunshine":[8.7,9.7,11,12.2,13.4,13.8,13.7,13,11.8,10.7,9.6,8.4]}},{"type":"Feature","geometry":{"type":"Polygon","coordinates":[[[-114.77741,35.06679],[-114.71841,35.14838],[-114.77535,35.22912],[-114.89134,35.2282],[-114.95022,35.14658],[-114.89323,35.0659],[-114.77741,35.06679]]]},"properties":{"h3":"8529b103fffffff","sunshine":[8.7,9.8,10.9,12.3,13,13.7,13.2,12.6,11.6,10.7,9.6,8.1]}},{"type":"Feature","geometry":{"type":"Polygon","coordinates":[[[-123.91313,38.90594],[-123.86174,38.98805],[-123.92464,39.05962],[-124.03892,39.04903],[-124.09014,38.96693],[-124.02725,38.89541],[-123.91313,38.90594]]]},"properties":{"h3":"85283127fffffff","sunshine":[6.5,8.4,8.9,11.1,12.1,13.1,12.5,11.6,10.9,9,7.9,6]}},{"type":"Feature","geometry":{"type":"Polygon","coordinates":[[[-122.85269,41.22539],[-122.79882,41.30598],[-122.8629,41.37636],[-122.98084,41.36611],[-123.03453,41.28552],[-122.97045,41.21519],[-122.85269,41.22539]]]},"properties":{"h3":"852811a3fffffff","sunshine":[6,7.7,8.5,10.7,12.2,13.8,14.1,13.1,11.5,9.3,7.3,5.3]}},{"type":"Feature","geometry":{"type":"Polygon","coordinates":[[[-120.61024,34.88514],[-120.55714,34.96843],[-120.61667,35.04547],[-120.72932,35.03916],[-120.78227,34.95586],[-120.72273,34.87888],[-120.61024,34.88514]]]},"properties":{"h3":"8529136ffffffff","sunshine":[8.2,9.5,10.2,11.6,12.7,13,12.9,12.1,11.4,10.3,9.3,8.1]}},{"type":"Feature","geometry":{"type":"Polygon","coordinates":[[[-121.02455,36.6186],[-120.97104,36.70128],[-121.03168,36.77684],[-121.14585,36.76965],[-121.19921,36.68696],[-121.13855,36.61146],[-121.02455,36.6186]]]},"properties":{"h3":"8529a907fffffff","sunshine":[7.8,9.1,9.7,11.6,13.1,13.7,13.8,13,11.7,10.4,9,7.5]}},{"type":"Feature","geometry":{"type":"Polygon","coordinates":[[[-122.02717,39.29629],[-121.97339,39.37785],[-122.03597,39.45057],[-122.15233,39.44166],[-122.20594,39.36009],[-122.14335,39.28743],[-122.02717,39.29629]]]},"properties":{"h3":"8528330bfffffff","sunshine":[6.7,8.6,9.2,11.4,13.1,13.8,13.9,13,11.7,9.8,8.2,6.1]}},{"type":"Feature","geometry":{"type":"Polygon","coordinates":[[[-121.44699,41.64178],[-121.39125,41.72177],[-121.45513,41.79286],[-121.57475,41.7839],[-121.63031,41.7039],[-121.56643,41.63287],[-121.44699,41.64178]]]},"properties":{"h3":"85281387fffffff","sunshine":[6.7,8.1,9.1,11.2,12.4,13.6,13.9,13.1,11.5,9.4,7.6,5.8]}},{"type":"Feature","geometry":{"type":"Polygon","coordinates":[[[-121.93493,40.76666],[-121.88025,40.84734],[-121.94373,40.91885],[-122.06189,40.90963],[-122.1164,40.82895],[-122.05292,40.75749],[-121.93493,40.76666]]]},"properties":{"h3":"8528156bfffffff","sunshine":[6,7.9,8.4,10.9,12.5,13.8,14,13.1,11.6,9.5,7.5,5.6]}},{"type":"Feature","geometry":{"type":"Polygon","coordinates":[[[-118.22044,34.50816],[-118.16504,34.59105],[-118.22341,34.66997],[-118.33721,34.66595],[-118.39247,34.58304],[-118.33407,34.50418],[-118.22044,34.50816]]]},"properties":{"h3":"8529a10bfffffff","sunshine":[8.5,9.5,10.5,11.9,13.2,13.7,13.8,12.8,11.7,10.7,9.6,8.1]}},{"type":"Feature","geometry":{"type":"Polygon","coordinates":[[[-117.56759,36.9426],[-117.51028,37.02425],[-117.56967,37.10199],[-117.6864,37.09802],[-117.74358,37.01635],[-117.68416,36.93867],[-117.56759,36.9426]]]},"properties":{"h3":"85298187fffffff","sunshine":[8.9,9.7,10.9,12.3,13.2,13.8,13.7,13,11.8,10.7,9.5,8.4]}},{"type":"Feature","geometry":{"type":"Polygon","coordinates":[[[-119.24945,34.79128],[-119.19497,34.87432],[-119.25392,34.95237],[-119.36739,34.94733],[-119.42174,34.86428],[-119.36276,34.78628],[-119.24945,34.79128]]]},"properties":{"h3":"8529accffffffff","sunshine":[8.4,9.6,10.6,12,13.4,13.8,13.8,13,11.8,10.7,9.4,8.1]}},{"type":"Feature","geometry":{"type":"Polygon","coordinates":[[[-120.53286,37.20324],[-120.47852,37.28556],[-120.53932,37.36104],[-120.65448,37.35415],[-120.70867,37.27183],[-120.64785,37.1964],[-120.53286,37.20324]]]},"properties":{"h3":"852836d3fffffff","sunshine":[7.2,8.9,9.7,11.5,13.2,13.7,13.9,13,11.7,10.4,8.7,6.8]}},{"type":"Feature","geometry":{"type":"Polygon","coordinates":[[[-119.00363,38.46819],[-118.94697,38.54947],[-119.00789,38.62507],[-119.12549,38.61934],[-119.182,38.53805],[-119.12105,38.4625],[-119.00363,38.46819]]]},"properties":{"h3":"85298d4bfffffff","sunshine":[8.4,9.5,10.7,12.1,12.9,13.5,13.6,12.9,11.7,10.4,9.1,7.8]}},{"type":"Feature","geometry":{"type":"Polygon","coordinates":[[[-118.92106,35.28883],[-118.86599,35.37159],[-118.92508,35.44955],[-119.03926,35.44468],[-119.0942,35.3619],[-119.03508,35.28401],[-118.92106,35.28883]]]},"properties":{"h3":"8529aeb3fffffff","sunshine":[8.2,9.5,10.5,11.9,13.2,13.8,13.8,12.9,11.8,10.6,9.3,7.9]}},{"type":"Feature","geometry":{"type":"Polygon","coordinates":[[[-116.8383,32.26038],[-116.78266,32.34362],[-116.83925,32.42467],[-116.95152,32.42241],[-117.00704,32.33915],[-116.95041,32.25816],[-116.8383,32.26038]]]},"properties":{"h3":"8529a4d3fffffff","sunshine":[8.8,9.5,10.6,11.4,12,13.1,13.3,12.4,11.1,10.4,9.6,8.4]}},{"type":"Feature","geometry":{"type":"Polygon","coordinates":[[[-116.68864,36.40823],[-116.63073,36.48986],[-116.6894,36.56855],[-116.806,36.56554],[-116.86377,36.48389],[-116.80507,36.40526],[-116.68864,36.40823]]]},"properties":{"h3":"8529854ffffffff","sunshine":[8.8,9.7,11,12.2,13.2,13.8,13.7,12.8,11.7,10.7,9.4,8.3]}},{"type":"Feature","geometry":{"type":"Polygon","coordinates":[[[-122.46902,37.93759],[-122.41645,38.01995],[-122.47835,38.09343],[-122.59281,38.0845],[-122.64521,38.00214],[-122.58332,37.92871],[-122.46902,37.93759]]]},"properties":{"h3":"852830bbfffffff","sunshine":[7,8.7,9.3,11.4,12.8,13.6,13.4,12.5,11.6,9.7,8.4,6.4]}},{"type":"Feature","geometry":{"type":"Polygon","coordinates":[[[-116.67393,33.16578],[-116.61768,33.24871],[-116.67465,33.32939],[-116.78789,33.32708],[-116.84401,33.24413],[-116.78701,33.16351],[-116.67393,33.16578]]]},"properties":{"h3":"8529a6b7fffffff","sunshine":[8.3,9.1,10,11.3,12.1,13.5,13.5,12.7,11.4,10.4,9.3,7.9]}},{"type":"Feature","geometry":{"type":"Polygon","coordinates":[[[-122.87314,41.52709],[-122.81912,41.60749],[-122.88341,41.67758],[-123.00171,41.66722],[-123.05554,41.58682],[-122.99126,41.51679],[-122.87314,41.52709]]]},"properties":{"h3":"85281137fffffff","sunshine":[6.3,7.9,8.8,10.9,12.4,13.8,14.2,13.1,11.6,9.3,7.4,5.5]}},{"type":"Feature","geometry":{"type":"Polygon","coordinates":[[[-120.75575,34.31355],[-120.70308,34.39706],[-120.76235,34.47436],[-120.87431,34.46809],[-120.92683,34.38457],[-120.86755,34.30733],[-120.75575,34.31355]]]},"properties":{"h3":"85291303fffffff","sunshine":[8.2,9.6,10.4,11.6,12.7,13,12.8,12,11.4,10.3,9.3,8.2]}},{"type":"Feature","geometry":{"type":"Polygon","coordinates":[[[-119.61407,35.57906],[-119.55957,35.66187],[-119.6191,35.73916],[-119.73315,35.73357],[-119.78751,35.65075],[-119.72796,35.57352],[-119.61407,35.57906]]]},"properties":{"h3":"8529a89bfffffff","sunshine":[7.8,9.4,10.5,11.8,13.3,13.8,13.8,12.9,11.8,10.6,9.1,7.5]}},{"type":"Feature","geometry":{"type":"Polygon","coordinates":[[[-120.91921,41.90725],[-120.86271,41.98693],[-120.92657,42.05816],[-121.04693,42.04967],[-121.10325,41.96999],[-121.03939,41.89881],[-120.91921,41.90725]]]},"properties":{"h3":"8528131bfffffff","sunshine":[6.4,7.9,8.8,10.8,12.2,13.5,13.9,13.1,11.3,9.3,7.3,5.5]}},{"type":"Feature","geometry":{"type":"Polygon","coordinates":[[[-122.22126,36.61737],[-122.16907,36.70028],[-122.23012,36.77496],[-122.34335,36.76666],[-122.39538,36.68374],[-122.33433,36.60913],[-122.22126,36.61737]]]},"properties":{"h3":"85283483fffffff","sunshine":[7.6,9.1,9.5,11.2,12.1,12.6,12.3,11.4,11.1,9.9,8.8,7.3]}},{"type":"Feature","geometry":{"type":"Polygon","coordinates":[[[-117.04418,37.19816],[-116.9862,37.27952],[-117.04547,37.35741],[-117.16277,37.3539],[-117.22061,37.27252],[-117.1613,37.19468],[-117.04418,37.19816]]]},"properties":{"h3":"8529811bfffffff","sunshine":[8.7,9.6,10.7,12.2,13.2,13.8,13.7,12.9,11.8,10.6,9.3,8.2]}},{"type":"Feature","geometry":{"type":"Polygon","coordinates":[[[-120.91962,38.12534],[-120.86522,38.20729],[-120.9267,38.28178],[-121.0426,38.27427],[-121.09684,38.19232],[-121.03535,38.11788],[-120.91962,38.12534]]]},"properties":{"h3":"85283667fffffff","sunshine":[7,8.6,9.3,11.2,13,13.6,13.8,13.1,11.6,10,8.3,6.7]}},{"type":"Feature","geometry":{"type":"Polygon","coordinates":[[[-119.43594,35.34659],[-119.38137,35.42945],[-119.4407,35.50702],[-119.55463,35.50166],[-119.60905,35.41878],[-119.5497,35.34127],[-119.43594,35.34659]]]},"properties":{"h3":"8529ac63fffffff","sunshine":[8,9.5,10.5,11.9,13.3,13.8,13.8,12.9,11.8,10.7,9.2,7.7]}},{"type":"Feature","geometry":{"type":"Polygon","coordinates":[[[-116.16428,34.07364],[-116.10709,34.1561],[-116.16426,34.23659],[-116.27865,34.23456],[-116.33572,34.15207],[-116.27851,34.07164],[-116.16428,34.07364]]]},"properties":{"h3":"8529a283fffffff","sunshine":[8.9,9.9,11.1,12.2,13.2,13.7,13.5,12.7,11.7,10.8,9.8,8.4]}},{"type":"Feature","geometry":{"type":"Polygon","coordinates":[[[-118.0705,35.72393],[-118.01434,35.80629],[-118.07329,35.88454],[-118.18844,35.88036],[-118.24447,35.79798],[-118.18548,35.7198],[-118.0705,35.72393]]]},"properties":{"h3":"8529ae47fffffff","sunshine":[8.5,9.7,10.9,12.2,13.4,13.9,13.8,13,11.9,10.7,9.6,8.3]}},{"type":"Feature","geometry":{"type":"Polygon","coordinates":[[[-116.8741,38.07685],[-116.81547,38.15768],[-116.87515,38.23503],[-116.99351,38.23151],[-117.05201,38.15066],[-116.99229,38.07336],[-116.8741,38.07685]]]},"properties":{"h3":"85298ec3fffffff","sunshine":[8.4,9.4,10.5,12.1,12.9,13.7,13.5,12.8,11.7,10.5,9.2,7.9]}},{"type":"Feature","geometry":{"type":"Polygon","coordinates":[[[-117.18307,33.23651],[-117.12728,33.31956],[-117.18452,33.39988],[-117.29759,33.3971],[-117.35325,33.31403],[-117.29597,33.23377],[-117.18307,33.23651]]]},"properties":{"h3":"8529a467fffffff","sunshine":[8.6,9.5,10.6,11.3,11.8,13,13.4,12.4,11.2,10.4,9.6,8.1]}},{"type":"Feature","geometry":{"type":"Polygon","coordinates":[[[-115.31036,33.51294],[-115.25266,33.59533],[-115.3091,33.67665],[-115.42329,33.67551],[-115.48087,33.59309],[-115.42438,33.51183],[-115.31036,33.51294]]]},"properties":{"h3":"8529a64bfffffff","sunshine":[9.1,9.9,11.1,12.4,13.1,13.6,13.2,12.6,11.6,10.8,9.8,8.4]}},{"type":"Feature","geometry":{"type":"Polygon","coordinates":[[[-121.62875,38.39102],[-121.575,38.47299],[-121.6369,38.54675],[-121.75255,38.53848],[-121.80613,38.45651],[-121.74423,38.38281],[-121.62875,38.39102]]]},"properties":{"h3":"8528304ffffffff","sunshine":[6.6,8.6,9.3,11.3,13.1,13.7,13.9,13,11.7,10,8.2,6.2]}},{"type":"Feature","geometry":{"type":"Polygon","coordinates":[[[-120.50439,40.7147],[-120.44811,40.79506],[-120.51103,40.86769],[-120.63023,40.85992],[-120.68634,40.77955],[-120.62342,40.70697],[-120.50439,40.7147]]]},"properties":{"h3":"852810cbfffffff","sunshine":[6.9,8.6,9.3,11.4,12.5,13.6,13.9,13.1,11.6,9.7,7.9,6]}},{"type":"Feature","geometry":{"type":"Polygon","coordinates":[[[-123.76195,41.5221],[-123.709,41.60267],[-123.77355,41.67207],[-123.89103,41.66083],[-123.9438,41.58026],[-123.87927,41.51092],[-123.76195,41.5221]]]},"properties":{"h3":"85281c8ffffffff","sunshine":[5.6,7.1,8.1,10,12.1,13.5,14.2,13.1,11.3,9,6.9,5.1]}},{"type":"Feature","geometry":{"type":"Polygon","coordinates":[[[-121.30469,38.88202],[-121.25032,38.96366],[-121.31239,39.03726],[-121.42885,39.02917],[-121.48306,38.94753],[-121.42098,38.87398],[-121.30469,38.88202]]]},"properties":{"h3":"85283233fffffff","sunshine":[6.7,8.4,9.1,11.2,12.9,13.7,13.9,13.1,11.6,9.9,8.1,6.3]}},{"type":"Feature","geometry":{"type":"Polygon","coordinates":[[[-119.98888,36.51922],[-119.9343,36.60173],[-119.9945,36.6781],[-120.1093,36.67191],[-120.16373,36.5894],[-120.10351,36.51308],[-119.98888,36.51922]]]},"properties":{"h3":"8529a82ffffffff","sunshine":[7.5,9.3,10.1,11.7,13.2,13.7,13.9,12.9,11.8,10.5,8.9,7.2]}},{"type":"Feature","geometry":{"type":"Polygon","coordinates":[[[-118.83736,38.86847],[-118.7803,38.94947],[-118.84138,39.02487],[-118.95954,39.01921],[-119.01645,38.9382],[-118.95534,38.86285],[-118.83736,38.86847]]]},"properties":{"h3":"852988abfffffff","sunshine":[8.2,9.4,10.5,11.9,12.8,13.5,13.6,13,11.7,10.4,8.9,7.7]}},{"type":"Feature","geometry":{"type":"Polygon","coordinates":[[[-120.36094,41.56491],[-120.30401,41.64467],[-120.36742,41.71664],[-120.48777,41.7088],[-120.54453,41.62904],[-120.48111,41.55712],[-120.36094,41.56491]]]},"properties":{"h3":"852812affffffff","sunshine":[6.5,8,9,10.9,12.3,13.5,13.8,13.1,11.4,9.4,7.2,5.6]}},{"type":"Feature","geometry":{"type":"Polygon","coordinates":[[[-122.239,36.93235],[-122.18668,37.01513],[-122.24791,37.08956],[-122.36146,37.08114],[-122.41363,36.99836],[-122.35239,36.92399],[-122.239,36.93235]]]},"properties":{"h3":"85283417fffffff","sunshine":[7.5,8.9,9.4,11.2,12.2,12.8,12.7,12.1,11.3,9.9,8.7,7.1]}},{"type":"Feature","geometry":{"type":"Polygon","coordinates":[[[-118.43178,36.51181],[-118.37558,36.59392],[-118.43512,36.67138],[-118.55091,36.66668],[-118.60697,36.58455],[-118.5474,36.50715],[-118.43178,36.51181]]]},"properties":{"h3":"8529aa13fffffff","sunshine":[8.2,9.1,10.3,11.9,13.3,13.7,13.7,13,11.9,10.6,9.2,8]}},{"type":"Feature","geometry":{"type":"Polygon","coordinates":[[[-121.14874,39.28175],[-121.09397,39.36313],[-121.15624,39.43652],[-121.27328,39.42848],[-121.32787,39.34709],[-121.2656,39.27375],[-121.14874,39.28175]]]},"properties":{"h3":"85281493fffffff","sunshine":[6.7,8.1,8.7,11.1,12.9,13.6,13.9,13.1,11.6,9.8,7.9,6.2]}},{"type":"Feature","geometry":{"type":"Polygon","coordinates":[[[-117.53134,34.0428],[-117.47549,34.12567],[-117.5333,34.20532],[-117.647,34.20204],[-117.70272,34.11915],[-117.64487,34.03956],[-117.53134,34.0428]]]},"properties":{"h3":"8529a033fffffff","sunshine":[8.4,9.3,10.2,11.4,12.5,13.6,13.7,12.7,11.5,10.5,9.5,8.1]}},{"type":"Feature","geometry":{"type":"Polygon","coordinates":[[[-114.62532,33.51737],[-114.56699,33.59953],[-114.62306,33.68124],[-114.73751,33.68074],[-114.79572,33.59855],[-114.7396,33.5169],[-114.62532,33.51737]]]},"properties":{"h3":"8529b5d7fffffff","sunshine":[9,9.8,10.9,12.4,13,13.5,13,12.6,11.5,10.7,9.7,8.4]}},{"type":"Feature","geometry":{"type":"Polygon","coordinates":[[[-116.51513,36.81304],[-116.45684,36.89442],[-116.51563,36.97293],[-116.63276,36.97001],[-116.69092,36.88862],[-116.63208,36.81015],[-116.51513,36.81304]]]},"properties":{"h3":"852980affffffff","sunshine":[8.6,9.6,10.7,12.1,13.2,13.8,13.6,12.9,11.7,10.6,9.3,8.1]}},{"type":"Feature","geometry":{"type":"Polygon","coordinates":[[[-124.31547,39.63941],[-124.26418,39.7212],[-124.32764,39.79183],[-124.44238,39.78063],[-124.49349,39.69886],[-124.43005,39.62827],[-124.31547,39.63941]]]},"properties":{"h3":"852800d3fffffff","sunshine":[6.2,8,8.7,10.9,12.2,13.3,13.1,12.1,11,9,7.7,5.8]}},{"type":"Feature","geometry":{"type":"Polygon","coordinates":[[[-118.2879,38.02727],[-118.23073,38.10858],[-118.29107,38.18502],[-118.40861,38.1801],[-118.46563,38.09878],[-118.40526,38.02239],[-118.2879,38.02727]]]},"properties":{"h3":"85298c73fffffff","sunshine":[8.6,9.7,10.8,12.1,13,13.5,13.5,12.8,11.8,10.6,9.3,8.2]}},{"type":"Feature","geometry":{"type":"Polygon","coordinates":[[[-116.16424,34.39938],[-116.10688,34.48172],[-116.16421,34.56202],[-116.27895,34.55992],[-116.33618,34.47756],[-116.2788,34.39732],[-116.16424,34.39938]]]},"properties":{"h3":"8529a217fffffff","sunshine":[8.8,9.9,11.1,12.2,13.2,13.7,13.4,12.6,11.6,10.8,9.8,8.3]}},{"type":"Feature","geometry":{"type":"Polygon","coordinates":[[[-120.27822,35.0638],[-120.22467,35.14696],[-120.28418,35.22412],[-120.39725,35.21806],[-120.45064,35.13489],[-120.39112,35.05779],[-120.27822,35.0638]]]},"properties":{"h3":"8529addbfffffff","sunshine":[8.2,9.4,10.1,11.7,13,13.4,13.6,12.7,11.6,10.5,9.2,8]}},{"type":"Feature","geometry":{"type":"Polygon","coordinates":[[[-124.20943,40.49193],[-124.15757,40.57321],[-124.22156,40.64319],[-124.33739,40.63182],[-124.38907,40.55054],[-124.3251,40.48062],[-124.20943,40.49193]]]},"properties":{"h3":"852802b7fffffff","sunshine":[6,7.5,8.3,10.1,11.3,12.6,12.3,11.8,10.8,8.9,7.3,5.4]}},{"type":"Feature","geometry":{"type":"Polygon","coordinates":[[[-116.87621,38.39301],[-116.8174,38.47366],[-116.87726,38.55077],[-116.99598,38.54718],[-117.05465,38.46651],[-116.99475,38.38945],[-116.87621,38.39301]]]},"properties":{"h3":"85298e57fffffff","sunshine":[8.4,9.4,10.4,12,12.9,13.7,13.5,12.8,11.6,10.5,9.1,7.9]}},{"type":"Feature","geometry":{"type":"Polygon","coordinates":[[[-115.98967,35.94105],[-115.93134,36.02267],[-115.98939,36.10211],[-116.10582,36.09988],[-116.16402,36.01823],[-116.10593,35.93885],[-115.98967,35.94105]]]},"properties":{"h3":"85298477fffffff","sunshine":[8.7,9.6,10.7,12.2,13.1,13.8,13.5,12.7,11.7,10.7,9.5,8.2]}},{"type":"Feature","geometry":{"type":"Polygon","coordinates":[[[-115.29889,34.98078],[-115.24042,35.06259],[-115.29759,35.14307],[-115.41329,35.14167],[-115.47165,35.05983],[-115.41442,34.97941],[-115.29889,34.98078]]]},"properties":{"h3":"8529b1a3fffffff","sunshine":[8.7,9.7,10.9,12.3,13.1,13.7,13.3,12.6,11.7,10.7,9.7,8.2]}},{"type":"Feature","geometry":{"type":"Polygon","coordinates":[[[-119.74062,34.20368],[-119.68693,34.28703],[-119.74577,34.36511],[-119.85831,34.35977],[-119.91186,34.27641],[-119.853,34.19839],[-119.74062,34.20368]]]},"properties":{"h3":"8529122bfffffff","sunshine":[8.4,9.6,10.5,11.7,12.9,13.1,13.4,12.4,11.5,10.5,9.5,8.4]}},{"type":"Feature","geometry":{"type":"Polygon","coordinates":[[[-123.18424,38.34866],[-123.13228,38.43093],[-123.19464,38.50354],[-123.30895,38.49381],[-123.36073,38.41153],[-123.29838,38.33898],[-123.18424,38.34866]]]},"properties":{"h3":"852831c7fffffff","sunshine":[6.7,8.6,9.2,11.3,12.5,13.5,13.4,12.5,11.4,9.5,8.3,6.2]}},{"type":"Feature","geometry":{"type":"Polygon","coordinates":[[[-121.5329,36.50659],[-121.48,36.58942],[-121.54076,36.66469],[-121.65442,36.65706],[-121.70716,36.57422],[-121.6464,36.49901],[-121.5329,36.50659]]]},"properties":{"h3":"8529a9a7fffffff","sunshine":[7.8,9.1,9.7,11.3,12.6,13.4,13.5,12.6,11.5,10.2,9,7.4]}},{"type":"Feature","geometry":{"type":"Polygon","coordinates":[[[-122.54442,39.17848],[-122.49129,39.26021],[-122.55397,39.33263],[-122.66976,39.32326],[-122.72272,39.24152],[-122.66004,39.16916],[-122.54442,39.17848]]]},"properties":{"h3":"852833abfffffff","sunshine":[6.7,8.6,9.2,11.4,13,13.9,14,13,11.8,9.8,8.3,6.2]}},{"type":"Feature","geometry":{"type":"Polygon","coordinates":[[[-121.54752,40.1818],[-121.49271,40.26275],[-121.55568,40.33507],[-121.67346,40.32639],[-121.72809,40.24544],[-121.66512,40.17317],[-121.54752,40.1818]]]},"properties":{"h3":"85281427fffffff","sunshine":[6.3,8,8.5,10.9,12.6,13.7,14,13,11.6,9.6,7.6,5.7]}},{"type":"Feature","geometry":{"type":"Polygon","coordinates":[[[-114.43995,34.41752],[-114.38098,34.49926],[-114.4374,34.58058],[-114.55283,34.5801],[-114.61168,34.49832],[-114.55521,34.41706],[-114.43995,34.41752]]]},"properties":{"h3":"8529b56bfffffff","sunshine":[8.9,9.8,10.9,12.4,13,13.6,13.1,12.6,11.6,10.7,9.6,8.2]}},{"type":"Feature","geometry":{"type":"Polygon","coordinates":[[[-116.5021,32.43085],[-116.44606,32.51395],[-116.50257,32.59511],[-116.61516,32.59312],[-116.67109,32.50999],[-116.61454,32.42889],[-116.5021,32.43085]]]},"properties":{"h3":"85485937fffffff","sunshine":[8.6,9.4,10.4,11.7,12.6,13.6,13.5,12.6,11.4,10.5,9.6,8.2]}},{"type":"Feature","geometry":{"type":"Polygon","coordinates":[[[-119.65474,36.85486],[-119.59963,36.93713],[-119.65989,37.0135],[-119.77527,37.00754],[-119.83023,36.92526],[-119.76995,36.84894],[-119.65474,36.85486]]]},"properties":{"h3":"8529ab8bfffffff","sunshine":[7.7,9,9.9,11.7,13.2,13.7,13.9,13,11.8,10.5,8.9,7.3]}},{"type":"Feature","geometry":{"type":"Polygon","coordinates":[[[-118.63607,37.85445],[-118.57936,37.93595],[-118.63976,38.01229],[-118.75689,38.00707],[-118.81346,37.92555],[-118.75303,37.84927],[-118.63607,37.85445]]]},"properties":{"h3":"85298c07fffffff","sunshine":[8.5,9.7,10.8,12.1,13.1,13.5,13.6,12.9,11.8,10.6,9.2,8.2]}},{"type":"Feature","geometry":{"type":"Polygon","coordinates":[[[-118.72937,34.40856],[-118.67454,34.49161],[-118.73308,34.57026],[-118.84647,34.56579],[-118.90117,34.48272],[-118.84261,34.40414],[-118.72937,34.40856]]]},"properties":{"h3":"8529a1abfffffff","sunshine":[8.3,9.4,10.3,11.7,12.8,13.4,13.8,12.8,11.6,10.6,9.6,8.1]}},{"type":"Feature","geometry":{"type":"Polygon","coordinates":[[[-114.6365,32.69588],[-114.57861,32.77833],[-114.63428,32.86046],[-114.7479,32.86009],[-114.80568,32.77761],[-114.74996,32.69554],[-114.6365,32.69588]]]},"properties":{"h3":"85485b1bfffffff","sunshine":[9.1,9.9,11.1,12.4,12.9,13.5,13,12.6,11.5,10.7,9.7,8.6]}},{"type":"Feature","geometry":{"type":"Polygon","coordinates":[[[-120.65564,36.00394],[-120.60203,36.08681],[-120.6622,36.16307],[-120.77598,36.1564],[-120.82943,36.07352],[-120.76926,35.99732],[-120.65564,36.00394]]]},"properties":{"h3":"8529ad6ffffffff","sunshine":[7.9,9.2,9.9,11.7,13.3,13.8,13.8,13,11.8,10.5,9,7.6]}},{"type":"Feature","geometry":{"type":"Polygon","coordinates":[[[-122.83236,40.92273],[-122.77863,41.0035],[-122.84251,41.07418],[-122.9601,41.06403],[-123.01365,40.98325],[-122.94978,40.91263],[-122.83236,40.92273]]]},"properties":{"h3":"8528024bfffffff","sunshine":[6.1,7.8,8.3,10.8,12.4,13.8,14.1,13.1,11.5,9.3,7.4,5.3]}},{"type":"Feature","geometry":{"type":"Polygon","coordinates":[[[-117.36869,34.77783],[-117.31231,34.86038],[-117.37043,34.93969],[-117.48497,34.93639],[-117.54122,34.85382],[-117.48306,34.77457],[-117.36869,34.77783]]]},"properties":{"h3":"8529a38ffffffff","sunshine":[8.7,9.8,10.9,12.1,13.3,13.8,13.7,12.7,11.8,10.7,9.7,8.4]}},{"type":"Feature","geometry":{"type":"Polygon","coordinates":[[[-115.816,35.70214],[-115.75763,35.78382],[-115.81546,35.86352],[-115.93171,35.8615],[-115.98995,35.77981],[-115.93207,35.70015],[-115.816,35.70214]]]},"properties":{"h3":"8529840bfffffff","sunshine":[8.7,9.7,10.8,12.3,13.2,13.7,13.4,12.7,11.7,10.7,9.6,8.2]}},{"type":"Feature","geometry":{"type":"Polygon","coordinates":[[[-118.20278,33.53408],[-118.14785,33.6173],[-118.2057,33.6968],[-118.31852,33.69303],[-118.37332,33.6098],[-118.31544,33.53035],[-118.20278,33.53408]]]},"properties":{"h3":"8529a573fffffff","sunshine":[8.6,9.6,10.5,11.6,12.3,12.7,13.1,12.2,11.3,10.3,9.4,8.2]}},{"type":"Feature","geometry":{"type":"Polygon","coordinates":[[[-115.2963,35.30519],[-115.23765,35.38686],[-115.295,35.46713],[-115.41104,35.46568],[-115.46956,35.38399],[-115.41217,35.30376],[-115.2963,35.30519]]]},"properties":{"h3":"8529b137fffffff","sunshine":[8.7,9.7,10.8,12.3,13.1,13.8,13.2,12.6,11.7,10.7,9.6,8.2]}},{"type":"Feature","geometry":{"type":"Polygon","coordinates":[[[-123.43602,39.48991],[-123.38377,39.57164],[-123.44691,39.6431],[-123.56229,39.63278],[-123.61436,39.55106],[-123.55124,39.47965],[-123.43602,39.48991]]]},"properties":{"h3":"85280613fffffff","sunshine":[6.1,8,8.5,10.8,12.4,13.8,14.1,13,11.6,9.5,7.8,5.8]}},{"type":"Feature","geometry":{"type":"Polygon","coordinates":[[[-122.68373,38.62352],[-122.63106,38.70557],[-122.69344,38.77834],[-122.80848,38.769],[-122.86099,38.68694],[-122.79862,38.61423],[-122.68373,38.62352]]]},"properties":{"h3":"8528315bfffffff","sunshine":[6.6,8.5,9,11.3,13,13.8,13.9,12.9,11.7,9.7,8.2,6.1]}},{"type":"Feature","geometry":{"type":"Polygon","coordinates":[[[-122.12547,40.98094],[-122.07089,41.06153],[-122.13457,41.1327],[-122.25284,41.12323],[-122.30724,41.04264],[-122.24356,40.97153],[-122.12547,40.98094]]]},"properties":{"h3":"852811d7fffffff","sunshine":[5.7,7.8,8.1,10.8,12.4,13.8,14.1,13.1,11.5,9.4,7.4,5.4]}},{"type":"Feature","geometry":{"type":"Polygon","coordinates":[[[-121.03168,36.77684],[-120.9781,36.85946],[-121.03884,36.9349],[-121.15317,36.92766],[-121.2066,36.84503],[-121.14585,36.76965],[-121.03168,36.77684]]]},"properties":{"h3":"8529a93bfffffff","sunshine":[7.7,9.1,9.8,11.5,13.1,13.7,13.8,13,11.7,10.4,9,7.5]}},{"type":"Feature","geometry":{"type":"Polygon","coordinates":[[[-121.45513,41.79286],[-121.39931,41.87275],[-121.46329,41.94369],[-121.58309,41.93468],[-121.63873,41.85478],[-121.57475,41.7839],[-121.45513,41.79286]]]},"properties":{"h3":"852813bbfffffff","sunshine":[6.7,8.2,9.1,11.2,12.4,13.6,14,13.1,11.5,9.4,7.5,5.8]}},{"type":"Feature","geometry":{"type":"Polygon","coordinates":[[[-120.4391,39.1721],[-120.38361,39.25337],[-120.44554,39.32737],[-120.56298,39.32005],[-120.61831,39.23877],[-120.55636,39.16482],[-120.4391,39.1721]]]},"properties":{"h3":"852989b7fffffff","sunshine":[6.7,7.9,8.5,10.9,12.3,13.4,13.8,13.1,11.5,9.9,7.9,6.4]}},{"type":"Feature","geometry":{"type":"Polygon","coordinates":[[[-117.56967,37.10199],[-117.51227,37.18356],[-117.57174,37.26118],[-117.68866,37.25717],[-117.74592,37.17558],[-117.6864,37.09802],[-117.56967,37.10199]]]},"properties":{"h3":"852981bbfffffff","sunshine":[8.8,9.7,10.8,12.3,13.2,13.8,13.7,13,11.8,10.7,9.4,8.4]}},{"type":"Feature","geometry":{"type":"Polygon","coordinates":[[[-120.80237,35.43589],[-120.7492,35.51901],[-120.8091,35.59556],[-120.92218,35.58891],[-120.9752,35.50578],[-120.91528,35.42929],[-120.80237,35.43589]]]},"properties":{"h3":"8529ad03fffffff","sunshine":[8.1,9.3,10.1,11.7,13.3,13.6,13.7,12.8,11.7,10.5,9.2,7.8]}},{"type":"Feature","geometry":{"type":"Polygon","coordinates":[[[-117.54721,35.33849],[-117.49072,35.42087],[-117.54923,35.49971],[-117.66426,35.49611],[-117.72061,35.41372],[-117.66208,35.33494],[-117.54721,35.33849]]]},"properties":{"h3":"8529a323fffffff","sunshine":[8.6,9.7,10.9,12.1,13.4,13.8,13.7,12.8,11.8,10.7,9.7,8.4]}},{"type":"Feature","geometry":{"type":"Polygon","coordinates":[[[-124.41389,40.85242],[-124.36209,40.93352],[-124.42636,41.00301],[-124.54243,40.99134],[-124.59405,40.91024],[-124.52979,40.84081],[-124.41389,40.85242]]]},"properties":{"h3":"852803c3fffffff","sunshine":[6,7.6,8.5,10.3,11.8,12.9,12.9,11.6,10.6,8.5,7.1,5.3]}},{"type":"Feature","geometry":{"type":"Polygon","coordinates":[[[-117.37921,35.74648],[-117.32234,35.82863],[-117.38098,35.90732],[-117.49653,35.90379],[-117.55327,35.82162],[-117.49459,35.74299],[-117.37921,35.74648]]]},"properties":{"h3":"85298583fffffff","sunshine":[8.7,9.7,11,12.2,13.4,13.8,13.7,12.9,11.8,10.7,9.6,8.4]}},{"type":"Feature","geometry":{"type":"Polygon","coordinates":[[[-121.99707,41.82694],[-121.94186,41.90695],[-122.00606,41.97744],[-122.12546,41.96787],[-122.18049,41.88787],[-122.1163,41.81743],[-121.99707,41.82694]]]},"properties":{"h3":"8528116bfffffff","sunshine":[6.7,8.1,9.1,11,12.3,13.7,14.1,13.1,11.4,9.4,7.4,5.7]}},{"type":"Feature","geometry":{"type":"Polygon","coordinates":[[[-120.57846,38.30366],[-120.52359,38.38543],[-120.58505,38.46004],[-120.7014,38.45281],[-120.75611,38.37103],[-120.69463,38.29647],[-120.57846,38.30366]]]},"properties":{"h3":"852832d3fffffff","sunshine":[7.1,8.3,9.1,11.1,12.9,13.6,13.8,13.1,11.6,10.1,8.3,6.8]}},{"type":"Feature","geometry":{"type":"Polygon","coordinates":[[[-119.28102,35.91536],[-119.226,35.99796],[-119.28558,36.07525],[-119.4002,36.06989],[-119.45508,35.98728],[-119.39547,35.91004],[-119.28102,35.91536]]]},"properties":{"h3":"8529a8cffffffff","sunshine":[7.8,9.4,10.4,11.7,13.3,13.8,13.9,12.9,11.8,10.6,9.1,7.4]}},{"type":"Feature","geometry":{"type":"Polygon","coordinates":[[[-118.94941,36.4102],[-118.89379,36.4925],[-118.9535,36.56968],[-119.06886,36.5645],[-119.12434,36.48219],[-119.0646,36.40507],[-118.94941,36.4102]]]},"properties":{"h3":"8529aab3fffffff","sunshine":[7.7,9,9.9,11.6,13.1,13.8,13.9,12.9,11.8,10.6,9.1,7.6]}},{"type":"Feature","geometry":{"type":"Polygon","coordinates":[[[-122.62164,40.40546],[-122.56795,40.48651],[-122.63142,40.55781],[-122.74858,40.54801],[-122.80209,40.46696],[-122.73862,40.39571],[-122.62164,40.40546]]]},"properties":{"h3":"85281533fffffff","sunshine":[6.1,8.2,8.6,11.1,12.7,13.9,14.1,13.1,11.6,9.5,7.8,5.6]}},{"type":"Feature","geometry":{"type":"Polygon","coordinates":[[[-116.84497,33.40762],[-116.78877,33.49051],[-116.84594,33.57096],[-116.95934,33.56844],[-117.01542,33.48552],[-116.95821,33.40514],[-116.84497,33.40762]]]},"properties":{"h3":"8529a0d3fffffff","sunshine":[8.5,9.5,10.4,11.5,12.4,13.6,13.6,12.7,11.5,10.6,9.6,8.1]}},{"type":"Feature","geometry":{"type":"Polygon","coordinates":[[[-116.69399,37.52642],[-116.63549,37.60749],[-116.69477,37.68538],[-116.8126,37.68214],[-116.87097,37.60105],[-116.81165,37.52322],[-116.69399,37.52642]]]},"properties":{"h3":"8529814ffffffff","sunshine":[8.6,9.5,10.5,12.1,13.1,13.8,13.6,12.9,11.7,10.6,9.3,8.1]}},{"type":"Feature","geometry":{"type":"Polygon","coordinates":[[[-119.91726,34.43769],[-119.86364,34.521],[-119.92267,34.59881],[-120.03534,34.59326],[-120.08881,34.50994],[-120.02977,34.43218],[-119.91726,34.43769]]]},"properties":{"h3":"8529ac97fffffff","sunshine":[8.3,9.5,10.3,11.9,13.2,13.4,13.7,12.8,11.7,10.6,9.4,8.2]}},{"type":"Feature","geometry":{"type":"Polygon","coordinates":[[[-120.87757,37.1824],[-120.82361,37.2648],[-120.88452,37.34005],[-120.99941,37.33284],[-121.05321,37.25044],[-120.99228,37.17524],[-120.87757,37.1824]]]},"properties":{"h3":"8528369bfffffff","sunshine":[7.1,8.9,9.8,11.5,13.2,13.7,13.8,13,11.7,10.3,8.7,6.8]}},{"type":"Feature","geometry":{"type":"Polygon","coordinates":[[[-119.69638,38.11848],[-119.64065,38.20014],[-119.70165,38.27553],[-119.81841,38.2692],[-119.87398,38.18754],[-119.81296,38.1122],[-119.69638,38.11848]]]},"properties":{"h3":"85298d13fffffff","sunshine":[7.5,8.5,9.3,11.3,12.7,13.5,13.8,13.1,11.6,10.3,8.6,7.1]}},{"type":"Feature","geometry":{"type":"Polygon","coordinates":[[[-116.67898,34.30797],[-116.62217,34.3905],[-116.67971,34.47053],[-116.79411,34.46797],[-116.8508,34.38542],[-116.79321,34.30545],[-116.67898,34.30797]]]},"properties":{"h3":"8529a2b7fffffff","sunshine":[8.9,9.9,11,12.2,13.3,13.8,13.6,12.7,11.8,10.8,9.8,8.5]}},{"type":"Feature","geometry":{"type":"Polygon","coordinates":[[[-118.07329,35.88454],[-118.01704,35.96683],[-118.07608,36.04496],[-118.1914,36.04075],[-118.24751,35.95844],[-118.18844,35.88036],[-118.07329,35.88454]]]},"properties":{"h3":"8529ae7bfffffff","sunshine":[8.6,9.7,11,12.2,13.4,13.8,13.8,13,11.8,10.7,9.5,8.4]}},{"type":"Feature","geometry":{"type":"Polygon","coordinates":[[[-124.43887,41.15336],[-124.38693,41.23428],[-124.45141,41.30347],[-124.56782,41.29169],[-124.61957,41.21077],[-124.5551,41.14163],[-124.43887,41.15336]]]},"properties":{"h3":"85280357fffffff","sunshine":[5.9,7.5,8.5,10.3,11.8,13,13.1,11.7,10.6,8.4,7,5.3]}},{"type":"Feature","geometry":{"type":"Polygon","coordinates":[[[-117.38276,36.06797],[-117.32572,36.14998],[-117.38454,36.22845],[-117.50043,36.22485],[-117.55733,36.14282],[-117.49848,36.06441],[-117.38276,36.06797]]]},"properties":{"h3":"85298517fffffff","sunshine":[8.8,9.8,11.1,12.2,13.4,13.8,13.7,12.9,11.8,10.7,9.6,8.4]}},{"type":"Feature","geometry":{"type":"Polygon","coordinates":[[[-122.2838,37.71644],[-122.23114,37.79887],[-122.29284,37.87267],[-122.40722,37.86398],[-122.45972,37.78155],[-122.39801,37.70781],[-122.2838,37.71644]]]},"properties":{"h3":"85283083fffffff","sunshine":[7.2,8.8,9.4,11.4,12.8,13.3,13.2,12.4,11.6,9.8,8.5,6.7]}},{"type":"Feature","geometry":{"type":"Polygon","coordinates":[[[-123.22715,41.49583],[-123.17357,41.57632],[-123.23794,41.64616],[-123.35589,41.63546],[-123.40928,41.55497],[-123.34491,41.48518],[-123.22715,41.49583]]]},"properties":{"h3":"85281cc3fffffff","sunshine":[5.9,7.6,8.5,10.5,12.3,13.7,14.2,13.1,11.5,9.2,7.2,5.3]}},{"type":"Feature","geometry":{"type":"Polygon","coordinates":[[[-120.96965,39.21603],[-120.91472,39.29741],[-120.97688,39.37099],[-121.09397,39.36313],[-121.14874,39.28175],[-121.08657,39.20823],[-120.96965,39.21603]]]},"properties":{"h3":"85283267fffffff","sunshine":[6.6,7.9,8.6,10.9,12.7,13.6,13.9,13.1,11.5,9.7,7.8,6.1]}},{"type":"Feature","geometry":{"type":"Polygon","coordinates":[[[-119.46958,36.46592],[-119.41447,36.54833],[-119.47444,36.62511],[-119.58953,36.61942],[-119.64448,36.53701],[-119.5845,36.46029],[-119.46958,36.46592]]]},"properties":{"h3":"8529a863fffffff","sunshine":[7.7,9.3,10.1,11.7,13.3,13.8,13.9,12.9,11.8,10.6,9,7.3]}},{"type":"Feature","geometry":{"type":"Polygon","coordinates":[[[-121.39691,37.22809],[-121.3435,37.31058],[-121.40463,37.38541],[-121.51917,37.3777],[-121.57243,37.2952],[-121.51129,37.22043],[-121.39691,37.22809]]]},"properties":{"h3":"8528344bfffffff","sunshine":[7.6,8.9,9.6,11.4,13.1,13.7,13.8,13,11.8,10.3,8.8,7.3]}},{"type":"Feature","geometry":{"type":"Polygon","coordinates":[[[-118.09018,36.84434],[-118.03345,36.9262],[-118.09302,37.00366],[-118.20937,36.9992],[-118.26596,36.91733],[-118.20635,36.83993],[-118.09018,36.84434]]]},"properties":{"h3":"8529aa47fffffff","sunshine":[8.7,9.6,10.8,12.3,13.3,13.7,13.7,13,11.9,10.7,9.5,8.3]}},{"type":"Feature","geometry":{"type":"Polygon","coordinates":[[[-120.81155,39.61468],[-120.75623,39.69578],[-120.81858,39.76914],[-120.93625,39.76134],[-120.99141,39.68023],[-120.92905,39.60692],[-120.81155,39.61468]]]},"properties":{"h3":"852814c7fffffff","sunshine":[6.5,7.8,8.2,10.8,12.3,13.5,13.9,13.1,11.4,9.7,7.7,6]}},{"type":"Feature","geometry":{"type":"Polygon","coordinates":[[[-117.19331,34.37702],[-117.13696,34.45968],[-117.19479,34.53934],[-117.309,34.5363],[-117.36522,34.45362],[-117.30736,34.37401],[-117.19331,34.37702]]]},"properties":{"h3":"8529a067fffffff","sunshine":[8.7,9.7,10.8,12,13.3,13.8,13.7,12.8,11.7,10.7,9.7,8.4]}},{"type":"Feature","geometry":{"type":"Polygon","coordinates":[[[-119.77698,35.33033],[-119.72278,35.41329],[-119.78224,35.49063],[-119.89592,35.48495],[-119.94998,35.40199],[-119.8905,35.32471],[-119.77698,35.33033]]]},"properties":{"h3":"8529ac2bfffffff","sunshine":[8,9.4,10.4,11.8,13.3,13.8,13.8,12.9,11.8,10.7,9.2,7.9]}},{"type":"Feature","geometry":{"type":"Polygon","coordinates":[[[-121.26651,38.10263],[-121.21251,38.18467],[-121.2741,38.25892],[-121.38971,38.25109],[-121.44355,38.16904],[-121.38195,38.09484],[-121.26651,38.10263]]]},"properties":{"h3":"8528362ffffffff","sunshine":[6.6,8.6,9.4,11.3,13.1,13.7,13.8,13.1,11.7,10,8.1,6.2]}},{"type":"Feature","geometry":{"type":"Polygon","coordinates":[[[-120.1346,40.43023],[-120.07807,40.51067],[-120.14066,40.58383],[-120.25979,40.5765],[-120.31615,40.49605],[-120.25355,40.42295],[-120.1346,40.43023]]]},"properties":{"h3":"852816abfffffff","sunshine":[7.3,8.9,9.6,11.7,12.8,13.6,13.9,13.1,11.5,9.9,8.1,6.4]}},{"type":"Feature","geometry":{"type":"Polygon","coordinates":[[[-119.15955,37.75134],[-119.10345,37.83305],[-119.16402,37.9091],[-119.28071,37.90339],[-119.33666,37.82167],[-119.27608,37.74568],[-119.15955,37.75134]]]},"properties":{"h3":"85298ca7fffffff","sunshine":[7.8,8.8,9.7,11.6,13,13.5,13.7,13,11.7,10.4,8.8,7.5]}},{"type":"Feature","geometry":{"type":"Polygon","coordinates":[[[-115.30146,34.6557],[-115.24317,34.73765],[-115.30018,34.81832],[-115.41554,34.81698],[-115.47372,34.73501],[-115.41665,34.65439],[-115.30146,34.6557]]]},"properties":{"h3":"8529a24bfffffff","sunshine":[8.8,9.8,11,12.3,13.1,13.7,13.3,12.7,11.6,10.7,9.7,8.2]}},{"type":"Feature","geometry":{"type":"Polygon","coordinates":[[[-115.14747,32.61124],[-115.09008,32.69388],[-115.14598,32.77576],[-115.25933,32.77494],[-115.31661,32.69228],[-115.26065,32.61045],[-115.14747,32.61124]]]},"properties":{"h3":"85485bbbfffffff","sunshine":[9.1,9.9,11.1,12.4,13,13.6,13.2,12.6,11.4,10.8,9.8,8.6]}},{"type":"Feature","geometry":{"type":"Polygon","coordinates":[[[-118.41523,35.7112],[-118.35942,35.79366],[-118.41852,35.87169],[-118.53346,35.86719],[-118.58913,35.78471],[-118.53,35.70675],[-118.41523,35.7112]]]},"properties":{"h3":"8529ae0ffffffff","sunshine":[8.3,9.4,10.6,12,13.4,13.8,13.9,13,11.8,10.7,9.5,8.1]}},{"type":"Feature","geometry":{"type":"Polygon","coordinates":[[[-117.22846,38.06602],[-117.17019,38.14697],[-117.23004,38.2241],[-117.34821,38.22022],[-117.40634,38.13925],[-117.34645,38.06218],[-117.22846,38.06602]]]},"properties":{"h3":"85298e8bfffffff","sunshine":[8.5,9.5,10.6,12.1,13,13.7,13.5,12.9,11.7,10.5,9.2,8]}},{"type":"Feature","geometry":{"type":"Polygon","coordinates":[[[-117.5216,33.22798],[-117.46614,33.31112],[-117.52353,33.39123],[-117.63642,33.38815],[-117.69174,33.30499],[-117.63432,33.22493],[-117.5216,33.22798]]]},"properties":{"h3":"8529a42ffffffff","sunshine":[8.6,9.6,10.6,11.5,12.2,13.1,13.4,12.4,11.3,10.3,9.6,8.2]}},{"type":"Feature","geometry":{"type":"Polygon","coordinates":[[[-116.3378,35.61163],[-116.27998,35.69352],[-116.33804,35.77296],[-116.45396,35.77045],[-116.51165,35.68854],[-116.45355,35.60916],[-116.3378,35.61163]]]},"properties":{"h3":"852984abfffffff","sunshine":[8.7,9.7,10.9,12.2,13.2,13.7,13.5,12.7,11.7,10.7,9.5,8.2]}},{"type":"Feature","geometry":{"type":"Polygon","coordinates":[[[-121.336,35.96268],[-121.28315,36.04571],[-121.34353,36.1215],[-121.45677,36.11421],[-121.50946,36.03119],[-121.44907,35.95545],[-121.336,35.96268]]]},"properties":{"h3":"85291a5bfffffff","sunshine":[7.7,9.1,9.6,11.7,13.3,13.8,13.8,12.9,11.8,10.4,9,7.5]}},{"type":"Feature","geometry":{"type":"Polygon","coordinates":[[[-122.30191,38.02869],[-122.2491,38.11098],[-122.311,38.18451],[-122.42571,38.17571],[-122.47835,38.09343],[-122.41645,38.01995],[-122.30191,38.02869]]]},"properties":{"h3":"85283017fffffff","sunshine":[6.9,8.7,9.2,11.4,12.8,13.6,13.5,12.6,11.6,9.8,8.3,6.3]}},{"type":"Feature","geometry":{"type":"Polygon","coordinates":[[[-115.99431,33.17728],[-115.93741,33.26],[-115.99404,33.34109],[-116.10761,33.33939],[-116.16438,33.25665],[-116.10771,33.17562],[-115.99431,33.17728]]]},"properties":{"h3":"8529a613fffffff","sunshine":[9.1,9.9,11.2,12.3,13.2,13.7,13.4,12.6,11.5,10.8,9.8,8.5]}},{"type":"Feature","geometry":{"type":"Polygon","coordinates":[[[-121.20174,40.36043],[-121.14644,40.44119],[-121.2094,40.51361],[-121.32766,40.50523],[-121.38279,40.42446],[-121.31982,40.35209],[-121.20174,40.36043]]]},"properties":{"h3":"85281093fffffff","sunshine":[6.6,8.3,8.9,11.1,12.7,13.7,14,13.1,11.6,9.7,7.8,5.9]}},{"type":"Feature","geometry":{"type":"Polygon","coordinates":[[[-114.60938,34.66127],[-114.55044,34.74297],[-114.60708,34.82405],[-114.7227,34.82337],[-114.78152,34.74163],[-114.72483,34.66061],[-114.60938,34.66127]]]},"properties":{"h3":"8529b1d7fffffff","sunshine":[8.8,9.7,10.9,12.4,13,13.7,13.1,12.6,11.6,10.7,9.6,8.1]}},{"type":"Feature","geometry":{"type":"Polygon","coordinates":[[[-123.94776,39.36635],[-123.89618,39.44823],[-123.95938,39.51939],[-124.07415,39.50862],[-124.12555,39.42675],[-124.06237,39.35564],[-123.94776,39.36635]]]},"properties":{"h3":"852806b3fffffff","sunshine":[6.5,8.2,8.8,11,12.3,13.3,13.1,12.1,11.2,9.1,7.9,5.9]}},{"type":"Feature","geometry":{"type":"Polygon","coordinates":[[[-123.24877,41.79625],[-123.19505,41.87655],[-123.25964,41.94609],[-123.37793,41.93528],[-123.43146,41.85499],[-123.36689,41.78549],[-123.24877,41.79625]]]},"properties":{"h3":"85281c57fffffff","sunshine":[5.9,7.4,8.4,10.4,12.1,13.6,14.2,13.1,11.4,9.1,7,5.1]}},{"type":"Feature","geometry":{"type":"Polygon","coordinates":[[[-120.32033,36.18246],[-120.26627,36.26519],[-120.32641,36.34156],[-120.44062,36.33516],[-120.49453,36.25242],[-120.43437,36.1761],[-120.32033,36.18246]]]},"properties":{"h3":"8529a9dbfffffff","sunshine":[8,9.3,10.2,11.8,13.3,13.8,13.9,13,11.8,10.6,9.1,7.8]}},{"type":"Feature","geometry":{"type":"Polygon","coordinates":[[[-120.29099,39.88009],[-120.23494,39.96091],[-120.29725,40.03442],[-120.41562,40.02707],[-120.4715,39.94625],[-120.40918,39.87278],[-120.29099,39.88009]]]},"properties":{"h3":"8528145bfffffff","sunshine":[7.3,8.7,9.5,11.6,12.8,13.6,13.9,13,11.6,10,8.2,6.6]}},{"type":"Feature","geometry":{"type":"Polygon","coordinates":[[[-115.9877,37.06459],[-115.92875,37.14565],[-115.98741,37.22433],[-116.10506,37.22188],[-116.16387,37.14079],[-116.10517,37.06217],[-115.9877,37.06459]]]},"properties":{"h3":"85298077fffffff","sunshine":[8.5,9.4,10.5,12.1,13.1,13.8,13.5,12.8,11.7,10.6,9.2,8]}},{"type":"Feature","geometry":{"type":"Polygon","coordinates":[[[-115.65607,32.6891],[-115.5991,32.77188],[-115.65532,32.85342],[-115.76854,32.85213],[-115.82539,32.76932],[-115.76913,32.68784],[-115.65607,32.6891]]]},"properties":{"h3":"8548596bfffffff","sunshine":[9.2,9.9,11.1,12.3,13.1,13.6,13.3,12.6,11.4,10.8,9.8,8.6]}},{"type":"Feature","geometry":{"type":"Polygon","coordinates":[[[-118.63976,38.01229],[-118.58297,38.09371],[-118.64346,38.16992],[-118.76077,38.16466],[-118.81741,38.08322],[-118.75689,38.00707],[-118.63976,38.01229]]]},"properties":{"h3":"85298c3bfffffff","sunshine":[8.5,9.7,10.8,12.1,13.1,13.5,13.6,12.9,11.8,10.6,9.2,8.1]}},{"type":"Feature","geometry":{"type":"Polygon","coordinates":[[[-121.30606,35.32565],[-121.2535,35.40892],[-121.31351,35.48517],[-121.42611,35.4781],[-121.47852,35.39483],[-121.4185,35.31864],[-121.30606,35.32565]]]},"properties":{"h3":"8529ada3fffffff","sunshine":[8,9.3,10,11.6,12.9,13.2,13,12.2,11.5,10.3,9.1,7.8]}},{"type":"Feature","geometry":{"type":"Polygon","coordinates":[[[-116.85276,34.71012],[-116.79591,34.79255],[-116.85375,34.87223],[-116.96848,34.86943],[-117.0252,34.78698],[-116.96732,34.70736],[-116.85276,34.71012]]]},"properties":{"h3":"8529a3c3fffffff","sunshine":[8.8,9.9,11,12.1,13.3,13.8,13.6,12.7,11.7,10.7,9.7,8.4]}},{"type":"Feature","geometry":{"type":"Polygon","coordinates":[[[-121.60521,41.24978],[-121.54987,41.33007],[-121.61355,41.4014],[-121.73257,41.39238],[-121.78772,41.31208],[-121.72404,41.24081],[-121.60521,41.24978]]]},"properties":{"h3":"85281027fffffff","sunshine":[6.2,8,8.6,11,12.5,13.8,14,13.1,11.6,9.6,7.3,5.5]}},{"type":"Feature","geometry":{"type":"Polygon","coordinates":[[[-123.1105,39.82654],[-123.05769,39.90802],[-123.12095,39.97945],[-123.237,39.96934],[-123.28964,39.88786],[-123.22639,39.81649],[-123.1105,39.82654]]]},"properties":{"h3":"85280647fffffff","sunshine":[6.2,8,8.6,10.9,12.5,13.9,14.1,13,11.7,9.6,7.8,5.8]}},{"type":"Feature","geometry":{"type":"Polygon","coordinates":[[[-123.52634,38.31933],[-123.47479,38.40167],[-123.53723,38.47404],[-123.6512,38.46399],[-123.70258,38.38165],[-123.64015,38.30935],[-123.52634,38.31933]]]},"properties":{"h3":"8528318ffffffff","sunshine":[6.8,8.7,9.3,11.2,12.3,13.3,12.7,11.8,11.1,9.4,8.3,6.3]}},{"type":"Feature","geometry":{"type":"Polygon","coordinates":[[[-120.70197,37.114],[-120.64785,37.1964],[-120.70867,37.27183],[-120.82361,37.2648],[-120.87757,37.1824],[-120.81674,37.10703],[-120.70197,37.114]]]},"properties":{"h3":"8529a96ffffffff","sunshine":[7.1,9,9.8,11.5,13.2,13.7,13.9,13,11.8,10.3,8.7,6.7]}},{"type":"Feature","geometry":{"type":"Polygon","coordinates":[[[-122.03597,39.45057],[-121.98212,39.53205],[-122.0448,39.60463],[-122.16133,39.59567],[-122.21501,39.51418],[-122.15233,39.44166],[-122.03597,39.45057]]]},"properties":{"h3":"85283373fffffff","sunshine":[6.6,8.5,9.1,11.4,13,13.8,14,13,11.7,9.8,8.1,6.1]}},{"type":"Feature","geometry":{"type":"Polygon","coordinates":[[[-115.13395,34.08687],[-115.07579,34.16899],[-115.13242,34.25009],[-115.24726,34.24902],[-115.3053,34.16687],[-115.24862,34.08582],[-115.13395,34.08687]]]},"properties":{"h3":"8529b533fffffff","sunshine":[9,9.9,11.1,12.3,13.1,13.7,13.2,12.6,11.6,10.7,9.7,8.3]}},{"type":"Feature","geometry":{"type":"Polygon","coordinates":[[[-115.81221,36.82795],[-115.75323,36.90908],[-115.81166,36.98803],[-115.92913,36.9858],[-115.98798,36.90465],[-115.9295,36.82575],[-115.81221,36.82795]]]},"properties":{"h3":"8529800bfffffff","sunshine":[8.6,9.5,10.6,12.1,13,13.8,13.5,12.8,11.7,10.6,9.3,8.1]}},{"type":"Feature","geometry":{"type":"Polygon","coordinates":[[[-119.14184,37.11832],[-119.08605,37.20034],[-119.14625,37.27687],[-119.26226,37.27134],[-119.3179,37.18931],[-119.25768,37.11283],[-119.14184,37.11832]]]},"properties":{"h3":"8529ab53fffffff","sunshine":[7.9,8.7,9.8,11.6,13.1,13.6,13.8,13.1,11.8,10.5,8.9,7.6]}},{"type":"Feature","geometry":{"type":"Polygon","coordinates":[[[-121.88271,39.84864],[-121.82847,39.92987],[-121.89135,40.00222],[-122.00847,39.9933],[-122.06254,39.91208],[-121.99966,39.83978],[-121.88271,39.84864]]]},"properties":{"h3":"852815d3fffffff","sunshine":[6.5,8.4,8.9,11.2,12.9,13.8,14,13,11.7,9.8,7.9,6]}},{"type":"Feature","geometry":{"type":"Polygon","coordinates":[[[-118.22341,34.66997],[-118.16794,34.7528],[-118.22639,34.83162],[-118.34035,34.82755],[-118.39569,34.74471],[-118.33721,34.66595],[-118.22341,34.66997]]]},"properties":{"h3":"8529a173fffffff","sunshine":[8.5,9.6,10.6,12,13.4,13.8,13.8,12.8,11.8,10.7,9.6,8.1]}},{"type":"Feature","geometry":{"type":"Polygon","coordinates":[[[-121.32099,35.64451],[-121.26828,35.72766],[-121.32848,35.80369],[-121.44139,35.79651],[-121.49394,35.71336],[-121.43374,35.63739],[-121.32099,35.64451]]]},"properties":{"h3":"8529ad37fffffff","sunshine":[8,9.3,9.9,11.7,12.9,13.3,13.1,12.3,11.6,10.3,9.1,7.7]}},{"type":"Feature","geometry":{"type":"Polygon","coordinates":[[[-123.5129,40.5575],[-123.46017,40.63862],[-123.52402,40.70909],[-123.64057,40.69838],[-123.69312,40.61726],[-123.62929,40.54684],[-123.5129,40.5575]]]},"properties":{"h3":"85280213fffffff","sunshine":[5.7,7.4,8,10.2,12,13.7,14.1,13.1,11.4,9.2,7.3,5.2]}},{"type":"Feature","geometry":{"type":"Polygon","coordinates":[[[-120.21729,38.01086],[-120.16218,38.0927],[-120.22333,38.1678],[-120.33961,38.161],[-120.39456,38.07915],[-120.3334,38.0041],[-120.21729,38.01086]]]},"properties":{"h3":"85298db3fffffff","sunshine":[7.2,8.4,9.1,11.2,12.8,13.5,13.8,13.1,11.6,10.2,8.4,7]}},{"type":"Feature","geometry":{"type":"Polygon","coordinates":[[[-116.85474,35.03418],[-116.79772,35.11647],[-116.85573,35.19595],[-116.9708,35.19308],[-117.02768,35.11076],[-116.96963,35.03134],[-116.85474,35.03418]]]},"properties":{"h3":"8529a357fffffff","sunshine":[8.8,9.8,10.9,12.2,13.3,13.8,13.6,12.7,11.7,10.7,9.7,8.4]}},{"type":"Feature","geometry":{"type":"Polygon","coordinates":[[[-117.90171,35.97086],[-117.84524,36.05307],[-117.90425,36.13126],[-118.01976,36.12718],[-118.07608,36.04496],[-118.01704,35.96683],[-117.90171,35.97086]]]},"properties":{"h3":"852985b7fffffff","sunshine":[8.7,9.7,11,12.3,13.4,13.8,13.8,13,11.9,10.7,9.6,8.5]}},{"type":"Feature","geometry":{"type":"Polygon","coordinates":[[[-123.73612,38.84457],[-123.68455,38.92668],[-123.74737,38.99845],[-123.86174,38.98805],[-123.91313,38.90594],[-123.85033,38.83422],[-123.73612,38.84457]]]},"properties":{"h3":"85283123fffffff","sunshine":[6.4,8.3,8.9,11,12.3,13.5,13.5,12.5,11.5,9.5,8.1,6]}},{"type":"Feature","geometry":{"type":"Polygon","coordinates":[[[-120.43827,34.81407],[-120.38501,34.89735],[-120.44444,34.97456],[-120.55714,34.96843],[-120.61024,34.88514],[-120.5508,34.80799],[-120.43827,34.81407]]]},"properties":{"h3":"8529136bfffffff","sunshine":[8.3,9.5,10.3,11.6,12.6,12.9,12.9,12.1,11.4,10.4,9.3,8.1]}},{"type":"Feature","geometry":{"type":"Polygon","coordinates":[[[-120.84994,36.54987],[-120.79627,36.63256],[-120.85682,36.70829],[-120.97104,36.70128],[-121.02455,36.6186],[-120.964,36.54292],[-120.84994,36.54987]]]},"properties":{"h3":"8529a903fffffff","sunshine":[7.9,9.2,9.9,11.7,13.3,13.8,13.8,13,11.8,10.4,9,7.5]}},{"type":"Feature","geometry":{"type":"Polygon","coordinates":[[[-122.37542,39.26939],[-122.32205,39.35105],[-122.38473,39.42352],[-122.50077,39.41428],[-122.55397,39.33263],[-122.49129,39.26021],[-122.37542,39.26939]]]},"properties":{"h3":"85283307fffffff","sunshine":[6.8,8.7,9.2,11.5,13.1,13.9,14,13,11.8,9.8,8.3,6.2]}},{"type":"Feature","geometry":{"type":"Polygon","coordinates":[[[-121.26371,41.57926],[-121.20779,41.65925],[-121.27156,41.73053],[-121.39125,41.72177],[-121.44699,41.64178],[-121.38322,41.57055],[-121.26371,41.57926]]]},"properties":{"h3":"85281383fffffff","sunshine":[6.6,8.2,9,11.2,12.5,13.7,14,13.1,11.5,9.5,7.6,5.8]}},{"type":"Feature","geometry":{"type":"Polygon","coordinates":[[[-122.28857,40.73881],[-122.23431,40.81958],[-122.29789,40.89084],[-122.41573,40.88128],[-122.46982,40.8005],[-122.40624,40.72929],[-122.28857,40.73881]]]},"properties":{"h3":"85281567fffffff","sunshine":[5.8,8,8.2,10.9,12.5,13.8,14,13.1,11.6,9.5,7.5,5.4]}},{"type":"Feature","geometry":{"type":"Polygon","coordinates":[[[-118.56112,34.49591],[-118.50608,34.57888],[-118.56459,34.65758],[-118.67817,34.65325],[-118.73308,34.57026],[-118.67454,34.49161],[-118.56112,34.49591]]]},"properties":{"h3":"8529a107fffffff","sunshine":[8.3,9.3,10.2,11.7,12.8,13.5,13.8,12.8,11.6,10.5,9.5,8]}},{"type":"Feature","geometry":{"type":"Polygon","coordinates":[[[-117.39172,36.8685],[-117.33427,36.95013],[-117.39353,37.02804],[-117.51028,37.02425],[-117.56759,36.9426],[-117.5083,36.86475],[-117.39172,36.8685]]]},"properties":{"h3":"85298183fffffff","sunshine":[8.7,9.6,10.7,12.2,13.2,13.8,13.7,12.9,11.7,10.6,9.4,8.3]}},{"type":"Feature","geometry":{"type":"Polygon","coordinates":[[[-119.07725,34.71794],[-119.02262,34.80097],[-119.08147,34.87918],[-119.19497,34.87432],[-119.24945,34.79128],[-119.19058,34.71312],[-119.07725,34.71794]]]},"properties":{"h3":"8529accbfffffff","sunshine":[8.4,9.6,10.6,12,13.3,13.8,13.8,12.9,11.8,10.7,9.4,8.1]}},{"type":"Feature","geometry":{"type":"Polygon","coordinates":[[[-120.54579,37.51865],[-120.4913,37.60082],[-120.55229,37.67605],[-120.66778,37.66907],[-120.72212,37.58689],[-120.66112,37.51171],[-120.54579,37.51865]]]},"properties":{"h3":"852836cffffffff","sunshine":[7.4,8.9,9.7,11.5,13.2,13.7,13.9,13,11.7,10.3,8.7,7]}},{"type":"Feature","geometry":{"type":"Polygon","coordinates":[[[-119.35566,38.45079],[-119.29938,38.53217],[-119.36044,38.60754],[-119.4778,38.60147],[-119.53392,38.52007],[-119.47284,38.44476],[-119.35566,38.45079]]]},"properties":{"h3":"85298d47fffffff","sunshine":[8.2,9.3,10.5,12,12.9,13.5,13.6,13,11.6,10.4,8.9,7.5]}},{"type":"Feature","geometry":{"type":"Polygon","coordinates":[[[-118.9291,35.6101],[-118.87387,35.69274],[-118.93314,35.77048],[-119.04766,35.76552],[-119.10275,35.68287],[-119.04346,35.60519],[-118.9291,35.6101]]]},"properties":{"h3":"8529aeaffffffff","sunshine":[8.1,9.4,10.4,11.8,13.2,13.8,13.9,12.9,11.8,10.6,9.2,7.8]}},{"type":"Feature","geometry":{"type":"Polygon","coordinates":[[[-116.84019,32.58883],[-116.78439,32.67198],[-116.84114,32.75286],[-116.95374,32.75053],[-117.00941,32.66735],[-116.95262,32.58653],[-116.84019,32.58883]]]},"properties":{"h3":"8529a4cffffffff","sunshine":[8.6,9.4,10.4,11.3,11.7,13.1,13.3,12.4,11.1,10.3,9.6,8.2]}},{"type":"Feature","geometry":{"type":"Polygon","coordinates":[[[-116.51363,36.33222],[-116.4556,36.41383],[-116.51413,36.49268],[-116.63073,36.48986],[-116.68864,36.40823],[-116.63006,36.32943],[-116.51363,36.33222]]]},"properties":{"h3":"8529854bfffffff","sunshine":[8.8,9.7,10.9,12.1,13.2,13.8,13.7,12.8,11.7,10.7,9.4,8.3]}},{"type":"Feature","geometry":{"type":"Polygon","coordinates":[[[-122.8116,37.91065],[-122.75943,37.99308],[-122.82142,38.06632],[-122.93557,38.05707],[-122.98756,37.97464],[-122.92558,37.90146],[-122.8116,37.91065]]]},"properties":{"h3":"852830b7fffffff","sunshine":[6.9,8.7,9.2,11.1,12.2,12.9,12.3,11.4,10.9,9.3,8.3,6.3]}},{"type":"Feature","geometry":{"type":"Polygon","coordinates":[[[-116.50397,33.08712],[-116.4476,33.17002],[-116.50444,33.25085],[-116.61768,33.24871],[-116.67393,33.16578],[-116.61705,33.08502],[-116.50397,33.08712]]]},"properties":{"h3":"8529a6b3fffffff","sunshine":[8.9,9.6,10.8,12.1,13.1,13.7,13.5,12.7,11.6,10.7,9.7,8.3]}},{"type":"Feature","geometry":{"type":"Polygon","coordinates":[[[-122.69075,41.46697],[-122.63656,41.54737],[-122.70075,41.61766],[-122.81912,41.60749],[-122.87314,41.52709],[-122.80895,41.45686],[-122.69075,41.46697]]]},"properties":{"h3":"85281133fffffff","sunshine":[6.5,8,8.9,11.1,12.4,13.8,14.1,13.1,11.5,9.3,7.6,5.6]}},{"type":"Feature","geometry":{"type":"Polygon","coordinates":[[[-119.95549,35.56213],[-119.90135,35.64503],[-119.96101,35.72209],[-120.07482,35.71619],[-120.1288,35.63328],[-120.06913,35.55627],[-119.95549,35.56213]]]},"properties":{"h3":"8529a897fffffff","sunshine":[7.9,9.5,10.5,11.9,13.3,13.8,13.8,12.9,11.8,10.7,9.2,7.8]}},{"type":"Feature","geometry":{"type":"Polygon","coordinates":[[[-120.9267,38.28178],[-120.87223,38.36366],[-120.93381,38.43802],[-121.04987,38.43046],[-121.10419,38.34859],[-121.0426,38.27427],[-120.9267,38.28178]]]},"properties":{"h3":"8528329bfffffff","sunshine":[7,8.5,9.3,11.2,13,13.6,13.8,13.1,11.6,10.1,8.3,6.7]}},{"type":"Feature","geometry":{"type":"Polygon","coordinates":[[[-121.27944,41.88156],[-121.22337,41.96134],[-121.28734,42.03233],[-121.40739,42.02348],[-121.46329,41.94369],[-121.39931,41.87275],[-121.27944,41.88156]]]},"properties":{"h3":"85281317fffffff","sunshine":[6.5,8,8.9,11,12.3,13.6,13.9,13.1,11.4,9.3,7.3,5.6]}},{"type":"Feature","geometry":{"type":"Polygon","coordinates":[[[-118.09302,37.00366],[-118.03621,37.08543],[-118.09588,37.16277],[-118.21239,37.15828],[-118.26906,37.07649],[-118.20937,36.9992],[-118.09302,37.00366]]]},"properties":{"h3":"8529aa7bfffffff","sunshine":[8.8,9.7,10.8,12.3,13.3,13.7,13.7,13,11.8,10.7,9.5,8.4]}},{"type":"Feature","geometry":{"type":"Polygon","coordinates":[[[-117.18452,33.39988],[-117.12865,33.48287],[-117.18597,33.56311],[-117.2992,33.56029],[-117.35494,33.47727],[-117.29759,33.3971],[-117.18452,33.39988]]]},"properties":{"h3":"8529a09bfffffff","sunshine":[8.6,9.5,10.5,11.4,12.1,13.3,13.6,12.6,11.3,10.5,9.6,8.1]}},{"type":"Feature","geometry":{"type":"Polygon","coordinates":[[[-117.39534,37.18738],[-117.33772,37.26886],[-117.39716,37.34653],[-117.51426,37.34267],[-117.57174,37.26118],[-117.51227,37.18356],[-117.39534,37.18738]]]},"properties":{"h3":"85298117fffffff","sunshine":[8.8,9.7,10.8,12.3,13.1,13.8,13.7,12.9,11.8,10.7,9.4,8.3]}},{"type":"Feature","geometry":{"type":"Polygon","coordinates":[[[-120.74245,38.05799],[-120.68789,38.13993],[-120.74927,38.21461],[-120.86522,38.20729],[-120.91962,38.12534],[-120.85823,38.05071],[-120.74245,38.05799]]]},"properties":{"h3":"85283663fffffff","sunshine":[7.1,8.6,9.3,11.2,13,13.6,13.8,13.1,11.6,10.1,8.4,6.9]}},{"type":"Feature","geometry":{"type":"Polygon","coordinates":[[[-117.92488,37.4077],[-117.86768,37.48923],[-117.92749,37.56639],[-118.04455,37.56196],[-118.10161,37.48042],[-118.04176,37.40332],[-117.92488,37.4077]]]},"properties":{"h3":"85298cdbfffffff","sunshine":[8.7,9.7,10.7,12.2,13.1,13.6,13.6,12.9,11.8,10.6,9.4,8.4]}},{"type":"Feature","geometry":{"type":"Polygon","coordinates":[[[-117.89664,35.64953],[-117.84034,35.73188],[-117.89917,35.81029],[-118.01434,35.80629],[-118.0705,35.72393],[-118.01164,35.64558],[-117.89664,35.64953]]]},"properties":{"h3":"8529ae43fffffff","sunshine":[8.6,9.8,11,12.2,13.4,13.9,13.8,12.9,11.8,10.7,9.6,8.4]}},{"type":"Feature","geometry":{"type":"Polygon","coordinates":[[[-117.013,33.15867],[-116.95709,33.24169],[-117.01421,33.32217],[-117.12728,33.31956],[-117.18307,33.23651],[-117.12591,33.1561],[-117.013,33.15867]]]},"properties":{"h3":"8529a463fffffff","sunshine":[8.5,9.4,10.3,11.1,11.6,13,13.4,12.5,11.2,10.3,9.5,8]}},{"type":"Feature","geometry":{"type":"Polygon","coordinates":[[[-115.65228,33.50931],[-115.5949,33.59182],[-115.65152,33.67293],[-115.76557,33.67148],[-115.82283,33.58896],[-115.76616,33.5079],[-115.65228,33.50931]]]},"properties":{"h3":"8529a647fffffff","sunshine":[9.1,10,11.2,12.4,13.2,13.7,13.4,12.7,11.6,10.8,9.8,8.4]}},{"type":"Feature","geometry":{"type":"Polygon","coordinates":[[[-121.45141,38.32516],[-121.39749,38.40713],[-121.45929,38.48107],[-121.575,38.47299],[-121.62875,38.39102],[-121.56695,38.31713],[-121.45141,38.32516]]]},"properties":{"h3":"8528304bfffffff","sunshine":[6.5,8.5,9.3,11.3,13.1,13.7,13.9,13,11.6,9.9,8.1,6.1]}},{"type":"Feature","geometry":{"type":"Polygon","coordinates":[[[-120.86118,40.69116],[-120.80532,40.77162],[-120.86836,40.84401],[-120.98727,40.83588],[-121.04297,40.75541],[-120.97992,40.68308],[-120.86118,40.69116]]]},"properties":{"h3":"852810c7fffffff","sunshine":[7,8.6,9.3,11.4,12.5,13.7,13.9,13.1,11.6,9.8,7.9,6.1]}},{"type":"Feature","geometry":{"type":"Polygon","coordinates":[[[-123.5801,41.46354],[-123.52696,41.54412],[-123.59141,41.61371],[-123.709,41.60267],[-123.76195,41.5221],[-123.69751,41.45256],[-123.5801,41.46354]]]},"properties":{"h3":"85281c8bfffffff","sunshine":[5.6,7.1,8.1,10,12.1,13.6,14.2,13.1,11.4,9.1,6.9,5.1]}},{"type":"Feature","geometry":{"type":"Polygon","coordinates":[[[-121.32012,39.19228],[-121.2656,39.27375],[-121.32787,39.34709],[-121.44467,39.3389],[-121.49903,39.25743],[-121.43675,39.18414],[-121.32012,39.19228]]]},"properties":{"h3":"8528322ffffffff","sunshine":[6.7,8.2,8.9,11.2,12.9,13.7,13.9,13.1,11.6,9.8,8,6.2]}},{"type":"Feature","geometry":{"type":"Polygon","coordinates":[[[-119.81409,36.44869],[-119.75936,36.53119],[-119.81946,36.60773],[-119.9343,36.60173],[-119.98888,36.51922],[-119.92877,36.44273],[-119.81409,36.44869]]]},"properties":{"h3":"8529a82bfffffff","sunshine":[7.6,9.3,10.2,11.7,13.3,13.8,13.9,13,11.8,10.6,9,7.2]}},{"type":"Feature","geometry":{"type":"Polygon","coordinates":[[[-120.17742,41.50039],[-120.12032,41.58013],[-120.18361,41.6523],[-120.30401,41.64467],[-120.36094,41.56491],[-120.29764,41.4928],[-120.17742,41.50039]]]},"properties":{"h3":"852812abfffffff","sunshine":[6.7,8.2,9.1,11.1,12.4,13.6,13.9,13.1,11.4,9.5,7.4,5.7]}},{"type":"Feature","geometry":{"type":"Polygon","coordinates":[[[-119.19107,38.85127],[-119.1344,38.93238],[-119.19562,39.00755],[-119.31354,39.00154],[-119.37005,38.92041],[-119.30881,38.8453],[-119.19107,38.85127]]]},"properties":{"h3":"852988a7fffffff","sunshine":[8.1,9.4,10.5,12,12.9,13.5,13.6,13,11.7,10.4,8.9,7.6]}},{"type":"Feature","geometry":{"type":"Polygon","coordinates":[[[-122.0644,36.86598],[-122.01191,36.94876],[-122.07305,37.02336],[-122.18668,37.01513],[-122.239,36.93235],[-122.17786,36.8578],[-122.0644,36.86598]]]},"properties":{"h3":"85283413fffffff","sunshine":[7.5,9,9.4,11.1,12.2,12.8,12.7,12.1,11.3,9.9,8.7,7.1]}},{"type":"Feature","geometry":{"type":"Polygon","coordinates":[[[-118.43847,36.83077],[-118.3821,36.91273],[-118.44183,36.98996],[-118.55796,36.98517],[-118.61418,36.90319],[-118.55443,36.82602],[-118.43847,36.83077]]]},"properties":{"h3":"8529aa0ffffffff","sunshine":[8.1,9,10.2,11.8,13.2,13.6,13.6,13,11.8,10.6,9.1,7.8]}},{"type":"Feature","geometry":{"type":"Polygon","coordinates":[[[-121.16377,39.59107],[-121.10885,39.67228],[-121.17131,39.74539],[-121.2887,39.73725],[-121.34344,39.65604],[-121.28097,39.58297],[-121.16377,39.59107]]]},"properties":{"h3":"8528148ffffffff","sunshine":[6.4,7.8,8.3,10.7,12.5,13.6,13.9,13.1,11.5,9.7,7.7,5.9]}},{"type":"Feature","geometry":{"type":"Polygon","coordinates":[[[-117.53527,34.36768],[-117.47926,34.45044],[-117.53725,34.52989],[-117.65128,34.52653],[-117.70715,34.44375],[-117.64913,34.36436],[-117.53527,34.36768]]]},"properties":{"h3":"8529a02ffffffff","sunshine":[8.7,9.8,10.8,12.1,13.4,13.8,13.7,12.8,11.8,10.7,9.7,8.4]}},{"type":"Feature","geometry":{"type":"Polygon","coordinates":[[[-114.45507,33.43588],[-114.39664,33.51801],[-114.45257,33.59987],[-114.56699,33.59953],[-114.62532,33.51737],[-114.56933,33.43558],[-114.45507,33.43588]]]},"properties":{"h3":"8529b5d3fffffff","sunshine":[9,9.8,10.9,12.4,13,13.5,13,12.6,11.6,10.7,9.7,8.4]}},{"type":"Feature","geometry":{"type":"Polygon","coordinates":[[[-116.33947,36.73711],[-116.28104,36.81847],[-116.33971,36.89715],[-116.45684,36.89442],[-116.51513,36.81304],[-116.45642,36.73441],[-116.33947,36.73711]]]},"properties":{"h3":"852980abfffffff","sunshine":[8.6,9.6,10.7,12.1,13.2,13.8,13.6,12.8,11.7,10.6,9.3,8.1]}},{"type":"Feature","geometry":{"type":"Polygon","coordinates":[[[-124.33986,39.94403],[-124.28844,40.02565],[-124.3521,40.096],[-124.46717,40.08468],[-124.51841,40.00307],[-124.45476,39.93277],[-124.33986,39.94403]]]},"properties":{"h3":"852800cffffffff","sunshine":[6.2,8,8.7,10.8,12.3,13.4,13.4,12.5,11.1,9.1,7.6,5.7]}},{"type":"Feature","geometry":{"type":"Polygon","coordinates":[[[-118.29426,38.34257],[-118.23692,38.42371],[-118.29745,38.4999],[-118.41534,38.49491],[-118.47252,38.41375],[-118.41197,38.33761],[-118.29426,38.34257]]]},"properties":{"h3":"85298c6ffffffff","sunshine":[8.5,9.5,10.7,12,12.9,13.5,13.6,12.9,11.7,10.5,9.2,8]}},{"type":"Feature","geometry":{"type":"Polygon","coordinates":[[[-115.99243,34.32088],[-115.93495,34.40319],[-115.99216,34.48364],[-116.10688,34.48172],[-116.16424,34.39938],[-116.10699,34.31899],[-115.99243,34.32088]]]},"properties":{"h3":"8529a213fffffff","sunshine":[8.9,9.9,11.1,12.2,13.2,13.7,13.4,12.7,11.6,10.7,9.8,8.4]}},{"type":"Feature","geometry":{"type":"Polygon","coordinates":[[[-120.61667,35.04547],[-120.5635,35.12871],[-120.62312,35.20564],[-120.73593,35.19928],[-120.78895,35.11604],[-120.72932,35.03916],[-120.61667,35.04547]]]},"properties":{"h3":"8529add7fffffff","sunshine":[8.2,9.4,10.2,11.7,12.8,13.2,13.2,12.4,11.5,10.4,9.2,8]}},{"type":"Feature","geometry":{"type":"Polygon","coordinates":[[[-124.02978,40.43293],[-123.97773,40.51422],[-124.04164,40.58439],[-124.15757,40.57321],[-124.20943,40.49193],[-124.14554,40.42181],[-124.02978,40.43293]]]},"properties":{"h3":"852802b3fffffff","sunshine":[5.8,7.2,8.1,10,11.4,13,13.1,12.5,11.1,9.1,7.3,5.3]}},{"type":"Feature","geometry":{"type":"Polygon","coordinates":[[[-116.69789,38.31914],[-116.63894,38.39977],[-116.69868,38.47706],[-116.8174,38.47366],[-116.87621,38.39301],[-116.81643,38.31577],[-116.69789,38.31914]]]},"properties":{"h3":"85298e53fffffff","sunshine":[8.4,9.3,10.4,12,12.8,13.7,13.5,12.8,11.7,10.5,9.1,7.9]}},{"type":"Feature","geometry":{"type":"Polygon","coordinates":[[[-115.81546,35.86352],[-115.75701,35.94512],[-115.81492,36.02472],[-115.93134,36.02267],[-115.98967,35.94105],[-115.93171,35.8615],[-115.81546,35.86352]]]},"properties":{"h3":"85298473fffffff","sunshine":[8.7,9.6,10.7,12.3,13.1,13.8,13.4,12.7,11.7,10.7,9.5,8.1]}},{"type":"Feature","geometry":{"type":"Polygon","coordinates":[[[-120.33523,40.95557],[-120.27863,41.03573],[-120.34163,41.10827],[-120.46125,41.1006],[-120.51769,41.02044],[-120.45467,40.94795],[-120.33523,40.95557]]]},"properties":{"h3":"8528105bfffffff","sunshine":[6.8,8.4,9.1,11.1,12.4,13.5,13.8,13.1,11.5,9.6,7.7,5.8]}},{"type":"Feature","geometry":{"type":"Polygon","coordinates":[[[-123.12095,39.97945],[-123.06807,40.06085],[-123.13142,40.13213],[-123.24765,40.12197],[-123.30035,40.04058],[-123.237,39.96934],[-123.12095,39.97945]]]},"properties":{"h3":"8528067bfffffff","sunshine":[6.2,7.9,8.5,10.8,12.4,13.9,14.2,13,11.6,9.5,7.6,5.7]}},{"type":"Feature","geometry":{"type":"Polygon","coordinates":[[[-120.07754,34.18753],[-120.02421,34.27096],[-120.08317,34.34881],[-120.19547,34.34318],[-120.24866,34.25975],[-120.18968,34.18195],[-120.07754,34.18753]]]},"properties":{"h3":"85291227fffffff","sunshine":[8.4,9.6,10.5,11.8,13.1,13.4,13.6,12.6,11.6,10.6,9.5,8.4]}},{"type":"Feature","geometry":{"type":"Polygon","coordinates":[[[-123.00775,38.28541],[-122.95562,38.36769],[-123.01789,38.44048],[-123.13228,38.43093],[-123.18424,38.34866],[-123.12198,38.27592],[-123.00775,38.28541]]]},"properties":{"h3":"852831c3fffffff","sunshine":[6.8,8.6,9.2,11.3,12.5,13.2,13,12.2,11.2,9.4,8.3,6.2]}},{"type":"Feature","geometry":{"type":"Polygon","coordinates":[[[-121.35867,36.4386],[-121.30562,36.52143],[-121.36628,36.59687],[-121.48,36.58942],[-121.5329,36.50659],[-121.47223,36.4312],[-121.35867,36.4386]]]},"properties":{"h3":"8529a9a3fffffff","sunshine":[7.8,9.1,9.8,11.5,12.9,13.7,13.7,12.9,11.7,10.3,9.1,7.4]}},{"type":"Feature","geometry":{"type":"Polygon","coordinates":[[[-122.89098,39.1502],[-122.83827,39.23202],[-122.90103,39.30419],[-123.0165,39.29449],[-123.06903,39.21268],[-123.00628,39.14056],[-122.89098,39.1502]]]},"properties":{"h3":"852833a7fffffff","sunshine":[6.3,8.1,8.6,11,12.7,13.9,14.1,13,11.7,9.6,8,5.9]}},{"type":"Feature","geometry":{"type":"Polygon","coordinates":[[[-121.36698,40.11778],[-121.312,40.19872],[-121.37487,40.27124],[-121.49271,40.26275],[-121.54752,40.1818],[-121.48465,40.10934],[-121.36698,40.11778]]]},"properties":{"h3":"85281423fffffff","sunshine":[6.3,7.9,8.4,10.8,12.5,13.6,14,13,11.6,9.6,7.5,5.7]}},{"type":"Feature","geometry":{"type":"Polygon","coordinates":[[[-114.78561,34.41582],[-114.72696,34.49769],[-114.78357,34.57881],[-114.89888,34.578],[-114.95741,34.4961],[-114.90075,34.41504],[-114.78561,34.41582]]]},"properties":{"h3":"8529b567fffffff","sunshine":[8.9,9.8,10.9,12.4,13,13.7,13.1,12.7,11.6,10.7,9.7,8.3]}},{"type":"Feature","geometry":{"type":"Polygon","coordinates":[[[-116.33324,32.35139],[-116.27707,32.43447],[-116.33346,32.51578],[-116.44606,32.51395],[-116.5021,32.43085],[-116.44567,32.3496],[-116.33324,32.35139]]]},"properties":{"h3":"85485933fffffff","sunshine":[8.6,9.3,10.4,11.8,12.7,13.6,13.4,12.7,11.4,10.6,9.6,8.2]}},{"type":"Feature","geometry":{"type":"Polygon","coordinates":[[[-120.00014,36.83679],[-119.94541,36.91916],[-120.0058,36.9953],[-120.12093,36.98901],[-120.17551,36.90664],[-120.11511,36.83056],[-120.00014,36.83679]]]},"properties":{"h3":"8529ab87fffffff","sunshine":[7.4,9.2,10,11.7,13.2,13.8,13.9,13,11.7,10.5,8.7,6.9]}},{"type":"Feature","geometry":{"type":"Polygon","coordinates":[[[-124.55606,40.45769],[-124.50463,40.53905],[-124.56868,40.60877],[-124.68415,40.59709],[-124.73539,40.51574],[-124.67136,40.44606],[-124.55606,40.45769]]]},"properties":{"h3":"85280063fffffff","sunshine":[5.9,7.7,8.4,10.3,11.7,12.9,12.7,11.7,10.7,8.7,7.2,5.4]}},{"type":"Feature","geometry":{"type":"Polygon","coordinates":[[[-119.95889,40.5178],[-119.90212,40.59814],[-119.96469,40.67134],[-120.08405,40.66417],[-120.14066,40.58383],[-120.07807,40.51067],[-119.95889,40.5178]]]},"properties":{"h3":"85281607fffffff","sunshine":[7.2,8.8,9.5,11.6,12.6,13.5,13.8,13,11.5,9.9,8.1,6.4]}},{"type":"Feature","geometry":{"type":"Polygon","coordinates":[[[-118.45878,37.78298],[-118.40192,37.86447],[-118.4622,37.94098],[-118.57936,37.93595],[-118.63607,37.85445],[-118.57577,37.77799],[-118.45878,37.78298]]]},"properties":{"h3":"85298c03fffffff","sunshine":[8.6,9.7,10.9,12.1,13.1,13.5,13.5,12.9,11.8,10.6,9.3,8.2]}},{"type":"Feature","geometry":{"type":"Polygon","coordinates":[[[-119.06885,34.39499],[-119.01437,34.47812],[-119.07304,34.55655],[-119.18622,34.55177],[-119.24055,34.46862],[-119.18186,34.39026],[-119.06885,34.39499]]]},"properties":{"h3":"8529a1a7fffffff","sunshine":[8.3,9.5,10.3,11.8,13.1,13.5,13.8,12.8,11.7,10.6,9.5,8.2]}},{"type":"Feature","geometry":{"type":"Polygon","coordinates":[[[-114.97675,32.69454],[-114.91916,32.7771],[-114.97501,32.85903],[-115.08851,32.85835],[-115.14598,32.77576],[-115.09008,32.69388],[-114.97675,32.69454]]]},"properties":{"h3":"85485b17fffffff","sunshine":[9.1,9.9,11.1,12.4,13,13.5,13.1,12.6,11.4,10.8,9.8,8.6]}},{"type":"Feature","geometry":{"type":"Polygon","coordinates":[[[-120.4819,35.934],[-120.42814,36.01687],[-120.4882,36.0933],[-120.60203,36.08681],[-120.65564,36.00394],[-120.59556,35.92756],[-120.4819,35.934]]]},"properties":{"h3":"8529ad6bfffffff","sunshine":[7.9,9.2,10,11.8,13.3,13.8,13.9,13,11.8,10.6,9.1,7.7]}},{"type":"Feature","geometry":{"type":"Polygon","coordinates":[[[-123.18428,40.89209],[-123.13099,40.97296],[-123.19495,41.04338],[-123.3122,41.0329],[-123.36531,40.95203],[-123.30136,40.88166],[-123.18428,40.89209]]]},"properties":{"h3":"85280247fffffff","sunshine":[5.9,7.6,8.2,10.5,12.3,13.8,14.2,13.1,11.5,9.3,7.3,5.3]}},{"type":"Feature","geometry":{"type":"Polygon","coordinates":[[[-117.19627,34.70151],[-117.13976,34.78404],[-117.19776,34.86351],[-117.31231,34.86038],[-117.36869,34.77783],[-117.31065,34.69842],[-117.19627,34.70151]]]},"properties":{"h3":"8529a38bfffffff","sunshine":[8.8,9.9,11,12.2,13.3,13.8,13.7,12.7,11.8,10.7,9.7,8.4]}},{"type":"Feature","geometry":{"type":"Polygon","coordinates":[[[-116.16407,35.69584],[-116.10604,35.77763],[-116.16405,35.85713],[-116.28013,35.85477],[-116.33804,35.77296],[-116.27998,35.69352],[-116.16407,35.69584]]]},"properties":{"h3":"85298407fffffff","sunshine":[8.8,9.7,10.8,12.2,13.2,13.7,13.5,12.7,11.7,10.7,9.5,8.3]}},{"type":"Feature","geometry":{"type":"Polygon","coordinates":[[[-118.20863,33.85938],[-118.15355,33.94249],[-118.21157,34.0218],[-118.32471,34.01795],[-118.37966,33.93482],[-118.32161,33.85556],[-118.20863,33.85938]]]},"properties":{"h3":"8529a56ffffffff","sunshine":[8.4,9.4,10.3,11.3,11.7,12.3,13,12.2,11.1,10.1,9.4,8.1]}},{"type":"Feature","geometry":{"type":"Polygon","coordinates":[[[-115.12318,35.22605],[-115.06442,35.3077],[-115.12163,35.38813],[-115.23765,35.38686],[-115.2963,35.30519],[-115.23904,35.22481],[-115.12318,35.22605]]]},"properties":{"h3":"8529b133fffffff","sunshine":[8.7,9.7,10.8,12.3,13.1,13.8,13.2,12.6,11.7,10.7,9.7,8.2]}},{"type":"Feature","geometry":{"type":"Polygon","coordinates":[[[-123.45782,39.79606],[-123.40544,39.87762],[-123.46877,39.9488],[-123.58449,39.93837],[-123.63669,39.85681],[-123.57337,39.78569],[-123.45782,39.79606]]]},"properties":{"h3":"8528060ffffffff","sunshine":[6.1,7.9,8.4,10.7,12.3,13.8,14.1,13,11.5,9.5,7.7,5.7]}},{"type":"Feature","geometry":{"type":"Polygon","coordinates":[[[-123.02806,38.59534],[-122.97579,38.67747],[-123.03826,38.75],[-123.15298,38.74034],[-123.20507,38.65821],[-123.14261,38.58574],[-123.02806,38.59534]]]},"properties":{"h3":"85283157fffffff","sunshine":[6.6,8.5,9,11.2,12.7,13.8,13.9,12.9,11.6,9.6,8.2,6]}},{"type":"Feature","geometry":{"type":"Polygon","coordinates":[[[-121.94373,40.91885],[-121.88897,40.99944],[-121.95255,41.0708],[-122.07089,41.06153],[-122.12547,40.98094],[-122.06189,40.90963],[-121.94373,40.91885]]]},"properties":{"h3":"852811d3fffffff","sunshine":[5.7,7.7,8.1,10.7,12.4,13.8,14,13.1,11.5,9.4,7.3,5.3]}},{"type":"Feature","geometry":{"type":"Polygon","coordinates":[[[-121.3739,36.75496],[-121.3207,36.83766],[-121.38155,36.91286],[-121.4956,36.90531],[-121.54864,36.8226],[-121.48779,36.74746],[-121.3739,36.75496]]]},"properties":{"h3":"8529a937fffffff","sunshine":[7.6,9.1,9.6,11.1,12.3,13.1,13.2,12.3,11.4,10.1,8.9,7.4]}},{"type":"Feature","geometry":{"type":"Polygon","coordinates":[[[-122.38473,39.42352],[-122.33129,39.50509],[-122.39407,39.57742],[-122.51028,39.56813],[-122.56355,39.48656],[-122.50077,39.41428],[-122.38473,39.42352]]]},"properties":{"h3":"8528333bfffffff","sunshine":[6.7,8.6,9.2,11.4,13,13.9,14,13,11.8,9.8,8.2,6.2]}},{"type":"Feature","geometry":{"type":"Polygon","coordinates":[[[-121.81367,41.76562],[-121.75829,41.84562],[-121.82238,41.91631],[-121.94186,41.90695],[-121.99707,41.82694],[-121.93298,41.75631],[-121.81367,41.76562]]]},"properties":{"h3":"852813b7fffffff","sunshine":[6.8,8.3,9.2,11.2,12.4,13.8,14.1,13.1,11.5,9.4,7.6,5.7]}},{"type":"Feature","geometry":{"type":"Polygon","coordinates":[[[-120.25996,39.10504],[-120.20431,39.1863],[-120.26613,39.26049],[-120.38361,39.25337],[-120.4391,39.1721],[-120.37727,39.09796],[-120.25996,39.10504]]]},"properties":{"h3":"852989b3fffffff","sunshine":[7.1,8.2,9,11.2,12.5,13.5,13.8,13.1,11.6,10,8.1,6.6]}},{"type":"Feature","geometry":{"type":"Polygon","coordinates":[[[-119.48911,37.10152],[-119.4337,37.18363],[-119.49403,37.25994],[-119.60979,37.25407],[-119.66505,37.17195],[-119.6047,37.0957],[-119.48911,37.10152]]]},"properties":{"h3":"8529ab1bfffffff","sunshine":[7.8,8.9,9.8,11.6,13.1,13.6,13.9,13,11.7,10.5,8.8,7.5]}},{"type":"Feature","geometry":{"type":"Polygon","coordinates":[[[-122.23323,39.8217],[-122.17941,39.90302],[-122.24239,39.97513],[-122.35919,39.96587],[-122.41284,39.88456],[-122.34986,39.8125],[-122.23323,39.8217]]]},"properties":{"h3":"8528159bfffffff","sunshine":[6.5,8.5,9,11.4,13,13.9,14,13,11.7,9.7,8,6]}},{"type":"Feature","geometry":{"type":"Polygon","coordinates":[[[-118.56459,34.65758],[-118.50946,34.7405],[-118.56806,34.8191],[-118.68181,34.81472],[-118.7368,34.73179],[-118.67817,34.65325],[-118.56459,34.65758]]]},"properties":{"h3":"8529a13bfffffff","sunshine":[8.3,9.4,10.3,11.9,13.2,13.8,13.8,12.9,11.7,10.7,9.5,7.9]}},{"type":"Feature","geometry":{"type":"Polygon","coordinates":[[[-117.91968,37.08974],[-117.86264,37.17143],[-117.92228,37.24882],[-118.03898,37.24447],[-118.09588,37.16277],[-118.03621,37.08543],[-117.91968,37.08974]]]},"properties":{"h3":"852981b7fffffff","sunshine":[8.8,9.7,10.8,12.3,13.3,13.8,13.7,13,11.8,10.7,9.5,8.5]}},{"type":"Feature","geometry":{"type":"Polygon","coordinates":[[[-119.36044,38.60754],[-119.30409,38.68885],[-119.36524,38.76409],[-119.48277,38.75797],[-119.53897,38.67666],[-119.4778,38.60147],[-119.36044,38.60754]]]},"properties":{"h3":"85298d7bfffffff","sunshine":[8.2,9.4,10.6,12.1,12.9,13.5,13.6,13,11.6,10.3,8.9,7.6]}},{"type":"Feature","geometry":{"type":"Polygon","coordinates":[[[-122.35442,41.79805],[-122.29965,41.87815],[-122.36395,41.94839],[-122.48302,41.93848],[-122.53762,41.85837],[-122.47332,41.78818],[-122.35442,41.79805]]]},"properties":{"h3":"85281167fffffff","sunshine":[6.6,7.9,9,10.9,12.4,13.7,14.1,13.1,11.5,9.3,7.4,5.6]}},{"type":"Feature","geometry":{"type":"Polygon","coordinates":[[[-120.59166,38.61621],[-120.53664,38.69783],[-120.59829,38.77218],[-120.71498,38.76485],[-120.76984,38.68323],[-120.70818,38.60894],[-120.59166,38.61621]]]},"properties":{"h3":"852832cffffffff","sunshine":[6.9,8.1,8.8,11,12.7,13.5,13.8,13.1,11.5,9.9,8.1,6.5]}},{"type":"Feature","geometry":{"type":"Polygon","coordinates":[[[-119.10704,35.84309],[-119.05187,35.92568],[-119.11134,36.00314],[-119.226,35.99796],[-119.28102,35.91536],[-119.22153,35.83796],[-119.10704,35.84309]]]},"properties":{"h3":"8529a8cbfffffff","sunshine":[7.9,9.4,10.3,11.7,13.2,13.8,13.8,12.9,11.8,10.6,9.2,7.6]}},{"type":"Feature","geometry":{"type":"Polygon","coordinates":[[[-118.95761,36.72897],[-118.90184,36.81112],[-118.96173,36.88806],[-119.07743,36.8828],[-119.13306,36.80064],[-119.07314,36.72375],[-118.95761,36.72897]]]},"properties":{"h3":"8529aaaffffffff","sunshine":[7.9,8.9,9.8,11.5,13.1,13.7,13.8,13,11.8,10.6,9,7.6]}},{"type":"Feature","geometry":{"type":"Polygon","coordinates":[[[-122.64123,40.70993],[-122.5874,40.7908],[-122.65108,40.86181],[-122.76858,40.85191],[-122.82224,40.77104],[-122.75857,40.70008],[-122.64123,40.70993]]]},"properties":{"h3":"8528152ffffffff","sunshine":[6,7.9,8.4,10.9,12.5,13.8,14.1,13,11.5,9.4,7.5,5.4]}},{"type":"Feature","geometry":{"type":"Polygon","coordinates":[[[-116.8469,33.73415],[-116.79054,33.81694],[-116.84787,33.8972],[-116.9616,33.89461],[-117.01784,33.8118],[-116.96047,33.7316],[-116.8469,33.73415]]]},"properties":{"h3":"8529a0cffffffff","sunshine":[8.3,9.3,10.4,11.5,12.3,13.5,13.5,12.7,11.4,10.5,9.6,8.1]}},{"type":"Feature","geometry":{"type":"Polygon","coordinates":[[[-116.51715,37.45143],[-116.45851,37.53248],[-116.51765,37.61054],[-116.63549,37.60749],[-116.69399,37.52642],[-116.6348,37.44842],[-116.51715,37.45143]]]},"properties":{"h3":"8529814bfffffff","sunshine":[8.6,9.5,10.5,12.1,13,13.8,13.6,12.8,11.7,10.6,9.3,8.1]}},{"type":"Feature","geometry":{"type":"Polygon","coordinates":[[[-119.74577,34.36511],[-119.692,34.4484],[-119.75093,34.52638],[-119.86364,34.521],[-119.91726,34.43769],[-119.85831,34.35977],[-119.74577,34.36511]]]},"properties":{"h3":"8529ac93fffffff","sunshine":[8.3,9.5,10.3,11.8,13,13.1,13.7,12.7,11.5,10.5,9.4,8.2]}},{"type":"Feature","geometry":{"type":"Polygon","coordinates":[[[-121.22144,37.16061],[-121.16787,37.24309],[-121.2289,37.31811],[-121.3435,37.31058],[-121.39691,37.22809],[-121.33588,37.15313],[-121.22144,37.16061]]]},"properties":{"h3":"85283697fffffff","sunshine":[7.7,9,9.7,11.4,13.2,13.7,13.8,13,11.8,10.4,8.8,7.3]}},{"type":"Feature","geometry":{"type":"Polygon","coordinates":[[[-119.70694,38.43236],[-119.65106,38.51385],[-119.71225,38.58899],[-119.82935,38.58257],[-119.88508,38.50107],[-119.82387,38.42599],[-119.70694,38.43236]]]},"properties":{"h3":"85298d0ffffffff","sunshine":[7.6,8.6,9.6,11.5,12.8,13.5,13.7,13.1,11.6,10.2,8.6,7.1]}},{"type":"Feature","geometry":{"type":"Polygon","coordinates":[[[-116.50729,34.23018],[-116.45035,34.31269],[-116.50777,34.39288],[-116.62217,34.3905],[-116.67898,34.30797],[-116.62152,34.22784],[-116.50729,34.23018]]]},"properties":{"h3":"8529a2b3fffffff","sunshine":[8.9,9.9,11.1,12.2,13.3,13.8,13.6,12.7,11.7,10.8,9.8,8.4]}},{"type":"Feature","geometry":{"type":"Polygon","coordinates":[[[-118.41852,35.87169],[-118.36264,35.95408],[-118.42182,36.03199],[-118.53693,36.02745],[-118.59268,35.94504],[-118.53346,35.86719],[-118.41852,35.87169]]]},"properties":{"h3":"8529ae77fffffff","sunshine":[8.2,9.2,10.4,11.9,13.3,13.8,13.8,13,11.8,10.7,9.4,7.9]}},{"type":"Feature","geometry":{"type":"Polygon","coordinates":[[[-124.25815,41.09556],[-124.20603,41.17649],[-124.27043,41.24588],[-124.38693,41.23428],[-124.43887,41.15336],[-124.37449,41.08402],[-124.25815,41.09556]]]},"properties":{"h3":"85280353fffffff","sunshine":[6,7.5,8.5,10.4,11.8,13,13.1,12,10.8,8.7,7.1,5.3]}},{"type":"Feature","geometry":{"type":"Polygon","coordinates":[[[-117.2083,35.99278],[-117.15113,36.07477],[-117.20982,36.1534],[-117.32572,36.14998],[-117.38276,36.06797],[-117.32403,35.9894],[-117.2083,35.99278]]]},"properties":{"h3":"85298513fffffff","sunshine":[8.7,9.7,11,12.2,13.3,13.8,13.7,12.9,11.8,10.7,9.5,8.3]}},{"type":"Feature","geometry":{"type":"Polygon","coordinates":[[[-115.65152,33.67293],[-115.59406,33.75538],[-115.65076,33.8364],[-115.76497,33.83492],[-115.82231,33.75245],[-115.76557,33.67148],[-115.65152,33.67293]]]},"properties":{"h3":"8529a67bfffffff","sunshine":[9.1,10,11.2,12.4,13.2,13.7,13.4,12.7,11.6,10.8,9.8,8.4]}},{"type":"Feature","geometry":{"type":"Polygon","coordinates":[[[-120.7906,39.14994],[-120.73551,39.23131],[-120.79757,39.30507],[-120.91472,39.29741],[-120.96965,39.21603],[-120.90758,39.14232],[-120.7906,39.14994]]]},"properties":{"h3":"85283263fffffff","sunshine":[6.7,7.9,8.5,10.9,12.5,13.5,13.8,13.1,11.5,9.7,7.8,6.2]}},{"type":"Feature","geometry":{"type":"Polygon","coordinates":[[[-117.94334,38.5142],[-117.88555,38.59513],[-117.94601,38.67143],[-118.0643,38.66675],[-118.12194,38.5858],[-118.06145,38.50955],[-117.94334,38.5142]]]},"properties":{"h3":"852988dbfffffff","sunshine":[8.4,9.4,10.5,11.9,12.7,13.5,13.5,12.9,11.7,10.5,9.1,8]}},{"type":"Feature","geometry":{"type":"Polygon","coordinates":[[[-121.73976,37.20479],[-121.68674,37.28736],[-121.74797,37.36196],[-121.86222,37.35393],[-121.91508,37.27136],[-121.85385,37.19682],[-121.73976,37.20479]]]},"properties":{"h3":"85283447fffffff","sunshine":[7.4,8.7,9.3,11.2,12.7,13.6,13.7,12.9,11.6,10.1,8.7,7.1]}},{"type":"Feature","geometry":{"type":"Polygon","coordinates":[[[-117.9145,36.771],[-117.85763,36.85284],[-117.91709,36.93047],[-118.03345,36.9262],[-118.09018,36.84434],[-118.03069,36.76677],[-117.9145,36.771]]]},"properties":{"h3":"8529aa43fffffff","sunshine":[8.8,9.8,10.9,12.3,13.3,13.8,13.7,13,11.8,10.7,9.6,8.5]}},{"type":"Feature","geometry":{"type":"Polygon","coordinates":[[[-120.63175,39.54874],[-120.57627,39.62984],[-120.6385,39.70339],[-120.75623,39.69578],[-120.81155,39.61468],[-120.74931,39.54118],[-120.63175,39.54874]]]},"properties":{"h3":"852814c3fffffff","sunshine":[6.7,7.9,8.4,10.9,12.4,13.5,13.9,13.1,11.5,9.7,7.8,6.2]}},{"type":"Feature","geometry":{"type":"Polygon","coordinates":[[[-117.0215,34.30009],[-116.96503,34.38273],[-117.02273,34.46255],[-117.13696,34.45968],[-117.19331,34.37702],[-117.13556,34.29726],[-117.0215,34.30009]]]},"properties":{"h3":"8529a063fffffff","sunshine":[8.5,9.5,10.5,12,13.1,13.8,13.6,12.7,11.7,10.7,9.6,8.2]}},{"type":"Feature","geometry":{"type":"Polygon","coordinates":[[[-120.11729,35.31316],[-120.06346,35.39619],[-120.12304,35.4733],[-120.23647,35.46732],[-120.29016,35.38428],[-120.23056,35.30723],[-120.11729,35.31316]]]},"properties":{"h3":"8529ac27fffffff","sunshine":[8,9.4,10.2,11.8,13.3,13.8,13.8,13,11.8,10.7,9.2,7.8]}},{"type":"Feature","geometry":{"type":"Polygon","coordinates":[[[-121.08951,38.03584],[-121.03535,38.11788],[-121.09684,38.19232],[-121.21251,38.18467],[-121.26651,38.10263],[-121.20501,38.02824],[-121.08951,38.03584]]]},"properties":{"h3":"8528362bfffffff","sunshine":[6.7,8.7,9.5,11.3,13.1,13.7,13.8,13.1,11.7,10,8.2,6.3]}},{"type":"Feature","geometry":{"type":"Polygon","coordinates":[[[-120.49117,40.40802],[-120.43505,40.48856],[-120.49777,40.56148],[-120.61662,40.55379],[-120.67257,40.47324],[-120.60984,40.40038],[-120.49117,40.40802]]]},"properties":{"h3":"852816a7fffffff","sunshine":[7,8.7,9.4,11.5,12.8,13.7,13.9,13.1,11.6,9.9,8,6.2]}},{"type":"Feature","geometry":{"type":"Polygon","coordinates":[[[-118.98253,37.68065],[-118.92627,37.76234],[-118.98672,37.83857],[-119.10345,37.83305],[-119.15955,37.75134],[-119.09908,37.67517],[-118.98253,37.68065]]]},"properties":{"h3":"85298ca3fffffff","sunshine":[8.2,9.4,10.5,12,13.2,13.6,13.7,13,11.8,10.5,9.1,7.8]}},{"type":"Feature","geometry":{"type":"Polygon","coordinates":[[[-115.64689,34.65145],[-115.58892,34.73352],[-115.64611,34.81399],[-115.76133,34.81233],[-115.81918,34.73023],[-115.76194,34.64982],[-115.64689,34.65145]]]},"properties":{"h3":"8529a247fffffff","sunshine":[8.9,9.8,11,12.3,13.2,13.7,13.4,12.7,11.6,10.7,9.7,8.2]}},{"type":"Feature","geometry":{"type":"Polygon","coordinates":[[[-115.48689,32.60857],[-115.42981,32.69132],[-115.48589,32.773],[-115.5991,32.77188],[-115.65607,32.6891],[-115.59994,32.60748],[-115.48689,32.60857]]]},"properties":{"h3":"85485bb7fffffff","sunshine":[9.2,10,11.2,12.3,13.1,13.6,13.2,12.6,11.4,10.8,9.8,8.7]}},{"type":"Feature","geometry":{"type":"Polygon","coordinates":[[[-118.24143,35.63735],[-118.18548,35.7198],[-118.24447,35.79798],[-118.35942,35.79366],[-118.41523,35.7112],[-118.35622,35.63307],[-118.24143,35.63735]]]},"properties":{"h3":"8529ae0bfffffff","sunshine":[8.4,9.5,10.6,12,13.3,13.8,13.8,13,11.8,10.7,9.5,8.2]}},{"type":"Feature","geometry":{"type":"Polygon","coordinates":[[[-117.58223,38.05414],[-117.52432,38.13522],[-117.58434,38.21212],[-117.70231,38.20789],[-117.76007,38.1268],[-117.70001,38.04995],[-117.58223,38.05414]]]},"properties":{"h3":"85298e87fffffff","sunshine":[8.7,9.6,10.7,12.1,12.9,13.6,13.6,12.9,11.8,10.6,9.3,8.2]}},{"type":"Feature","geometry":{"type":"Polygon","coordinates":[[[-117.35156,33.15065],[-117.29597,33.23377],[-117.35325,33.31403],[-117.46614,33.31112],[-117.5216,33.22798],[-117.46429,33.14777],[-117.35156,33.15065]]]},"properties":{"h3":"8529a42bfffffff","sunshine":[8.7,9.6,10.6,11.3,11.8,12.5,13,12.1,11.1,10.3,9.6,8.2]}},{"type":"Feature","geometry":{"type":"Polygon","coordinates":[[[-116.68488,35.60389],[-116.6274,35.68589],[-116.68563,35.76512],[-116.80137,35.76228],[-116.85872,35.68026],[-116.80046,35.60109],[-116.68488,35.60389]]]},"properties":{"h3":"852984a7fffffff","sunshine":[8.7,9.7,10.9,12.1,13.2,13.7,13.6,12.8,11.7,10.7,9.6,8.2]}},{"type":"Feature","geometry":{"type":"Polygon","coordinates":[[[-121.67493,35.94068],[-121.62247,36.02377],[-121.68295,36.09933],[-121.7959,36.09174],[-121.84821,36.00864],[-121.78772,35.93314],[-121.67493,35.94068]]]},"properties":{"h3":"85291a57fffffff","sunshine":[7.7,9.1,9.6,11.5,12.8,13,12.7,12.1,11.4,10.1,9,7.4]}},{"type":"Feature","geometry":{"type":"Polygon","coordinates":[[[-122.1255,37.96359],[-122.07253,38.04587],[-122.13433,38.11959],[-122.2491,38.11098],[-122.30191,38.02869],[-122.24011,37.95503],[-122.1255,37.96359]]]},"properties":{"h3":"85283013fffffff","sunshine":[7,8.7,9.3,11.4,12.7,13.5,13.4,12.5,11.6,9.8,8.4,6.5]}},{"type":"Feature","geometry":{"type":"Polygon","coordinates":[[[-115.99377,33.50476],[-115.93671,33.58737],[-115.99351,33.66828],[-116.1074,33.66652],[-116.16434,33.58388],[-116.1075,33.50303],[-115.99377,33.50476]]]},"properties":{"h3":"8529a60ffffffff","sunshine":[9,9.9,11.1,12.2,13.2,13.7,13.4,12.6,11.5,10.8,9.7,8.4]}},{"type":"Feature","geometry":{"type":"Polygon","coordinates":[[[-121.21709,40.66656],[-121.16164,40.74713],[-121.2248,40.81927],[-121.34341,40.8108],[-121.39869,40.73022],[-121.33552,40.65813],[-121.21709,40.66656]]]},"properties":{"h3":"8528108ffffffff","sunshine":[7,8.5,9.2,11.3,12.6,13.8,13.9,13.1,11.7,9.8,7.9,6]}},{"type":"Feature","geometry":{"type":"Polygon","coordinates":[[[-114.4374,34.58058],[-114.37835,34.66226],[-114.43484,34.74348],[-114.55044,34.74297],[-114.60938,34.66127],[-114.55283,34.5801],[-114.4374,34.58058]]]},"properties":{"h3":"8529b1d3fffffff","sunshine":[8.8,9.7,10.8,12.4,12.9,13.6,13,12.6,11.5,10.6,9.6,8.1]}},{"type":"Feature","geometry":{"type":"Polygon","coordinates":[[[-123.97102,39.67221],[-123.91931,39.75392],[-123.9827,39.8248],[-124.0978,39.81392],[-124.14934,39.73221],[-124.08596,39.66138],[-123.97102,39.67221]]]},"properties":{"h3":"852806affffffff","sunshine":[6.3,8.1,8.7,11,12.3,13.3,13.2,12.3,11.1,9,7.7,5.8]}},{"type":"Feature","geometry":{"type":"Polygon","coordinates":[[[-123.06609,41.73711],[-123.01219,41.81742],[-123.07667,41.88716],[-123.19505,41.87655],[-123.24877,41.79625],[-123.1843,41.72656],[-123.06609,41.73711]]]},"properties":{"h3":"85281c53fffffff","sunshine":[6.2,7.7,8.7,10.6,12.3,13.7,14.2,13.1,11.5,9.2,7.2,5.3]}},{"type":"Feature","geometry":{"type":"Polygon","coordinates":[[[-118.88546,33.83498],[-118.83107,33.91827],[-118.88937,33.99715],[-119.00209,33.99268],[-119.05634,33.90939],[-118.99801,33.83057],[-118.88546,33.83498]]]},"properties":{"h3":"8529125bfffffff","sunshine":[8.5,9.6,10.6,11.8,12.8,13,13.4,12.4,11.5,10.5,9.6,8.4]}},{"type":"Feature","geometry":{"type":"Polygon","coordinates":[[[-120.6622,36.16307],[-120.60852,36.24588],[-120.66878,36.32202],[-120.78272,36.3153],[-120.83625,36.23249],[-120.77598,36.1564],[-120.6622,36.16307]]]},"properties":{"h3":"8529a9d7fffffff","sunshine":[7.9,9.1,9.8,11.8,13.3,13.8,13.8,13,11.8,10.5,9,7.6]}},{"type":"Feature","geometry":{"type":"Polygon","coordinates":[[[-121.65325,38.85757],[-121.59928,38.9393],[-121.66147,39.01266],[-121.77763,39.00424],[-121.83143,38.92251],[-121.76924,38.8492],[-121.65325,38.85757]]]},"properties":{"h3":"852833dbfffffff","sunshine":[6.6,8.5,9.1,11.4,13,13.8,13.9,13,11.7,9.9,8.1,6.1]}},{"type":"Feature","geometry":{"type":"Polygon","coordinates":[[[-120.64527,39.85782],[-120.58964,39.93874],[-120.65207,40.01202],[-120.77015,40.00432],[-120.82563,39.92339],[-120.76318,39.85016],[-120.64527,39.85782]]]},"properties":{"h3":"85281457fffffff","sunshine":[6.8,8.3,9,11.2,12.7,13.6,13.9,13.1,11.6,9.8,7.9,6.2]}},{"type":"Feature","geometry":{"type":"Polygon","coordinates":[[[-114.79772,33.43465],[-114.7396,33.5169],[-114.79572,33.59855],[-114.91002,33.5979],[-114.96803,33.51563],[-114.91186,33.43403],[-114.79772,33.43465]]]},"properties":{"h3":"8529b59bfffffff","sunshine":[9.1,9.9,11,12.4,13,13.5,13.1,12.6,11.6,10.8,9.7,8.4]}},{"type":"Feature","geometry":{"type":"Polygon","coordinates":[[[-115.81166,36.98803],[-115.75259,37.06908],[-115.81111,37.14791],[-115.92875,37.14565],[-115.9877,37.06459],[-115.92913,36.9858],[-115.81166,36.98803]]]},"properties":{"h3":"85298073fffffff","sunshine":[8.6,9.5,10.6,12.1,13,13.8,13.5,12.8,11.7,10.6,9.2,8]}},{"type":"Feature","geometry":{"type":"Polygon","coordinates":[[[-115.9951,32.68502],[-115.93845,32.7679],[-115.99484,32.84924],[-116.10791,32.84764],[-116.16444,32.76474],[-116.10801,32.68346],[-115.9951,32.68502]]]},"properties":{"h3":"85485967fffffff","sunshine":[9,9.9,11.1,12.2,13.2,13.7,13.4,12.6,11.5,10.8,9.8,8.5]}},{"type":"Feature","geometry":{"type":"Polygon","coordinates":[[[-120.0058,36.9953],[-119.95099,37.07759],[-120.01147,37.1536],[-120.12677,37.14727],[-120.18142,37.06497],[-120.12093,36.98901],[-120.0058,36.9953]]]},"properties":{"h3":"8529abbbfffffff","sunshine":[7.5,9.1,9.9,11.6,13.2,13.7,13.9,13,11.7,10.5,8.8,7]}},{"type":"Feature","geometry":{"type":"Polygon","coordinates":[[[-119.96469,40.67134],[-119.90784,40.75158],[-119.97051,40.82465],[-120.09005,40.81743],[-120.14674,40.73718],[-120.08405,40.66417],[-119.96469,40.67134]]]},"properties":{"h3":"8528163bfffffff","sunshine":[7.3,8.8,9.5,11.6,12.7,13.6,13.8,13.1,11.5,9.8,8.1,6.3]}},{"type":"Feature","geometry":{"type":"Polygon","coordinates":[[[-118.99093,37.99628],[-118.93452,38.07781],[-118.99515,38.15379],[-119.11223,38.14819],[-119.16849,38.06665],[-119.10783,37.99072],[-118.99093,37.99628]]]},"properties":{"h3":"85298c37fffffff","sunshine":[8.3,9.5,10.7,12,13.1,13.5,13.6,12.9,11.7,10.5,9.1,7.8]}},{"type":"Feature","geometry":{"type":"Polygon","coordinates":[[[-117.87175,34.03276],[-117.81624,34.11573],[-117.8742,34.19516],[-117.98771,34.19157],[-118.04308,34.10859],[-117.98509,34.02921],[-117.87175,34.03276]]]},"properties":{"h3":"8529a1dbfffffff","sunshine":[8.4,9.3,10.2,11.4,12.3,13.5,13.7,12.7,11.5,10.5,9.5,8.1]}},{"type":"Feature","geometry":{"type":"Polygon","coordinates":[[[-123.19495,41.04338],[-123.14158,41.12416],[-123.20565,41.19444],[-123.32307,41.1839],[-123.37625,41.10313],[-123.3122,41.0329],[-123.19495,41.04338]]]},"properties":{"h3":"8528027bfffffff","sunshine":[5.9,7.5,8.2,10.4,12.1,13.7,14.2,13.1,11.5,9.2,7.2,5.2]}},{"type":"Feature","geometry":{"type":"Polygon","coordinates":[[[-117.05333,38.30869],[-116.99475,38.38945],[-117.05465,38.46651],[-117.17318,38.46276],[-117.23163,38.38198],[-117.17168,38.30497],[-117.05333,38.30869]]]},"properties":{"h3":"85298e1bfffffff","sunshine":[8.4,9.5,10.5,12,12.9,13.7,13.5,12.8,11.7,10.5,9.2,7.9]}},{"type":"Feature","geometry":{"type":"Polygon","coordinates":[[[-116.16405,35.85713],[-116.10593,35.93885],[-116.16402,36.01823],[-116.28028,36.01585],[-116.33828,35.93411],[-116.28013,35.85477],[-116.16405,35.85713]]]},"properties":{"h3":"8529843bfffffff","sunshine":[8.7,9.7,10.8,12.2,13.2,13.7,13.6,12.7,11.7,10.7,9.5,8.2]}},{"type":"Feature","geometry":{"type":"Polygon","coordinates":[[[-121.42273,41.18708],[-121.36722,41.26737],[-121.43079,41.33889],[-121.54987,41.33007],[-121.60521,41.24978],[-121.54163,41.17831],[-121.42273,41.18708]]]},"properties":{"h3":"85281023fffffff","sunshine":[6.4,8.1,8.9,11,12.5,13.7,14,13.1,11.6,9.6,7.5,5.7]}},{"type":"Feature","geometry":{"type":"Polygon","coordinates":[[[-122.93138,39.76484],[-122.87839,39.84632],[-122.94155,39.91794],[-123.05769,39.90802],[-123.1105,39.82654],[-123.04735,39.75497],[-122.93138,39.76484]]]},"properties":{"h3":"85280643fffffff","sunshine":[6.4,8.2,8.8,11,12.6,13.9,14.1,13,11.7,9.7,7.9,5.9]}},{"type":"Feature","geometry":{"type":"Polygon","coordinates":[[[-123.35011,38.25663],[-123.29838,38.33898],[-123.36073,38.41153],[-123.47479,38.40167],[-123.52634,38.31933],[-123.464,38.24683],[-123.35011,38.25663]]]},"properties":{"h3":"8528318bfffffff","sunshine":[6.8,8.7,9.4,11.3,12.4,13.3,12.7,11.8,11.1,9.4,8.4,6.4]}},{"type":"Feature","geometry":{"type":"Polygon","coordinates":[[[-119.99987,41.58756],[-119.94252,41.6672],[-120.00579,41.73942],[-120.12643,41.73194],[-120.18361,41.6523],[-120.12032,41.58013],[-119.99987,41.58756]]]},"properties":{"h3":"85281207fffffff","sunshine":[6.7,8.2,9.3,11.3,12.5,13.5,13.8,13.1,11.4,9.5,7.5,5.7]}},{"type":"Feature","geometry":{"type":"Polygon","coordinates":[[[-118.48294,38.88462],[-118.4255,38.96551],[-118.48643,39.04115],[-118.60483,39.03584],[-118.66211,38.95493],[-118.60116,38.87935],[-118.48294,38.88462]]]},"properties":{"h3":"85298803fffffff","sunshine":[8.3,9.4,10.4,11.9,12.7,13.4,13.6,13,11.7,10.4,8.9,7.7]}},{"type":"Feature","geometry":{"type":"Polygon","coordinates":[[[-124.33235,41.99387],[-124.27982,42.07424],[-124.34485,42.14273],[-124.46238,42.1308],[-124.51471,42.05043],[-124.44971,41.98199],[-124.33235,41.99387]]]},"properties":{"h3":"85281dcbfffffff","sunshine":[5.5,7,7.9,9.9,12,13.4,14.1,12.9,11,8.5,6.8,4.9]}},{"type":"Feature","geometry":{"type":"Polygon","coordinates":[[[-120.52643,37.04524],[-120.47216,37.12763],[-120.53286,37.20324],[-120.64785,37.1964],[-120.70197,37.114],[-120.64125,37.03845],[-120.52643,37.04524]]]},"properties":{"h3":"8529a96bfffffff","sunshine":[7.2,9,9.9,11.6,13.3,13.8,13.9,13,11.8,10.4,8.7,6.8]}},{"type":"Feature","geometry":{"type":"Polygon","coordinates":[[[-122.05365,39.75846],[-121.99966,39.83978],[-122.06254,39.91208],[-122.17941,39.90302],[-122.23323,39.8217],[-122.17036,39.74945],[-122.05365,39.75846]]]},"properties":{"h3":"8528336ffffffff","sunshine":[6.5,8.5,9,11.3,13,13.8,14,13,11.7,9.8,8,6]}},{"type":"Feature","geometry":{"type":"Polygon","coordinates":[[[-115.13089,34.41316],[-115.07256,34.49515],[-115.12936,34.57606],[-115.24454,34.57493],[-115.30275,34.49291],[-115.2459,34.41205],[-115.13089,34.41316]]]},"properties":{"h3":"8529b52ffffffff","sunshine":[8.9,9.9,11,12.4,13.1,13.7,13.3,12.7,11.6,10.7,9.7,8.2]}},{"type":"Feature","geometry":{"type":"Polygon","coordinates":[[[-116.16392,36.82101],[-116.10528,36.90226],[-116.1639,36.981],[-116.2812,36.97842],[-116.33971,36.89715],[-116.28104,36.81847],[-116.16392,36.82101]]]},"properties":{"h3":"85298007fffffff","sunshine":[8.5,9.5,10.6,12.1,13.1,13.8,13.5,12.8,11.7,10.6,9.2,8]}},{"type":"Feature","geometry":{"type":"Polygon","coordinates":[[[-122.78231,37.44243],[-122.73035,37.52507],[-122.79205,37.5987],[-122.9057,37.58963],[-122.9575,37.50698],[-122.89581,37.43341],[-122.78231,37.44243]]]},"properties":{"h3":"85283553fffffff","sunshine":[7.3,8.8,9.3,11.1,12,12.6,11.9,10.9,10.9,9.4,8.6,6.8]}},{"type":"Feature","geometry":{"type":"Polygon","coordinates":[[[-119.15067,37.43523],[-119.09473,37.51709],[-119.15511,37.59339],[-119.27146,37.58776],[-119.32725,37.50589],[-119.26685,37.42965],[-119.15067,37.43523]]]},"properties":{"h3":"8529ab4ffffffff","sunshine":[7.8,8.7,9.6,11.5,12.9,13.6,13.7,13.1,11.7,10.5,8.8,7.5]}},{"type":"Feature","geometry":{"type":"Polygon","coordinates":[[[-121.90001,40.15557],[-121.84563,40.23662],[-121.9087,40.30869],[-122.02617,40.29967],[-122.08038,40.21862],[-122.0173,40.1466],[-121.90001,40.15557]]]},"properties":{"h3":"852815cffffffff","sunshine":[6.4,8.2,8.8,11.1,12.8,13.8,14,13.1,11.7,9.7,7.8,5.8]}},{"type":"Feature","geometry":{"type":"Polygon","coordinates":[[[-118.22938,34.9931],[-118.17375,35.0758],[-118.23238,35.15442],[-118.34667,35.15026],[-118.40217,35.06754],[-118.34351,34.98899],[-118.22938,34.9931]]]},"properties":{"h3":"8529a16ffffffff","sunshine":[8.5,9.6,10.6,12.1,13.4,13.8,13.8,12.9,11.8,10.8,9.6,8.1]}},{"type":"Feature","geometry":{"type":"Polygon","coordinates":[[[-121.14807,35.57532],[-121.09521,35.65846],[-121.15531,35.73466],[-121.26828,35.72766],[-121.32099,35.64451],[-121.26088,35.56837],[-121.14807,35.57532]]]},"properties":{"h3":"8529ad33fffffff","sunshine":[8,9.2,9.9,11.7,13.1,13.5,13.6,12.7,11.7,10.4,9.1,7.6]}},{"type":"Feature","geometry":{"type":"Polygon","coordinates":[[[-123.53516,40.86046],[-123.4823,40.94141],[-123.54635,41.01158],[-123.66324,41.00076],[-123.71592,40.91982],[-123.65189,40.84969],[-123.53516,40.86046]]]},"properties":{"h3":"8528020ffffffff","sunshine":[5.8,7.3,8,10,11.7,13.5,14.1,13,11.3,9.2,7.2,5.1]}},{"type":"Feature","geometry":{"type":"Polygon","coordinates":[[[-120.22939,38.32453],[-120.17413,38.40622],[-120.23547,38.48106],[-120.35209,38.47416],[-120.40719,38.39247],[-120.34584,38.31769],[-120.22939,38.32453]]]},"properties":{"h3":"85298daffffffff","sunshine":[7.1,8.2,8.8,11.1,12.7,13.5,13.8,13.1,11.6,10.1,8.2,6.8]}},{"type":"Feature","geometry":{"type":"Polygon","coordinates":[[[-116.68191,34.95726],[-116.62477,35.03953],[-116.68265,35.11917],[-116.79772,35.11647],[-116.85474,35.03418],[-116.79681,34.9546],[-116.68191,34.95726]]]},"properties":{"h3":"8529a353fffffff","sunshine":[8.8,9.8,10.9,12.2,13.2,13.7,13.6,12.7,11.7,10.7,9.7,8.4]}},{"type":"Feature","geometry":{"type":"Polygon","coordinates":[[[-117.72743,35.89641],[-117.67083,35.9786],[-117.72972,36.05696],[-117.84524,36.05307],[-117.90171,35.97086],[-117.84279,35.89256],[-117.72743,35.89641]]]},"properties":{"h3":"852985b3fffffff","sunshine":[8.8,9.8,11,12.3,13.5,13.8,13.8,13,11.9,10.7,9.6,8.5]}},{"type":"Feature","geometry":{"type":"Polygon","coordinates":[[[-122.29789,40.89084],[-122.24356,40.97153],[-122.30724,41.04264],[-122.42526,41.03303],[-122.47941,40.95235],[-122.41573,40.88128],[-122.29789,40.89084]]]},"properties":{"h3":"8528119bfffffff","sunshine":[5.7,7.8,8.1,10.9,12.4,13.8,14.1,13.1,11.5,9.4,7.5,5.4]}},{"type":"Feature","geometry":{"type":"Polygon","coordinates":[[[-120.77561,34.79552],[-120.72273,34.87888],[-120.78227,34.95586],[-120.89471,34.94943],[-120.94744,34.86606],[-120.88789,34.78914],[-120.77561,34.79552]]]},"properties":{"h3":"85291367fffffff","sunshine":[8.2,9.6,10.2,11.6,12.7,13,12.9,11.9,11.5,10.3,9.3,8.1]}},{"type":"Feature","geometry":{"type":"Polygon","coordinates":[[[-122.19689,39.20578],[-122.14335,39.28743],[-122.20594,39.36009],[-122.32205,39.35105],[-122.37542,39.26939],[-122.31284,39.19679],[-122.19689,39.20578]]]},"properties":{"h3":"85283303fffffff","sunshine":[6.8,8.7,9.2,11.5,13.1,13.9,14,13,11.8,9.8,8.3,6.2]}},{"type":"Feature","geometry":{"type":"Polygon","coordinates":[[[-122.10735,40.67672],[-122.05292,40.75749],[-122.1164,40.82895],[-122.23431,40.81958],[-122.28857,40.73881],[-122.22509,40.6674],[-122.10735,40.67672]]]},"properties":{"h3":"85281563fffffff","sunshine":[5.9,8,8.4,11,12.6,13.8,14,13.1,11.6,9.5,7.6,5.5]}},{"type":"Feature","geometry":{"type":"Polygon","coordinates":[[[-118.38925,34.42122],[-118.33407,34.50418],[-118.39247,34.58304],[-118.50608,34.57888],[-118.56112,34.49591],[-118.5027,34.4171],[-118.38925,34.42122]]]},"properties":{"h3":"8529a103fffffff","sunshine":[8.3,9.3,10.2,11.5,12.6,13.4,13.8,12.8,11.5,10.5,9.5,8]}},{"type":"Feature","geometry":{"type":"Polygon","coordinates":[[[-119.41703,34.70318],[-119.36276,34.78628],[-119.42174,34.86428],[-119.535,34.8591],[-119.58913,34.77599],[-119.53013,34.69805],[-119.41703,34.70318]]]},"properties":{"h3":"8529acc7fffffff","sunshine":[8.1,9.4,10.2,11.8,13.3,13.8,13.8,12.9,11.8,10.7,9.3,7.9]}},{"type":"Feature","geometry":{"type":"Polygon","coordinates":[[[-120.36952,37.45004],[-120.31487,37.5322],[-120.37575,37.60761],[-120.4913,37.60082],[-120.54579,37.51865],[-120.4849,37.44328],[-120.36952,37.45004]]]},"properties":{"h3":"852836cbfffffff","sunshine":[7.5,8.9,9.7,11.5,13.2,13.7,13.9,13,11.7,10.3,8.8,7.1]}},{"type":"Feature","geometry":{"type":"Polygon","coordinates":[[[-119.17748,38.38113],[-119.12105,38.4625],[-119.182,38.53805],[-119.29938,38.53217],[-119.35566,38.45079],[-119.29469,38.37529],[-119.17748,38.38113]]]},"properties":{"h3":"85298d43fffffff","sunshine":[8.3,9.5,10.7,12.1,12.9,13.5,13.6,12.9,11.7,10.4,9,7.7]}},{"type":"Feature","geometry":{"type":"Polygon","coordinates":[[[-118.75554,35.53699],[-118.70017,35.61961],[-118.75932,35.69752],[-118.87387,35.69274],[-118.9291,35.6101],[-118.86992,35.53225],[-118.75554,35.53699]]]},"properties":{"h3":"8529aeabfffffff","sunshine":[8.2,9.4,10.5,11.8,13.2,13.8,13.9,12.9,11.8,10.7,9.3,7.9]}},{"type":"Feature","geometry":{"type":"Polygon","coordinates":[[[-116.67109,32.50999],[-116.61516,32.59312],[-116.6718,32.67414],[-116.78439,32.67198],[-116.84019,32.58883],[-116.78352,32.50787],[-116.67109,32.50999]]]},"properties":{"h3":"8529a4cbfffffff","sunshine":[8.6,9.4,10.3,11.4,12,13.3,13.4,12.5,11.1,10.4,9.6,8.2]}},{"type":"Feature","geometry":{"type":"Polygon","coordinates":[[[-116.86276,36.32353],[-116.80507,36.40526],[-116.86377,36.48389],[-116.9802,36.48074],[-117.03776,36.39899],[-116.97902,36.32041],[-116.86276,36.32353]]]},"properties":{"h3":"85298547fffffff","sunshine":[8.8,9.7,11,12.2,13.2,13.8,13.7,12.8,11.7,10.7,9.5,8.3]}},{"type":"Feature","geometry":{"type":"Polygon","coordinates":[[[-122.63565,37.84628],[-122.58332,37.92871],[-122.64521,38.00214],[-122.75943,37.99308],[-122.8116,37.91065],[-122.74971,37.83728],[-122.63565,37.84628]]]},"properties":{"h3":"852830b3fffffff","sunshine":[7.1,8.7,9.3,11.4,12.6,13.3,13.1,12.1,11.5,9.7,8.5,6.5]}},{"type":"Feature","geometry":{"type":"Polygon","coordinates":[[[-116.50491,33.41444],[-116.44838,33.49723],[-116.50538,33.57788],[-116.61896,33.57568],[-116.67536,33.49286],[-116.61832,33.41227],[-116.50491,33.41444]]]},"properties":{"h3":"8529a6affffffff","sunshine":[8.7,9.6,10.8,12.1,13.1,13.7,13.5,12.7,11.6,10.7,9.7,8.3]}},{"type":"Feature","geometry":{"type":"Polygon","coordinates":[[[-122.71077,41.7681],[-122.65643,41.8483],[-122.72083,41.9183],[-122.83956,41.90803],[-122.89372,41.82783],[-122.82933,41.75789],[-122.71077,41.7681]]]},"properties":{"h3":"8528112ffffffff","sunshine":[6.3,7.8,8.8,10.8,12.4,13.7,14.2,13.1,11.5,9.2,7.4,5.4]}},{"type":"Feature","geometry":{"type":"Polygon","coordinates":[[[-119.78224,35.49063],[-119.72796,35.57352],[-119.78751,35.65075],[-119.90135,35.64503],[-119.95549,35.56213],[-119.89592,35.48495],[-119.78224,35.49063]]]},"properties":{"h3":"8529a893fffffff","sunshine":[8,9.5,10.6,11.9,13.4,13.8,13.8,12.9,11.8,10.7,9.2,7.8]}},{"type":"Feature","geometry":{"type":"Polygon","coordinates":[[[-121.2741,38.25892],[-121.22002,38.34089],[-121.28172,38.41501],[-121.39749,38.40713],[-121.45141,38.32516],[-121.38971,38.25109],[-121.2741,38.25892]]]},"properties":{"h3":"85283297fffffff","sunshine":[6.6,8.6,9.4,11.3,13,13.6,13.8,13,11.6,10,8.1,6.2]}},{"type":"Feature","geometry":{"type":"Polygon","coordinates":[[[-121.09563,41.81903],[-121.03939,41.89881],[-121.10325,41.96999],[-121.22337,41.96134],[-121.27944,41.88156],[-121.21557,41.81042],[-121.09563,41.81903]]]},"properties":{"h3":"85281313fffffff","sunshine":[6.5,8,8.9,11,12.4,13.6,13.9,13.1,11.4,9.4,7.4,5.6]}},{"type":"Feature","geometry":{"type":"Polygon","coordinates":[[[-121.74797,37.36196],[-121.69488,37.44445],[-121.75621,37.51892],[-121.87062,37.51084],[-121.92355,37.42834],[-121.86222,37.35393],[-121.74797,37.36196]]]},"properties":{"h3":"8528347bfffffff","sunshine":[7.4,8.7,9.5,11.2,12.8,13.6,13.7,13,11.6,10.1,8.6,7]}},{"type":"Feature","geometry":{"type":"Polygon","coordinates":[[[-118.44183,36.98996],[-118.38538,37.07184],[-118.4452,37.14896],[-118.5615,37.14413],[-118.6178,37.06223],[-118.55796,36.98517],[-118.44183,36.98996]]]},"properties":{"h3":"8529aa77fffffff","sunshine":[8.1,9,10.1,11.8,13.1,13.6,13.6,12.9,11.8,10.6,9.1,7.7]}},{"type":"Feature","geometry":{"type":"Polygon","coordinates":[[[-117.52353,33.39123],[-117.468,33.47432],[-117.52548,33.55434],[-117.63852,33.55122],[-117.69393,33.46811],[-117.63642,33.38815],[-117.52353,33.39123]]]},"properties":{"h3":"8529a097fffffff","sunshine":[8.6,9.6,10.6,11.5,12.2,13.1,13.4,12.4,11.3,10.3,9.6,8.2]}},{"type":"Feature","geometry":{"type":"Polygon","coordinates":[[[-117.21906,37.11322],[-117.1613,37.19468],[-117.22061,37.27252],[-117.33772,37.26886],[-117.39534,37.18738],[-117.33599,37.10959],[-117.21906,37.11322]]]},"properties":{"h3":"85298113fffffff","sunshine":[8.8,9.7,10.8,12.3,13.2,13.8,13.7,12.9,11.8,10.7,9.4,8.3]}},{"type":"Feature","geometry":{"type":"Polygon","coordinates":[[[-118.91307,34.96688],[-118.85815,35.04977],[-118.91706,35.12794],[-119.03092,35.12316],[-119.0857,35.04026],[-119.02676,34.96215],[-118.91307,34.96688]]]},"properties":{"h3":"8529ac5bfffffff","sunshine":[8.3,9.5,10.4,11.8,13.2,13.8,13.8,12.8,11.8,10.6,9.4,8]}},{"type":"Feature","geometry":{"type":"Polygon","coordinates":[[[-118.27531,37.39421],[-118.21847,37.47585],[-118.27844,37.55278],[-118.39528,37.54802],[-118.45197,37.46637],[-118.39197,37.38949],[-118.27531,37.39421]]]},"properties":{"h3":"85298cd7fffffff","sunshine":[8.7,9.6,10.9,12.1,13.1,13.6,13.5,12.9,11.8,10.6,9.4,8.3]}},{"type":"Feature","geometry":{"type":"Polygon","coordinates":[[[-115.64611,34.81399],[-115.58806,34.89599],[-115.64533,34.97636],[-115.76072,34.97467],[-115.81866,34.89264],[-115.76133,34.81233],[-115.64611,34.81399]]]},"properties":{"h3":"8529a27bfffffff","sunshine":[8.8,9.8,11,12.3,13.1,13.7,13.4,12.7,11.7,10.7,9.7,8.3]}},{"type":"Feature","geometry":{"type":"Polygon","coordinates":[[[-124.60679,41.06062],[-124.5551,41.14163],[-124.61957,41.21077],[-124.7357,41.19885],[-124.78719,41.11785],[-124.72275,41.04876],[-124.60679,41.06062]]]},"properties":{"h3":"8528031bfffffff","sunshine":[5.9,7.6,8.5,10.3,11.8,13.1,13.2,11.8,10.6,8.5,7,5.4]}},{"type":"Feature","geometry":{"type":"Polygon","coordinates":[[[-117.58434,38.21212],[-117.52635,38.29311],[-117.58646,38.36989],[-117.7046,38.36563],[-117.76245,38.28462],[-117.70231,38.20789],[-117.58434,38.21212]]]},"properties":{"h3":"85298ebbfffffff","sunshine":[8.6,9.6,10.6,12.1,12.9,13.6,13.5,12.9,11.7,10.6,9.3,8.2]}},{"type":"Feature","geometry":{"type":"Polygon","coordinates":[[[-115.47061,35.222],[-115.41217,35.30376],[-115.46956,35.38399],[-115.58545,35.38239],[-115.64376,35.30059],[-115.58632,35.22042],[-115.47061,35.222]]]},"properties":{"h3":"852984dbfffffff","sunshine":[8.7,9.7,10.8,12.3,13.1,13.8,13.3,12.7,11.7,10.7,9.7,8.2]}},{"type":"Feature","geometry":{"type":"Polygon","coordinates":[[[-115.48188,33.42936],[-115.42438,33.51183],[-115.48087,33.59309],[-115.5949,33.59182],[-115.65228,33.50931],[-115.59575,33.42811],[-115.48188,33.42936]]]},"properties":{"h3":"8529a643fffffff","sunshine":[9.2,10,11.2,12.4,13.2,13.6,13.3,12.7,11.6,10.8,9.8,8.5]}},{"type":"Feature","geometry":{"type":"Polygon","coordinates":[[[-121.79775,38.30076],[-121.74423,38.38281],[-121.80613,38.45651],[-121.92155,38.44811],[-121.9749,38.36606],[-121.913,38.29241],[-121.79775,38.30076]]]},"properties":{"h3":"85283047fffffff","sunshine":[6.8,8.6,9.3,11.3,13,13.7,13.9,13,11.7,10,8.2,6.3]}},{"type":"Feature","geometry":{"type":"Polygon","coordinates":[[[-120.67945,40.62651],[-120.62342,40.70697],[-120.68634,40.77955],[-120.80532,40.77162],[-120.86118,40.69116],[-120.79824,40.61863],[-120.67945,40.62651]]]},"properties":{"h3":"852810c3fffffff","sunshine":[7,8.7,9.3,11.5,12.6,13.7,13.9,13.1,11.6,9.8,7.9,6.1]}},{"type":"Feature","geometry":{"type":"Polygon","coordinates":[[[-123.93197,41.43025],[-123.87927,41.51092],[-123.9438,41.58026],[-124.06102,41.56888],[-124.11353,41.48822],[-124.04901,41.41893],[-123.93197,41.43025]]]},"properties":{"h3":"85281c87fffffff","sunshine":[5.8,7.2,8.3,10.1,11.7,13.2,13.7,12.7,11.1,8.9,7,5.2]}},{"type":"Feature","geometry":{"type":"Polygon","coordinates":[[[-121.14126,39.12676],[-121.08657,39.20823],[-121.14874,39.28175],[-121.2656,39.27375],[-121.32012,39.19228],[-121.25795,39.11881],[-121.14126,39.12676]]]},"properties":{"h3":"8528322bfffffff","sunshine":[6.8,8.1,8.9,11.1,12.9,13.6,13.9,13.1,11.6,9.8,8,6.3]}},{"type":"Feature","geometry":{"type":"Polygon","coordinates":[[[-120.15786,36.4305],[-120.10351,36.51308],[-120.16373,36.5894],[-120.27832,36.58308],[-120.33252,36.50048],[-120.27229,36.42422],[-120.15786,36.4305]]]},"properties":{"h3":"8529a827fffffff","sunshine":[7.8,9.4,10.2,11.7,13.3,13.8,13.9,13,11.8,10.5,9,7.5]}},{"type":"Feature","geometry":{"type":"Polygon","coordinates":[[[-119.01216,38.78174],[-118.95534,38.86285],[-119.01645,38.9382],[-119.1344,38.93238],[-119.19107,38.85127],[-119.12994,38.77597],[-119.01216,38.78174]]]},"properties":{"h3":"852988a3fffffff","sunshine":[8.2,9.4,10.5,12,12.8,13.5,13.6,13,11.6,10.4,9,7.7]}},{"type":"Feature","geometry":{"type":"Polygon","coordinates":[[[-120.53779,41.47725],[-120.48111,41.55712],[-120.54453,41.62904],[-120.66464,41.62104],[-120.72115,41.54117],[-120.65772,41.4693],[-120.53779,41.47725]]]},"properties":{"h3":"852812a7fffffff","sunshine":[6.7,8.2,9.1,11.1,12.4,13.5,13.8,13.1,11.4,9.5,7.5,5.8]}},{"type":"Feature","geometry":{"type":"Polygon","coordinates":[[[-122.08173,37.18056],[-122.0291,37.2632],[-122.09043,37.33756],[-122.20438,37.32921],[-122.25684,37.24657],[-122.19552,37.17227],[-122.08173,37.18056]]]},"properties":{"h3":"8528340ffffffff","sunshine":[7.4,8.9,9.5,11.3,12.7,13.5,13.5,12.7,11.6,10,8.7,7.1]}},{"type":"Feature","geometry":{"type":"Polygon","coordinates":[[[-118.26286,36.75798],[-118.20635,36.83993],[-118.26596,36.91733],[-118.3821,36.91273],[-118.43847,36.83077],[-118.37884,36.75342],[-118.26286,36.75798]]]},"properties":{"h3":"8529aa0bfffffff","sunshine":[8.4,9.5,10.7,12.2,13.3,13.7,13.7,13,11.9,10.6,9.4,8.2]}},{"type":"Feature","geometry":{"type":"Polygon","coordinates":[[[-120.98413,39.52572],[-120.92905,39.60692],[-120.99141,39.68023],[-121.10885,39.67228],[-121.16377,39.59107],[-121.1014,39.51782],[-120.98413,39.52572]]]},"properties":{"h3":"8528148bfffffff","sunshine":[6.4,7.8,8.2,10.7,12.5,13.5,13.9,13.1,11.5,9.7,7.7,6]}},{"type":"Feature","geometry":{"type":"Polygon","coordinates":[[[-117.3635,34.29128],[-117.30736,34.37401],[-117.36522,34.45362],[-117.47926,34.45044],[-117.53527,34.36768],[-117.47737,34.28813],[-117.3635,34.29128]]]},"properties":{"h3":"8529a02bfffffff","sunshine":[8.5,9.4,10.5,11.9,13.1,13.8,13.7,12.8,11.7,10.7,9.6,8.2]}},{"type":"Feature","geometry":{"type":"Polygon","coordinates":[[[-114.45006,33.7637],[-114.39145,33.84571],[-114.44754,33.92739],[-114.5623,33.927],[-114.6208,33.84497],[-114.56465,33.76334],[-114.45006,33.7637]]]},"properties":{"h3":"8529b5cffffffff","sunshine":[9,9.8,10.9,12.5,13,13.5,13,12.6,11.5,10.7,9.6,8.4]}},{"type":"Feature","geometry":{"type":"Polygon","coordinates":[[[-116.69016,36.72868],[-116.63208,36.81015],[-116.69092,36.88862],[-116.80787,36.88555],[-116.86582,36.80405],[-116.80694,36.72564],[-116.69016,36.72868]]]},"properties":{"h3":"852980a7fffffff","sunshine":[8.7,9.7,10.8,12.1,13.2,13.8,13.7,12.9,11.7,10.7,9.4,8.2]}},{"type":"Feature","geometry":{"type":"Polygon","coordinates":[[[-124.16129,39.8846],[-124.10969,39.96623],[-124.17327,40.03678],[-124.28844,40.02565],[-124.33986,39.94403],[-124.27629,39.87353],[-124.16129,39.8846]]]},"properties":{"h3":"852800cbfffffff","sunshine":[6.2,8,8.5,10.9,12.2,13.4,13.4,12.5,11.1,9,7.6,5.6]}},{"type":"Feature","geometry":{"type":"Polygon","coordinates":[[[-118.11609,38.27101],[-118.05861,38.35214],[-118.11901,38.42851],[-118.23692,38.42371],[-118.29426,38.34257],[-118.23382,38.26625],[-118.11609,38.27101]]]},"properties":{"h3":"85298c6bfffffff","sunshine":[8.4,9.5,10.6,12,12.8,13.4,13.5,12.8,11.7,10.6,9.2,8]}},{"type":"Feature","geometry":{"type":"Polygon","coordinates":[[[-115.99188,34.64624],[-115.93424,34.72843],[-115.99161,34.80868],[-116.10667,34.8067],[-116.16419,34.72449],[-116.10678,34.64429],[-115.99188,34.64624]]]},"properties":{"h3":"8529a20ffffffff","sunshine":[8.8,9.9,11,12.2,13.1,13.7,13.4,12.7,11.7,10.7,9.7,8.3]}},{"type":"Feature","geometry":{"type":"Polygon","coordinates":[[[-120.44444,34.97456],[-120.39112,35.05779],[-120.45064,35.13489],[-120.5635,35.12871],[-120.61667,35.04547],[-120.55714,34.96843],[-120.44444,34.97456]]]},"properties":{"h3":"8529add3fffffff","sunshine":[8.2,9.4,10.2,11.6,12.7,13.1,13.3,12.4,11.5,10.4,9.3,8.1]}},{"type":"Feature","geometry":{"type":"Polygon","coordinates":[[[-124.05353,40.73561],[-124.00135,40.81673],[-124.06546,40.88661],[-124.18172,40.87532],[-124.23372,40.79421],[-124.16963,40.72438],[-124.05353,40.73561]]]},"properties":{"h3":"852802affffffff","sunshine":[6.1,7.5,8.5,10.4,11.9,13.4,13.7,12.7,11.3,9.2,7.4,5.4]}},{"type":"Feature","geometry":{"type":"Polygon","coordinates":[[[-115.81438,36.18574],[-115.75575,36.26719],[-115.81384,36.34658],[-115.93061,36.34446],[-115.98911,36.26299],[-115.93098,36.18366],[-115.81438,36.18574]]]},"properties":{"h3":"8529846ffffffff","sunshine":[8.6,9.6,10.7,12.3,13.2,13.8,13.4,12.7,11.7,10.7,9.4,8.2]}},{"type":"Feature","geometry":{"type":"Polygon","coordinates":[[[-120.69326,40.93236],[-120.63707,41.01262],[-120.7002,41.08492],[-120.81953,41.0769],[-120.87555,40.99663],[-120.81241,40.92438],[-120.69326,40.93236]]]},"properties":{"h3":"85281057fffffff","sunshine":[6.9,8.5,9.2,11.3,12.4,13.6,13.9,13.1,11.6,9.7,7.8,6]}},{"type":"Feature","geometry":{"type":"Polygon","coordinates":[[[-114.78357,34.57881],[-114.72483,34.66061],[-114.78152,34.74163],[-114.897,34.7408],[-114.95562,34.65897],[-114.89888,34.578],[-114.78357,34.57881]]]},"properties":{"h3":"8529b19bfffffff","sunshine":[8.8,9.8,10.9,12.4,13,13.7,13.1,12.6,11.6,10.7,9.6,8.1]}},{"type":"Feature","geometry":{"type":"Polygon","coordinates":[[[-123.46877,39.9488],[-123.41632,40.03028],[-123.47976,40.10132],[-123.59564,40.09083],[-123.64791,40.00936],[-123.58449,39.93837],[-123.46877,39.9488]]]},"properties":{"h3":"85280677fffffff","sunshine":[6,7.8,8.4,10.7,12.3,13.8,14.1,13,11.5,9.5,7.7,5.7]}},{"type":"Feature","geometry":{"type":"Polygon","coordinates":[[[-123.42035,41.7051],[-123.36689,41.78549],[-123.43146,41.85499],[-123.54949,41.84403],[-123.60277,41.76364],[-123.53821,41.6942],[-123.42035,41.7051]]]},"properties":{"h3":"85281c1bfffffff","sunshine":[5.7,7.1,8.2,10.1,12.1,13.6,14.2,13.2,11.4,9,6.9,5]}},{"type":"Feature","geometry":{"type":"Polygon","coordinates":[[[-119.90648,34.11498],[-119.853,34.19839],[-119.91186,34.27641],[-120.02421,34.27096],[-120.07754,34.18753],[-120.01867,34.10957],[-119.90648,34.11498]]]},"properties":{"h3":"85291223fffffff","sunshine":[8.3,9.5,10.5,11.8,13.1,13.3,13.5,12.5,11.6,10.6,9.5,8.4]}},{"type":"Feature","geometry":{"type":"Polygon","coordinates":[[[-120.00579,41.73942],[-119.94837,41.81895],[-120.01174,41.89102],[-120.13256,41.88351],[-120.18982,41.80397],[-120.12643,41.73194],[-120.00579,41.73942]]]},"properties":{"h3":"8528123bfffffff","sunshine":[6.5,8.1,9.2,11.1,12.4,13.5,13.9,13.1,11.4,9.4,7.4,5.6]}},{"type":"Feature","geometry":{"type":"Polygon","coordinates":[[[-122.71293,39.08734],[-122.66004,39.16916],[-122.72272,39.24152],[-122.83827,39.23202],[-122.89098,39.1502],[-122.82831,39.07789],[-122.71293,39.08734]]]},"properties":{"h3":"852833a3fffffff","sunshine":[6.4,8.3,8.8,11.2,12.8,13.9,14.1,13,11.7,9.7,8.1,6]}},{"type":"Feature","geometry":{"type":"Polygon","coordinates":[[[-114.61397,34.33522],[-114.55521,34.41706],[-114.61168,34.49832],[-114.72696,34.49769],[-114.78561,34.41582],[-114.72908,34.33461],[-114.61397,34.33522]]]},"properties":{"h3":"8529b563fffffff","sunshine":[8.9,9.8,10.9,12.4,13,13.6,13.1,12.7,11.6,10.7,9.7,8.3]}},{"type":"Feature","geometry":{"type":"Polygon","coordinates":[[[-116.1639,36.981],[-116.10517,37.06217],[-116.16387,37.14079],[-116.28135,37.13818],[-116.33995,37.05699],[-116.2812,36.97842],[-116.1639,36.981]]]},"properties":{"h3":"8529803bfffffff","sunshine":[8.5,9.4,10.5,12.1,13.1,13.8,13.5,12.8,11.7,10.6,9.2,8]}},{"type":"Feature","geometry":{"type":"Polygon","coordinates":[[[-116.33368,32.68003],[-116.27736,32.76301],[-116.33391,32.84415],[-116.44683,32.84225],[-116.50303,32.75925],[-116.44644,32.67817],[-116.33368,32.68003]]]},"properties":{"h3":"8548592ffffffff","sunshine":[8.5,9.4,10.4,11.9,12.8,13.6,13.4,12.6,11.5,10.6,9.6,8.2]}},{"type":"Feature","geometry":{"type":"Polygon","coordinates":[[[-119.82484,36.76659],[-119.76995,36.84894],[-119.83023,36.92526],[-119.94541,36.91916],[-120.00014,36.83679],[-119.93985,36.76054],[-119.82484,36.76659]]]},"properties":{"h3":"8529ab83fffffff","sunshine":[7.6,9.1,10,11.7,13.2,13.7,13.9,13,11.7,10.5,8.9,7.1]}},{"type":"Feature","geometry":{"type":"Polygon","coordinates":[[[-118.89722,34.32102],[-118.84261,34.40414],[-118.90117,34.48272],[-119.01437,34.47812],[-119.06885,34.39499],[-119.01026,34.31647],[-118.89722,34.32102]]]},"properties":{"h3":"8529a1a3fffffff","sunshine":[8.3,9.5,10.3,11.6,12.7,13.2,13.7,12.7,11.6,10.5,9.5,8.2]}},{"type":"Feature","geometry":{"type":"Polygon","coordinates":[[[-114.80766,32.61301],[-114.74996,32.69554],[-114.80568,32.77761],[-114.91916,32.7771],[-114.97675,32.69454],[-114.92097,32.61252],[-114.80766,32.61301]]]},"properties":{"h3":"85485b13fffffff","sunshine":[9.1,9.9,11.1,12.4,13,13.5,13.1,12.6,11.5,10.8,9.8,8.6]}},{"type":"Feature","geometry":{"type":"Polygon","coordinates":[[[-120.82264,35.91438],[-120.76926,35.99732],[-120.82943,36.07352],[-120.943,36.06672],[-120.99622,35.98377],[-120.93604,35.90763],[-120.82264,35.91438]]]},"properties":{"h3":"8529ad67fffffff","sunshine":[7.9,9.2,10.1,11.8,13.3,13.8,13.8,13,11.8,10.5,9,7.6]}},{"type":"Feature","geometry":{"type":"Polygon","coordinates":[[[-123.00325,40.83176],[-122.94978,40.91263],[-123.01365,40.98325],[-123.13099,40.97296],[-123.18428,40.89209],[-123.12042,40.82152],[-123.00325,40.83176]]]},"properties":{"h3":"85280243fffffff","sunshine":[6,7.7,8.4,10.8,12.4,13.9,14.2,13.1,11.6,9.4,7.4,5.4]}},{"type":"Feature","geometry":{"type":"Polygon","coordinates":[[[-117.53923,34.69194],[-117.48306,34.77457],[-117.54122,34.85382],[-117.65558,34.85038],[-117.71161,34.76773],[-117.65342,34.68854],[-117.53923,34.69194]]]},"properties":{"h3":"8529a387fffffff","sunshine":[8.8,9.8,10.9,12.1,13.4,13.8,13.7,12.8,11.8,10.8,9.7,8.4]}},{"type":"Feature","geometry":{"type":"Polygon","coordinates":[[[-115.99023,35.61838],[-115.93207,35.70015],[-115.98995,35.77981],[-116.10604,35.77763],[-116.16407,35.69584],[-116.10614,35.61624],[-115.99023,35.61838]]]},"properties":{"h3":"85298403fffffff","sunshine":[8.7,9.7,10.8,12.3,13.2,13.7,13.4,12.7,11.7,10.7,9.5,8.3]}},{"type":"Feature","geometry":{"type":"Polygon","coordinates":[[[-118.0377,33.78361],[-117.98248,33.8667],[-118.04039,33.94617],[-118.15355,33.94249],[-118.20863,33.85938],[-118.15069,33.77997],[-118.0377,33.78361]]]},"properties":{"h3":"8529a56bfffffff","sunshine":[8.4,9.4,10.4,11.3,11.7,12.4,13,12,11.1,10.1,9.4,8.1]}},{"type":"Feature","geometry":{"type":"Polygon","coordinates":[[[-115.12006,35.55003],[-115.06112,35.63153],[-115.1185,35.71176],[-115.23487,35.71043],[-115.29369,35.62891],[-115.23626,35.54873],[-115.12006,35.55003]]]},"properties":{"h3":"8529b12ffffffff","sunshine":[8.6,9.7,10.7,12.4,13.1,13.8,13.2,12.5,11.7,10.7,9.6,8.2]}},{"type":"Feature","geometry":{"type":"Polygon","coordinates":[[[-123.27896,39.73493],[-123.22639,39.81649],[-123.28964,39.88786],[-123.40544,39.87762],[-123.45782,39.79606],[-123.39459,39.72474],[-123.27896,39.73493]]]},"properties":{"h3":"8528060bfffffff","sunshine":[6.1,8,8.4,10.8,12.4,13.9,14.1,13,11.6,9.5,7.8,5.8]}},{"type":"Feature","geometry":{"type":"Polygon","coordinates":[[[-122.85105,38.5321],[-122.79862,38.61423],[-122.86099,38.68694],[-122.97579,38.67747],[-123.02806,38.59534],[-122.96569,38.52268],[-122.85105,38.5321]]]},"properties":{"h3":"85283153fffffff","sunshine":[6.7,8.5,9.1,11.3,12.7,13.7,13.8,12.8,11.6,9.6,8.3,6.1]}},{"type":"Feature","geometry":{"type":"Polygon","coordinates":[[[-121.9614,41.22251],[-121.90649,41.30291],[-121.97028,41.37399],[-122.08897,41.36462],[-122.1437,41.28422],[-122.07992,41.21319],[-121.9614,41.22251]]]},"properties":{"h3":"852811cffffffff","sunshine":[6,7.9,8.2,10.9,12.5,13.8,14.1,13.1,11.5,9.5,7.4,5.4]}},{"type":"Feature","geometry":{"type":"Polygon","coordinates":[[[-121.19921,36.68696],[-121.14585,36.76965],[-121.2066,36.84503],[-121.3207,36.83766],[-121.3739,36.75496],[-121.31315,36.67964],[-121.19921,36.68696]]]},"properties":{"h3":"8529a933fffffff","sunshine":[7.7,9.1,9.6,11.4,12.9,13.6,13.7,12.9,11.7,10.3,9,7.4]}},{"type":"Feature","geometry":{"type":"Polygon","coordinates":[[[-122.73253,39.39549],[-122.67951,39.47714],[-122.74238,39.54923],[-122.85827,39.53961],[-122.91112,39.45796],[-122.84825,39.38592],[-122.73253,39.39549]]]},"properties":{"h3":"85283337fffffff","sunshine":[6.7,8.5,9,11.3,12.9,13.9,14.1,13,11.8,9.8,8.2,6.1]}},{"type":"Feature","geometry":{"type":"Polygon","coordinates":[[[-121.63031,41.7039],[-121.57475,41.7839],[-121.63873,41.85478],[-121.75829,41.84562],[-121.81367,41.76562],[-121.74969,41.69478],[-121.63031,41.7039]]]},"properties":{"h3":"852813b3fffffff","sunshine":[6.8,8.2,9.2,11.3,12.4,13.7,14,13.1,11.5,9.4,7.6,5.8]}},{"type":"Feature","geometry":{"type":"Polygon","coordinates":[[[-120.27231,39.41573],[-120.21651,39.49681],[-120.27852,39.57074],[-120.39636,39.56352],[-120.452,39.48242],[-120.38997,39.40855],[-120.27231,39.41573]]]},"properties":{"h3":"852989affffffff","sunshine":[7.4,8.5,9.6,11.6,12.8,13.6,13.8,13,11.6,10,8.4,6.7]}},{"type":"Feature","geometry":{"type":"Polygon","coordinates":[[[-119.83564,37.08373],[-119.78061,37.16594],[-119.84107,37.24202],[-119.95659,37.23582],[-120.01147,37.1536],[-119.95099,37.07759],[-119.83564,37.08373]]]},"properties":{"h3":"8529ab17fffffff","sunshine":[7.8,9,9.9,11.6,13.2,13.7,13.9,13,11.7,10.5,8.8,7.3]}},{"type":"Feature","geometry":{"type":"Polygon","coordinates":[[[-122.5828,39.79376],[-122.52939,39.87516],[-122.59246,39.94703],[-122.70894,39.93744],[-122.76217,39.85604],[-122.6991,39.78423],[-122.5828,39.79376]]]},"properties":{"h3":"85281597fffffff","sunshine":[6.6,8.5,9.1,11.4,12.9,14,14.1,13,11.8,9.8,8.1,6]}},{"type":"Feature","geometry":{"type":"Polygon","coordinates":[[[-118.90512,34.64427],[-118.85035,34.72728],[-118.90909,34.80566],[-119.02262,34.80097],[-119.07725,34.71794],[-119.01849,34.63963],[-118.90512,34.64427]]]},"properties":{"h3":"8529a137fffffff","sunshine":[8.3,9.5,10.4,12,13.3,13.8,13.8,12.9,11.8,10.7,9.5,8]}},{"type":"Feature","geometry":{"type":"Polygon","coordinates":[[[-117.74358,37.01635],[-117.6864,37.09802],[-117.74592,37.17558],[-117.86264,37.17143],[-117.91968,37.08974],[-117.86013,37.01223],[-117.74358,37.01635]]]},"properties":{"h3":"852981b3fffffff","sunshine":[8.9,9.8,10.9,12.3,13.3,13.8,13.7,13,11.8,10.7,9.5,8.5]}},{"type":"Feature","geometry":{"type":"Polygon","coordinates":[[[-119.71225,38.58899],[-119.65628,38.67039],[-119.71757,38.7454],[-119.83485,38.73894],[-119.89066,38.65753],[-119.82935,38.58257],[-119.71225,38.58899]]]},"properties":{"h3":"85298d77fffffff","sunshine":[7.7,8.7,9.9,11.7,12.9,13.5,13.7,13,11.6,10.2,8.6,7.1]}},{"type":"Feature","geometry":{"type":"Polygon","coordinates":[[[-117.02644,34.94895],[-116.96963,35.03134],[-117.02768,35.11076],[-117.14257,35.10774],[-117.19925,35.02534],[-117.14116,34.94597],[-117.02644,34.94895]]]},"properties":{"h3":"8529a31bfffffff","sunshine":[8.8,9.8,10.9,12.2,13.3,13.8,13.7,12.7,11.7,10.7,9.7,8.3]}},{"type":"Feature","geometry":{"type":"Polygon","coordinates":[[[-116.34043,37.37609],[-116.28166,37.45712],[-116.34067,37.53534],[-116.45851,37.53248],[-116.51715,37.45143],[-116.45809,37.37326],[-116.34043,37.37609]]]},"properties":{"h3":"85298397fffffff","sunshine":[8.6,9.5,10.5,12,12.9,13.8,13.4,12.8,11.7,10.5,9.2,8]}},{"type":"Feature","geometry":{"type":"Polygon","coordinates":[[[-116.86377,36.48389],[-116.806,36.56554],[-116.86479,36.64406],[-116.9814,36.64088],[-117.03904,36.5592],[-116.9802,36.48074],[-116.86377,36.48389]]]},"properties":{"h3":"8529857bfffffff","sunshine":[8.8,9.7,11,12.2,13.2,13.8,13.7,12.9,11.7,10.7,9.5,8.3]}},{"type":"Feature","geometry":{"type":"Polygon","coordinates":[[[-122.17125,41.73732],[-122.1163,41.81743],[-122.18049,41.88787],[-122.29965,41.87815],[-122.35442,41.79805],[-122.29023,41.72766],[-122.17125,41.73732]]]},"properties":{"h3":"85281163fffffff","sunshine":[6.7,8.1,9.1,11.1,12.5,13.8,14.1,13.1,11.5,9.3,7.5,5.6]}},{"type":"Feature","geometry":{"type":"Polygon","coordinates":[[[-120.41354,38.54882],[-120.35835,38.63043],[-120.4199,38.70496],[-120.53664,38.69783],[-120.59166,38.61621],[-120.5301,38.54174],[-120.41354,38.54882]]]},"properties":{"h3":"852832cbfffffff","sunshine":[7,8.1,8.8,11.1,12.6,13.5,13.8,13.1,11.6,10.1,8.1,6.7]}},{"type":"Feature","geometry":{"type":"Polygon","coordinates":[[[-119.45027,35.82737],[-119.39547,35.91004],[-119.45508,35.98728],[-119.5695,35.98178],[-119.62415,35.89909],[-119.56453,35.82191],[-119.45027,35.82737]]]},"properties":{"h3":"8529a8c7fffffff","sunshine":[7.6,9.4,10.4,11.8,13.3,13.8,13.9,12.9,11.8,10.6,9,7.3]}},{"type":"Feature","geometry":{"type":"Polygon","coordinates":[[[-122.58827,37.06401],[-122.53627,37.14679],[-122.59769,37.22086],[-122.7111,37.21208],[-122.76293,37.1293],[-122.70152,37.05529],[-122.58827,37.06401]]]},"properties":{"h3":"852834affffffff","sunshine":[7.5,8.9,9.3,11,11.8,12.4,11.9,11.1,10.9,9.6,8.7,7]}},{"type":"Feature","geometry":{"type":"Polygon","coordinates":[[[-118.78225,36.65694],[-118.72633,36.73908],[-118.78611,36.81619],[-118.90184,36.81112],[-118.95761,36.72897],[-118.89781,36.6519],[-118.78225,36.65694]]]},"properties":{"h3":"8529aaabfffffff","sunshine":[8,8.9,9.8,11.6,13,13.7,13.8,13,11.8,10.6,9.1,7.7]}},{"type":"Feature","geometry":{"type":"Polygon","coordinates":[[[-122.46025,40.64843],[-122.40624,40.72929],[-122.46982,40.8005],[-122.5874,40.7908],[-122.64123,40.70993],[-122.57766,40.63877],[-122.46025,40.64843]]]},"properties":{"h3":"8528152bfffffff","sunshine":[6,8.1,8.5,11,12.6,13.9,14.1,13.1,11.6,9.5,7.6,5.5]}},{"type":"Feature","geometry":{"type":"Polygon","coordinates":[[[-116.67608,33.65618],[-116.61959,33.73894],[-116.6768,33.81935],[-116.79054,33.81694],[-116.8469,33.73415],[-116.78965,33.6538],[-116.67608,33.65618]]]},"properties":{"h3":"8529a0cbfffffff","sunshine":[8.6,9.7,10.8,12,13.1,13.7,13.6,12.7,11.6,10.7,9.7,8.2]}},{"type":"Feature","geometry":{"type":"Polygon","coordinates":[[[-116.86994,37.44205],[-116.81165,37.52322],[-116.87097,37.60105],[-116.98862,37.59766],[-117.04677,37.51647],[-116.98741,37.43869],[-116.86994,37.44205]]]},"properties":{"h3":"85298147fffffff","sunshine":[8.6,9.5,10.6,12.1,13.1,13.8,13.6,12.9,11.7,10.6,9.3,8.1]}},{"type":"Feature","geometry":{"type":"Polygon","coordinates":[[[-119.75611,34.6875],[-119.7022,34.77068],[-119.76131,34.84845],[-119.87434,34.84297],[-119.9281,34.75978],[-119.86898,34.68207],[-119.75611,34.6875]]]},"properties":{"h3":"8529ac8ffffffff","sunshine":[8.1,9.4,10.2,11.8,13.3,13.8,13.8,13,11.8,10.7,9.3,8.1]}},{"type":"Feature","geometry":{"type":"Polygon","coordinates":[[[-121.04601,37.09276],[-120.99228,37.17524],[-121.05321,37.25044],[-121.16787,37.24309],[-121.22144,37.16061],[-121.16051,37.08547],[-121.04601,37.09276]]]},"properties":{"h3":"85283693fffffff","sunshine":[7.6,9.1,9.8,11.5,13.2,13.7,13.8,13,11.8,10.4,8.9,7.3]}},{"type":"Feature","geometry":{"type":"Polygon","coordinates":[[[-119.52888,38.36328],[-119.47284,38.44476],[-119.53392,38.52007],[-119.65106,38.51385],[-119.70694,38.43236],[-119.64584,38.3571],[-119.52888,38.36328]]]},"properties":{"h3":"85298d0bfffffff","sunshine":[8,9.1,10.3,11.9,12.9,13.5,13.7,13,11.7,10.3,8.8,7.4]}},{"type":"Feature","geometry":{"type":"Polygon","coordinates":[[[-116.50825,34.55541],[-116.45114,34.6378],[-116.50873,34.71779],[-116.62346,34.71534],[-116.68044,34.63293],[-116.62281,34.553],[-116.50825,34.55541]]]},"properties":{"h3":"8529a2affffffff","sunshine":[8.9,9.9,11.1,12.2,13.3,13.7,13.6,12.6,11.7,10.7,9.8,8.5]}},{"type":"Feature","geometry":{"type":"Polygon","coordinates":[[[-118.24447,35.79798],[-118.18844,35.88036],[-118.24751,35.95844],[-118.36264,35.95408],[-118.41852,35.87169],[-118.35942,35.79366],[-118.24447,35.79798]]]},"properties":{"h3":"8529ae73fffffff","sunshine":[8.4,9.4,10.6,12.1,13.3,13.8,13.8,13,11.9,10.7,9.5,8.1]}},{"type":"Feature","geometry":{"type":"Polygon","coordinates":[[[-124.28274,41.39596],[-124.23048,41.47671],[-124.29508,41.5458],[-124.41193,41.53409],[-124.464,41.45335],[-124.39941,41.38431],[-124.28274,41.39596]]]},"properties":{"h3":"8528034ffffffff","sunshine":[5.9,7.3,8.4,10.2,11.7,13,13.2,12.1,10.6,8.5,6.9,5.2]}},{"type":"Feature","geometry":{"type":"Polygon","coordinates":[[[-117.21135,36.31384],[-117.15401,36.39568],[-117.21288,36.47409],[-117.32912,36.47061],[-117.38633,36.38874],[-117.32742,36.31039],[-117.21135,36.31384]]]},"properties":{"h3":"8529850ffffffff","sunshine":[8.7,9.8,11,12.2,13.2,13.8,13.7,12.9,11.7,10.7,9.5,8.3]}},{"type":"Feature","geometry":{"type":"Polygon","coordinates":[[[-115.99351,33.66828],[-115.93636,33.75083],[-115.99324,33.83166],[-116.1073,33.82986],[-116.16432,33.74729],[-116.1074,33.66652],[-115.99351,33.66828]]]},"properties":{"h3":"8529a677fffffff","sunshine":[9.1,10,11.2,12.3,13.2,13.7,13.5,12.7,11.6,10.8,9.8,8.4]}},{"type":"Feature","geometry":{"type":"Polygon","coordinates":[[[-121.80613,38.45651],[-121.75255,38.53848],[-121.81454,38.61206],[-121.93012,38.6036],[-121.98354,38.52163],[-121.92155,38.44811],[-121.80613,38.45651]]]},"properties":{"h3":"8528307bfffffff","sunshine":[6.8,8.6,9.3,11.4,13.1,13.8,13.9,13,11.7,10,8.3,6.3]}},{"type":"Feature","geometry":{"type":"Polygon","coordinates":[[[-123.9438,41.58026],[-123.89103,41.66083],[-123.95567,41.73002],[-124.07306,41.71859],[-124.12564,41.63802],[-124.06102,41.56888],[-123.9438,41.58026]]]},"properties":{"h3":"85281cbbfffffff","sunshine":[5.6,6.9,7.9,10,11.9,13.4,14.1,13,11.2,8.8,6.8,5.1]}},{"type":"Feature","geometry":{"type":"Polygon","coordinates":[[[-118.94125,36.0907],[-118.88579,36.17314],[-118.94532,36.25054],[-119.06034,36.24546],[-119.11566,36.16301],[-119.0561,36.08566],[-118.94125,36.0907]]]},"properties":{"h3":"8529a85bfffffff","sunshine":[7.8,9.1,10.2,11.7,13.2,13.8,13.9,12.9,11.8,10.6,9.1,7.7]}},{"type":"Feature","geometry":{"type":"Polygon","coordinates":[[[-118.29745,38.4999],[-118.24003,38.58096],[-118.30065,38.65703],[-118.41871,38.65199],[-118.47598,38.57092],[-118.41534,38.49491],[-118.29745,38.4999]]]},"properties":{"h3":"852988d7fffffff","sunshine":[8.4,9.4,10.6,11.9,12.8,13.5,13.6,12.9,11.7,10.5,9.1,8]}},{"type":"Feature","geometry":{"type":"Polygon","coordinates":[[[-121.56447,37.13786],[-121.51129,37.22043],[-121.57243,37.2952],[-121.68674,37.28736],[-121.73976,37.20479],[-121.67862,37.13007],[-121.56447,37.13786]]]},"properties":{"h3":"85283443fffffff","sunshine":[7.4,8.8,9.3,11.1,12.4,13.3,13.6,12.7,11.6,10.1,8.7,7.2]}},{"type":"Feature","geometry":{"type":"Polygon","coordinates":[[[-115.46324,36.35223],[-115.40418,36.43347],[-115.46217,36.51297],[-115.57927,36.51117],[-115.6382,36.4299],[-115.58016,36.35046],[-115.46324,36.35223]]]},"properties":{"h3":"852980dbfffffff","sunshine":[8.7,9.7,10.8,12.3,13.1,13.8,13.4,12.7,11.8,10.7,9.4,8.2]}},{"type":"Feature","geometry":{"type":"Polygon","coordinates":[[[-119.94448,35.24169],[-119.8905,35.32471],[-119.94998,35.40199],[-120.06346,35.39619],[-120.11729,35.31316],[-120.0578,35.23593],[-119.94448,35.24169]]]},"properties":{"h3":"8529ac23fffffff","sunshine":[8,9.4,10.3,11.8,13.4,13.8,13.8,13,11.8,10.7,9.2,8]}},{"type":"Feature","geometry":{"type":"Polygon","coordinates":[[[-121.43572,38.01272],[-121.38195,38.09484],[-121.44355,38.16904],[-121.55893,38.16107],[-121.61254,38.07895],[-121.55093,38.0048],[-121.43572,38.01272]]]},"properties":{"h3":"85283627fffffff","sunshine":[6.6,8.7,9.5,11.4,13.1,13.7,13.9,13,11.7,10,8.2,6.2]}},{"type":"Feature","geometry":{"type":"Polygon","coordinates":[[[-120.30983,40.34241],[-120.25355,40.42295],[-120.31615,40.49605],[-120.43505,40.48856],[-120.49117,40.40802],[-120.42855,40.33496],[-120.30983,40.34241]]]},"properties":{"h3":"852816a3fffffff","sunshine":[7.2,8.8,9.5,11.6,12.8,13.6,13.9,13.1,11.5,9.9,8.1,6.3]}},{"type":"Feature","geometry":{"type":"Polygon","coordinates":[[[-115.47475,34.57235],[-115.41665,34.65439],[-115.47372,34.73501],[-115.58892,34.73352],[-115.64689,34.65145],[-115.58978,34.57089],[-115.47475,34.57235]]]},"properties":{"h3":"8529a243fffffff","sunshine":[8.9,9.8,11,12.3,13.1,13.7,13.3,12.7,11.6,10.7,9.7,8.2]}},{"type":"Feature","geometry":{"type":"Polygon","coordinates":[[[-115.31785,32.52773],[-115.26065,32.61045],[-115.31661,32.69228],[-115.42981,32.69132],[-115.48689,32.60857],[-115.43088,32.52681],[-115.31785,32.52773]]]},"properties":{"h3":"85485bb3fffffff","sunshine":[9.2,9.9,11.2,12.4,13,13.6,13.2,12.6,11.4,10.8,9.8,8.6]}},{"type":"Feature","geometry":{"type":"Polygon","coordinates":[[[-118.58559,35.6242],[-118.53,35.70675],[-118.58913,35.78471],[-118.70387,35.78007],[-118.75932,35.69752],[-118.70017,35.61961],[-118.58559,35.6242]]]},"properties":{"h3":"8529ae07fffffff","sunshine":[8.2,9.3,10.4,11.9,13.2,13.8,13.8,13,11.8,10.7,9.3,7.9]}},{"type":"Feature","geometry":{"type":"Polygon","coordinates":[[[-117.40449,37.98112],[-117.34645,38.06218],[-117.40634,38.13925],[-117.52432,38.13522],[-117.58223,38.05414],[-117.52229,37.97712],[-117.40449,37.98112]]]},"properties":{"h3":"85298e83fffffff","sunshine":[8.7,9.6,10.7,12.1,12.9,13.7,13.6,12.9,11.8,10.6,9.3,8.2]}},{"type":"Feature","geometry":{"type":"Polygon","coordinates":[[[-117.68957,33.14172],[-117.63432,33.22493],[-117.69174,33.30499],[-117.80445,33.30177],[-117.85957,33.21854],[-117.80211,33.13855],[-117.68957,33.14172]]]},"properties":{"h3":"8529a427fffffff","sunshine":[8.7,9.6,10.7,11.6,12.1,12.7,12.9,12.1,11.2,10.3,9.6,8.3]}},{"type":"Feature","geometry":{"type":"Polygon","coordinates":[[[-116.51116,35.52718],[-116.45355,35.60916],[-116.51165,35.68854],[-116.6274,35.68589],[-116.68488,35.60389],[-116.62674,35.52456],[-116.51116,35.52718]]]},"properties":{"h3":"852984a3fffffff","sunshine":[8.7,9.7,10.9,12.1,13.2,13.7,13.5,12.7,11.7,10.7,9.6,8.2]}},{"type":"Feature","geometry":{"type":"Polygon","coordinates":[[[-121.50169,35.87236],[-121.44907,35.95545],[-121.50946,36.03119],[-121.62247,36.02377],[-121.67493,35.94068],[-121.61454,35.865],[-121.50169,35.87236]]]},"properties":{"h3":"85291a53fffffff","sunshine":[7.8,9.1,9.8,11.8,13.3,13.8,13.8,12.9,11.8,10.4,9.1,7.5]}},{"type":"Feature","geometry":{"type":"Polygon","coordinates":[[[-115.82334,33.42531],[-115.76616,33.5079],[-115.82283,33.58896],[-115.93671,33.58737],[-115.99377,33.50476],[-115.93706,33.42376],[-115.82334,33.42531]]]},"properties":{"h3":"8529a60bfffffff","sunshine":[9.1,10,11.2,12.3,13.2,13.7,13.4,12.7,11.6,10.8,9.8,8.4]}},{"type":"Feature","geometry":{"type":"Polygon","coordinates":[[[-122.14319,38.27539],[-122.09007,38.35752],[-122.15207,38.43098],[-122.26718,38.42226],[-122.32012,38.34013],[-122.25813,38.26672],[-122.14319,38.27539]]]},"properties":{"h3":"8528300ffffffff","sunshine":[6.8,8.6,9.1,11.3,12.9,13.8,13.8,12.9,11.7,9.9,8.3,6.3]}},{"type":"Feature","geometry":{"type":"Polygon","coordinates":[[[-121.03553,40.60251],[-120.97992,40.68308],[-121.04297,40.75541],[-121.16164,40.74713],[-121.21709,40.66656],[-121.15403,40.59428],[-121.03553,40.60251]]]},"properties":{"h3":"8528108bfffffff","sunshine":[7,8.5,9.2,11.3,12.5,13.7,13.9,13.1,11.6,9.8,7.9,6]}},{"type":"Feature","geometry":{"type":"Polygon","coordinates":[[[-123.79269,39.61182],[-123.7408,39.69354],[-123.80411,39.76461],[-123.91931,39.75392],[-123.97102,39.67221],[-123.90772,39.60118],[-123.79269,39.61182]]]},"properties":{"h3":"852806abfffffff","sunshine":[6.2,8.1,8.6,11,12.5,13.8,14,12.9,11.5,9.4,7.9,5.8]}},{"type":"Feature","geometry":{"type":"Polygon","coordinates":[[[-119.22291,33.82143],[-119.16887,33.9048],[-119.2273,33.98346],[-119.33979,33.9787],[-119.39369,33.89532],[-119.33524,33.81672],[-119.22291,33.82143]]]},"properties":{"h3":"85291257fffffff","sunshine":[8.5,9.7,10.6,11.8,13,13.2,13.5,12.5,11.6,10.6,9.6,8.4]}},{"type":"Feature","geometry":{"type":"Polygon","coordinates":[[[-120.4882,36.0933],[-120.43437,36.1761],[-120.49453,36.25242],[-120.60852,36.24588],[-120.6622,36.16307],[-120.60203,36.08681],[-120.4882,36.0933]]]},"properties":{"h3":"8529a9d3fffffff","sunshine":[8,9.3,10,11.8,13.3,13.8,13.9,13.1,11.8,10.6,9.1,7.7]}},{"type":"Feature","geometry":{"type":"Polygon","coordinates":[[[-122.00091,38.83213],[-121.94735,38.91395],[-122.00964,38.98707],[-122.12549,38.97832],[-122.17888,38.8965],[-122.1166,38.82344],[-122.00091,38.83213]]]},"properties":{"h3":"852833d7fffffff","sunshine":[6.8,8.7,9.2,11.4,13.1,13.8,13.9,13,11.8,9.9,8.3,6.3]}},{"type":"Feature","geometry":{"type":"Polygon","coordinates":[[[-120.46498,39.79186],[-120.40918,39.87278],[-120.4715,39.94625],[-120.58964,39.93874],[-120.64527,39.85782],[-120.58294,39.78441],[-120.46498,39.79186]]]},"properties":{"h3":"85281453fffffff","sunshine":[7,8.4,9.2,11.3,12.6,13.5,13.8,13,11.6,9.9,8,6.4]}},{"type":"Feature","geometry":{"type":"Polygon","coordinates":[[[-115.14,33.43247],[-115.08219,33.51483],[-115.13849,33.59629],[-115.25266,33.59533],[-115.31036,33.51294],[-115.25401,33.43154],[-115.14,33.43247]]]},"properties":{"h3":"8529b597fffffff","sunshine":[9.1,9.9,11.1,12.4,13.1,13.6,13.2,12.6,11.6,10.8,9.8,8.5]}},{"type":"Feature","geometry":{"type":"Polygon","coordinates":[[[-115.82589,32.60499],[-115.76913,32.68784],[-115.82539,32.76932],[-115.93845,32.7679],[-115.9951,32.68502],[-115.9388,32.60359],[-115.82589,32.60499]]]},"properties":{"h3":"85485963fffffff","sunshine":[9.1,10,11.1,12.3,13.2,13.7,13.3,12.6,11.5,10.8,9.9,8.6]}},{"type":"Feature","geometry":{"type":"Polygon","coordinates":[[[-120.35094,36.97612],[-120.29651,37.0585],[-120.35711,37.13429],[-120.47216,37.12763],[-120.52643,37.04524],[-120.46581,36.96952],[-120.35094,36.97612]]]},"properties":{"h3":"8529abb7fffffff","sunshine":[7.2,9.1,9.9,11.6,13.3,13.8,13.9,13,11.8,10.4,8.7,6.8]}},{"type":"Feature","geometry":{"type":"Polygon","coordinates":[[[-120.32249,40.64946],[-120.26605,40.72981],[-120.32885,40.80263],[-120.44811,40.79506],[-120.50439,40.7147],[-120.44157,40.64193],[-120.32249,40.64946]]]},"properties":{"h3":"85281637fffffff","sunshine":[7.1,8.8,9.4,11.5,12.7,13.6,13.9,13.1,11.6,9.8,8,6.2]}},{"type":"Feature","geometry":{"type":"Polygon","coordinates":[[[-118.81346,37.92555],[-118.75689,38.00707],[-118.81741,38.08322],[-118.93452,38.07781],[-118.99093,37.99628],[-118.93039,37.92018],[-118.81346,37.92555]]]},"properties":{"h3":"85298c33fffffff","sunshine":[8.5,9.6,10.8,12.2,13.2,13.5,13.7,13,11.8,10.6,9.2,8.1]}},{"type":"Feature","geometry":{"type":"Polygon","coordinates":[[[-118.21157,34.0218],[-118.15641,34.10486],[-118.21452,34.18408],[-118.32782,34.18018],[-118.38285,34.09711],[-118.32471,34.01795],[-118.21157,34.0218]]]},"properties":{"h3":"8529a1d7fffffff","sunshine":[8.4,9.4,10.4,11.6,12.5,13.3,13.6,12.6,11.5,10.5,9.5,8.1]}},{"type":"Feature","geometry":{"type":"Polygon","coordinates":[[[-114.46254,32.94308],[-114.40436,33.02539],[-114.46006,33.10749],[-114.57398,33.10723],[-114.63205,33.0249],[-114.5763,32.94285],[-114.46254,32.94308]]]},"properties":{"h3":"85485b47fffffff","sunshine":[9.1,9.9,11,12.5,13,13.4,12.9,12.6,11.5,10.7,9.7,8.5]}},{"type":"Feature","geometry":{"type":"Polygon","coordinates":[[[-120.78227,34.95586],[-120.72932,35.03916],[-120.78895,35.11604],[-120.90155,35.10955],[-120.95435,35.02624],[-120.89471,34.94943],[-120.78227,34.95586]]]},"properties":{"h3":"8529ad9bfffffff","sunshine":[8.2,9.4,10.2,11.6,12.7,13,12.9,12,11.4,10.3,9.2,8]}},{"type":"Feature","geometry":{"type":"Polygon","coordinates":[[[-123.54635,41.01158],[-123.49341,41.09244],[-123.55756,41.16248],[-123.67463,41.1516],[-123.72738,41.07074],[-123.66324,41.00076],[-123.54635,41.01158]]]},"properties":{"h3":"85280277fffffff","sunshine":[5.7,7.2,8.1,10.1,11.8,13.5,14.1,13.1,11.3,9.1,7.1,5.2]}},{"type":"Feature","geometry":{"type":"Polygon","coordinates":[[[-117.40819,38.29718],[-117.34997,38.37806],[-117.41005,38.4549],[-117.52838,38.45079],[-117.58646,38.36989],[-117.52635,38.29311],[-117.40819,38.29718]]]},"properties":{"h3":"85298e17fffffff","sunshine":[8.5,9.5,10.5,12.1,12.9,13.6,13.5,12.9,11.7,10.6,9.2,8]}},{"type":"Feature","geometry":{"type":"Polygon","coordinates":[[[-117.54122,34.85382],[-117.48497,34.93639],[-117.54321,35.01555],[-117.65774,35.01207],[-117.71385,34.92948],[-117.65558,34.85038],[-117.54122,34.85382]]]},"properties":{"h3":"8529a3bbfffffff","sunshine":[8.8,9.8,11,12.1,13.4,13.8,13.7,12.7,11.8,10.8,9.7,8.4]}},{"type":"Feature","geometry":{"type":"Polygon","coordinates":[[[-116.51214,35.84973],[-116.45437,35.93157],[-116.51264,36.01074],[-116.62873,36.00803],[-116.68638,35.92617],[-116.62806,35.84705],[-116.51214,35.84973]]]},"properties":{"h3":"85298437fffffff","sunshine":[8.7,9.7,10.9,12.2,13.2,13.7,13.6,12.8,11.7,10.7,9.5,8.2]}},{"type":"Feature","geometry":{"type":"Polygon","coordinates":[[[-123.92464,39.05962],[-123.87319,39.14166],[-123.93619,39.2131],[-124.05063,39.20245],[-124.10191,39.12042],[-124.03892,39.04903],[-123.92464,39.05962]]]},"properties":{"h3":"8528045bfffffff","sunshine":[6.5,8.3,8.9,11.1,12.2,13.3,12.9,12,11.1,9.1,7.9,6]}},{"type":"Feature","geometry":{"type":"Polygon","coordinates":[[[-124.68404,41.95791],[-124.63196,42.03836],[-124.69705,42.1066],[-124.81419,42.09434],[-124.86608,42.01389],[-124.80101,41.9457],[-124.68404,41.95791]]]},"properties":{"h3":"85281dc7fffffff","sunshine":[5.7,7.2,8.4,10.1,12,13.2,13.6,12.2,10.6,8.3,6.8,5.1]}},{"type":"Feature","geometry":{"type":"Polygon","coordinates":[[[-120.87063,37.02456],[-120.81674,37.10703],[-120.87757,37.1824],[-120.99228,37.17524],[-121.04601,37.09276],[-120.98518,37.01745],[-120.87063,37.02456]]]},"properties":{"h3":"8529a967fffffff","sunshine":[7.5,9.1,9.9,11.6,13.3,13.7,13.8,13,11.8,10.4,8.9,7.1]}},{"type":"Feature","geometry":{"type":"Polygon","coordinates":[[[-121.8741,39.69484],[-121.81994,39.77615],[-121.88271,39.84864],[-121.99966,39.83978],[-122.05365,39.75846],[-121.99087,39.68602],[-121.8741,39.69484]]]},"properties":{"h3":"8528336bfffffff","sunshine":[6.5,8.4,8.9,11.2,13,13.8,13.9,13,11.7,9.8,8,6]}},{"type":"Feature","geometry":{"type":"Polygon","coordinates":[[[-114.95919,34.33308],[-114.90075,34.41504],[-114.95741,34.4961],[-115.07256,34.49515],[-115.13089,34.41316],[-115.07418,34.33215],[-114.95919,34.33308]]]},"properties":{"h3":"8529b52bfffffff","sunshine":[9,9.9,11,12.4,13.1,13.7,13.2,12.7,11.6,10.7,9.7,8.3]}},{"type":"Feature","geometry":{"type":"Polygon","coordinates":[[[-115.98827,36.74452],[-115.9295,36.82575],[-115.98798,36.90465],[-116.10528,36.90226],[-116.16392,36.82101],[-116.10539,36.74216],[-115.98827,36.74452]]]},"properties":{"h3":"85298003fffffff","sunshine":[8.6,9.6,10.7,12.1,13.1,13.8,13.5,12.8,11.7,10.6,9.3,8.1]}},{"type":"Feature","geometry":{"type":"Polygon","coordinates":[[[-122.80181,37.75477],[-122.74971,37.83728],[-122.8116,37.91065],[-122.92558,37.90146],[-122.97751,37.81896],[-122.91563,37.74564],[-122.80181,37.75477]]]},"properties":{"h3":"8528354ffffffff","sunshine":[7.1,8.8,9.3,11.2,12.2,12.8,12.1,11,10.9,9.4,8.5,6.6]}},{"type":"Feature","geometry":{"type":"Polygon","coordinates":[[[-118.97417,37.3642],[-118.91808,37.44605],[-118.97834,37.52252],[-119.09473,37.51709],[-119.15067,37.43523],[-119.09038,37.35881],[-118.97417,37.3642]]]},"properties":{"h3":"8529ab4bfffffff","sunshine":[7.9,8.9,10,11.7,13.1,13.6,13.7,13,11.8,10.5,8.9,7.6]}},{"type":"Feature","geometry":{"type":"Polygon","coordinates":[[[-121.71968,40.09213],[-121.66512,40.17317],[-121.72809,40.24544],[-121.84563,40.23662],[-121.90001,40.15557],[-121.83704,40.08336],[-121.71968,40.09213]]]},"properties":{"h3":"852815cbfffffff","sunshine":[6.3,8.1,8.6,10.9,12.7,13.7,14,13,11.6,9.6,7.7,5.9]}},{"type":"Feature","geometry":{"type":"Polygon","coordinates":[[[-118.05669,34.91831],[-118.00093,35.001],[-118.05944,35.07978],[-118.17375,35.0758],[-118.22938,34.9931],[-118.17084,34.91438],[-118.05669,34.91831]]]},"properties":{"h3":"8529a16bfffffff","sunshine":[8.6,9.6,10.7,12,13.4,13.8,13.8,12.8,11.8,10.8,9.6,8.2]}},{"type":"Feature","geometry":{"type":"Polygon","coordinates":[[[-121.16257,35.89383],[-121.10957,35.97684],[-121.16986,36.05281],[-121.28315,36.04571],[-121.336,35.96268],[-121.2757,35.88677],[-121.16257,35.89383]]]},"properties":{"h3":"8529ad2ffffffff","sunshine":[7.8,9.1,9.8,11.8,13.3,13.8,13.8,13,11.8,10.4,9,7.5]}},{"type":"Feature","geometry":{"type":"Polygon","coordinates":[[[-123.3544,40.80071],[-123.30136,40.88166],[-123.36531,40.95203],[-123.4823,40.94141],[-123.53516,40.86046],[-123.47122,40.79013],[-123.3544,40.80071]]]},"properties":{"h3":"8528020bfffffff","sunshine":[5.8,7.5,8.1,10.3,12,13.7,14.2,13.1,11.4,9.3,7.3,5.2]}},{"type":"Feature","geometry":{"type":"Polygon","coordinates":[[[-120.05165,38.25622],[-119.99623,38.3379],[-120.05746,38.41292],[-120.17413,38.40622],[-120.22939,38.32453],[-120.16815,38.24956],[-120.05165,38.25622]]]},"properties":{"h3":"85298dabfffffff","sunshine":[7.1,8.1,8.8,11.1,12.5,13.4,13.8,13.1,11.5,10.2,8.3,6.8]}},{"type":"Feature","geometry":{"type":"Polygon","coordinates":[[[-116.68339,35.28091],[-116.62608,35.36306],[-116.68413,35.44249],[-116.79954,35.43972],[-116.85673,35.35756],[-116.79863,35.27818],[-116.68339,35.28091]]]},"properties":{"h3":"8529a34ffffffff","sunshine":[8.8,9.8,10.9,12.2,13.2,13.7,13.6,12.7,11.7,10.8,9.7,8.3]}},{"type":"Feature","geometry":{"type":"Polygon","coordinates":[[[-117.73201,36.21732],[-117.67525,36.29937],[-117.73431,36.3775],[-117.85018,36.37353],[-117.9068,36.29147],[-117.84771,36.21339],[-117.73201,36.21732]]]},"properties":{"h3":"852985affffffff","sunshine":[8.8,9.8,11,12.2,13.4,13.8,13.7,12.9,11.8,10.7,9.6,8.4]}},{"type":"Feature","geometry":{"type":"Polygon","coordinates":[[[-123.19464,38.50354],[-123.14261,38.58574],[-123.20507,38.65821],[-123.31954,38.64842],[-123.37139,38.56622],[-123.30895,38.49381],[-123.19464,38.50354]]]},"properties":{"h3":"8528311bfffffff","sunshine":[6.5,8.5,9,11.2,12.5,13.6,13.6,12.7,11.5,9.5,8.2,6]}},{"type":"Feature","geometry":{"type":"Polygon","coordinates":[[[-122.65108,40.86181],[-122.59717,40.94259],[-122.66095,41.01346],[-122.77863,41.0035],[-122.83236,40.92273],[-122.76858,40.85191],[-122.65108,40.86181]]]},"properties":{"h3":"85281197fffffff","sunshine":[6.1,7.9,8.4,10.9,12.5,13.8,14.1,13.1,11.6,9.4,7.6,5.4]}},{"type":"Feature","geometry":{"type":"Polygon","coordinates":[[[-120.60383,34.72464],[-120.5508,34.80799],[-120.61024,34.88514],[-120.72273,34.87888],[-120.77561,34.79552],[-120.71616,34.71843],[-120.60383,34.72464]]]},"properties":{"h3":"85291363fffffff","sunshine":[8.2,9.5,10.3,11.5,12.5,12.7,12.7,11.8,11.3,10.3,9.3,8.2]}},{"type":"Feature","geometry":{"type":"Polygon","coordinates":[[[-116.87097,37.60105],[-116.8126,37.68214],[-116.87201,37.75986],[-116.98984,37.75643],[-117.04808,37.67532],[-116.98862,37.59766],[-116.87097,37.60105]]]},"properties":{"h3":"8529817bfffffff","sunshine":[8.6,9.4,10.5,12.1,13,13.8,13.6,12.9,11.7,10.6,9.2,8.1]}},{"type":"Feature","geometry":{"type":"Polygon","coordinates":[[[-119.245,34.63003],[-119.19058,34.71312],[-119.24945,34.79128],[-119.36276,34.78628],[-119.41703,34.70318],[-119.35814,34.62508],[-119.245,34.63003]]]},"properties":{"h3":"8529acc3fffffff","sunshine":[8.3,9.5,10.4,12,13.4,13.8,13.8,13,11.8,10.7,9.5,8.1]}},{"type":"Feature","geometry":{"type":"Polygon","coordinates":[[[-120.71538,37.42946],[-120.66112,37.51171],[-120.72212,37.58689],[-120.8374,37.57977],[-120.8915,37.49751],[-120.83049,37.42238],[-120.71538,37.42946]]]},"properties":{"h3":"852836c7fffffff","sunshine":[7.1,8.9,9.7,11.4,13.2,13.7,13.9,13,11.7,10.3,8.5,6.7]}},{"type":"Feature","geometry":{"type":"Polygon","coordinates":[[[-119.09846,35.52247],[-119.04346,35.60519],[-119.10275,35.68287],[-119.21707,35.67778],[-119.27193,35.59505],[-119.21262,35.51743],[-119.09846,35.52247]]]},"properties":{"h3":"8529aea7fffffff","sunshine":[8.1,9.5,10.4,11.8,13.2,13.8,13.8,12.9,11.8,10.7,9.2,7.8]}},{"type":"Feature","geometry":{"type":"Polygon","coordinates":[[[-117.00822,32.50332],[-116.95262,32.58653],[-117.00941,32.66735],[-117.12184,32.66489],[-117.17731,32.58165],[-117.12049,32.50089],[-117.00822,32.50332]]]},"properties":{"h3":"8529a4c7fffffff","sunshine":[8.7,9.5,10.5,11.2,11.4,12.3,12.6,11.8,10.8,10.1,9.5,8.3]}},{"type":"Feature","geometry":{"type":"Polygon","coordinates":[[[-116.68788,36.24773],[-116.63006,36.32943],[-116.68864,36.40823],[-116.80507,36.40526],[-116.86276,36.32353],[-116.80414,36.24479],[-116.68788,36.24773]]]},"properties":{"h3":"85298543fffffff","sunshine":[8.7,9.7,10.9,12.1,13.2,13.8,13.6,12.8,11.7,10.6,9.5,8.3]}},{"type":"Feature","geometry":{"type":"Polygon","coordinates":[[[-122.6548,38.15779],[-122.60233,38.24008],[-122.66442,38.31324],[-122.77897,38.30407],[-122.83127,38.22179],[-122.76919,38.14867],[-122.6548,38.15779]]]},"properties":{"h3":"852830affffffff","sunshine":[6.8,8.6,9.2,11.3,12.5,13.4,13.2,12.4,11.4,9.5,8.3,6.2]}},{"type":"Feature","geometry":{"type":"Polygon","coordinates":[[[-116.33458,33.3357],[-116.27793,33.41847],[-116.33481,33.49927],[-116.44838,33.49723],[-116.50491,33.41444],[-116.44799,33.3337],[-116.33458,33.3357]]]},"properties":{"h3":"8529a6abfffffff","sunshine":[9,9.8,11,12.2,13.2,13.7,13.5,12.7,11.6,10.7,9.8,8.4]}},{"type":"Feature","geometry":{"type":"Polygon","coordinates":[[[-122.52784,41.70797],[-122.47332,41.78818],[-122.53762,41.85837],[-122.65643,41.8483],[-122.71077,41.7681],[-122.64648,41.69796],[-122.52784,41.70797]]]},"properties":{"h3":"8528112bfffffff","sunshine":[6.5,7.9,9,11,12.4,13.7,14.1,13.1,11.5,9.3,7.5,5.5]}},{"type":"Feature","geometry":{"type":"Polygon","coordinates":[[[-121.09684,38.19232],[-121.0426,38.27427],[-121.10419,38.34859],[-121.22002,38.34089],[-121.2741,38.25892],[-121.21251,38.18467],[-121.09684,38.19232]]]},"properties":{"h3":"85283293fffffff","sunshine":[6.7,8.5,9.3,11.2,13,13.6,13.8,13.1,11.6,10,8.1,6.2]}},{"type":"Feature","geometry":{"type":"Polygon","coordinates":[[[-119.79279,35.81069],[-119.73836,35.89345],[-119.79809,35.97046],[-119.91227,35.96465],[-119.96655,35.88187],[-119.9068,35.80492],[-119.79279,35.81069]]]},"properties":{"h3":"8529a88ffffffff","sunshine":[8,9.5,10.5,11.8,13.3,13.8,13.9,12.9,11.8,10.6,9.2,7.7]}},{"type":"Feature","geometry":{"type":"Polygon","coordinates":[[[-122.09043,37.33756],[-122.03773,37.42013],[-122.09916,37.49436],[-122.21327,37.48597],[-122.2658,37.40339],[-122.20438,37.32921],[-122.09043,37.33756]]]},"properties":{"h3":"85283477fffffff","sunshine":[7.3,8.9,9.5,11.3,12.7,13.4,13.5,12.7,11.5,9.9,8.5,6.9]}},{"type":"Feature","geometry":{"type":"Polygon","coordinates":[[[-118.26596,36.91733],[-118.20937,36.9992],[-118.26906,37.07649],[-118.38538,37.07184],[-118.44183,36.98996],[-118.3821,36.91273],[-118.26596,36.91733]]]},"properties":{"h3":"8529aa73fffffff","sunshine":[8.6,9.6,10.8,12.3,13.3,13.7,13.7,13,11.9,10.7,9.5,8.3]}},{"type":"Feature","geometry":{"type":"Polygon","coordinates":[[[-117.35325,33.31403],[-117.29759,33.3971],[-117.35494,33.47727],[-117.468,33.47432],[-117.52353,33.39123],[-117.46614,33.31112],[-117.35325,33.31403]]]},"properties":{"h3":"8529a093fffffff","sunshine":[8.5,9.5,10.5,11.3,11.8,13,13.5,12.4,11.2,10.3,9.5,8.1]}},{"type":"Feature","geometry":{"type":"Polygon","coordinates":[[[-117.22217,37.43163],[-117.16424,37.51292],[-117.22374,37.59053],[-117.3412,37.58679],[-117.39899,37.50548],[-117.33946,37.42792],[-117.22217,37.43163]]]},"properties":{"h3":"8529810ffffffff","sunshine":[8.6,9.6,10.7,12.2,13.1,13.8,13.6,12.9,11.8,10.6,9.3,8.2]}},{"type":"Feature","geometry":{"type":"Polygon","coordinates":[[[-119.25392,34.95237],[-119.19936,35.03534],[-119.25841,35.11329],[-119.37204,35.1082],[-119.42646,35.02521],[-119.36739,34.94733],[-119.25392,34.95237]]]},"properties":{"h3":"8529ac57fffffff","sunshine":[8.4,9.6,10.6,11.9,13.3,13.8,13.8,12.9,11.8,10.7,9.4,8]}},{"type":"Feature","geometry":{"type":"Polygon","coordinates":[[[-120.20527,37.69636],[-120.15031,37.77836],[-120.21127,37.85371],[-120.3272,37.847],[-120.382,37.76499],[-120.32103,37.6897],[-120.20527,37.69636]]]},"properties":{"h3":"8528365bfffffff","sunshine":[7.4,8.7,9.5,11.4,13.1,13.7,13.8,13,11.7,10.3,8.7,7.1]}},{"type":"Feature","geometry":{"type":"Polygon","coordinates":[[[-118.09874,37.3217],[-118.04176,37.40332],[-118.10161,37.48042],[-118.21847,37.47585],[-118.27531,37.39421],[-118.21543,37.31716],[-118.09874,37.3217]]]},"properties":{"h3":"85298cd3fffffff","sunshine":[8.8,9.7,10.9,12.2,13.2,13.6,13.6,12.9,11.8,10.7,9.4,8.4]}},{"type":"Feature","geometry":{"type":"Polygon","coordinates":[[[-115.99161,34.80868],[-115.93388,34.8908],[-115.99134,34.97096],[-116.10657,34.96895],[-116.16417,34.8868],[-116.10667,34.8067],[-115.99161,34.80868]]]},"properties":{"h3":"8529a277fffffff","sunshine":[8.8,9.8,10.9,12.2,13.1,13.7,13.4,12.7,11.7,10.7,9.7,8.3]}},{"type":"Feature","geometry":{"type":"Polygon","coordinates":[[[-118.58913,35.78471],[-118.53346,35.86719],[-118.59268,35.94504],[-118.70759,35.94036],[-118.76311,35.85787],[-118.70387,35.78007],[-118.58913,35.78471]]]},"properties":{"h3":"8529ae3bfffffff","sunshine":[8.1,9.2,10.3,11.8,13.2,13.8,13.9,13,11.8,10.7,9.2,7.8]}},{"type":"Feature","geometry":{"type":"Polygon","coordinates":[[[-117.93803,38.19909],[-117.8804,38.2802],[-117.94068,38.35675],[-118.05861,38.35214],[-118.11609,38.27101],[-118.05578,38.19452],[-117.93803,38.19909]]]},"properties":{"h3":"85298eb7fffffff","sunshine":[8.6,9.6,10.7,12,13,13.6,13.6,12.9,11.8,10.6,9.3,8.1]}},{"type":"Feature","geometry":{"type":"Polygon","coordinates":[[[-116.50303,32.75925],[-116.44683,32.84225],[-116.5035,32.92325],[-116.61642,32.92119],[-116.67251,32.83816],[-116.61579,32.75722],[-116.50303,32.75925]]]},"properties":{"h3":"8529a45bfffffff","sunshine":[8.5,9.2,10.2,11.8,12.7,13.7,13.5,12.7,11.5,10.5,9.5,8.1]}},{"type":"Feature","geometry":{"type":"Polygon","coordinates":[[[-115.8176,35.21695],[-115.75949,35.29884],[-115.81707,35.37886],[-115.9328,35.37693],[-115.99078,35.29501],[-115.93316,35.21506],[-115.8176,35.21695]]]},"properties":{"h3":"852984d7fffffff","sunshine":[8.8,9.7,10.8,12.3,13.2,13.7,13.3,12.7,11.7,10.7,9.6,8.2]}},{"type":"Feature","geometry":{"type":"Polygon","coordinates":[[[-121.62063,38.23509],[-121.56695,38.31713],[-121.62875,38.39102],[-121.74423,38.38281],[-121.79775,38.30076],[-121.73595,38.22693],[-121.62063,38.23509]]]},"properties":{"h3":"85283043fffffff","sunshine":[6.6,8.6,9.3,11.3,13,13.7,13.8,13,11.7,10,8.2,6.2]}},{"type":"Feature","geometry":{"type":"Polygon","coordinates":[[[-123.75039,41.37189],[-123.69751,41.45256],[-123.76195,41.5221],[-123.87927,41.51092],[-123.93197,41.43025],[-123.86754,41.36076],[-123.75039,41.37189]]]},"properties":{"h3":"85281c83fffffff","sunshine":[5.7,7,8.1,9.9,11.6,13.2,13.8,12.9,11.1,8.9,7,5.1]}},{"type":"Feature","geometry":{"type":"Polygon","coordinates":[[[-121.49103,39.10258],[-121.43675,39.18414],[-121.49903,39.25743],[-121.61559,39.24909],[-121.66971,39.16753],[-121.60743,39.0943],[-121.49103,39.10258]]]},"properties":{"h3":"85283227fffffff","sunshine":[6.7,8.4,9,11.3,13,13.7,13.9,13.1,11.7,9.8,8.1,6.2]}},{"type":"Feature","geometry":{"type":"Polygon","coordinates":[[[-119.98327,36.36016],[-119.92877,36.44273],[-119.98888,36.51922],[-120.10351,36.51308],[-120.15786,36.4305],[-120.09774,36.35407],[-119.98327,36.36016]]]},"properties":{"h3":"8529a823fffffff","sunshine":[7.7,9.4,10.2,11.7,13.2,13.8,13.9,13,11.8,10.6,9,7.4]}},{"type":"Feature","geometry":{"type":"Polygon","coordinates":[[[-120.35448,41.41294],[-120.29764,41.4928],[-120.36094,41.56491],[-120.48111,41.55712],[-120.53779,41.47725],[-120.47447,41.40519],[-120.35448,41.41294]]]},"properties":{"h3":"852812a3fffffff","sunshine":[6.8,8.2,9.1,11.1,12.4,13.6,13.8,13.1,11.4,9.5,7.5,5.8]}},{"type":"Feature","geometry":{"type":"Polygon","coordinates":[[[-121.90664,37.11418],[-121.85385,37.19682],[-121.91508,37.27136],[-122.0291,37.2632],[-122.08173,37.18056],[-122.02049,37.10607],[-121.90664,37.11418]]]},"properties":{"h3":"8528340bfffffff","sunshine":[7.4,8.8,9.2,11.2,12.7,13.6,13.7,12.9,11.6,10.1,8.6,7]}},{"type":"Feature","geometry":{"type":"Polygon","coordinates":[[[-118.61057,36.74397],[-118.55443,36.82602],[-118.61418,36.90319],[-118.73011,36.89826],[-118.78611,36.81619],[-118.72633,36.73908],[-118.61057,36.74397]]]},"properties":{"h3":"8529aa07fffffff","sunshine":[8,8.9,9.9,11.6,13,13.6,13.7,13,11.8,10.6,9.1,7.7]}},{"type":"Feature","geometry":{"type":"Polygon","coordinates":[[[-121.33565,39.50168],[-121.28097,39.58297],[-121.34344,39.65604],[-121.46059,39.64775],[-121.51509,39.56645],[-121.45262,39.49344],[-121.33565,39.50168]]]},"properties":{"h3":"85281487fffffff","sunshine":[6.6,8.1,8.7,11.1,12.9,13.7,13.9,13,11.7,9.8,7.9,6.1]}},{"type":"Feature","geometry":{"type":"Polygon","coordinates":[[[-117.70493,34.28153],[-117.64913,34.36436],[-117.70715,34.44375],[-117.821,34.44026],[-117.87667,34.35741],[-117.81862,34.27807],[-117.70493,34.28153]]]},"properties":{"h3":"8529a027fffffff","sunshine":[8.6,9.5,10.5,12,13.1,13.8,13.8,12.9,11.8,10.7,9.6,8.2]}},{"type":"Feature","geometry":{"type":"Polygon","coordinates":[[[-114.27948,33.68212],[-114.22077,33.7641],[-114.27672,33.84592],[-114.39145,33.84571],[-114.45006,33.7637],[-114.39405,33.68194],[-114.27948,33.68212]]]},"properties":{"h3":"8529b5cbfffffff","sunshine":[9,9.8,10.9,12.4,12.9,13.5,13,12.6,11.6,10.7,9.6,8.3]}},{"type":"Feature","geometry":{"type":"Polygon","coordinates":[[[-116.51463,36.65295],[-116.45642,36.73441],[-116.51513,36.81304],[-116.63208,36.81015],[-116.69016,36.72868],[-116.63141,36.6501],[-116.51463,36.65295]]]},"properties":{"h3":"852980a3fffffff","sunshine":[8.6,9.6,10.8,12.1,13.2,13.8,13.6,12.8,11.7,10.6,9.3,8.2]}},{"type":"Feature","geometry":{"type":"Polygon","coordinates":[[[-124.50593,39.85107],[-124.45476,39.93277],[-124.51841,40.00307],[-124.63321,39.99162],[-124.6842,39.90993],[-124.62057,39.83969],[-124.50593,39.85107]]]},"properties":{"h3":"852800c7fffffff","sunshine":[6.1,7.9,8.6,10.7,12,13.1,12.9,12.1,10.9,8.9,7.5,5.7]}},{"type":"Feature","geometry":{"type":"Polygon","coordinates":[[[-118.46907,38.25637],[-118.41197,38.33761],[-118.47252,38.41375],[-118.59021,38.4086],[-118.64717,38.32735],[-118.58658,38.25126],[-118.46907,38.25637]]]},"properties":{"h3":"85298c67fffffff","sunshine":[8.4,9.6,10.7,12,12.9,13.5,13.6,12.9,11.7,10.5,9.2,8]}},{"type":"Feature","geometry":{"type":"Polygon","coordinates":[[[-115.81971,34.56766],[-115.76194,34.64982],[-115.81918,34.73023],[-115.93424,34.72843],[-115.99188,34.64624],[-115.93459,34.56589],[-115.81971,34.56766]]]},"properties":{"h3":"8529a20bfffffff","sunshine":[8.8,9.8,11,12.2,13.1,13.7,13.3,12.7,11.6,10.7,9.7,8.3]}},{"type":"Feature","geometry":{"type":"Polygon","coordinates":[[[-114.46006,33.10749],[-114.4018,33.18974],[-114.45757,33.27176],[-114.57166,33.27148],[-114.62981,33.1892],[-114.57398,33.10723],[-114.46006,33.10749]]]},"properties":{"h3":"85485b7bfffffff","sunshine":[9,9.9,10.9,12.4,12.9,13.5,12.9,12.6,11.5,10.7,9.7,8.4]}},{"type":"Feature","geometry":{"type":"Polygon","coordinates":[[[-120.45686,35.29506],[-120.40339,35.37817],[-120.46309,35.45505],[-120.57627,35.44877],[-120.62958,35.36565],[-120.56987,35.28882],[-120.45686,35.29506]]]},"properties":{"h3":"8529adcffffffff","sunshine":[8,9.3,10,11.7,13.2,13.6,13.8,12.9,11.7,10.6,9.2,7.8]}},{"type":"Feature","geometry":{"type":"Polygon","coordinates":[[[-123.87333,40.67663],[-123.82096,40.75775],[-123.88498,40.82783],[-124.00135,40.81673],[-124.05353,40.73561],[-123.98952,40.66559],[-123.87333,40.67663]]]},"properties":{"h3":"852802abfffffff","sunshine":[6,7.3,8.3,10.2,11.8,13.4,14,12.9,11.3,9.3,7.4,5.4]}},{"type":"Feature","geometry":{"type":"Polygon","coordinates":[[[-115.6398,36.10814],[-115.58104,36.18957],[-115.639,36.26911],[-115.75575,36.26719],[-115.81438,36.18574],[-115.75638,36.10625],[-115.6398,36.10814]]]},"properties":{"h3":"8529846bfffffff","sunshine":[8.6,9.6,10.6,12.3,13.1,13.8,13.4,12.7,11.7,10.7,9.5,8.1]}},{"type":"Feature","geometry":{"type":"Polygon","coordinates":[[[-121.83996,35.84998],[-121.78772,35.93314],[-121.84821,36.00864],[-121.96093,36.00093],[-122.01301,35.91777],[-121.95252,35.84232],[-121.83996,35.84998]]]},"properties":{"h3":"85291a1bfffffff","sunshine":[7.8,9.2,9.7,11.5,12.6,12.9,12.6,11.8,11.4,10.1,9.1,7.6]}},{"type":"Feature","geometry":{"type":"Polygon","coordinates":[[[-120.51103,40.86769],[-120.45467,40.94795],[-120.51769,41.02044],[-120.63707,41.01262],[-120.69326,40.93236],[-120.63023,40.85992],[-120.51103,40.86769]]]},"properties":{"h3":"85281053fffffff","sunshine":[6.9,8.5,9.3,11.4,12.5,13.6,13.9,13.1,11.6,9.7,7.9,5.9]}},{"type":"Feature","geometry":{"type":"Polygon","coordinates":[[[-115.12936,34.57606],[-115.07094,34.65799],[-115.12782,34.73881],[-115.24317,34.73765],[-115.30146,34.6557],[-115.24454,34.57493],[-115.12936,34.57606]]]},"properties":{"h3":"8529b197fffffff","sunshine":[8.9,9.8,11,12.4,13.1,13.7,13.3,12.7,11.6,10.7,9.7,8.2]}},{"type":"Feature","geometry":{"type":"Polygon","coordinates":[[[-123.28964,39.88786],[-123.237,39.96934],[-123.30035,40.04058],[-123.41632,40.03028],[-123.46877,39.9488],[-123.40544,39.87762],[-123.28964,39.88786]]]},"properties":{"h3":"85280673fffffff","sunshine":[6.1,7.9,8.4,10.7,12.4,13.9,14.1,13,11.6,9.5,7.7,5.7]}},{"type":"Feature","geometry":{"type":"Polygon","coordinates":[[[-123.77355,41.67207],[-123.72052,41.75255],[-123.78518,41.82179],[-123.90284,41.8105],[-123.95567,41.73002],[-123.89103,41.66083],[-123.77355,41.67207]]]},"properties":{"h3":"85281c17fffffff","sunshine":[5.5,6.8,7.9,9.9,11.9,13.4,14.2,13.1,11.2,8.8,6.7,5]}},{"type":"Feature","geometry":{"type":"Polygon","coordinates":[[[-123.70258,38.38165],[-123.6512,38.46399],[-123.71373,38.53617],[-123.82761,38.52594],[-123.87881,38.4436],[-123.8163,38.37148],[-123.70258,38.38165]]]},"properties":{"h3":"852831bbfffffff","sunshine":[6.7,8.6,9.3,11.1,12.3,13.2,12.6,11.6,11,9.3,8.3,6.3]}},{"type":"Feature","geometry":{"type":"Polygon","coordinates":[[[-120.36742,41.71664],[-120.31041,41.79629],[-120.37392,41.86812],[-120.49445,41.86024],[-120.55129,41.78057],[-120.48777,41.7088],[-120.36742,41.71664]]]},"properties":{"h3":"85281237fffffff","sunshine":[6.5,7.9,9,11,12.4,13.5,13.9,13.1,11.4,9.4,7.2,5.5]}},{"type":"Feature","geometry":{"type":"Polygon","coordinates":[[[-120.82943,36.07352],[-120.77598,36.1564],[-120.83625,36.23249],[-120.94998,36.22564],[-121.00327,36.14275],[-120.943,36.06672],[-120.82943,36.07352]]]},"properties":{"h3":"8529a99bfffffff","sunshine":[7.9,9.2,10,11.8,13.3,13.8,13.8,13,11.8,10.5,9,7.6]}},{"type":"Feature","geometry":{"type":"Polygon","coordinates":[[[-120.81858,39.76914],[-120.76318,39.85016],[-120.82563,39.92339],[-120.94348,39.91554],[-120.99871,39.83451],[-120.93625,39.76134],[-120.81858,39.76914]]]},"properties":{"h3":"8528141bfffffff","sunshine":[6.7,8,8.6,11,12.6,13.5,13.9,13.1,11.5,9.7,7.7,6.1]}},{"type":"Feature","geometry":{"type":"Polygon","coordinates":[[[-116.51563,36.97293],[-116.45725,37.05423],[-116.51613,37.13263],[-116.63344,37.12968],[-116.69169,37.04836],[-116.63276,36.97001],[-116.51563,36.97293]]]},"properties":{"h3":"85298037fffffff","sunshine":[8.6,9.5,10.7,12.1,13.2,13.8,13.6,12.8,11.7,10.6,9.3,8.1]}},{"type":"Feature","geometry":{"type":"Polygon","coordinates":[[[-116.16446,32.6005],[-116.10801,32.68346],[-116.16444,32.76474],[-116.27736,32.76301],[-116.33368,32.68003],[-116.27722,32.5988],[-116.16446,32.6005]]]},"properties":{"h3":"8548592bfffffff","sunshine":[8.8,9.7,10.9,12.1,13.1,13.7,13.4,12.7,11.5,10.7,9.8,8.4]}},{"type":"Feature","geometry":{"type":"Polygon","coordinates":[[[-124.00617,40.12932],[-123.95426,40.21078],[-124.01796,40.28124],[-124.13355,40.27018],[-124.18529,40.18872],[-124.1216,40.11832],[-124.00617,40.12932]]]},"properties":{"h3":"8528005bfffffff","sunshine":[6,7.7,8.3,10.5,12,13.6,13.8,12.8,11.4,9.2,7.4,5.4]}},{"type":"Feature","geometry":{"type":"Polygon","coordinates":[[[-114.8037,32.94208],[-114.74583,33.0245],[-114.80171,33.10641],[-114.91552,33.10584],[-114.97328,33.02339],[-114.91734,32.94154],[-114.8037,32.94208]]]},"properties":{"h3":"85485b0ffffffff","sunshine":[9.1,9.9,11,12.4,13,13.5,13,12.6,11.5,10.8,9.8,8.6]}},{"type":"Feature","geometry":{"type":"Polygon","coordinates":[[[-120.6491,35.84463],[-120.59556,35.92756],[-120.65564,36.00394],[-120.76926,35.99732],[-120.82264,35.91438],[-120.76255,35.83806],[-120.6491,35.84463]]]},"properties":{"h3":"8529ad63fffffff","sunshine":[8,9.3,10.1,11.8,13.3,13.8,13.8,13,11.8,10.5,9.1,7.7]}},{"type":"Feature","geometry":{"type":"Polygon","coordinates":[[[-117.36695,34.61581],[-117.31065,34.69842],[-117.36869,34.77783],[-117.48306,34.77457],[-117.53923,34.69194],[-117.48116,34.61258],[-117.36695,34.61581]]]},"properties":{"h3":"8529a383fffffff","sunshine":[8.8,9.8,10.9,12.1,13.3,13.8,13.7,12.8,11.7,10.7,9.7,8.4]}},{"type":"Feature","geometry":{"type":"Polygon","coordinates":[[[-118.37649,33.77238],[-118.32161,33.85556],[-118.37966,33.93482],[-118.49262,33.93083],[-118.54736,33.84763],[-118.48928,33.76844],[-118.37649,33.77238]]]},"properties":{"h3":"8529a567fffffff","sunshine":[8.3,9.3,10.4,11.3,11.9,12.4,13.1,12.2,11.1,10.1,9.3,8]}},{"type":"Feature","geometry":{"type":"Polygon","coordinates":[[[-114.94659,35.47082],[-114.88753,35.55229],[-114.94477,35.63267],[-115.06112,35.63153],[-115.12006,35.55003],[-115.06277,35.4697],[-114.94659,35.47082]]]},"properties":{"h3":"8529b12bfffffff","sunshine":[8.6,9.8,10.7,12.3,13,13.7,13.2,12.5,11.6,10.7,9.6,8.2]}},{"type":"Feature","geometry":{"type":"Polygon","coordinates":[[[-123.62551,39.70405],[-123.57337,39.78569],[-123.63669,39.85681],[-123.75215,39.84625],[-123.80411,39.76461],[-123.7408,39.69354],[-123.62551,39.70405]]]},"properties":{"h3":"85280607fffffff","sunshine":[6.1,8,8.4,10.8,12.4,13.8,14,12.9,11.6,9.4,7.8,5.8]}},{"type":"Feature","geometry":{"type":"Polygon","coordinates":[[[-122.87095,38.84158],[-122.81838,38.92355],[-122.88095,38.996],[-122.99608,38.98641],[-123.04849,38.90444],[-122.98592,38.83205],[-122.87095,38.84158]]]},"properties":{"h3":"8528314ffffffff","sunshine":[6.5,8.4,8.9,11.2,12.8,13.9,14,12.9,11.7,9.6,8.2,6]}},{"type":"Feature","geometry":{"type":"Polygon","coordinates":[[[-121.77913,41.16041],[-121.72404,41.24081],[-121.78772,41.31208],[-121.90649,41.30291],[-121.9614,41.22251],[-121.89772,41.15129],[-121.77913,41.16041]]]},"properties":{"h3":"852811cbfffffff","sunshine":[5.9,7.9,8.3,10.9,12.5,13.8,14,13.1,11.5,9.5,7.3,5.4]}},{"type":"Feature","geometry":{"type":"Polygon","coordinates":[[[-121.21401,37.00291],[-121.16051,37.08547],[-121.22144,37.16061],[-121.33588,37.15313],[-121.38922,37.07057],[-121.32828,36.99549],[-121.21401,37.00291]]]},"properties":{"h3":"8529a92ffffffff","sunshine":[7.7,9.1,9.7,11.4,13.1,13.6,13.8,12.9,11.7,10.3,8.9,7.4]}},{"type":"Feature","geometry":{"type":"Polygon","coordinates":[[[-122.55397,39.33263],[-122.50077,39.41428],[-122.56355,39.48656],[-122.67951,39.47714],[-122.73253,39.39549],[-122.66976,39.32326],[-122.55397,39.33263]]]},"properties":{"h3":"85283333fffffff","sunshine":[6.6,8.5,9,11.3,12.9,13.8,14.1,13,11.8,9.8,8.1,6.1]}},{"type":"Feature","geometry":{"type":"Polygon","coordinates":[[[-120.09269,39.34865],[-120.03672,39.42973],[-120.09862,39.50384],[-120.21651,39.49681],[-120.27231,39.41573],[-120.2104,39.34167],[-120.09269,39.34865]]]},"properties":{"h3":"852989abfffffff","sunshine":[7.4,8.5,9.5,11.5,12.7,13.6,13.8,13.1,11.6,10,8.4,6.6]}},{"type":"Feature","geometry":{"type":"Polygon","coordinates":[[[-119.65989,37.0135],[-119.6047,37.0957],[-119.66505,37.17195],[-119.78061,37.16594],[-119.83564,37.08373],[-119.77527,37.00754],[-119.65989,37.0135]]]},"properties":{"h3":"8529ab13fffffff","sunshine":[7.8,9,9.9,11.6,13.2,13.7,13.9,13,11.7,10.5,8.9,7.4]}},{"type":"Feature","geometry":{"type":"Polygon","coordinates":[[[-122.40344,39.7311],[-122.34986,39.8125],[-122.41284,39.88456],[-122.52939,39.87516],[-122.5828,39.79376],[-122.51982,39.72176],[-122.40344,39.7311]]]},"properties":{"h3":"85281593fffffff","sunshine":[6.5,8.5,9,11.4,13,13.9,14,13,11.8,9.7,8.1,6]}},{"type":"Feature","geometry":{"type":"Polygon","coordinates":[[[-118.73308,34.57026],[-118.67817,34.65325],[-118.7368,34.73179],[-118.85035,34.72728],[-118.90512,34.64427],[-118.84647,34.56579],[-118.73308,34.57026]]]},"properties":{"h3":"8529a133fffffff","sunshine":[8.3,9.5,10.4,11.9,13.2,13.8,13.7,12.9,11.7,10.7,9.5,8]}},{"type":"Feature","geometry":{"type":"Polygon","coordinates":[[[-117.74826,37.33462],[-117.69091,37.41613],[-117.75061,37.49346],[-117.86768,37.48923],[-117.92488,37.4077],[-117.86515,37.33043],[-117.74826,37.33462]]]},"properties":{"h3":"852981affffffff","sunshine":[8.8,9.7,10.7,12.3,13.1,13.7,13.6,12.9,11.8,10.6,9.4,8.4]}},{"type":"Feature","geometry":{"type":"Polygon","coordinates":[[[-119.53392,38.52007],[-119.4778,38.60147],[-119.53897,38.67666],[-119.65628,38.67039],[-119.71225,38.58899],[-119.65106,38.51385],[-119.53392,38.52007]]]},"properties":{"h3":"85298d73fffffff","sunshine":[8,9.2,10.3,12,13,13.5,13.6,13,11.6,10.3,8.8,7.4]}},{"type":"Feature","geometry":{"type":"Polygon","coordinates":[[[-117.37043,34.93969],[-117.31397,35.02218],[-117.37217,35.10139],[-117.48688,35.09805],[-117.54321,35.01555],[-117.48497,34.93639],[-117.37043,34.93969]]]},"properties":{"h3":"8529a317fffffff","sunshine":[8.7,9.8,10.9,12.1,13.3,13.8,13.7,12.7,11.8,10.7,9.6,8.4]}},{"type":"Feature","geometry":{"type":"Polygon","coordinates":[[[-116.16385,37.30039],[-116.10495,37.38139],[-116.16383,37.45978],[-116.28166,37.45712],[-116.34043,37.37609],[-116.2815,37.29775],[-116.16385,37.30039]]]},"properties":{"h3":"85298393fffffff","sunshine":[8.5,9.4,10.4,12,13,13.8,13.4,12.8,11.7,10.6,9.2,8]}},{"type":"Feature","geometry":{"type":"Polygon","coordinates":[[[-117.8891,35.16624],[-117.83303,35.24878],[-117.8916,35.32751],[-118.00627,35.32363],[-118.06219,35.24107],[-118.00359,35.1624],[-117.8891,35.16624]]]},"properties":{"h3":"8529aedbfffffff","sunshine":[8.6,9.7,10.9,12.1,13.4,13.8,13.8,12.8,11.8,10.7,9.6,8.3]}},{"type":"Feature","geometry":{"type":"Polygon","coordinates":[[[-117.21288,36.47409],[-117.15546,36.55586],[-117.21442,36.63416],[-117.33083,36.63064],[-117.38812,36.54885],[-117.32912,36.47061],[-117.21288,36.47409]]]},"properties":{"h3":"85298577fffffff","sunshine":[8.8,9.8,11,12.2,13.2,13.8,13.7,12.9,11.7,10.7,9.5,8.3]}},{"type":"Feature","geometry":{"type":"Polygon","coordinates":[[[-120.76297,38.52723],[-120.70818,38.60894],[-120.76984,38.68323],[-120.88631,38.67576],[-120.94093,38.59405],[-120.87926,38.51981],[-120.76297,38.52723]]]},"properties":{"h3":"852832c7fffffff","sunshine":[6.9,8.3,9.1,11.1,12.9,13.6,13.8,13.1,11.5,10,8.2,6.6]}},{"type":"Feature","geometry":{"type":"Polygon","coordinates":[[[-119.27647,35.75529],[-119.22153,35.83796],[-119.28102,35.91536],[-119.39547,35.91004],[-119.45027,35.82737],[-119.39076,35.75002],[-119.27647,35.75529]]]},"properties":{"h3":"8529a8c3fffffff","sunshine":[7.7,9.4,10.3,11.8,13.2,13.8,13.8,12.9,11.8,10.6,9.1,7.4]}},{"type":"Feature","geometry":{"type":"Polygon","coordinates":[[[-122.41363,36.99836],[-122.36146,37.08114],[-122.42279,37.15539],[-122.53627,37.14679],[-122.58827,37.06401],[-122.52695,36.98983],[-122.41363,36.99836]]]},"properties":{"h3":"852834abfffffff","sunshine":[7.5,8.9,9.4,11.1,11.9,12.5,12.2,11.5,11,9.7,8.7,7.1]}},{"type":"Feature","geometry":{"type":"Polygon","coordinates":[[[-119.12869,36.64151],[-119.07314,36.72375],[-119.13306,36.80064],[-119.24856,36.79523],[-119.30396,36.71298],[-119.24402,36.63615],[-119.12869,36.64151]]]},"properties":{"h3":"8529aaa7fffffff","sunshine":[7.7,8.9,9.7,11.5,13,13.7,13.8,12.9,11.7,10.5,8.9,7.4]}},{"type":"Feature","geometry":{"type":"Polygon","coordinates":[[[-122.81215,40.61912],[-122.75857,40.70008],[-122.82224,40.77104],[-122.93949,40.76099],[-122.99289,40.68004],[-122.92923,40.60913],[-122.81215,40.61912]]]},"properties":{"h3":"85281527fffffff","sunshine":[6,8,8.5,11,12.5,13.9,14.1,13.1,11.6,9.4,7.6,5.5]}},{"type":"Feature","geometry":{"type":"Polygon","coordinates":[[[-117.01663,33.64873],[-116.96047,33.7316],[-117.01784,33.8118],[-117.1314,33.80908],[-117.18743,33.72619],[-117.13003,33.64605],[-117.01663,33.64873]]]},"properties":{"h3":"8529a0c7fffffff","sunshine":[8.5,9.4,10.4,11.4,12.3,13.5,13.6,12.7,11.4,10.5,9.6,8]}},{"type":"Feature","geometry":{"type":"Polygon","coordinates":[[[-116.69322,37.36727],[-116.6348,37.44842],[-116.69399,37.52642],[-116.81165,37.52322],[-116.86994,37.44205],[-116.8107,37.3641],[-116.69322,37.36727]]]},"properties":{"h3":"85298143fffffff","sunshine":[8.6,9.4,10.5,12.1,13,13.8,13.6,12.8,11.7,10.5,9.3,8.1]}},{"type":"Feature","geometry":{"type":"Polygon","coordinates":[[[-119.58419,34.61488],[-119.53013,34.69805],[-119.58913,34.77599],[-119.7022,34.77068],[-119.75611,34.6875],[-119.6971,34.60962],[-119.58419,34.61488]]]},"properties":{"h3":"8529ac8bfffffff","sunshine":[8.2,9.5,10.3,11.9,13.4,13.8,13.8,13,11.8,10.8,9.4,8.1]}},{"type":"Feature","geometry":{"type":"Polygon","coordinates":[[[-121.06043,37.40791],[-121.00655,37.49025],[-121.06767,37.5652],[-121.18266,37.55775],[-121.23638,37.47541],[-121.17526,37.40052],[-121.06043,37.40791]]]},"properties":{"h3":"8528368ffffffff","sunshine":[7.5,9,9.8,11.5,13.2,13.7,13.8,13,11.8,10.3,8.8,7.1]}},{"type":"Feature","geometry":{"type":"Polygon","coordinates":[[[-119.87952,38.34441],[-119.82387,38.42599],[-119.88508,38.50107],[-120.00196,38.49451],[-120.05746,38.41292],[-119.99623,38.3379],[-119.87952,38.34441]]]},"properties":{"h3":"85298d07fffffff","sunshine":[7.2,8.2,9,11.2,12.5,13.5,13.8,13.1,11.5,10.2,8.3,6.8]}},{"type":"Feature","geometry":{"type":"Polygon","coordinates":[[[-116.33618,34.47756],[-116.27895,34.55992],[-116.33641,34.64007],[-116.45114,34.6378],[-116.50825,34.55541],[-116.45074,34.47532],[-116.33618,34.47756]]]},"properties":{"h3":"8529a2abfffffff","sunshine":[8.9,9.9,11.1,12.2,13.2,13.7,13.5,12.6,11.7,10.8,9.8,8.4]}},{"type":"Feature","geometry":{"type":"Polygon","coordinates":[[[-118.25056,36.11871],[-118.19437,36.20095],[-118.25362,36.27881],[-118.36909,36.27437],[-118.42513,36.19211],[-118.36586,36.11431],[-118.25056,36.11871]]]},"properties":{"h3":"8529ae6ffffffff","sunshine":[8.4,9.5,10.8,12.2,13.4,13.8,13.7,13,11.9,10.7,9.5,8.2]}},{"type":"Feature","geometry":{"type":"Polygon","coordinates":[[[-124.10146,41.33818],[-124.04901,41.41893],[-124.11353,41.48822],[-124.23048,41.47671],[-124.28274,41.39596],[-124.21823,41.32672],[-124.10146,41.33818]]]},"properties":{"h3":"8528034bfffffff","sunshine":[5.8,7.2,8.3,10.1,11.7,13.2,13.6,12.6,11.1,8.8,7,5.2]}},{"type":"Feature","geometry":{"type":"Polygon","coordinates":[[[-117.34484,32.49575],[-117.28957,32.57906],[-117.34651,32.65967],[-117.45876,32.65692],[-117.51391,32.57359],[-117.45693,32.49303],[-117.34484,32.49575]]]},"properties":{"h3":"8529a48ffffffff","sunshine":[8.8,9.7,10.6,11.6,12,12.6,12.8,12.1,11.1,10.3,9.6,8.4]}},{"type":"Feature","geometry":{"type":"Polygon","coordinates":[[[-117.03649,36.23859],[-116.97902,36.32041],[-117.03776,36.39899],[-117.15401,36.39568],[-117.21135,36.31384],[-117.15257,36.23532],[-117.03649,36.23859]]]},"properties":{"h3":"8529850bfffffff","sunshine":[8.7,9.7,10.9,12.2,13.1,13.7,13.6,12.8,11.7,10.6,9.5,8.3]}},{"type":"Feature","geometry":{"type":"Polygon","coordinates":[[[-115.82283,33.58896],[-115.76557,33.67148],[-115.82231,33.75245],[-115.93636,33.75083],[-115.99351,33.66828],[-115.93671,33.58737],[-115.82283,33.58896]]]},"properties":{"h3":"8529a673fffffff","sunshine":[9.1,10,11.2,12.3,13.2,13.7,13.4,12.7,11.6,10.8,9.8,8.4]}},{"type":"Feature","geometry":{"type":"Polygon","coordinates":[[[-122.15207,38.43098],[-122.09889,38.51304],[-122.16098,38.58637],[-122.27626,38.57759],[-122.32927,38.49554],[-122.26718,38.42226],[-122.15207,38.43098]]]},"properties":{"h3":"85283077fffffff","sunshine":[6.8,8.6,9.1,11.3,13,13.8,13.9,13,11.7,9.9,8.3,6.2]}},{"type":"Feature","geometry":{"type":"Polygon","coordinates":[[[-124.29508,41.5458],[-124.24276,41.62646],[-124.30747,41.6954],[-124.42448,41.68364],[-124.47662,41.60299],[-124.41193,41.53409],[-124.29508,41.5458]]]},"properties":{"h3":"85281cb7fffffff","sunshine":[5.8,7.3,8.3,10.2,11.8,13.1,13.5,12.3,10.9,8.6,6.9,5.2]}},{"type":"Feature","geometry":{"type":"Polygon","coordinates":[[[-120.24768,38.79348],[-120.19218,38.87491],[-120.25381,38.94937],[-120.37094,38.94233],[-120.42628,38.86089],[-120.36464,38.78649],[-120.24768,38.79348]]]},"properties":{"h3":"8528325bfffffff","sunshine":[7,8,8.8,11.1,12.5,13.5,13.8,13.1,11.5,10,8.1,6.6]}},{"type":"Feature","geometry":{"type":"Polygon","coordinates":[[[-119.28558,36.07525],[-119.23048,36.15778],[-119.29016,36.23496],[-119.40495,36.22955],[-119.4599,36.14701],[-119.4002,36.06989],[-119.28558,36.07525]]]},"properties":{"h3":"8529a857fffffff","sunshine":[7.8,9.3,10.3,11.7,13.3,13.8,13.9,12.9,11.8,10.6,9,7.4]}},{"type":"Feature","geometry":{"type":"Polygon","coordinates":[[[-118.11901,38.42851],[-118.06145,38.50955],[-118.12194,38.5858],[-118.24003,38.58096],[-118.29745,38.4999],[-118.23692,38.42371],[-118.11901,38.42851]]]},"properties":{"h3":"852988d3fffffff","sunshine":[8.4,9.5,10.6,11.9,12.8,13.5,13.5,12.9,11.7,10.5,9.1,8]}},{"type":"Feature","geometry":{"type":"Polygon","coordinates":[[[-122.36395,41.94839],[-122.30909,42.0284],[-122.3735,42.09849],[-122.49275,42.08853],[-122.54742,42.00852],[-122.48302,41.93848],[-122.36395,41.94839]]]},"properties":{"h3":"85281e9bfffffff","sunshine":[6.5,7.6,8.9,10.7,12.3,13.7,14.2,13.1,11.4,9.2,7.2,5.4]}},{"type":"Feature","geometry":{"type":"Polygon","coordinates":[[[-118.61418,36.90319],[-118.55796,36.98517],[-118.6178,37.06223],[-118.7339,37.05725],[-118.78998,36.97526],[-118.73011,36.89826],[-118.61418,36.90319]]]},"properties":{"h3":"8529aa3bfffffff","sunshine":[8,8.8,10,11.7,13.1,13.6,13.7,13,11.8,10.6,9.1,7.7]}},{"type":"Feature","geometry":{"type":"Polygon","coordinates":[[[-121.34344,39.65604],[-121.2887,39.73725],[-121.35126,39.81018],[-121.46858,39.80184],[-121.52316,39.72062],[-121.46059,39.64775],[-121.34344,39.65604]]]},"properties":{"h3":"852814bbfffffff","sunshine":[6.4,8,8.4,10.9,12.7,13.7,13.9,13.1,11.6,9.8,7.8,6]}},{"type":"Feature","geometry":{"type":"Polygon","coordinates":[[[-116.50633,33.90433],[-116.44956,33.98696],[-116.50681,34.06734],[-116.62088,34.06502],[-116.67753,33.98237],[-116.62023,33.90206],[-116.50633,33.90433]]]},"properties":{"h3":"8529a05bfffffff","sunshine":[8.8,9.8,11.1,12.2,13.3,13.7,13.6,12.7,11.7,10.8,9.8,8.4]}},{"type":"Feature","geometry":{"type":"Polygon","coordinates":[[[-115.81384,36.34658],[-115.75513,36.42794],[-115.8133,36.50722],[-115.93024,36.50508],[-115.98883,36.42369],[-115.93061,36.34446],[-115.81384,36.34658]]]},"properties":{"h3":"852980d7fffffff","sunshine":[8.7,9.7,10.8,12.3,13.2,13.8,13.5,12.8,11.7,10.7,9.4,8.2]}},{"type":"Feature","geometry":{"type":"Polygon","coordinates":[[[-121.25895,37.94613],[-121.20501,38.02824],[-121.26651,38.10263],[-121.38195,38.09484],[-121.43572,38.01272],[-121.37422,37.93839],[-121.25895,37.94613]]]},"properties":{"h3":"85283623fffffff","sunshine":[6.7,8.7,9.5,11.4,13.1,13.7,13.8,13.1,11.7,10.1,8.2,6.3]}},{"type":"Feature","geometry":{"type":"Polygon","coordinates":[[[-118.44858,37.30776],[-118.39197,37.38949],[-118.45197,37.46637],[-118.56861,37.46146],[-118.62508,37.37971],[-118.56505,37.30289],[-118.44858,37.30776]]]},"properties":{"h3":"85298c9bfffffff","sunshine":[8.6,9.6,10.9,12.2,13.2,13.6,13.6,13,11.8,10.6,9.4,8.2]}},{"type":"Feature","geometry":{"type":"Polygon","coordinates":[[[-115.31537,32.85668],[-115.25801,32.9393],[-115.31412,33.02096],[-115.42765,33.01994],[-115.48489,32.9373],[-115.42873,32.8557],[-115.31537,32.85668]]]},"properties":{"h3":"85485baffffffff","sunshine":[9.1,9.9,11.1,12.4,13,13.6,13.2,12.6,11.4,10.8,9.8,8.5]}},{"type":"Feature","geometry":{"type":"Polygon","coordinates":[[[-118.41195,35.55055],[-118.35622,35.63307],[-118.41523,35.7112],[-118.53,35.70675],[-118.58559,35.6242],[-118.52655,35.54613],[-118.41195,35.55055]]]},"properties":{"h3":"8529ae03fffffff","sunshine":[8.2,9.3,10.4,11.9,13.2,13.8,13.8,12.9,11.8,10.7,9.4,7.9]}},{"type":"Feature","geometry":{"type":"Polygon","coordinates":[[[-117.51967,33.06458],[-117.46429,33.14777],[-117.5216,33.22798],[-117.63432,33.22493],[-117.68957,33.14172],[-117.63223,33.06158],[-117.51967,33.06458]]]},"properties":{"h3":"8529a423fffffff","sunshine":[8.7,9.6,10.6,11.5,12.1,12.6,12.9,12.1,11.1,10.2,9.6,8.3]}},{"type":"Feature","geometry":{"type":"Polygon","coordinates":[[[-121.51725,36.18983],[-121.46449,36.2728],[-121.52506,36.3483],[-121.6384,36.34078],[-121.691,36.25781],[-121.63042,36.18237],[-121.51725,36.18983]]]},"properties":{"h3":"85291a4ffffffff","sunshine":[7.8,9.1,9.8,11.8,13.3,13.8,13.8,13,11.8,10.4,9.1,7.5]}},{"type":"Feature","geometry":{"type":"Polygon","coordinates":[[[-116.16436,33.42034],[-116.1075,33.50303],[-116.16434,33.58388],[-116.27807,33.58199],[-116.33481,33.49927],[-116.27793,33.41847],[-116.16436,33.42034]]]},"properties":{"h3":"8529a607fffffff","sunshine":[9.1,9.9,11.2,12.2,13.2,13.7,13.5,12.7,11.6,10.8,9.8,8.4]}},{"type":"Feature","geometry":{"type":"Polygon","coordinates":[[[-121.96627,38.21028],[-121.913,38.29241],[-121.9749,38.36606],[-122.09007,38.35752],[-122.14319,38.27539],[-122.08129,38.2018],[-121.96627,38.21028]]]},"properties":{"h3":"8528300bfffffff","sunshine":[6.8,8.6,9.3,11.3,13,13.7,13.8,12.9,11.7,9.9,8.3,6.2]}},{"type":"Feature","geometry":{"type":"Polygon","coordinates":[[[-121.39073,40.57746],[-121.33552,40.65813],[-121.39869,40.73022],[-121.51706,40.72159],[-121.57209,40.64092],[-121.50892,40.56888],[-121.39073,40.57746]]]},"properties":{"h3":"85281087fffffff","sunshine":[6.7,8.3,9,11.2,12.7,13.8,14,13.1,11.7,9.7,7.9,5.9]}},{"type":"Feature","geometry":{"type":"Polygon","coordinates":[[[-124.13743,39.57959],[-124.08596,39.66138],[-124.14934,39.73221],[-124.26418,39.7212],[-124.31547,39.63941],[-124.2521,39.56864],[-124.13743,39.57959]]]},"properties":{"h3":"852806a7fffffff","sunshine":[6.4,8.1,8.8,11,12.4,13.3,13.2,12.1,11.1,9,7.8,5.9]}},{"type":"Feature","geometry":{"type":"Polygon","coordinates":[[[-122.90405,41.97783],[-122.84982,42.05793],[-122.91442,42.12758],[-123.03324,42.11706],[-123.08729,42.03696],[-123.0227,41.96736],[-122.90405,41.97783]]]},"properties":{"h3":"85281c4bfffffff","sunshine":[6.2,7.4,8.6,10.5,11.9,13.4,14.2,13.1,11.4,9,7.1,5.2]}},{"type":"Feature","geometry":{"type":"Polygon","coordinates":[[[-120.50087,36.41136],[-120.44689,36.49403],[-120.50723,36.57011],[-120.62156,36.56347],[-120.67538,36.48079],[-120.61503,36.40477],[-120.50087,36.41136]]]},"properties":{"h3":"8529a9cffffffff","sunshine":[8,9.3,10.1,11.8,13.3,13.8,13.9,13,11.8,10.6,9.1,7.7]}},{"type":"Feature","geometry":{"type":"Polygon","coordinates":[[[-121.82297,38.76739],[-121.76924,38.8492],[-121.83143,38.92251],[-121.94735,38.91395],[-122.00091,38.83213],[-121.93872,38.75888],[-121.82297,38.76739]]]},"properties":{"h3":"852833d3fffffff","sunshine":[6.6,8.6,9.1,11.3,13,13.8,13.9,13,11.7,9.9,8.2,6.1]}},{"type":"Feature","geometry":{"type":"Polygon","coordinates":[[[-120.47804,40.1004],[-120.42208,40.18113],[-120.48459,40.25432],[-120.60309,40.24673],[-120.65888,40.16599],[-120.59635,40.09285],[-120.47804,40.1004]]]},"properties":{"h3":"8528144ffffffff","sunshine":[7.1,8.7,9.4,11.5,12.7,13.7,13.9,13.1,11.6,9.9,8.1,6.4]}},{"type":"Feature","geometry":{"type":"Polygon","coordinates":[[[-114.96979,33.35169],[-114.91186,33.43403],[-114.96803,33.51563],[-115.08219,33.51483],[-115.14,33.43247],[-115.08377,33.35093],[-114.96979,33.35169]]]},"properties":{"h3":"8529b593fffffff","sunshine":[9.1,9.9,11,12.4,13,13.5,13.1,12.6,11.6,10.8,9.8,8.5]}},{"type":"Feature","geometry":{"type":"Polygon","coordinates":[[[-120.17551,36.90664],[-120.12093,36.98901],[-120.18142,37.06497],[-120.29651,37.0585],[-120.35094,36.97612],[-120.29043,36.90022],[-120.17551,36.90664]]]},"properties":{"h3":"8529abb3fffffff","sunshine":[7.4,9.1,10,11.7,13.3,13.8,13.9,13,11.7,10.5,8.7,6.8]}},{"type":"Feature","geometry":{"type":"Polygon","coordinates":[[[-120.14066,40.58383],[-120.08405,40.66417],[-120.14674,40.73718],[-120.26605,40.72981],[-120.32249,40.64946],[-120.25979,40.5765],[-120.14066,40.58383]]]},"properties":{"h3":"85281633fffffff","sunshine":[7.2,8.8,9.4,11.6,12.7,13.6,13.8,13.1,11.5,9.8,8,6.2]}},{"type":"Feature","geometry":{"type":"Polygon","coordinates":[[[-118.82138,38.24069],[-118.76465,38.32205],[-118.82535,38.39796],[-118.94281,38.39246],[-118.99938,38.3111],[-118.93866,38.23524],[-118.82138,38.24069]]]},"properties":{"h3":"85298c2ffffffff","sunshine":[8.4,9.6,10.7,12.1,12.9,13.4,13.5,12.8,11.6,10.4,9.1,7.9]}},{"type":"Feature","geometry":{"type":"Polygon","coordinates":[[[-118.04039,33.94617],[-117.98509,34.02921],[-118.04308,34.10859],[-118.15641,34.10486],[-118.21157,34.0218],[-118.15355,33.94249],[-118.04039,33.94617]]]},"properties":{"h3":"8529a1d3fffffff","sunshine":[8.4,9.3,10.2,11.1,11.4,12.4,13.1,12.2,11,10.1,9.4,8]}},{"type":"Feature","geometry":{"type":"Polygon","coordinates":[[[-123.36531,40.95203],[-123.3122,41.0329],[-123.37625,41.10313],[-123.49341,41.09244],[-123.54635,41.01158],[-123.4823,40.94141],[-123.36531,40.95203]]]},"properties":{"h3":"85280273fffffff","sunshine":[5.8,7.4,8.2,10.2,12,13.6,14.2,13.1,11.4,9.2,7.2,5.2]}},{"type":"Feature","geometry":{"type":"Polygon","coordinates":[[[-117.23004,38.2241],[-117.17168,38.30497],[-117.23163,38.38198],[-117.34997,38.37806],[-117.40819,38.29718],[-117.34821,38.22022],[-117.23004,38.2241]]]},"properties":{"h3":"85298e13fffffff","sunshine":[8.5,9.5,10.5,12,12.8,13.6,13.5,12.8,11.7,10.5,9.2,8]}},{"type":"Feature","geometry":{"type":"Polygon","coordinates":[[[-117.8841,34.84319],[-117.8282,34.92586],[-117.8866,35.0048],[-118.00093,35.001],[-118.05669,34.91831],[-117.99827,34.83944],[-117.8841,34.84319]]]},"properties":{"h3":"8529a3b7fffffff","sunshine":[8.7,9.7,10.9,12.1,13.4,13.8,13.8,12.8,11.8,10.8,9.6,8.3]}},{"type":"Feature","geometry":{"type":"Polygon","coordinates":[[[-116.33804,35.77296],[-116.28013,35.85477],[-116.33828,35.93411],[-116.45437,35.93157],[-116.51214,35.84973],[-116.45396,35.77045],[-116.33804,35.77296]]]},"properties":{"h3":"85298433fffffff","sunshine":[8.8,9.7,10.8,12.2,13.2,13.7,13.6,12.8,11.7,10.7,9.5,8.2]}},{"type":"Feature","geometry":{"type":"Polygon","coordinates":[[[-120.86836,40.84401],[-120.81241,40.92438],[-120.87555,40.99663],[-120.99465,40.98845],[-121.05042,40.90808],[-120.98727,40.83588],[-120.86836,40.84401]]]},"properties":{"h3":"8528101bfffffff","sunshine":[6.9,8.5,9.2,11.3,12.4,13.7,13.9,13.1,11.6,9.7,7.8,6]}},{"type":"Feature","geometry":{"type":"Polygon","coordinates":[[[-123.63669,39.85681],[-123.58449,39.93837],[-123.64791,40.00936],[-123.76353,39.99874],[-123.81556,39.91718],[-123.75215,39.84625],[-123.63669,39.85681]]]},"properties":{"h3":"8528063bfffffff","sunshine":[6,7.7,8.3,10.6,12.1,13.7,14,12.9,11.4,9.4,7.6,5.6]}},{"type":"Feature","geometry":{"type":"Polygon","coordinates":[[[-123.51549,38.16441],[-123.464,38.24683],[-123.52634,38.31933],[-123.64015,38.30935],[-123.69146,38.22693],[-123.62914,38.15449],[-123.51549,38.16441]]]},"properties":{"h3":"85283183fffffff","sunshine":[6.8,8.7,9.4,11.2,12.4,13.3,12.7,11.8,11.1,9.4,8.4,6.4]}},{"type":"Feature","geometry":{"type":"Polygon","coordinates":[[[-124.50197,41.90153],[-124.44971,41.98199],[-124.51471,42.05043],[-124.63196,42.03836],[-124.68404,41.95791],[-124.61905,41.88951],[-124.50197,41.90153]]]},"properties":{"h3":"85281dc3fffffff","sunshine":[5.7,7.2,8.3,10.1,12,13.1,13.6,12.2,10.6,8.3,6.8,5.1]}},{"type":"Feature","geometry":{"type":"Polygon","coordinates":[[[-120.69529,36.95599],[-120.64125,37.03845],[-120.70197,37.114],[-120.81674,37.10703],[-120.87063,37.02456],[-120.8099,36.94906],[-120.69529,36.95599]]]},"properties":{"h3":"8529a963fffffff","sunshine":[7.2,9,9.9,11.6,13.3,13.7,13.8,13,11.7,10.3,8.6,6.8]}},{"type":"Feature","geometry":{"type":"Polygon","coordinates":[[[-122.22411,39.66806],[-122.17036,39.74945],[-122.23323,39.8217],[-122.34986,39.8125],[-122.40344,39.7311],[-122.34056,39.65891],[-122.22411,39.66806]]]},"properties":{"h3":"85283367fffffff","sunshine":[6.5,8.5,9.1,11.4,13,13.9,14,13,11.7,9.8,8.1,6]}},{"type":"Feature","geometry":{"type":"Polygon","coordinates":[[[-115.30402,34.32997],[-115.2459,34.41205],[-115.30275,34.49291],[-115.41777,34.49164],[-115.47578,34.40953],[-115.41888,34.32872],[-115.30402,34.32997]]]},"properties":{"h3":"8529b527fffffff","sunshine":[9,9.9,11,12.3,13.1,13.7,13.3,12.7,11.6,10.7,9.7,8.2]}},{"type":"Feature","geometry":{"type":"Polygon","coordinates":[[[-122.62612,37.69022],[-122.57385,37.77273],[-122.63565,37.84628],[-122.74971,37.83728],[-122.80181,37.75477],[-122.74002,37.68127],[-122.62612,37.69022]]]},"properties":{"h3":"8528354bfffffff","sunshine":[7.1,8.8,9.3,11.3,12.4,12.9,12.4,11.4,11.1,9.5,8.5,6.6]}},{"type":"Feature","geometry":{"type":"Polygon","coordinates":[[[-119.32257,37.3477],[-119.26685,37.42965],[-119.32725,37.50589],[-119.44339,37.50012],[-119.49896,37.41816],[-119.43854,37.34198],[-119.32257,37.3477]]]},"properties":{"h3":"8529ab47fffffff","sunshine":[7.7,8.7,9.5,11.5,12.9,13.6,13.8,13.1,11.7,10.4,8.7,7.4]}},{"type":"Feature","geometry":{"type":"Polygon","coordinates":[[[-122.07145,40.06547],[-122.0173,40.1466],[-122.08038,40.21862],[-122.1976,40.20946],[-122.25157,40.12832],[-122.18849,40.05635],[-122.07145,40.06547]]]},"properties":{"h3":"852815c7fffffff","sunshine":[6.2,8.3,8.7,11.2,12.8,13.8,14,13,11.7,9.7,7.8,5.8]}},{"type":"Feature","geometry":{"type":"Polygon","coordinates":[[[-118.39892,34.90621],[-118.34351,34.98899],[-118.40217,35.06754],[-118.51627,35.06326],[-118.57155,34.98046],[-118.51286,34.90196],[-118.39892,34.90621]]]},"properties":{"h3":"8529a167fffffff","sunshine":[8.3,9.4,10.4,11.9,13.2,13.8,13.8,12.9,11.8,10.7,9.4,7.9]}},{"type":"Feature","geometry":{"type":"Polygon","coordinates":[[[-120.98919,35.82462],[-120.93604,35.90763],[-120.99622,35.98377],[-121.10957,35.97684],[-121.16257,35.89383],[-121.10238,35.81774],[-120.98919,35.82462]]]},"properties":{"h3":"8529ad2bfffffff","sunshine":[7.9,9.2,9.9,11.8,13.3,13.8,13.8,13,11.8,10.4,9.1,7.5]}},{"type":"Feature","geometry":{"type":"Polygon","coordinates":[[[-123.7045,40.76865],[-123.65189,40.84969],[-123.71592,40.91982],[-123.83255,40.90886],[-123.88498,40.82783],[-123.82096,40.75775],[-123.7045,40.76865]]]},"properties":{"h3":"85280207fffffff","sunshine":[5.9,7.3,8.1,10,11.7,13.4,14,13,11.3,9.2,7.3,5.2]}},{"type":"Feature","geometry":{"type":"Polygon","coordinates":[[[-120.40087,38.23591],[-120.34584,38.31769],[-120.40719,38.39247],[-120.52359,38.38543],[-120.57846,38.30366],[-120.51709,38.22892],[-120.40087,38.23591]]]},"properties":{"h3":"85298da7fffffff","sunshine":[7.1,8.2,8.9,11.1,12.8,13.5,13.8,13.1,11.6,10.1,8.2,6.8]}},{"type":"Feature","geometry":{"type":"Polygon","coordinates":[[[-116.51018,35.20393],[-116.45274,35.28605],[-116.51067,35.36564],[-116.62608,35.36306],[-116.68339,35.28091],[-116.62542,35.20138],[-116.51018,35.20393]]]},"properties":{"h3":"8529a34bfffffff","sunshine":[8.7,9.8,10.9,12.2,13.2,13.7,13.6,12.7,11.7,10.8,9.6,8.3]}},{"type":"Feature","geometry":{"type":"Polygon","coordinates":[[[-118.71466,33.76025],[-118.66013,33.84352],[-118.71832,33.92256],[-118.83107,33.91827],[-118.88546,33.83498],[-118.82724,33.75601],[-118.71466,33.76025]]]},"properties":{"h3":"8529a52ffffffff","sunshine":[8.6,9.6,10.6,11.7,12.7,13,13.3,12.4,11.4,10.4,9.5,8.3]}},{"type":"Feature","geometry":{"type":"Polygon","coordinates":[[[-117.55733,36.14282],[-117.50043,36.22485],[-117.55937,36.30315],[-117.67525,36.29937],[-117.73201,36.21732],[-117.67304,36.13908],[-117.55733,36.14282]]]},"properties":{"h3":"852985abfffffff","sunshine":[8.8,9.8,11.1,12.2,13.4,13.8,13.7,13,11.8,10.7,9.6,8.4]}},{"type":"Feature","geometry":{"type":"Polygon","coordinates":[[[-123.53723,38.47404],[-123.48562,38.55631],[-123.54815,38.62854],[-123.66229,38.61843],[-123.71373,38.53617],[-123.6512,38.46399],[-123.53723,38.47404]]]},"properties":{"h3":"85283117fffffff","sunshine":[6.7,8.5,9.2,11.1,12.2,13.1,12.5,11.5,11,9.2,8.2,6.2]}},{"type":"Feature","geometry":{"type":"Polygon","coordinates":[[[-122.46982,40.8005],[-122.41573,40.88128],[-122.47941,40.95235],[-122.59717,40.94259],[-122.65108,40.86181],[-122.5874,40.7908],[-122.46982,40.8005]]]},"properties":{"h3":"85281193fffffff","sunshine":[6,8,8.4,11,12.6,13.9,14.1,13.1,11.6,9.5,7.6,5.5]}},{"type":"Feature","geometry":{"type":"Polygon","coordinates":[[[-117.9068,36.29147],[-117.85018,36.37353],[-117.90936,36.4515],[-118.02521,36.44735],[-118.0817,36.36527],[-118.02248,36.28736],[-117.9068,36.29147]]]},"properties":{"h3":"8529aadbfffffff","sunshine":[8.8,9.8,11,12.3,13.4,13.8,13.7,13,11.9,10.7,9.6,8.5]}},{"type":"Feature","geometry":{"type":"Polygon","coordinates":[[[-121.55568,40.33507],[-121.5008,40.41593],[-121.56387,40.48811],[-121.68183,40.47938],[-121.73653,40.39852],[-121.67346,40.32639],[-121.55568,40.33507]]]},"properties":{"h3":"8528155bfffffff","sunshine":[6.3,8,8.5,10.9,12.5,13.8,14,13.1,11.6,9.6,7.7,5.7]}},{"type":"Feature","geometry":{"type":"Polygon","coordinates":[[[-117.22374,37.59053],[-117.16572,37.67174],[-117.2253,37.74923],[-117.34294,37.74546],[-117.40082,37.66423],[-117.3412,37.58679],[-117.22374,37.59053]]]},"properties":{"h3":"85298177fffffff","sunshine":[8.6,9.6,10.6,12.2,13,13.7,13.6,12.9,11.8,10.6,9.3,8.2]}},{"type":"Feature","geometry":{"type":"Polygon","coordinates":[[[-120.53932,37.36104],[-120.4849,37.44328],[-120.54579,37.51865],[-120.66112,37.51171],[-120.71538,37.42946],[-120.65448,37.35415],[-120.53932,37.36104]]]},"properties":{"h3":"852836c3fffffff","sunshine":[7.1,8.8,9.5,11.3,13.1,13.7,13.8,13,11.7,10.3,8.5,6.7]}},{"type":"Feature","geometry":{"type":"Polygon","coordinates":[[[-119.88508,38.50107],[-119.82935,38.58257],[-119.89066,38.65753],[-120.00771,38.65092],[-120.06329,38.56941],[-120.00196,38.49451],[-119.88508,38.50107]]]},"properties":{"h3":"85298d3bfffffff","sunshine":[7.3,8.4,9.2,11.4,12.7,13.5,13.8,13.1,11.6,10.1,8.3,6.8]}},{"type":"Feature","geometry":{"type":"Polygon","coordinates":[[[-118.92508,35.44955],[-118.86992,35.53225],[-118.9291,35.6101],[-119.04346,35.60519],[-119.09846,35.52247],[-119.03926,35.44468],[-118.92508,35.44955]]]},"properties":{"h3":"8529aea3fffffff","sunshine":[8.2,9.5,10.5,11.8,13.2,13.8,13.9,12.9,11.8,10.7,9.2,7.9]}},{"type":"Feature","geometry":{"type":"Polygon","coordinates":[[[-116.83925,32.42467],[-116.78352,32.50787],[-116.84019,32.58883],[-116.95262,32.58653],[-117.00822,32.50332],[-116.95152,32.42241],[-116.83925,32.42467]]]},"properties":{"h3":"8529a4c3fffffff","sunshine":[8.7,9.4,10.4,11.2,11.6,12.8,13,12.1,11,10.2,9.5,8.3]}},{"type":"Feature","geometry":{"type":"Polygon","coordinates":[[[-122.47835,38.09343],[-122.42571,38.17571],[-122.4877,38.24906],[-122.60233,38.24008],[-122.6548,38.15779],[-122.59281,38.0845],[-122.47835,38.09343]]]},"properties":{"h3":"852830abfffffff","sunshine":[6.8,8.6,9.2,11.3,12.7,13.6,13.5,12.6,11.6,9.7,8.3,6.2]}},{"type":"Feature","geometry":{"type":"Polygon","coordinates":[[[-116.67465,33.32939],[-116.61832,33.41227],[-116.67536,33.49286],[-116.78877,33.49051],[-116.84497,33.40762],[-116.78789,33.32708],[-116.67465,33.32939]]]},"properties":{"h3":"8529a6a7fffffff","sunshine":[8.4,9.3,10.3,11.8,12.7,13.6,13.5,12.7,11.5,10.6,9.5,8]}},{"type":"Feature","geometry":{"type":"Polygon","coordinates":[[[-122.88341,41.67758],[-122.82933,41.75789],[-122.89372,41.82783],[-123.01219,41.81742],[-123.06609,41.73711],[-123.00171,41.66722],[-122.88341,41.67758]]]},"properties":{"h3":"85281127fffffff","sunshine":[6.3,7.8,8.8,10.8,12.3,13.7,14.2,13.1,11.5,9.2,7.3,5.4]}},{"type":"Feature","geometry":{"type":"Polygon","coordinates":[[[-121.11156,38.50465],[-121.05717,38.58644],[-121.11895,38.66049],[-121.23513,38.6527],[-121.28935,38.57089],[-121.22756,38.4969],[-121.11156,38.50465]]]},"properties":{"h3":"8528328ffffffff","sunshine":[6.8,8.5,9.3,11.2,12.9,13.6,13.8,13.1,11.6,10,8.2,6.4]}},{"type":"Feature","geometry":{"type":"Polygon","coordinates":[[[-119.6191,35.73916],[-119.56453,35.82191],[-119.62415,35.89909],[-119.73836,35.89345],[-119.79279,35.81069],[-119.73315,35.73357],[-119.6191,35.73916]]]},"properties":{"h3":"8529a88bfffffff","sunshine":[7.7,9.4,10.5,11.8,13.3,13.8,13.8,12.9,11.8,10.6,9.1,7.4]}},{"type":"Feature","geometry":{"type":"Polygon","coordinates":[[[-121.91508,37.27136],[-121.86222,37.35393],[-121.92355,37.42834],[-122.03773,37.42013],[-122.09043,37.33756],[-122.0291,37.2632],[-121.91508,37.27136]]]},"properties":{"h3":"85283473fffffff","sunshine":[7.5,8.9,9.5,11.3,12.8,13.6,13.7,12.9,11.6,10.1,8.7,7.1]}},{"type":"Feature","geometry":{"type":"Polygon","coordinates":[[[-118.27218,37.23545],[-118.21543,37.31716],[-118.27531,37.39421],[-118.39197,37.38949],[-118.44858,37.30776],[-118.38867,37.23077],[-118.27218,37.23545]]]},"properties":{"h3":"8529aa6ffffffff","sunshine":[8.7,9.6,10.9,12.2,13.2,13.6,13.7,13,11.9,10.7,9.4,8.3]}},{"type":"Feature","geometry":{"type":"Polygon","coordinates":[[[-117.35664,33.64037],[-117.30082,33.72333],[-117.35835,33.80332],[-117.47173,33.80029],[-117.52742,33.71731],[-117.46986,33.63738],[-117.35664,33.64037]]]},"properties":{"h3":"8529a08ffffffff","sunshine":[8.4,9.4,10.4,11.4,12.3,13.5,13.6,12.7,11.4,10.4,9.5,8]}},{"type":"Feature","geometry":{"type":"Polygon","coordinates":[[[-117.04547,37.35741],[-116.98741,37.43869],[-117.04677,37.51647],[-117.16424,37.51292],[-117.22217,37.43163],[-117.16277,37.3539],[-117.04547,37.35741]]]},"properties":{"h3":"8529810bfffffff","sunshine":[8.6,9.6,10.7,12.1,13.1,13.8,13.6,12.9,11.8,10.6,9.3,8.2]}},{"type":"Feature","geometry":{"type":"Polygon","coordinates":[[[-119.08147,34.87918],[-119.02676,34.96215],[-119.0857,35.04026],[-119.19936,35.03534],[-119.25392,34.95237],[-119.19497,34.87432],[-119.08147,34.87918]]]},"properties":{"h3":"8529ac53fffffff","sunshine":[8.3,9.6,10.5,11.9,13.3,13.8,13.8,12.9,11.8,10.7,9.4,8]}},{"type":"Feature","geometry":{"type":"Polygon","coordinates":[[[-120.55229,37.67605],[-120.49772,37.75815],[-120.5588,37.83326],[-120.67447,37.82622],[-120.72888,37.74412],[-120.66778,37.66907],[-120.55229,37.67605]]]},"properties":{"h3":"85283657fffffff","sunshine":[7.4,8.8,9.5,11.4,13.1,13.7,13.9,13.1,11.7,10.2,8.6,7]}},{"type":"Feature","geometry":{"type":"Polygon","coordinates":[[[-118.10449,37.63895],[-118.04734,37.72041],[-118.10738,37.79727],[-118.22458,37.79262],[-118.28158,37.71115],[-118.22152,37.63434],[-118.10449,37.63895]]]},"properties":{"h3":"85298ccffffffff","sunshine":[8.8,9.8,10.9,12.2,13.1,13.6,13.5,12.9,11.8,10.7,9.4,8.4]}},{"type":"Feature","geometry":{"type":"Polygon","coordinates":[[[-115.81918,34.73023],[-115.76133,34.81233],[-115.81866,34.89264],[-115.93388,34.8908],[-115.99161,34.80868],[-115.93424,34.72843],[-115.81918,34.73023]]]},"properties":{"h3":"8529a273fffffff","sunshine":[8.8,9.8,11,12.2,13.1,13.7,13.4,12.7,11.6,10.7,9.7,8.3]}},{"type":"Feature","geometry":{"type":"Polygon","coordinates":[[[-118.93314,35.77048],[-118.87783,35.85305],[-118.93719,35.93068],[-119.05187,35.92568],[-119.10704,35.84309],[-119.04766,35.76552],[-118.93314,35.77048]]]},"properties":{"h3":"8529ae37fffffff","sunshine":[8,9.4,10.3,11.7,13.1,13.8,13.9,12.9,11.8,10.6,9.2,7.7]}},{"type":"Feature","geometry":{"type":"Polygon","coordinates":[[[-117.76007,38.1268],[-117.70231,38.20789],[-117.76245,38.28462],[-117.8804,38.2802],[-117.93803,38.19909],[-117.87784,38.12242],[-117.76007,38.1268]]]},"properties":{"h3":"85298eb3fffffff","sunshine":[8.7,9.6,10.8,12.1,13,13.6,13.6,12.9,11.8,10.6,9.3,8.2]}},{"type":"Feature","geometry":{"type":"Polygon","coordinates":[[[-116.84114,32.75286],[-116.78526,32.83596],[-116.8421,32.91675],[-116.95485,32.91438],[-117.01061,32.83126],[-116.95374,32.75053],[-116.84114,32.75286]]]},"properties":{"h3":"8529a457fffffff","sunshine":[8.5,9.3,10.2,11.1,11.3,12.8,13.3,12.4,11,10.2,9.4,8.1]}},{"type":"Feature","geometry":{"type":"Polygon","coordinates":[[[-115.64455,35.13856],[-115.58632,35.22042],[-115.64376,35.30059],[-115.75949,35.29884],[-115.8176,35.21695],[-115.7601,35.13684],[-115.64455,35.13856]]]},"properties":{"h3":"852984d3fffffff","sunshine":[8.8,9.8,10.8,12.3,13.1,13.8,13.3,12.7,11.7,10.7,9.7,8.3]}},{"type":"Feature","geometry":{"type":"Polygon","coordinates":[[[-116.16434,33.58388],[-116.1074,33.66652],[-116.16432,33.74729],[-116.27822,33.74535],[-116.33503,33.66269],[-116.27807,33.58199],[-116.16434,33.58388]]]},"properties":{"h3":"8529a63bfffffff","sunshine":[9,9.9,11.2,12.3,13.2,13.7,13.5,12.6,11.6,10.8,9.8,8.4]}},{"type":"Feature","geometry":{"type":"Polygon","coordinates":[[[-115.46536,36.03021],[-115.40648,36.1116],[-115.4643,36.19131],[-115.58104,36.18957],[-115.6398,36.10814],[-115.58193,36.02849],[-115.46536,36.03021]]]},"properties":{"h3":"852986b7fffffff","sunshine":[8.6,9.6,10.6,12.3,13.1,13.8,13.3,12.6,11.7,10.7,9.5,8.1]}},{"type":"Feature","geometry":{"type":"Polygon","coordinates":[[[-121.39869,40.73022],[-121.34341,40.8108],[-121.40668,40.88275],[-121.52523,40.87407],[-121.58033,40.79349],[-121.51706,40.72159],[-121.39869,40.73022]]]},"properties":{"h3":"852810bbfffffff","sunshine":[6.7,8.3,9,11.1,12.6,13.7,13.9,13.1,11.6,9.7,7.8,5.9]}},{"type":"Feature","geometry":{"type":"Polygon","coordinates":[[[-122.90103,39.30419],[-122.84825,39.38592],[-122.91112,39.45796],[-123.02675,39.44821],[-123.07936,39.36648],[-123.0165,39.29449],[-122.90103,39.30419]]]},"properties":{"h3":"852806dbfffffff","sunshine":[6.3,8.2,8.7,11,12.7,13.9,14.1,13,11.7,9.7,8,5.9]}},{"type":"Feature","geometry":{"type":"Polygon","coordinates":[[[-121.31239,39.03726],[-121.25795,39.11881],[-121.32012,39.19228],[-121.43675,39.18414],[-121.49103,39.10258],[-121.42885,39.02917],[-121.31239,39.03726]]]},"properties":{"h3":"85283223fffffff","sunshine":[6.8,8.3,9.1,11.2,12.9,13.7,13.9,13.1,11.6,9.9,8.1,6.3]}},{"type":"Feature","geometry":{"type":"Polygon","coordinates":[[[-118.47252,38.41375],[-118.41534,38.49491],[-118.47598,38.57092],[-118.59385,38.56573],[-118.65089,38.48456],[-118.59021,38.4086],[-118.47252,38.41375]]]},"properties":{"h3":"8529889bfffffff","sunshine":[8.4,9.4,10.5,11.9,12.9,13.5,13.6,12.9,11.7,10.5,9.1,7.9]}},{"type":"Feature","geometry":{"type":"Polygon","coordinates":[[[-122.24791,37.08956],[-122.19552,37.17227],[-122.25684,37.24657],[-122.37056,37.2381],[-122.42279,37.15539],[-122.36146,37.08114],[-122.24791,37.08956]]]},"properties":{"h3":"85283407fffffff","sunshine":[7.5,8.9,9.4,11.2,12.5,13.2,13.2,12.5,11.5,10,8.7,7.1]}},{"type":"Feature","geometry":{"type":"Polygon","coordinates":[[[-118.43512,36.67138],[-118.37884,36.75342],[-118.43847,36.83077],[-118.55443,36.82602],[-118.61057,36.74397],[-118.55091,36.66668],[-118.43512,36.67138]]]},"properties":{"h3":"8529aa03fffffff","sunshine":[8.1,9,10.3,11.8,13.3,13.7,13.7,13,11.9,10.6,9.2,7.9]}},{"type":"Feature","geometry":{"type":"Polygon","coordinates":[[[-121.15624,39.43652],[-121.1014,39.51782],[-121.16377,39.59107],[-121.28097,39.58297],[-121.33565,39.50168],[-121.27328,39.42848],[-121.15624,39.43652]]]},"properties":{"h3":"85281483fffffff","sunshine":[6.6,8,8.6,11,12.8,13.6,13.9,13.1,11.6,9.8,7.8,6.1]}},{"type":"Feature","geometry":{"type":"Polygon","coordinates":[[[-117.5333,34.20532],[-117.47737,34.28813],[-117.53527,34.36768],[-117.64913,34.36436],[-117.70493,34.28153],[-117.647,34.20204],[-117.5333,34.20532]]]},"properties":{"h3":"8529a023fffffff","sunshine":[8.5,9.5,10.5,12,13.1,13.8,13.8,12.8,11.8,10.7,9.6,8.2]}},{"type":"Feature","geometry":{"type":"Polygon","coordinates":[[[-114.62306,33.68124],[-114.56465,33.76334],[-114.6208,33.84497],[-114.73541,33.84444],[-114.79371,33.76231],[-114.73751,33.68074],[-114.62306,33.68124]]]},"properties":{"h3":"8529b5c7fffffff","sunshine":[9,9.8,11,12.4,13,13.5,13.1,12.6,11.6,10.7,9.7,8.4]}},{"type":"Feature","geometry":{"type":"Polygon","coordinates":[[[-124.32764,39.79183],[-124.27629,39.87353],[-124.33986,39.94403],[-124.45476,39.93277],[-124.50593,39.85107],[-124.44238,39.78063],[-124.32764,39.79183]]]},"properties":{"h3":"852800c3fffffff","sunshine":[6.2,8,8.7,10.9,12.2,13.3,13.2,12.2,11,9,7.6,5.8]}},{"type":"Feature","geometry":{"type":"Polygon","coordinates":[[[-118.29107,38.18502],[-118.23382,38.26625],[-118.29426,38.34257],[-118.41197,38.33761],[-118.46907,38.25637],[-118.40861,38.1801],[-118.29107,38.18502]]]},"properties":{"h3":"85298c63fffffff","sunshine":[8.5,9.6,10.7,12.1,12.9,13.5,13.5,12.8,11.8,10.6,9.2,8]}},{"type":"Feature","geometry":{"type":"Polygon","coordinates":[[[-116.16421,34.56202],[-116.10678,34.64429],[-116.16419,34.72449],[-116.27909,34.72236],[-116.33641,34.64007],[-116.27895,34.55992],[-116.16421,34.56202]]]},"properties":{"h3":"8529a207fffffff","sunshine":[8.9,9.9,11.1,12.2,13.2,13.7,13.4,12.7,11.7,10.7,9.8,8.4]}},{"type":"Feature","geometry":{"type":"Polygon","coordinates":[[[-114.80171,33.10641],[-114.74376,33.18877],[-114.79972,33.2706],[-114.91369,33.27],[-114.97153,33.18761],[-114.91552,33.10584],[-114.80171,33.10641]]]},"properties":{"h3":"85485b77fffffff","sunshine":[9,9.9,11,12.4,13,13.5,13.1,12.6,11.5,10.8,9.8,8.5]}},{"type":"Feature","geometry":{"type":"Polygon","coordinates":[[[-120.28418,35.22412],[-120.23056,35.30723],[-120.29016,35.38428],[-120.40339,35.37817],[-120.45686,35.29506],[-120.39725,35.21806],[-120.28418,35.22412]]]},"properties":{"h3":"8529adcbfffffff","sunshine":[8.1,9.3,10.2,11.8,13.3,13.7,13.8,12.9,11.7,10.7,9.3,8]}},{"type":"Feature","geometry":{"type":"Polygon","coordinates":[[[-124.22156,40.64319],[-124.16963,40.72438],[-124.23372,40.79421],[-124.34972,40.78279],[-124.40146,40.7016],[-124.33739,40.63182],[-124.22156,40.64319]]]},"properties":{"h3":"852802a7fffffff","sunshine":[6,7.5,8.4,10.2,11.3,12.4,12.1,11.5,10.6,8.8,7.2,5.4]}},{"type":"Feature","geometry":{"type":"Polygon","coordinates":[[[-116.87726,38.55077],[-116.81837,38.63133],[-116.87832,38.70832],[-116.99722,38.7047],[-117.05598,38.62411],[-116.99598,38.54718],[-116.87726,38.55077]]]},"properties":{"h3":"85298e47fffffff","sunshine":[8.3,9.4,10.4,11.9,12.8,13.7,13.4,12.8,11.7,10.4,9,7.7]}},{"type":"Feature","geometry":{"type":"Polygon","coordinates":[[[-115.98939,36.10211],[-115.93098,36.18366],[-115.98911,36.26299],[-116.10571,36.26073],[-116.164,36.17916],[-116.10582,36.09988],[-115.98939,36.10211]]]},"properties":{"h3":"85298467fffffff","sunshine":[8.7,9.7,10.7,12.2,13.2,13.8,13.5,12.8,11.7,10.6,9.4,8.2]}},{"type":"Feature","geometry":{"type":"Polygon","coordinates":[[[-120.52437,41.17295],[-120.46785,41.25302],[-120.53107,41.32523],[-120.65081,41.31732],[-120.70716,41.23725],[-120.64393,41.16509],[-120.52437,41.17295]]]},"properties":{"h3":"8528104ffffffff","sunshine":[6.8,8.2,9.1,11.1,12.3,13.5,13.8,13,11.5,9.6,7.7,5.9]}},{"type":"Feature","geometry":{"type":"Polygon","coordinates":[[[-114.95741,34.4961],[-114.89888,34.578],[-114.95562,34.65897],[-115.07094,34.65799],[-115.12936,34.57606],[-115.07256,34.49515],[-114.95741,34.4961]]]},"properties":{"h3":"8529b193fffffff","sunshine":[8.9,9.8,11,12.4,13.1,13.7,13.2,12.7,11.6,10.7,9.7,8.2]}},{"type":"Feature","geometry":{"type":"Polygon","coordinates":[[[-123.3111,40.19306],[-123.25833,40.27437],[-123.32187,40.34532],[-123.43818,40.33491],[-123.49077,40.25361],[-123.42723,40.18271],[-123.3111,40.19306]]]},"properties":{"h3":"8528066ffffffff","sunshine":[6,7.8,8.5,10.7,12.3,13.9,14.2,13.1,11.5,9.5,7.6,5.6]}},{"type":"Feature","geometry":{"type":"Polygon","coordinates":[[[-123.59141,41.61371],[-123.53821,41.6942],[-123.60277,41.76364],[-123.72052,41.75255],[-123.77355,41.67207],[-123.709,41.60267],[-123.59141,41.61371]]]},"properties":{"h3":"85281c13fffffff","sunshine":[5.5,6.9,7.9,9.8,12,13.5,14.2,13.1,11.3,8.9,6.7,5]}},{"type":"Feature","geometry":{"type":"Polygon","coordinates":[[[-120.18361,41.6523],[-120.12643,41.73194],[-120.18982,41.80397],[-120.31041,41.79629],[-120.36742,41.71664],[-120.30401,41.64467],[-120.18361,41.6523]]]},"properties":{"h3":"85281233fffffff","sunshine":[6.5,8.1,9.2,11.1,12.5,13.5,13.9,13.1,11.4,9.5,7.3,5.6]}},{"type":"Feature","geometry":{"type":"Polygon","coordinates":[[[-121.16986,36.05281],[-121.11679,36.13577],[-121.17716,36.21162],[-121.29062,36.20446],[-121.34353,36.1215],[-121.28315,36.04571],[-121.16986,36.05281]]]},"properties":{"h3":"8529a997fffffff","sunshine":[7.9,9.3,10,11.8,13.4,13.8,13.8,13,11.8,10.5,9.1,7.6]}},{"type":"Feature","geometry":{"type":"Polygon","coordinates":[[[-122.16992,38.74154],[-122.1166,38.82344],[-122.17888,38.8965],[-122.29449,38.88762],[-122.34765,38.80572],[-122.28536,38.73271],[-122.16992,38.74154]]]},"properties":{"h3":"8528339bfffffff","sunshine":[6.8,8.6,9.2,11.3,13,13.8,13.9,13,11.8,9.9,8.3,6.2]}},{"type":"Feature","geometry":{"type":"Polygon","coordinates":[[[-121.17131,39.74539],[-121.11633,39.82651],[-121.17889,39.89949],[-121.29644,39.8913],[-121.35126,39.81018],[-121.2887,39.73725],[-121.17131,39.74539]]]},"properties":{"h3":"85281417fffffff","sunshine":[6.4,7.8,8.2,10.8,12.5,13.6,13.9,13.1,11.6,9.7,7.7,5.9]}},{"type":"Feature","geometry":{"type":"Polygon","coordinates":[[[-116.33971,36.89715],[-116.2812,36.97842],[-116.33995,37.05699],[-116.45725,37.05423],[-116.51563,36.97293],[-116.45684,36.89442],[-116.33971,36.89715]]]},"properties":{"h3":"85298033fffffff","sunshine":[8.5,9.5,10.6,12.1,13.1,13.8,13.5,12.8,11.7,10.6,9.3,8]}},{"type":"Feature","geometry":{"type":"Polygon","coordinates":[[[-116.50257,32.59511],[-116.44644,32.67817],[-116.50303,32.75925],[-116.61579,32.75722],[-116.6718,32.67414],[-116.61516,32.59312],[-116.50257,32.59511]]]},"properties":{"h3":"85485927fffffff","sunshine":[8.6,9.3,10.2,11.6,12.5,13.6,13.5,12.7,11.4,10.5,9.6,8.2]}},{"type":"Feature","geometry":{"type":"Polygon","coordinates":[[[-119.32725,37.50589],[-119.27146,37.58776],[-119.33195,37.66388],[-119.44826,37.65807],[-119.50391,37.57619],[-119.44339,37.50012],[-119.32725,37.50589]]]},"properties":{"h3":"8529ab7bfffffff","sunshine":[7.7,8.6,9.5,11.5,12.8,13.5,13.7,13,11.6,10.4,8.8,7.4]}},{"type":"Feature","geometry":{"type":"Polygon","coordinates":[[[-124.3521,40.096],[-124.30062,40.17753],[-124.36439,40.24774],[-124.47962,40.23636],[-124.53092,40.15484],[-124.46717,40.08468],[-124.3521,40.096]]]},"properties":{"h3":"85280057fffffff","sunshine":[5.9,7.6,8.3,10.5,11.9,13.4,13.6,12.7,11.3,9.1,7.4,5.4]}},{"type":"Feature","geometry":{"type":"Polygon","coordinates":[[[-118.37966,33.93482],[-118.32471,34.01795],[-118.38285,34.09711],[-118.49597,34.09308],[-118.55079,34.00993],[-118.49262,33.93083],[-118.37966,33.93482]]]},"properties":{"h3":"8529a19bfffffff","sunshine":[8.4,9.4,10.4,11.4,12,12.4,13,12.2,11.1,10.2,9.4,8.1]}},{"type":"Feature","geometry":{"type":"Polygon","coordinates":[[[-114.63428,32.86046],[-114.5763,32.94285],[-114.63205,33.0249],[-114.74583,33.0245],[-114.8037,32.94208],[-114.7479,32.86009],[-114.63428,32.86046]]]},"properties":{"h3":"85485b0bfffffff","sunshine":[9.1,9.8,11,12.4,13,13.5,13,12.6,11.5,10.8,9.8,8.5]}},{"type":"Feature","geometry":{"type":"Polygon","coordinates":[[[-123.71592,40.91982],[-123.66324,41.00076],[-123.72738,41.07074],[-123.84418,41.05973],[-123.89668,40.97879],[-123.83255,40.90886],[-123.71592,40.91982]]]},"properties":{"h3":"8528023bfffffff","sunshine":[5.8,7.2,8.1,10,11.8,13.4,13.9,12.9,11.2,9.1,7.2,5.2]}},{"type":"Feature","geometry":{"type":"Polygon","coordinates":[[[-119.16402,37.9091],[-119.10783,37.99072],[-119.16849,38.06665],[-119.28536,38.0609],[-119.34139,37.97926],[-119.28071,37.90339],[-119.16402,37.9091]]]},"properties":{"h3":"85298ddbfffffff","sunshine":[8,9.2,10.3,11.9,13.2,13.6,13.7,13,11.7,10.4,8.9,7.7]}},{"type":"Feature","geometry":{"type":"Polygon","coordinates":[[[-118.2057,33.6968],[-118.15069,33.77997],[-118.20863,33.85938],[-118.32161,33.85556],[-118.37649,33.77238],[-118.31852,33.69303],[-118.2057,33.6968]]]},"properties":{"h3":"8529a563fffffff","sunshine":[8.5,9.5,10.5,11.5,12.1,12.6,13,12.1,11.2,10.2,9.4,8.1]}},{"type":"Feature","geometry":{"type":"Polygon","coordinates":[[[-115.295,35.46713],[-115.23626,35.54873],[-115.29369,35.62891],[-115.4099,35.62743],[-115.46852,35.54581],[-115.41104,35.46568],[-115.295,35.46713]]]},"properties":{"h3":"8529b127fffffff","sunshine":[8.7,9.7,10.8,12.3,13.1,13.8,13.2,12.5,11.7,10.7,9.6,8.2]}},{"type":"Feature","geometry":{"type":"Polygon","coordinates":[[[-123.44691,39.6431],[-123.39459,39.72474],[-123.45782,39.79606],[-123.57337,39.78569],[-123.62551,39.70405],[-123.56229,39.63278],[-123.44691,39.6431]]]},"properties":{"h3":"85280603fffffff","sunshine":[6,7.9,8.3,10.7,12.3,13.8,14.1,13,11.6,9.4,7.7,5.7]}},{"type":"Feature","geometry":{"type":"Polygon","coordinates":[[[-122.69344,38.77834],[-122.64069,38.86032],[-122.70317,38.93295],[-122.81838,38.92355],[-122.87095,38.84158],[-122.80848,38.769],[-122.69344,38.77834]]]},"properties":{"h3":"8528314bfffffff","sunshine":[6.6,8.5,9,11.3,12.9,13.9,14,13,11.7,9.7,8.2,6]}},{"type":"Feature","geometry":{"type":"Polygon","coordinates":[[[-122.13457,41.1327],[-122.07992,41.21319],[-122.1437,41.28422],[-122.26214,41.2747],[-122.31662,41.19421],[-122.25284,41.12323],[-122.13457,41.1327]]]},"properties":{"h3":"852811c7fffffff","sunshine":[5.8,7.8,8,10.8,12.4,13.8,14.1,13.1,11.5,9.4,7.4,5.4]}},{"type":"Feature","geometry":{"type":"Polygon","coordinates":[[[-121.03884,36.9349],[-120.98518,37.01745],[-121.04601,37.09276],[-121.16051,37.08547],[-121.21401,37.00291],[-121.15317,36.92766],[-121.03884,36.9349]]]},"properties":{"h3":"8529a92bfffffff","sunshine":[7.6,9,9.7,11.5,13,13.6,13.7,12.9,11.7,10.3,8.9,7.2]}},{"type":"Feature","geometry":{"type":"Polygon","coordinates":[[[-122.57316,39.64028],[-122.51982,39.72176],[-122.5828,39.79376],[-122.6991,39.78423],[-122.75226,39.70275],[-122.68929,39.6308],[-122.57316,39.64028]]]},"properties":{"h3":"8528332ffffffff","sunshine":[6.7,8.5,9,11.3,12.9,14,14.1,13,11.8,9.8,8.1,6]}},{"type":"Feature","geometry":{"type":"Polygon","coordinates":[[[-121.46329,41.94369],[-121.40739,42.02348],[-121.47148,42.09427],[-121.59146,42.08522],[-121.64718,42.00542],[-121.58309,41.93468],[-121.46329,41.94369]]]},"properties":{"h3":"852813abfffffff","sunshine":[6.6,8.1,9,11.2,12.4,13.7,14,13.1,11.5,9.3,7.4,5.6]}},{"type":"Feature","geometry":{"type":"Polygon","coordinates":[[[-120.44554,39.32737],[-120.38997,39.40855],[-120.452,39.48242],[-120.56961,39.47506],[-120.62502,39.39387],[-120.56298,39.32005],[-120.44554,39.32737]]]},"properties":{"h3":"852989a7fffffff","sunshine":[7,8.1,8.9,11.2,12.6,13.5,13.8,13.1,11.5,9.9,8.1,6.5]}},{"type":"Feature","geometry":{"type":"Polygon","coordinates":[[[-119.67024,37.3302],[-119.6149,37.41225],[-119.67543,37.48826],[-119.79133,37.48216],[-119.84652,37.4001],[-119.78596,37.32415],[-119.67024,37.3302]]]},"properties":{"h3":"8529ab0ffffffff","sunshine":[7.6,8.6,9.4,11.4,13,13.6,13.9,13.1,11.7,10.4,8.7,7.3]}},{"type":"Feature","geometry":{"type":"Polygon","coordinates":[[[-122.42226,40.03779],[-122.36854,40.11902],[-122.43172,40.19079],[-122.54861,40.18129],[-122.60216,40.10007],[-122.53899,40.02834],[-122.42226,40.03779]]]},"properties":{"h3":"8528158ffffffff","sunshine":[6.3,8.4,8.8,11.3,12.8,13.8,14,13,11.7,9.7,8,5.8]}},{"type":"Feature","geometry":{"type":"Polygon","coordinates":[[[-118.74052,34.89316],[-118.68546,34.97604],[-118.74426,35.05437],[-118.85815,35.04977],[-118.91307,34.96688],[-118.85425,34.8886],[-118.74052,34.89316]]]},"properties":{"h3":"8529a12ffffffff","sunshine":[8.2,9.5,10.3,11.9,13.2,13.8,13.8,12.9,11.8,10.7,9.4,8]}},{"type":"Feature","geometry":{"type":"Polygon","coordinates":[[[-117.57174,37.26118],[-117.51426,37.34267],[-117.57383,37.42018],[-117.69091,37.41613],[-117.74826,37.33462],[-117.68866,37.25717],[-117.57174,37.26118]]]},"properties":{"h3":"852981abfffffff","sunshine":[8.8,9.7,10.7,12.3,13.1,13.7,13.7,12.9,11.8,10.7,9.4,8.4]}},{"type":"Feature","geometry":{"type":"Polygon","coordinates":[[[-119.54404,38.83303],[-119.48776,38.91426],[-119.54912,38.98919],[-119.66679,38.98284],[-119.72291,38.9016],[-119.66153,38.82672],[-119.54404,38.83303]]]},"properties":{"h3":"85298d6ffffffff","sunshine":[8,9.2,10.3,12,12.8,13.5,13.6,13,11.6,10.3,8.8,7.5]}},{"type":"Feature","geometry":{"type":"Polygon","coordinates":[[[-117.19776,34.86351],[-117.14116,34.94597],[-117.19925,35.02534],[-117.31397,35.02218],[-117.37043,34.93969],[-117.31231,34.86038],[-117.19776,34.86351]]]},"properties":{"h3":"8529a313fffffff","sunshine":[8.8,9.8,10.9,12.2,13.3,13.8,13.7,12.7,11.8,10.7,9.7,8.4]}},{"type":"Feature","geometry":{"type":"Polygon","coordinates":[[[-118.23238,35.15442],[-118.17667,35.23706],[-118.23539,35.31556],[-118.34985,35.31137],[-118.40542,35.22871],[-118.34667,35.15026],[-118.23238,35.15442]]]},"properties":{"h3":"8529aed7fffffff","sunshine":[8.3,9.5,10.6,12,13.4,13.8,13.8,12.9,11.8,10.7,9.5,8]}},{"type":"Feature","geometry":{"type":"Polygon","coordinates":[[[-117.03776,36.39899],[-116.9802,36.48074],[-117.03904,36.5592],[-117.15546,36.55586],[-117.21288,36.47409],[-117.15401,36.39568],[-117.03776,36.39899]]]},"properties":{"h3":"85298573fffffff","sunshine":[8.8,9.8,11,12.2,13.2,13.8,13.6,12.9,11.7,10.6,9.5,8.3]}},{"type":"Feature","geometry":{"type":"Polygon","coordinates":[[[-115.48489,32.9373],[-115.42765,33.01994],[-115.48389,33.10146],[-115.59743,33.10027],[-115.65456,33.0176],[-115.59827,32.93614],[-115.48489,32.9373]]]},"properties":{"h3":"8529a6dbfffffff","sunshine":[9.1,9.9,11.2,12.4,13.1,13.6,13.3,12.6,11.5,10.8,9.7,8.5]}},{"type":"Feature","geometry":{"type":"Polygon","coordinates":[[[-121.61355,41.4014],[-121.55814,41.48159],[-121.62192,41.55277],[-121.74111,41.5437],[-121.79635,41.4635],[-121.73257,41.39238],[-121.61355,41.4014]]]},"properties":{"h3":"8528115bfffffff","sunshine":[6.2,8,8.4,11,12.5,13.8,14.1,13.1,11.6,9.5,7.3,5.6]}},{"type":"Feature","geometry":{"type":"Polygon","coordinates":[[[-120.58505,38.46004],[-120.5301,38.54174],[-120.59166,38.61621],[-120.70818,38.60894],[-120.76297,38.52723],[-120.7014,38.45281],[-120.58505,38.46004]]]},"properties":{"h3":"852832c3fffffff","sunshine":[7,8.3,9.1,11.1,12.9,13.6,13.8,13.1,11.6,10.1,8.2,6.8]}},{"type":"Feature","geometry":{"type":"Polygon","coordinates":[[[-118.9535,36.56968],[-118.89781,36.6519],[-118.95761,36.72897],[-119.07314,36.72375],[-119.12869,36.64151],[-119.06886,36.5645],[-118.9535,36.56968]]]},"properties":{"h3":"8529aaa3fffffff","sunshine":[7.9,9,9.9,11.6,13.1,13.7,13.8,13,11.8,10.6,9.1,7.7]}},{"type":"Feature","geometry":{"type":"Polygon","coordinates":[[[-122.63142,40.55781],[-122.57766,40.63877],[-122.64123,40.70993],[-122.75857,40.70008],[-122.81215,40.61912],[-122.74858,40.54801],[-122.63142,40.55781]]]},"properties":{"h3":"85281523fffffff","sunshine":[6.1,8.1,8.6,11,12.6,13.9,14.1,13.1,11.6,9.4,7.7,5.5]}},{"type":"Feature","geometry":{"type":"Polygon","coordinates":[[[-116.84594,33.57096],[-116.78965,33.6538],[-116.8469,33.73415],[-116.96047,33.7316],[-117.01663,33.64873],[-116.95934,33.56844],[-116.84594,33.57096]]]},"properties":{"h3":"8529a0c3fffffff","sunshine":[8.5,9.4,10.3,11.4,12.3,13.5,13.6,12.7,11.4,10.5,9.6,8]}},{"type":"Feature","geometry":{"type":"Polygon","coordinates":[[[-119.92267,34.59881],[-119.86898,34.68207],[-119.9281,34.75978],[-120.04093,34.75417],[-120.09448,34.67091],[-120.03534,34.59326],[-119.92267,34.59881]]]},"properties":{"h3":"8529ac87fffffff","sunshine":[8.2,9.4,10.3,11.9,13.3,13.7,13.8,12.8,11.8,10.7,9.4,8.2]}},{"type":"Feature","geometry":{"type":"Polygon","coordinates":[[[-120.88452,37.34005],[-120.83049,37.42238],[-120.8915,37.49751],[-121.00655,37.49025],[-121.06043,37.40791],[-120.99941,37.33284],[-120.88452,37.34005]]]},"properties":{"h3":"8528368bfffffff","sunshine":[7.1,8.9,9.8,11.4,13.2,13.7,13.8,13,11.7,10.3,8.6,6.7]}},{"type":"Feature","geometry":{"type":"Polygon","coordinates":[[[-119.70165,38.27553],[-119.64584,38.3571],[-119.70694,38.43236],[-119.82387,38.42599],[-119.87952,38.34441],[-119.81841,38.2692],[-119.70165,38.27553]]]},"properties":{"h3":"85298d03fffffff","sunshine":[7.5,8.5,9.4,11.4,12.7,13.5,13.8,13.1,11.6,10.3,8.6,7.1]}},{"type":"Feature","geometry":{"type":"Polygon","coordinates":[[[-116.67971,34.47053],[-116.62281,34.553],[-116.68044,34.63293],[-116.79501,34.63034],[-116.85178,34.54785],[-116.79411,34.46797],[-116.67971,34.47053]]]},"properties":{"h3":"8529a2a7fffffff","sunshine":[8.9,9.9,11.1,12.2,13.3,13.8,13.6,12.7,11.7,10.8,9.8,8.5]}},{"type":"Feature","geometry":{"type":"Polygon","coordinates":[[[-118.07608,36.04496],[-118.01976,36.12718],[-118.07889,36.20521],[-118.19437,36.20095],[-118.25056,36.11871],[-118.1914,36.04075],[-118.07608,36.04496]]]},"properties":{"h3":"8529ae6bfffffff","sunshine":[8.5,9.6,10.9,12.2,13.4,13.8,13.8,13,11.9,10.7,9.5,8.2]}},{"type":"Feature","geometry":{"type":"Polygon","coordinates":[[[-124.45141,41.30347],[-124.39941,41.38431],[-124.464,41.45335],[-124.58057,41.44151],[-124.63238,41.36068],[-124.56782,41.29169],[-124.45141,41.30347]]]},"properties":{"h3":"85280347fffffff","sunshine":[5.9,7.5,8.5,10.3,11.8,13,13.2,11.8,10.6,8.4,7,5.3]}},{"type":"Feature","geometry":{"type":"Polygon","coordinates":[[[-117.17589,32.41761],[-117.12049,32.50089],[-117.17731,32.58165],[-117.28957,32.57906],[-117.34484,32.49575],[-117.28798,32.41505],[-117.17589,32.41761]]]},"properties":{"h3":"8529a48bfffffff","sunshine":[8.7,9.5,10.5,11.2,11.4,12.3,12.6,11.8,10.8,10.1,9.5,8.3]}},{"type":"Feature","geometry":{"type":"Polygon","coordinates":[[[-117.38454,36.22845],[-117.32742,36.31039],[-117.38633,36.38874],[-117.50239,36.38511],[-117.55937,36.30315],[-117.50043,36.22485],[-117.38454,36.22845]]]},"properties":{"h3":"85298507fffffff","sunshine":[8.7,9.7,11,12.2,13.3,13.8,13.7,12.9,11.7,10.7,9.5,8.3]}},{"type":"Feature","geometry":{"type":"Polygon","coordinates":[[[-121.9749,38.36606],[-121.92155,38.44811],[-121.98354,38.52163],[-122.09889,38.51304],[-122.15207,38.43098],[-122.09007,38.35752],[-121.9749,38.36606]]]},"properties":{"h3":"85283073fffffff","sunshine":[6.9,8.7,9.2,11.4,13,13.8,13.9,13,11.8,9.9,8.3,6.3]}},{"type":"Feature","geometry":{"type":"Polygon","coordinates":[[[-115.82179,33.9158],[-115.76436,33.99821],[-115.82127,34.079],[-115.93566,34.07732],[-115.99297,33.99488],[-115.93601,33.91415],[-115.82179,33.9158]]]},"properties":{"h3":"8529a66ffffffff","sunshine":[9,10,11.1,12.3,13.2,13.7,13.4,12.7,11.6,10.8,9.8,8.4]}},{"type":"Feature","geometry":{"type":"Polygon","coordinates":[[[-124.11353,41.48822],[-124.06102,41.56888],[-124.12564,41.63802],[-124.24276,41.62646],[-124.29508,41.5458],[-124.23048,41.47671],[-124.11353,41.48822]]]},"properties":{"h3":"85281cb3fffffff","sunshine":[5.6,7,8,9.9,11.5,13,13.4,12.5,11,8.7,6.8,5.1]}},{"type":"Feature","geometry":{"type":"Polygon","coordinates":[[[-120.59829,38.77218],[-120.54319,38.85371],[-120.60494,38.92793],[-120.72181,38.92055],[-120.77674,38.83901],[-120.71498,38.76485],[-120.59829,38.77218]]]},"properties":{"h3":"85283257fffffff","sunshine":[6.9,8,8.7,11,12.6,13.5,13.9,13.1,11.5,9.9,8,6.5]}},{"type":"Feature","geometry":{"type":"Polygon","coordinates":[[[-119.11134,36.00314],[-119.0561,36.08566],[-119.11566,36.16301],[-119.23048,36.15778],[-119.28558,36.07525],[-119.226,35.99796],[-119.11134,36.00314]]]},"properties":{"h3":"8529a853fffffff","sunshine":[7.8,9.2,10.3,11.7,13.2,13.8,13.8,12.9,11.8,10.6,9,7.4]}},{"type":"Feature","geometry":{"type":"Polygon","coordinates":[[[-118.12488,38.74287],[-118.06715,38.82373],[-118.12783,38.89973],[-118.24627,38.89481],[-118.30386,38.81393],[-118.24315,38.73799],[-118.12488,38.74287]]]},"properties":{"h3":"852988cffffffff","sunshine":[8.3,9.4,10.4,11.8,12.7,13.5,13.6,12.9,11.7,10.4,9,7.9]}},{"type":"Feature","geometry":{"type":"Polygon","coordinates":[[[-122.72083,41.9183],[-122.66641,41.99841],[-122.73091,42.06825],[-122.84982,42.05793],[-122.90405,41.97783],[-122.83956,41.90803],[-122.72083,41.9183]]]},"properties":{"h3":"85281e97fffffff","sunshine":[6.3,7.6,8.7,10.7,12.3,13.6,14.2,13.1,11.5,9.2,7.3,5.3]}},{"type":"Feature","geometry":{"type":"Polygon","coordinates":[[[-122.25684,37.24657],[-122.20438,37.32921],[-122.2658,37.40339],[-122.37969,37.39487],[-122.43198,37.31222],[-122.37056,37.2381],[-122.25684,37.24657]]]},"properties":{"h3":"8528343bfffffff","sunshine":[7.4,8.9,9.5,11.1,12.4,13,12.9,12.2,11.3,9.8,8.6,7]}},{"type":"Feature","geometry":{"type":"Polygon","coordinates":[[[-118.96173,36.88806],[-118.90588,36.97014],[-118.96587,37.04697],[-119.08174,37.04167],[-119.13745,36.95958],[-119.07743,36.8828],[-118.96173,36.88806]]]},"properties":{"h3":"8529aa37fffffff","sunshine":[7.9,8.7,9.7,11.5,12.9,13.6,13.8,13,11.8,10.6,9,7.7]}},{"type":"Feature","geometry":{"type":"Polygon","coordinates":[[[-121.69458,39.63084],[-121.64024,39.71214],[-121.70292,39.78483],[-121.81994,39.77615],[-121.8741,39.69484],[-121.81142,39.62221],[-121.69458,39.63084]]]},"properties":{"h3":"852814b7fffffff","sunshine":[6.5,8.3,8.9,11.1,12.9,13.8,13.9,13,11.7,9.8,8,6]}},{"type":"Feature","geometry":{"type":"Polygon","coordinates":[[[-116.84787,33.8972],[-116.79143,33.97993],[-116.84884,34.06009],[-116.96274,34.05747],[-117.01906,33.97472],[-116.9616,33.89461],[-116.84787,33.8972]]]},"properties":{"h3":"8529a057fffffff","sunshine":[8.3,9.3,10.4,11.7,12.7,13.7,13.6,12.7,11.6,10.6,9.6,8.1]}},{"type":"Feature","geometry":{"type":"Polygon","coordinates":[[[-115.639,36.26911],[-115.58016,36.35046],[-115.6382,36.4299],[-115.75513,36.42794],[-115.81384,36.34658],[-115.75575,36.26719],[-115.639,36.26911]]]},"properties":{"h3":"852980d3fffffff","sunshine":[8.6,9.6,10.6,12.3,13.1,13.8,13.4,12.7,11.8,10.6,9.5,8.2]}},{"type":"Feature","geometry":{"type":"Polygon","coordinates":[[[-119.42174,34.86428],[-119.36739,34.94733],[-119.42646,35.02521],[-119.53989,35.01999],[-119.59409,34.93693],[-119.535,34.8591],[-119.42174,34.86428]]]},"properties":{"h3":"8529ac1bfffffff","sunshine":[8.4,9.6,10.6,11.9,13.4,13.8,13.8,12.9,11.8,10.7,9.3,8.1]}},{"type":"Feature","geometry":{"type":"Polygon","coordinates":[[[-118.79776,37.29282],[-118.74152,37.37465],[-118.80167,37.4513],[-118.91808,37.44605],[-118.97417,37.3642],[-118.914,37.28761],[-118.79776,37.29282]]]},"properties":{"h3":"85298c97fffffff","sunshine":[8.1,9,10.1,11.8,13.1,13.6,13.7,13,11.8,10.6,9,7.7]}},{"type":"Feature","geometry":{"type":"Polygon","coordinates":[[[-116.16419,34.72449],[-116.10667,34.8067],[-116.16417,34.8868],[-116.27924,34.88464],[-116.33664,34.80241],[-116.27909,34.72236],[-116.16419,34.72449]]]},"properties":{"h3":"8529a23bfffffff","sunshine":[8.8,9.8,11,12.2,13.2,13.7,13.4,12.6,11.7,10.7,9.7,8.4]}},{"type":"Feature","geometry":{"type":"Polygon","coordinates":[[[-115.14598,32.77576],[-115.08851,32.85835],[-115.14449,32.94015],[-115.25801,32.9393],[-115.31537,32.85668],[-115.25933,32.77494],[-115.14598,32.77576]]]},"properties":{"h3":"85485babfffffff","sunshine":[9.1,9.9,11.1,12.4,13,13.6,13.2,12.6,11.4,10.8,9.8,8.6]}},{"type":"Feature","geometry":{"type":"Polygon","coordinates":[[[-122.97226,40.37589],[-122.919,40.45702],[-122.98256,40.52808],[-123.09938,40.51795],[-123.15247,40.43681],[-123.08891,40.36581],[-122.97226,40.37589]]]},"properties":{"h3":"852802dbfffffff","sunshine":[6.2,8.1,8.7,11.1,12.6,13.9,14.2,13.1,11.6,9.5,7.7,5.7]}},{"type":"Feature","geometry":{"type":"Polygon","coordinates":[[[-116.87832,38.70832],[-116.81934,38.78879],[-116.87939,38.86565],[-116.99846,38.862],[-117.05731,38.78151],[-116.99722,38.7047],[-116.87832,38.70832]]]},"properties":{"h3":"85298e7bfffffff","sunshine":[8.3,9.2,10.3,11.9,12.8,13.7,13.4,12.8,11.6,10.4,9,7.7]}},{"type":"Feature","geometry":{"type":"Polygon","coordinates":[[[-115.99106,35.13307],[-115.93316,35.21506],[-115.99078,35.29501],[-116.10636,35.29294],[-116.16413,35.21093],[-116.10646,35.13103],[-115.99106,35.13307]]]},"properties":{"h3":"8529849bfffffff","sunshine":[8.7,9.7,10.8,12.2,13.1,13.7,13.4,12.7,11.6,10.7,9.6,8.2]}},{"type":"Feature","geometry":{"type":"Polygon","coordinates":[[[-121.34353,36.1215],[-121.29062,36.20446],[-121.35109,36.28014],[-121.46449,36.2728],[-121.51725,36.18983],[-121.45677,36.11421],[-121.34353,36.1215]]]},"properties":{"h3":"85291a4bfffffff","sunshine":[7.8,9.1,9.7,11.8,13.3,13.8,13.8,13,11.8,10.4,9.1,7.5]}},{"type":"Feature","geometry":{"type":"Polygon","coordinates":[[[-122.311,38.18451],[-122.25813,38.26672],[-122.32012,38.34013],[-122.43499,38.33127],[-122.4877,38.24906],[-122.42571,38.17571],[-122.311,38.18451]]]},"properties":{"h3":"85283007fffffff","sunshine":[6.8,8.5,9.1,11.3,12.6,13.5,13.4,12.5,11.5,9.8,8.3,6.3]}},{"type":"Feature","geometry":{"type":"Polygon","coordinates":[[[-115.99404,33.34109],[-115.93706,33.42376],[-115.99377,33.50476],[-116.1075,33.50303],[-116.16436,33.42034],[-116.10761,33.33939],[-115.99404,33.34109]]]},"properties":{"h3":"8529a603fffffff","sunshine":[9.1,9.9,11.2,12.3,13.2,13.7,13.4,12.6,11.6,10.8,9.8,8.4]}},{"type":"Feature","geometry":{"type":"Polygon","coordinates":[[[-121.2094,40.51361],[-121.15403,40.59428],[-121.21709,40.66656],[-121.33552,40.65813],[-121.39073,40.57746],[-121.32766,40.50523],[-121.2094,40.51361]]]},"properties":{"h3":"85281083fffffff","sunshine":[6.7,8.3,9,11.1,12.5,13.7,13.9,13,11.6,9.7,7.9,5.8]}},{"type":"Feature","geometry":{"type":"Polygon","coordinates":[[[-114.60708,34.82405],[-114.54805,34.90569],[-114.60477,34.98667],[-114.72056,34.98596],[-114.77947,34.9043],[-114.7227,34.82337],[-114.60708,34.82405]]]},"properties":{"h3":"8529b1c7fffffff","sunshine":[8.8,9.7,10.9,12.4,13,13.7,13.2,12.6,11.6,10.7,9.6,8.1]}},{"type":"Feature","geometry":{"type":"Polygon","coordinates":[[[-123.95938,39.51939],[-123.90772,39.60118],[-123.97102,39.67221],[-124.08596,39.66138],[-124.13743,39.57959],[-124.07415,39.50862],[-123.95938,39.51939]]]},"properties":{"h3":"852806a3fffffff","sunshine":[6.5,8.2,8.8,11,12.3,13.3,13.2,12.2,11.1,9.1,7.9,5.9]}},{"type":"Feature","geometry":{"type":"Polygon","coordinates":[[[-123.25964,41.94609],[-123.20585,42.0263],[-123.27053,42.09569],[-123.389,42.08483],[-123.44261,42.00463],[-123.37793,41.93528],[-123.25964,41.94609]]]},"properties":{"h3":"85281c47fffffff","sunshine":[6,7.2,8.4,10.4,12,13.5,14.2,13.1,11.4,9,6.9,5.1]}},{"type":"Feature","geometry":{"type":"Polygon","coordinates":[[[-119.0605,34.07141],[-119.00617,34.15465],[-119.06467,34.23327],[-119.17752,34.22859],[-119.2317,34.14533],[-119.17318,34.06677],[-119.0605,34.07141]]]},"properties":{"h3":"8529124ffffffff","sunshine":[8.4,9.5,10.5,11.6,12.6,12.8,13.4,12.4,11.4,10.5,9.5,8.3]}},{"type":"Feature","geometry":{"type":"Polygon","coordinates":[[[-120.32641,36.34156],[-120.27229,36.42422],[-120.33252,36.50048],[-120.44689,36.49403],[-120.50087,36.41136],[-120.44062,36.33516],[-120.32641,36.34156]]]},"properties":{"h3":"8529a9cbfffffff","sunshine":[8,9.4,10.2,11.7,13.3,13.8,13.9,13,11.8,10.6,9.1,7.8]}},{"type":"Feature","geometry":{"type":"Polygon","coordinates":[[[-121.83991,39.07741],[-121.78604,39.15906],[-121.84842,39.2321],[-121.96468,39.22344],[-122.01839,39.14178],[-121.956,39.0688],[-121.83991,39.07741]]]},"properties":{"h3":"852833cffffffff","sunshine":[6.7,8.6,9.1,11.4,13.1,13.8,13.9,13,11.7,9.8,8.2,6.1]}},{"type":"Feature","geometry":{"type":"Polygon","coordinates":[[[-120.29725,40.03442],[-120.24113,40.11515],[-120.30353,40.18853],[-120.42208,40.18113],[-120.47804,40.1004],[-120.41562,40.02707],[-120.29725,40.03442]]]},"properties":{"h3":"8528144bfffffff","sunshine":[7.4,8.9,9.6,11.7,12.8,13.7,13.9,13.1,11.6,10,8.3,6.7]}},{"type":"Feature","geometry":{"type":"Polygon","coordinates":[[[-114.96627,33.67942],[-114.90818,33.76163],[-114.96451,33.84306],[-115.079,33.84221],[-115.13698,33.75997],[-115.08059,33.6786],[-114.96627,33.67942]]]},"properties":{"h3":"8529b58ffffffff","sunshine":[9,9.9,11.1,12.4,13,13.6,13.2,12.6,11.5,10.8,9.7,8.4]}},{"type":"Feature","geometry":{"type":"Polygon","coordinates":[[[-115.98741,37.22433],[-115.92838,37.30531],[-115.98712,37.38387],[-116.10495,37.38139],[-116.16385,37.30039],[-116.10506,37.22188],[-115.98741,37.22433]]]},"properties":{"h3":"85298067fffffff","sunshine":[8.5,9.4,10.4,12.1,13,13.8,13.4,12.8,11.7,10.6,9.2,8]}},{"type":"Feature","geometry":{"type":"Polygon","coordinates":[[[-120.18736,37.22311],[-120.13263,37.30534],[-120.19331,37.38106],[-120.30873,37.3745],[-120.36331,37.29226],[-120.30261,37.2166],[-120.18736,37.22311]]]},"properties":{"h3":"8529abaffffffff","sunshine":[7.6,8.9,9.8,11.5,13.2,13.7,13.9,13,11.7,10.4,8.8,7.1]}},{"type":"Feature","geometry":{"type":"Polygon","coordinates":[[[-120.15284,40.89031],[-120.09607,40.97045],[-120.15895,41.04319],[-120.27863,41.03573],[-120.33523,40.95557],[-120.27233,40.88289],[-120.15284,40.89031]]]},"properties":{"h3":"8528162ffffffff","sunshine":[7,8.6,9.4,11.4,12.6,13.6,13.8,13.1,11.5,9.7,7.9,5.9]}},{"type":"Feature","geometry":{"type":"Polygon","coordinates":[[[-118.64346,38.16992],[-118.58658,38.25126],[-118.64717,38.32735],[-118.76465,38.32205],[-118.82138,38.24069],[-118.76077,38.16466],[-118.64346,38.16992]]]},"properties":{"h3":"85298c2bfffffff","sunshine":[8.5,9.7,10.8,12.2,13,13.5,13.6,12.9,11.8,10.6,9.2,8.1]}},{"type":"Feature","geometry":{"type":"Polygon","coordinates":[[[-118.04579,34.27085],[-117.99034,34.35377],[-118.0485,34.43295],[-118.16215,34.42914],[-118.21747,34.3462],[-118.15928,34.26708],[-118.04579,34.27085]]]},"properties":{"h3":"8529a1cffffffff","sunshine":[8.5,9.5,10.3,11.8,12.9,13.7,13.8,12.9,11.7,10.6,9.6,8.2]}},{"type":"Feature","geometry":{"type":"Polygon","coordinates":[[[-123.38723,41.25398],[-123.33398,41.33466],[-123.39824,41.40459],[-123.51574,41.3938],[-123.56881,41.31313],[-123.50456,41.24324],[-123.38723,41.25398]]]},"properties":{"h3":"8528026ffffffff","sunshine":[5.8,7.4,8.2,10.2,12,13.6,14.1,13.1,11.4,9.2,7.1,5.2]}},{"type":"Feature","geometry":{"type":"Polygon","coordinates":[[[-117.23322,38.53964],[-117.17469,38.62033],[-117.23482,38.69709],[-117.35352,38.69311],[-117.41191,38.6124],[-117.35175,38.53569],[-117.23322,38.53964]]]},"properties":{"h3":"85298e0ffffffff","sunshine":[8.3,9.4,10.5,11.9,12.9,13.7,13.6,12.9,11.7,10.5,9.1,7.8]}},{"type":"Feature","geometry":{"type":"Polygon","coordinates":[[[-117.71161,34.76773],[-117.65558,34.85038],[-117.71385,34.92948],[-117.8282,34.92586],[-117.8841,34.84319],[-117.82579,34.76416],[-117.71161,34.76773]]]},"properties":{"h3":"8529a3b3fffffff","sunshine":[8.8,9.8,10.9,12.1,13.4,13.8,13.7,12.8,11.8,10.8,9.7,8.4]}},{"type":"Feature","geometry":{"type":"Polygon","coordinates":[[[-116.33851,36.09508],[-116.28044,36.17674],[-116.33875,36.25586],[-116.45518,36.25326],[-116.51313,36.17157],[-116.45477,36.09251],[-116.33851,36.09508]]]},"properties":{"h3":"8529842ffffffff","sunshine":[8.7,9.7,10.9,12.1,13.2,13.8,13.6,12.8,11.7,10.7,9.5,8.2]}},{"type":"Feature","geometry":{"type":"Polygon","coordinates":[[[-124.09014,38.96693],[-124.03892,39.04903],[-124.10191,39.12042],[-124.21609,39.10965],[-124.26713,39.02755],[-124.20416,38.95621],[-124.09014,38.96693]]]},"properties":{"h3":"85280453fffffff","sunshine":[6.5,8.3,8.8,11.1,12.1,13.2,12.7,11.7,11,9.1,7.9,6]}},{"type":"Feature","geometry":{"type":"Polygon","coordinates":[[[-121.2248,40.81927],[-121.16927,40.89975],[-121.23253,40.97175],[-121.35132,40.96323],[-121.40668,40.88275],[-121.34341,40.8108],[-121.2248,40.81927]]]},"properties":{"h3":"85281017fffffff","sunshine":[7,8.5,9.2,11.3,12.6,13.7,13.9,13.1,11.6,9.7,7.9,6.1]}},{"type":"Feature","geometry":{"type":"Polygon","coordinates":[[[-123.9827,39.8248],[-123.93092,39.90643],[-123.99442,39.97717],[-124.10969,39.96623],[-124.16129,39.8846],[-124.0978,39.81392],[-123.9827,39.8248]]]},"properties":{"h3":"85280637fffffff","sunshine":[6.2,7.9,8.5,10.9,12.3,13.7,13.9,12.9,11.4,9.3,7.7,5.7]}},{"type":"Feature","geometry":{"type":"Polygon","coordinates":[[[-122.0448,39.60463],[-121.99087,39.68602],[-122.05365,39.75846],[-122.17036,39.74945],[-122.22411,39.66806],[-122.16133,39.59567],[-122.0448,39.60463]]]},"properties":{"h3":"85283363fffffff","sunshine":[6.6,8.5,9.1,11.4,13,13.8,14,13,11.7,9.8,8.1,6]}},{"type":"Feature","geometry":{"type":"Polygon","coordinates":[[[-115.13242,34.25009],[-115.07418,34.33215],[-115.13089,34.41316],[-115.2459,34.41205],[-115.30402,34.32997],[-115.24726,34.24902],[-115.13242,34.25009]]]},"properties":{"h3":"8529b523fffffff","sunshine":[9.1,9.9,11,12.4,13.1,13.7,13.2,12.7,11.6,10.7,9.7,8.3]}},{"type":"Feature","geometry":{"type":"Polygon","coordinates":[[[-122.96749,37.66307],[-122.91563,37.74564],[-122.97751,37.81896],[-123.09125,37.80964],[-123.14295,37.72707],[-123.08107,37.65381],[-122.96749,37.66307]]]},"properties":{"h3":"85283547fffffff","sunshine":[7.1,8.8,9.4,11.2,12.3,12.9,12.2,11.2,11,9.4,8.6,6.6]}},{"type":"Feature","geometry":{"type":"Polygon","coordinates":[[[-119.14625,37.27687],[-119.09038,37.35881],[-119.15067,37.43523],[-119.26685,37.42965],[-119.32257,37.3477],[-119.26226,37.27134],[-119.14625,37.27687]]]},"properties":{"h3":"8529ab43fffffff","sunshine":[7.9,8.7,9.7,11.5,13,13.6,13.8,13.1,11.8,10.5,8.8,7.5]}},{"type":"Feature","geometry":{"type":"Polygon","coordinates":[[[-121.89135,40.00222],[-121.83704,40.08336],[-121.90001,40.15557],[-122.0173,40.1466],[-122.07145,40.06547],[-122.00847,39.9933],[-121.89135,40.00222]]]},"properties":{"h3":"852815c3fffffff","sunshine":[6.4,8.3,8.8,11.2,12.9,13.8,14,13,11.7,9.8,7.9,6]}},{"type":"Feature","geometry":{"type":"Polygon","coordinates":[[[-118.22639,34.83162],[-118.17084,34.91438],[-118.22938,34.9931],[-118.34351,34.98899],[-118.39892,34.90621],[-118.34035,34.82755],[-118.22639,34.83162]]]},"properties":{"h3":"8529a163fffffff","sunshine":[8.5,9.6,10.6,12.1,13.4,13.8,13.8,12.9,11.8,10.8,9.6,8.1]}},{"type":"Feature","geometry":{"type":"Polygon","coordinates":[[[-121.32848,35.80369],[-121.2757,35.88677],[-121.336,35.96268],[-121.44907,35.95545],[-121.50169,35.87236],[-121.44139,35.79651],[-121.32848,35.80369]]]},"properties":{"h3":"8529ad27fffffff","sunshine":[7.8,9.1,9.8,11.7,13.2,13.7,13.7,12.8,11.7,10.4,9.1,7.5]}},{"type":"Feature","geometry":{"type":"Polygon","coordinates":[[[-123.52402,40.70909],[-123.47122,40.79013],[-123.53516,40.86046],[-123.65189,40.84969],[-123.7045,40.76865],[-123.64057,40.69838],[-123.52402,40.70909]]]},"properties":{"h3":"85280203fffffff","sunshine":[5.9,7.4,8,10.1,11.8,13.5,14.1,13,11.4,9.2,7.3,5.2]}},{"type":"Feature","geometry":{"type":"Polygon","coordinates":[[[-120.22333,38.1678],[-120.16815,38.24956],[-120.22939,38.32453],[-120.34584,38.31769],[-120.40087,38.23591],[-120.33961,38.161],[-120.22333,38.1678]]]},"properties":{"h3":"85298da3fffffff","sunshine":[7.2,8.3,9,11.1,12.7,13.5,13.8,13.1,11.6,10.2,8.3,6.9]}},{"type":"Feature","geometry":{"type":"Polygon","coordinates":[[[-116.85573,35.19595],[-116.79863,35.27818],[-116.85673,35.35756],[-116.97196,35.35465],[-117.02893,35.2724],[-116.9708,35.19308],[-116.85573,35.19595]]]},"properties":{"h3":"8529a347fffffff","sunshine":[8.8,9.7,10.9,12.2,13.3,13.7,13.6,12.7,11.7,10.7,9.7,8.3]}},{"type":"Feature","geometry":{"type":"Polygon","coordinates":[[[-118.54394,33.68519],[-118.48928,33.76844],[-118.54736,33.84763],[-118.66013,33.84352],[-118.71466,33.76025],[-118.65655,33.68112],[-118.54394,33.68519]]]},"properties":{"h3":"8529a52bfffffff","sunshine":[8.6,9.6,10.5,11.7,12.6,13,13.3,12.3,11.4,10.4,9.5,8.3]}},{"type":"Feature","geometry":{"type":"Polygon","coordinates":[[[-117.90425,36.13126],[-117.84771,36.21339],[-117.9068,36.29147],[-118.02248,36.28736],[-118.07889,36.20521],[-118.01976,36.12718],[-117.90425,36.13126]]]},"properties":{"h3":"852985a7fffffff","sunshine":[8.8,9.8,11,12.3,13.4,13.8,13.8,13,11.9,10.7,9.6,8.5]}},{"type":"Feature","geometry":{"type":"Polygon","coordinates":[[[-123.36073,38.41153],[-123.30895,38.49381],[-123.37139,38.56622],[-123.48562,38.55631],[-123.53723,38.47404],[-123.47479,38.40167],[-123.36073,38.41153]]]},"properties":{"h3":"85283113fffffff","sunshine":[6.6,8.5,9.1,11.2,12.5,13.6,13.5,12.6,11.5,9.6,8.2,6.2]}},{"type":"Feature","geometry":{"type":"Polygon","coordinates":[[[-122.48904,41.10395],[-122.43481,41.18454],[-122.4987,41.25532],[-122.6168,41.24546],[-122.67085,41.16487],[-122.60697,41.09414],[-122.48904,41.10395]]]},"properties":{"h3":"8528118ffffffff","sunshine":[6,7.9,8.3,10.9,12.4,13.8,14.1,13.1,11.5,9.4,7.5,5.4]}},{"type":"Feature","geometry":{"type":"Polygon","coordinates":[[[-120.08317,34.34881],[-120.02977,34.43218],[-120.08881,34.50994],[-120.20128,34.50426],[-120.25454,34.42087],[-120.19547,34.34318],[-120.08317,34.34881]]]},"properties":{"h3":"8529135bfffffff","sunshine":[8.2,9.5,10.3,11.8,13,13.2,13.6,12.6,11.5,10.5,9.4,8.2]}},{"type":"Feature","geometry":{"type":"Polygon","coordinates":[[[-121.54076,36.66469],[-121.48779,36.74746],[-121.54864,36.8226],[-121.66246,36.81492],[-121.71527,36.73214],[-121.65442,36.65706],[-121.54076,36.66469]]]},"properties":{"h3":"852834dbfffffff","sunshine":[7.7,9.1,9.7,11.2,12.4,13.1,13.1,12.3,11.4,10,9,7.5]}},{"type":"Feature","geometry":{"type":"Polygon","coordinates":[[[-118.25362,36.27881],[-118.19735,36.36097],[-118.25669,36.43872],[-118.37233,36.43424],[-118.42845,36.35206],[-118.36909,36.27437],[-118.25362,36.27881]]]},"properties":{"h3":"8529aad7fffffff","sunshine":[8.2,9.4,10.5,12.1,13.3,13.7,13.7,13,11.8,10.6,9.3,8]}},{"type":"Feature","geometry":{"type":"Polygon","coordinates":[[[-121.9087,40.30869],[-121.85424,40.38965],[-121.91742,40.46158],[-122.03506,40.45251],[-122.08935,40.37155],[-122.02617,40.29967],[-121.9087,40.30869]]]},"properties":{"h3":"85281557fffffff","sunshine":[6.4,8.2,8.7,11,12.7,13.8,14,13.1,11.6,9.6,7.8,5.7]}},{"type":"Feature","geometry":{"type":"Polygon","coordinates":[[[-117.04677,37.51647],[-116.98862,37.59766],[-117.04808,37.67532],[-117.16572,37.67174],[-117.22374,37.59053],[-117.16424,37.51292],[-117.04677,37.51647]]]},"properties":{"h3":"85298173fffffff","sunshine":[8.6,9.6,10.7,12.2,13.1,13.8,13.6,12.9,11.8,10.6,9.3,8.2]}},{"type":"Feature","geometry":{"type":"Polygon","coordinates":[[[-119.9281,34.75978],[-119.87434,34.84297],[-119.93355,34.92058],[-120.04654,34.91492],[-120.10016,34.83171],[-120.04093,34.75417],[-119.9281,34.75978]]]},"properties":{"h3":"8529acbbfffffff","sunshine":[8.2,9.3,10.1,11.8,13.3,13.7,13.8,12.9,11.8,10.7,9.3,8.2]}},{"type":"Feature","geometry":{"type":"Polygon","coordinates":[[[-120.23547,38.48106],[-120.18013,38.56266],[-120.24156,38.63738],[-120.35835,38.63043],[-120.41354,38.54882],[-120.35209,38.47416],[-120.23547,38.48106]]]},"properties":{"h3":"85298d37fffffff","sunshine":[7,8.1,8.8,11.1,12.5,13.5,13.8,13.1,11.6,10.1,8.2,6.7]}},{"type":"Feature","geometry":{"type":"Polygon","coordinates":[[[-115.47782,34.08341],[-115.41999,34.16565],[-115.4768,34.24655],[-115.5915,34.24515],[-115.64922,34.16289],[-115.59235,34.08205],[-115.47782,34.08341]]]},"properties":{"h3":"8529a2dbfffffff","sunshine":[9,9.9,11.1,12.3,13.2,13.7,13.3,12.7,11.6,10.7,9.7,8.3]}},{"type":"Feature","geometry":{"type":"Polygon","coordinates":[[[-124.464,41.45335],[-124.41193,41.53409],[-124.47662,41.60299],[-124.59336,41.59109],[-124.64524,41.51035],[-124.58057,41.44151],[-124.464,41.45335]]]},"properties":{"h3":"8528037bfffffff","sunshine":[5.9,7.4,8.5,10.3,11.9,13.1,13.3,12,10.5,8.4,6.9,5.2]}},{"type":"Feature","geometry":{"type":"Polygon","coordinates":[[[-117.38633,36.38874],[-117.32912,36.47061],[-117.38812,36.54885],[-117.50435,36.54518],[-117.56142,36.4633],[-117.50239,36.38511],[-117.38633,36.38874]]]},"properties":{"h3":"8529853bfffffff","sunshine":[8.8,9.7,11,12.2,13.3,13.8,13.7,12.9,11.8,10.7,9.5,8.4]}},{"type":"Feature","geometry":{"type":"Polygon","coordinates":[[[-122.82142,38.06632],[-122.76919,38.14867],[-122.83127,38.22179],[-122.94558,38.21248],[-122.99764,38.13013],[-122.93557,38.05707],[-122.82142,38.06632]]]},"properties":{"h3":"852830a7fffffff","sunshine":[6.9,8.6,9.2,11.2,12.5,13.3,13,12.1,11.3,9.4,8.3,6.2]}},{"type":"Feature","geometry":{"type":"Polygon","coordinates":[[[-116.50444,33.25085],[-116.44799,33.3337],[-116.50491,33.41444],[-116.61832,33.41227],[-116.67465,33.32939],[-116.61768,33.24871],[-116.50444,33.25085]]]},"properties":{"h3":"8529a6a3fffffff","sunshine":[8.9,9.7,10.9,12.1,13.2,13.7,13.5,12.7,11.6,10.7,9.7,8.4]}},{"type":"Feature","geometry":{"type":"Polygon","coordinates":[[[-122.70075,41.61766],[-122.64648,41.69796],[-122.71077,41.7681],[-122.82933,41.75789],[-122.88341,41.67758],[-122.81912,41.60749],[-122.70075,41.61766]]]},"properties":{"h3":"85281123fffffff","sunshine":[6.5,7.9,8.9,11,12.3,13.8,14.2,13.1,11.5,9.3,7.5,5.5]}},{"type":"Feature","geometry":{"type":"Polygon","coordinates":[[[-120.93381,38.43802],[-120.87926,38.51981],[-120.94093,38.59405],[-121.05717,38.58644],[-121.11156,38.50465],[-121.04987,38.43046],[-120.93381,38.43802]]]},"properties":{"h3":"8528328bfffffff","sunshine":[6.9,8.4,9.3,11.2,12.9,13.6,13.8,13.1,11.6,10,8.2,6.6]}},{"type":"Feature","geometry":{"type":"Polygon","coordinates":[[[-119.96101,35.72209],[-119.9068,35.80492],[-119.96655,35.88187],[-120.08052,35.87592],[-120.13458,35.79308],[-120.07482,35.71619],[-119.96101,35.72209]]]},"properties":{"h3":"8529a887fffffff","sunshine":[8,9.5,10.5,11.9,13.3,13.8,13.8,12.9,11.8,10.7,9.2,7.8]}},{"type":"Feature","geometry":{"type":"Polygon","coordinates":[[[-121.93204,37.58513],[-121.87905,37.66756],[-121.94056,37.74172],[-122.05508,37.7334],[-122.10791,37.65097],[-122.04639,37.57686],[-121.93204,37.58513]]]},"properties":{"h3":"8528346ffffffff","sunshine":[7.2,8.7,9.3,11,12.3,13.1,13,12.3,11.2,9.8,8.5,6.8]}},{"type":"Feature","geometry":{"type":"Polygon","coordinates":[[[-118.09588,37.16277],[-118.03898,37.24447],[-118.09874,37.3217],[-118.21543,37.31716],[-118.27218,37.23545],[-118.21239,37.15828],[-118.09588,37.16277]]]},"properties":{"h3":"8529aa6bfffffff","sunshine":[8.7,9.6,10.8,12.2,13.2,13.6,13.6,13,11.8,10.7,9.4,8.4]}},{"type":"Feature","geometry":{"type":"Polygon","coordinates":[[[-117.18597,33.56311],[-117.13003,33.64605],[-117.18743,33.72619],[-117.30082,33.72333],[-117.35664,33.64037],[-117.2992,33.56029],[-117.18597,33.56311]]]},"properties":{"h3":"8529a08bfffffff","sunshine":[8.4,9.4,10.4,11.3,12.3,13.5,13.6,12.6,11.4,10.5,9.5,8]}},{"type":"Feature","geometry":{"type":"Polygon","coordinates":[[[-117.39716,37.34653],[-117.33946,37.42792],[-117.39899,37.50548],[-117.51626,37.50159],[-117.57383,37.42018],[-117.51426,37.34267],[-117.39716,37.34653]]]},"properties":{"h3":"85298107fffffff","sunshine":[8.7,9.6,10.7,12.2,13.1,13.8,13.6,12.9,11.8,10.6,9.4,8.3]}},{"type":"Feature","geometry":{"type":"Polygon","coordinates":[[[-119.08994,35.20116],[-119.03508,35.28401],[-119.0942,35.3619],[-119.20819,35.3569],[-119.2629,35.27405],[-119.20377,35.19621],[-119.08994,35.20116]]]},"properties":{"h3":"8529ac4ffffffff","sunshine":[8.2,9.5,10.6,11.9,13.3,13.8,13.8,12.9,11.8,10.7,9.3,7.9]}},{"type":"Feature","geometry":{"type":"Polygon","coordinates":[[[-120.37575,37.60761],[-120.32103,37.6897],[-120.382,37.76499],[-120.49772,37.75815],[-120.55229,37.67605],[-120.4913,37.60082],[-120.37575,37.60761]]]},"properties":{"h3":"85283653fffffff","sunshine":[7.4,8.7,9.5,11.4,13.1,13.7,13.8,13,11.7,10.3,8.6,7]}},{"type":"Feature","geometry":{"type":"Polygon","coordinates":[[[-117.92749,37.56639],[-117.87021,37.64783],[-117.93012,37.72487],[-118.04734,37.72041],[-118.10449,37.63895],[-118.04455,37.56196],[-117.92749,37.56639]]]},"properties":{"h3":"85298ccbfffffff","sunshine":[8.8,9.8,10.9,12.2,13.1,13.7,13.6,12.9,11.8,10.7,9.4,8.5]}},{"type":"Feature","geometry":{"type":"Polygon","coordinates":[[[-115.81813,35.05488],[-115.7601,35.13684],[-115.8176,35.21695],[-115.93316,35.21506],[-115.99106,35.13307],[-115.93352,35.05301],[-115.81813,35.05488]]]},"properties":{"h3":"8529a26ffffffff","sunshine":[8.8,9.7,10.8,12.2,13.1,13.7,13.3,12.7,11.7,10.7,9.6,8.3]}},{"type":"Feature","geometry":{"type":"Polygon","coordinates":[[[-118.75932,35.69752],[-118.70387,35.78007],[-118.76311,35.85787],[-118.87783,35.85305],[-118.93314,35.77048],[-118.87387,35.69274],[-118.75932,35.69752]]]},"properties":{"h3":"8529ae33fffffff","sunshine":[8.1,9.3,10.3,11.8,13.2,13.8,13.9,13,11.8,10.7,9.3,7.8]}},{"type":"Feature","geometry":{"type":"Polygon","coordinates":[[[-117.76485,38.44223],[-117.70691,38.52315],[-117.76724,38.59963],[-117.88555,38.59513],[-117.94334,38.5142],[-117.88297,38.43777],[-117.76485,38.44223]]]},"properties":{"h3":"85298eaffffffff","sunshine":[8.4,9.4,10.6,11.9,12.8,13.5,13.4,12.8,11.7,10.5,9.1,8]}},{"type":"Feature","geometry":{"type":"Polygon","coordinates":[[[-116.6718,32.67414],[-116.61579,32.75722],[-116.67251,32.83816],[-116.78526,32.83596],[-116.84114,32.75286],[-116.78439,32.67198],[-116.6718,32.67414]]]},"properties":{"h3":"8529a453fffffff","sunshine":[8.4,9.2,10,11.3,12,13.4,13.4,12.6,11.2,10.4,9.4,8]}},{"type":"Feature","geometry":{"type":"Polygon","coordinates":[[[-115.64298,35.46246],[-115.58457,35.54418],[-115.64218,35.62414],[-115.75825,35.62233],[-115.81653,35.54059],[-115.75887,35.46068],[-115.64298,35.46246]]]},"properties":{"h3":"852984cffffffff","sunshine":[8.7,9.7,10.8,12.3,13.1,13.8,13.3,12.7,11.7,10.7,9.6,8.2]}},{"type":"Feature","geometry":{"type":"Polygon","coordinates":[[[-122.32012,38.34013],[-122.26718,38.42226],[-122.32927,38.49554],[-122.44431,38.48662],[-122.49708,38.40449],[-122.43499,38.33127],[-122.32012,38.34013]]]},"properties":{"h3":"8528303bfffffff","sunshine":[6.7,8.5,9,11.2,12.6,13.4,13.4,12.5,11.4,9.7,8.3,6.2]}},{"type":"Feature","geometry":{"type":"Polygon","coordinates":[[[-116.50538,33.57788],[-116.44877,33.66062],[-116.50586,33.74118],[-116.61959,33.73894],[-116.67608,33.65618],[-116.61896,33.57568],[-116.50538,33.57788]]]},"properties":{"h3":"8529a637fffffff","sunshine":[8.6,9.6,10.8,12.1,13.2,13.7,13.5,12.7,11.6,10.7,9.7,8.2]}},{"type":"Feature","geometry":{"type":"Polygon","coordinates":[[[-115.29107,35.95193],[-115.23207,36.0333],[-115.28975,36.11316],[-115.40648,36.1116],[-115.46536,36.03021],[-115.40763,35.95039],[-115.29107,35.95193]]]},"properties":{"h3":"852986b3fffffff","sunshine":[8.6,9.7,10.7,12.3,13.1,13.8,13.2,12.6,11.7,10.7,9.5,8.1]}},{"type":"Feature","geometry":{"type":"Polygon","coordinates":[[[-121.75349,40.70399],[-121.69864,40.78466],[-121.76201,40.85637],[-121.88025,40.84734],[-121.93493,40.76666],[-121.87155,40.69501],[-121.75349,40.70399]]]},"properties":{"h3":"852810b7fffffff","sunshine":[6.3,8,8.7,11,12.6,13.8,14,13.1,11.7,9.6,7.7,5.7]}},{"type":"Feature","geometry":{"type":"Polygon","coordinates":[[[-123.2471,39.27478],[-123.19474,39.35659],[-123.25769,39.42838],[-123.37299,39.41831],[-123.42517,39.3365],[-123.36223,39.26477],[-123.2471,39.27478]]]},"properties":{"h3":"852806d7fffffff","sunshine":[6.2,8.1,8.5,10.9,12.5,13.8,14,12.9,11.6,9.5,7.9,5.9]}},{"type":"Feature","geometry":{"type":"Polygon","coordinates":[[[-119.45508,35.98728],[-119.4002,36.06989],[-119.4599,36.14701],[-119.57448,36.14146],[-119.62921,36.05884],[-119.5695,35.98178],[-119.45508,35.98728]]]},"properties":{"h3":"8529a81bfffffff","sunshine":[7.6,9.2,10.3,11.7,13.3,13.8,13.8,12.9,11.8,10.6,8.9,7.3]}},{"type":"Feature","geometry":{"type":"Polygon","coordinates":[[[-118.82535,38.39796],[-118.76855,38.47922],[-118.82934,38.55501],[-118.94697,38.54947],[-119.00363,38.46819],[-118.94281,38.39246],[-118.82535,38.39796]]]},"properties":{"h3":"85298897fffffff","sunshine":[8.4,9.6,10.7,12.1,13,13.5,13.6,12.9,11.7,10.5,9.1,7.9]}},{"type":"Feature","geometry":{"type":"Polygon","coordinates":[[[-122.07305,37.02336],[-122.02049,37.10607],[-122.08173,37.18056],[-122.19552,37.17227],[-122.24791,37.08956],[-122.18668,37.01513],[-122.07305,37.02336]]]},"properties":{"h3":"85283403fffffff","sunshine":[7.5,8.9,9.5,11.3,12.7,13.5,13.6,12.8,11.6,10.1,8.7,7.1]}},{"type":"Feature","geometry":{"type":"Polygon","coordinates":[[[-114.45257,33.59987],[-114.39405,33.68194],[-114.45006,33.7637],[-114.56465,33.76334],[-114.62306,33.68124],[-114.56699,33.59953],[-114.45257,33.59987]]]},"properties":{"h3":"8529b5c3fffffff","sunshine":[9,9.8,10.9,12.5,13,13.5,13,12.6,11.6,10.7,9.6,8.3]}},{"type":"Feature","geometry":{"type":"Polygon","coordinates":[[[-115.98911,36.26299],[-115.93061,36.34446],[-115.98883,36.42369],[-116.1056,36.4214],[-116.16398,36.3399],[-116.10571,36.26073],[-115.98911,36.26299]]]},"properties":{"h3":"8529809bfffffff","sunshine":[8.7,9.7,10.8,12.2,13.2,13.8,13.5,12.8,11.7,10.7,9.4,8.2]}},{"type":"Feature","geometry":{"type":"Polygon","coordinates":[[[-115.99216,34.48364],[-115.93459,34.56589],[-115.99188,34.64624],[-116.10678,34.64429],[-116.16421,34.56202],[-116.10688,34.48172],[-115.99216,34.48364]]]},"properties":{"h3":"8529a203fffffff","sunshine":[8.9,9.9,11.1,12.2,13.2,13.7,13.4,12.7,11.6,10.7,9.7,8.3]}},{"type":"Feature","geometry":{"type":"Polygon","coordinates":[[[-114.63205,33.0249],[-114.57398,33.10723],[-114.62981,33.1892],[-114.74376,33.18877],[-114.80171,33.10641],[-114.74583,33.0245],[-114.63205,33.0249]]]},"properties":{"h3":"85485b73fffffff","sunshine":[9.1,9.9,11,12.4,13,13.5,13,12.6,11.5,10.8,9.8,8.5]}},{"type":"Feature","geometry":{"type":"Polygon","coordinates":[[[-120.62312,35.20564],[-120.56987,35.28882],[-120.62958,35.36565],[-120.74255,35.35923],[-120.79565,35.27605],[-120.73593,35.19928],[-120.62312,35.20564]]]},"properties":{"h3":"8529adc7fffffff","sunshine":[8.2,9.4,10.1,11.7,13,13.4,13.5,12.6,11.6,10.5,9.2,7.9]}},{"type":"Feature","geometry":{"type":"Polygon","coordinates":[[[-124.04164,40.58439],[-123.98952,40.66559],[-124.05353,40.73561],[-124.16963,40.72438],[-124.22156,40.64319],[-124.15757,40.57321],[-124.04164,40.58439]]]},"properties":{"h3":"852802a3fffffff","sunshine":[6,7.4,8.3,10.3,11.9,13.4,13.9,12.9,11.3,9.2,7.4,5.4]}},{"type":"Feature","geometry":{"type":"Polygon","coordinates":[[[-115.81492,36.02472],[-115.75638,36.10625],[-115.81438,36.18574],[-115.93098,36.18366],[-115.98939,36.10211],[-115.93134,36.02267],[-115.81492,36.02472]]]},"properties":{"h3":"85298463fffffff","sunshine":[8.6,9.6,10.6,12.2,13.1,13.8,13.4,12.7,11.7,10.7,9.4,8.1]}},{"type":"Feature","geometry":{"type":"Polygon","coordinates":[[[-120.34163,41.10827],[-120.28494,41.18832],[-120.34805,41.26072],[-120.46785,41.25302],[-120.52437,41.17295],[-120.46125,41.1006],[-120.34163,41.10827]]]},"properties":{"h3":"8528104bfffffff","sunshine":[6.9,8.2,9.2,11.2,12.4,13.5,13.8,13.1,11.5,9.6,7.7,5.9]}},{"type":"Feature","geometry":{"type":"Polygon","coordinates":[[[-114.95382,34.82167],[-114.89512,34.90344],[-114.95202,34.98421],[-115.06769,34.98318],[-115.12628,34.90139],[-115.06932,34.82066],[-114.95382,34.82167]]]},"properties":{"h3":"8529b18ffffffff","sunshine":[8.8,9.8,10.9,12.4,13,13.7,13.2,12.6,11.6,10.7,9.7,8.1]}},{"type":"Feature","geometry":{"type":"Polygon","coordinates":[[[-123.13142,40.13213],[-123.07848,40.21344],[-123.14193,40.28459],[-123.25833,40.27437],[-123.3111,40.19306],[-123.24765,40.12197],[-123.13142,40.13213]]]},"properties":{"h3":"8528066bfffffff","sunshine":[6.1,7.9,8.6,10.8,12.4,13.9,14.2,13,11.6,9.5,7.6,5.7]}},{"type":"Feature","geometry":{"type":"Polygon","coordinates":[[[-123.61415,41.91333],[-123.56081,41.99362],[-123.62558,42.06277],[-123.74368,42.05157],[-123.79684,41.97127],[-123.73208,41.90218],[-123.61415,41.91333]]]},"properties":{"h3":"85281c0ffffffff","sunshine":[5.7,6.9,8,10,12,13.4,14.3,13.1,11.3,8.8,6.7,5]}},{"type":"Feature","geometry":{"type":"Polygon","coordinates":[[[-120.99622,35.98377],[-120.943,36.06672],[-121.00327,36.14275],[-121.11679,36.13577],[-121.16986,36.05281],[-121.10957,35.97684],[-120.99622,35.98377]]]},"properties":{"h3":"8529a993fffffff","sunshine":[7.9,9.3,10,11.7,13.3,13.8,13.8,12.9,11.8,10.5,9.1,7.5]}},{"type":"Feature","geometry":{"type":"Polygon","coordinates":[[[-122.51593,38.71472],[-122.46302,38.7967],[-122.5254,38.86952],[-122.64069,38.86032],[-122.69344,38.77834],[-122.63106,38.70557],[-122.51593,38.71472]]]},"properties":{"h3":"85283397fffffff","sunshine":[6.6,8.4,8.9,11.3,12.9,13.9,13.9,13,11.7,9.8,8.2,6.1]}},{"type":"Feature","geometry":{"type":"Polygon","coordinates":[[[-120.99141,39.68023],[-120.93625,39.76134],[-120.99871,39.83451],[-121.11633,39.82651],[-121.17131,39.74539],[-121.10885,39.67228],[-120.99141,39.68023]]]},"properties":{"h3":"85281413fffffff","sunshine":[6.5,7.8,8.3,10.8,12.5,13.5,13.9,13.1,11.5,9.7,7.7,6]}},{"type":"Feature","geometry":{"type":"Polygon","coordinates":[[[-114.44754,33.92739],[-114.38885,34.00933],[-114.44502,34.09092],[-114.55994,34.09051],[-114.61853,34.00854],[-114.5623,33.927],[-114.44754,33.92739]]]},"properties":{"h3":"8529b557fffffff","sunshine":[9,9.8,10.9,12.4,13,13.6,13,12.6,11.5,10.7,9.6,8.3]}},{"type":"Feature","geometry":{"type":"Polygon","coordinates":[[[-116.34019,37.21664],[-116.2815,37.29775],[-116.34043,37.37609],[-116.45809,37.37326],[-116.51664,37.29213],[-116.45767,37.21384],[-116.34019,37.21664]]]},"properties":{"h3":"8529802ffffffff","sunshine":[8.6,9.5,10.5,12.2,13.1,13.8,13.5,12.8,11.7,10.6,9.3,8.1]}},{"type":"Feature","geometry":{"type":"Polygon","coordinates":[[[-116.33346,32.51578],[-116.27722,32.5988],[-116.33368,32.68003],[-116.44644,32.67817],[-116.50257,32.59511],[-116.44606,32.51395],[-116.33346,32.51578]]]},"properties":{"h3":"85485923fffffff","sunshine":[8.5,9.3,10.3,11.7,12.6,13.6,13.4,12.7,11.4,10.6,9.6,8.1]}},{"type":"Feature","geometry":{"type":"Polygon","coordinates":[[[-122.97751,37.81896],[-122.92558,37.90146],[-122.98756,37.97464],[-123.10146,37.96527],[-123.15322,37.88277],[-123.09125,37.80964],[-122.97751,37.81896]]]},"properties":{"h3":"8528357bfffffff","sunshine":[7.1,8.8,9.4,11.3,12.3,13,12.3,11.4,11,9.4,8.5,6.5]}},{"type":"Feature","geometry":{"type":"Polygon","coordinates":[[[-119.67543,37.48826],[-119.62002,37.57023],[-119.68065,37.64612],[-119.79671,37.63998],[-119.85198,37.55799],[-119.79133,37.48216],[-119.67543,37.48826]]]},"properties":{"h3":"8529ab77fffffff","sunshine":[7.6,8.6,9.4,11.4,12.9,13.6,13.8,13.1,11.7,10.4,8.7,7.3]}},{"type":"Feature","geometry":{"type":"Polygon","coordinates":[[[-124.17327,40.03678],[-124.1216,40.11832],[-124.18529,40.18872],[-124.30062,40.17753],[-124.3521,40.096],[-124.28844,40.02565],[-124.17327,40.03678]]]},"properties":{"h3":"85280053fffffff","sunshine":[5.9,7.6,8.3,10.5,12,13.4,13.6,12.7,11.2,9.1,7.4,5.3]}},{"type":"Feature","geometry":{"type":"Polygon","coordinates":[[[-118.71832,33.92256],[-118.66372,34.00577],[-118.722,34.08471],[-118.8349,34.08038],[-118.88937,33.99715],[-118.83107,33.91827],[-118.71832,33.92256]]]},"properties":{"h3":"8529a197fffffff","sunshine":[8.4,9.5,10.3,11.5,12.3,12.6,13.2,12.4,11.2,10.4,9.5,8.2]}},{"type":"Feature","geometry":{"type":"Polygon","coordinates":[[[-114.97501,32.85903],[-114.91734,32.94154],[-114.97328,33.02339],[-115.08693,33.02268],[-115.14449,32.94015],[-115.08851,32.85835],[-114.97501,32.85903]]]},"properties":{"h3":"85485b07fffffff","sunshine":[9.1,9.9,11.1,12.4,13,13.5,13.1,12.6,11.5,10.8,9.8,8.6]}},{"type":"Feature","geometry":{"type":"Polygon","coordinates":[[[-120.12304,35.4733],[-120.06913,35.55627],[-120.1288,35.63328],[-120.2424,35.62725],[-120.29616,35.54426],[-120.23647,35.46732],[-120.12304,35.4733]]]},"properties":{"h3":"8529ad5bfffffff","sunshine":[8.1,9.5,10.4,11.9,13.5,13.8,13.8,13,11.8,10.7,9.3,8]}},{"type":"Feature","geometry":{"type":"Polygon","coordinates":[[[-124.06546,40.88661],[-124.01321,40.96764],[-124.07742,41.03737],[-124.19386,41.02602],[-124.24592,40.945],[-124.18172,40.87532],[-124.06546,40.88661]]]},"properties":{"h3":"85280237fffffff","sunshine":[6,7.4,8.3,10.4,11.9,13.3,13.7,12.8,11.2,9.1,7.3,5.4]}},{"type":"Feature","geometry":{"type":"Polygon","coordinates":[[[-119.51385,37.89164],[-119.45805,37.97336],[-119.51885,38.04906],[-119.63547,38.04297],[-119.69112,37.96123],[-119.6303,37.88559],[-119.51385,37.89164]]]},"properties":{"h3":"85298dd7fffffff","sunshine":[7.7,8.6,9.5,11.4,12.8,13.6,13.8,13.1,11.7,10.3,8.7,7.4]}},{"type":"Feature","geometry":{"type":"Polygon","coordinates":[[[-116.85673,35.35756],[-116.79954,35.43972],[-116.85772,35.519],[-116.97313,35.51605],[-117.03018,35.43387],[-116.97196,35.35465],[-116.85673,35.35756]]]},"properties":{"h3":"8529a37bfffffff","sunshine":[8.7,9.8,10.9,12.2,13.2,13.8,13.6,12.8,11.8,10.8,9.6,8.3]}},{"type":"Feature","geometry":{"type":"Polygon","coordinates":[[[-116.68563,35.76512],[-116.62806,35.84705],[-116.68638,35.92617],[-116.80229,35.9233],[-116.85973,35.84135],[-116.80137,35.76228],[-116.68563,35.76512]]]},"properties":{"h3":"852985dbfffffff","sunshine":[8.7,9.7,10.9,12.1,13.2,13.8,13.6,12.8,11.7,10.7,9.5,8.2]}},{"type":"Feature","geometry":{"type":"Polygon","coordinates":[[[-115.12163,35.38813],[-115.06277,35.4697],[-115.12006,35.55003],[-115.23626,35.54873],[-115.295,35.46713],[-115.23765,35.38686],[-115.12163,35.38813]]]},"properties":{"h3":"8529b123fffffff","sunshine":[8.6,9.7,10.7,12.3,13,13.7,13.1,12.5,11.7,10.7,9.6,8.2]}},{"type":"Feature","geometry":{"type":"Polygon","coordinates":[[[-123.03826,38.75],[-122.98592,38.83205],[-123.04849,38.90444],[-123.16337,38.89472],[-123.21553,38.81268],[-123.15298,38.74034],[-123.03826,38.75]]]},"properties":{"h3":"85283147fffffff","sunshine":[6.5,8.4,8.9,11.2,12.7,13.8,13.9,12.9,11.6,9.6,8.2,6]}},{"type":"Feature","geometry":{"type":"Polygon","coordinates":[[[-121.95255,41.0708],[-121.89772,41.15129],[-121.9614,41.22251],[-122.07992,41.21319],[-122.13457,41.1327],[-122.07089,41.06153],[-121.95255,41.0708]]]},"properties":{"h3":"852811c3fffffff","sunshine":[5.9,7.8,8.2,10.9,12.5,13.8,14.1,13.1,11.6,9.5,7.3,5.4]}},{"type":"Feature","geometry":{"type":"Polygon","coordinates":[[[-121.38155,36.91286],[-121.32828,36.99549],[-121.38922,37.07057],[-121.50344,37.06296],[-121.55654,36.98033],[-121.4956,36.90531],[-121.38155,36.91286]]]},"properties":{"h3":"8529a927fffffff","sunshine":[7.5,8.9,9.4,11,12.3,13.1,13.1,12.4,11.4,10,8.8,7.3]}},{"type":"Feature","geometry":{"type":"Polygon","coordinates":[[[-122.39407,39.57742],[-122.34056,39.65891],[-122.40344,39.7311],[-122.51982,39.72176],[-122.57316,39.64028],[-122.51028,39.56813],[-122.39407,39.57742]]]},"properties":{"h3":"8528332bfffffff","sunshine":[6.6,8.6,9.2,11.5,13,13.9,14.1,13,11.8,9.8,8.2,6.1]}},{"type":"Feature","geometry":{"type":"Polygon","coordinates":[[[-121.82238,41.91631],[-121.76691,41.99621],[-121.83111,42.06675],[-121.95077,42.05734],[-122.00606,41.97744],[-121.94186,41.90695],[-121.82238,41.91631]]]},"properties":{"h3":"852813a7fffffff","sunshine":[6.6,8.1,9,11.1,12.4,13.7,14,13.1,11.4,9.3,7.3,5.4]}},{"type":"Feature","geometry":{"type":"Polygon","coordinates":[[[-120.26613,39.26049],[-120.2104,39.34167],[-120.27231,39.41573],[-120.38997,39.40855],[-120.44554,39.32737],[-120.38361,39.25337],[-120.26613,39.26049]]]},"properties":{"h3":"852989a3fffffff","sunshine":[7.2,8.3,9.2,11.3,12.7,13.6,13.8,13.1,11.6,10,8.2,6.6]}},{"type":"Feature","geometry":{"type":"Polygon","coordinates":[[[-119.49403,37.25994],[-119.43854,37.34198],[-119.49896,37.41816],[-119.6149,37.41225],[-119.67024,37.3302],[-119.60979,37.25407],[-119.49403,37.25994]]]},"properties":{"h3":"8529ab0bfffffff","sunshine":[7.8,8.8,9.7,11.6,13,13.6,13.8,13.1,11.7,10.5,8.8,7.5]}},{"type":"Feature","geometry":{"type":"Polygon","coordinates":[[[-122.24239,39.97513],[-122.18849,40.05635],[-122.25157,40.12832],[-122.36854,40.11902],[-122.42226,40.03779],[-122.35919,39.96587],[-122.24239,39.97513]]]},"properties":{"h3":"8528158bfffffff","sunshine":[6.3,8.4,8.9,11.3,13,13.8,14,13,11.7,9.7,8,5.9]}},{"type":"Feature","geometry":{"type":"Polygon","coordinates":[[[-118.56806,34.8191],[-118.51286,34.90196],[-118.57155,34.98046],[-118.68546,34.97604],[-118.74052,34.89316],[-118.68181,34.81472],[-118.56806,34.8191]]]},"properties":{"h3":"8529a12bfffffff","sunshine":[8.1,9.3,10.2,11.9,13.2,13.8,13.8,12.9,11.8,10.7,9.3,7.8]}},{"type":"Feature","geometry":{"type":"Polygon","coordinates":[[[-117.92228,37.24882],[-117.86515,37.33043],[-117.92488,37.4077],[-118.04176,37.40332],[-118.09874,37.3217],[-118.03898,37.24447],[-117.92228,37.24882]]]},"properties":{"h3":"852981a7fffffff","sunshine":[8.8,9.7,10.8,12.3,13.3,13.7,13.7,13,11.8,10.7,9.5,8.4]}},{"type":"Feature","geometry":{"type":"Polygon","coordinates":[[[-119.36524,38.76409],[-119.30881,38.8453],[-119.37005,38.92041],[-119.48776,38.91426],[-119.54404,38.83303],[-119.48277,38.75797],[-119.36524,38.76409]]]},"properties":{"h3":"85298d6bfffffff","sunshine":[8.2,9.4,10.5,12,12.9,13.5,13.6,13,11.7,10.4,9,7.6]}},{"type":"Feature","geometry":{"type":"Polygon","coordinates":[[[-117.20075,35.18701],[-117.14399,35.26935],[-117.20225,35.34851],[-117.3173,35.34528],[-117.37392,35.26292],[-117.31563,35.18381],[-117.20075,35.18701]]]},"properties":{"h3":"8529a30ffffffff","sunshine":[8.7,9.7,10.9,12.2,13.3,13.8,13.7,12.8,11.8,10.8,9.7,8.4]}},{"type":"Feature","geometry":{"type":"Polygon","coordinates":[[[-118.05944,35.07978],[-118.00359,35.1624],[-118.06219,35.24107],[-118.17667,35.23706],[-118.23238,35.15442],[-118.17375,35.0758],[-118.05944,35.07978]]]},"properties":{"h3":"8529aed3fffffff","sunshine":[8.6,9.7,10.8,12.1,13.4,13.9,13.8,12.8,11.8,10.7,9.6,8.2]}},{"type":"Feature","geometry":{"type":"Polygon","coordinates":[[[-117.04032,36.71923],[-116.98259,36.80082],[-117.0416,36.87907],[-117.15837,36.87566],[-117.21596,36.79404],[-117.15691,36.71585],[-117.04032,36.71923]]]},"properties":{"h3":"8529856ffffffff","sunshine":[8.7,9.7,10.8,12.2,13.2,13.8,13.7,12.9,11.8,10.7,9.4,8.2]}},{"type":"Feature","geometry":{"type":"Polygon","coordinates":[[[-114.26838,34.33639],[-114.20931,34.41811],[-114.26558,34.49957],[-114.38098,34.49926],[-114.43995,34.41752],[-114.38361,34.33611],[-114.26838,34.33639]]]},"properties":{"h3":"8529b0b7fffffff","sunshine":[8.9,9.8,10.9,12.4,12.9,13.6,13,12.6,11.6,10.6,9.6,8.2]}},{"type":"Feature","geometry":{"type":"Polygon","coordinates":[[[-115.82488,32.93353],[-115.76795,33.01628],[-115.82437,33.0976],[-115.93776,33.0961],[-115.99457,33.01333],[-115.93811,32.93207],[-115.82488,32.93353]]]},"properties":{"h3":"8529a6d7fffffff","sunshine":[9.1,9.9,11.2,12.3,13.1,13.7,13.3,12.6,11.5,10.8,9.8,8.5]}},{"type":"Feature","geometry":{"type":"Polygon","coordinates":[[[-121.59642,37.76605],[-121.54296,37.84833],[-121.60447,37.9226],[-121.71945,37.91454],[-121.77275,37.83226],[-121.71124,37.75805],[-121.59642,37.76605]]]},"properties":{"h3":"852830dbfffffff","sunshine":[7.1,8.8,9.5,11.4,13.1,13.7,13.8,13,11.7,10.1,8.4,6.6]}},{"type":"Feature","geometry":{"type":"Polygon","coordinates":[[[-121.97028,41.37399],[-121.91529,41.45428],[-121.97918,41.52522],[-122.09805,41.5158],[-122.15286,41.4355],[-122.08897,41.36462],[-121.97028,41.37399]]]},"properties":{"h3":"85281157fffffff","sunshine":[6.4,8.1,8.8,11.1,12.5,13.8,14.1,13.1,11.6,9.5,7.5,5.6]}},{"type":"Feature","geometry":{"type":"Polygon","coordinates":[[[-119.96655,35.88187],[-119.91227,35.96465],[-119.97211,36.04148],[-120.08624,36.03548],[-120.14037,35.9527],[-120.08052,35.87592],[-119.96655,35.88187]]]},"properties":{"h3":"8529a8bbfffffff","sunshine":[8,9.5,10.4,11.8,13.3,13.8,13.9,13,11.8,10.6,9.2,7.8]}},{"type":"Feature","geometry":{"type":"Polygon","coordinates":[[[-120.27852,39.57074],[-120.22263,39.65174],[-120.28474,39.72553],[-120.40276,39.71826],[-120.45848,39.63726],[-120.39636,39.56352],[-120.27852,39.57074]]]},"properties":{"h3":"85298937fffffff","sunshine":[7.3,8.5,9.5,11.6,12.8,13.6,13.8,13,11.6,10,8.2,6.6]}},{"type":"Feature","geometry":{"type":"Polygon","coordinates":[[[-122.57888,36.90698],[-122.52695,36.98983],[-122.58827,37.06401],[-122.70152,37.05529],[-122.75328,36.97245],[-122.69197,36.89832],[-122.57888,36.90698]]]},"properties":{"h3":"852834a3fffffff","sunshine":[7.5,8.9,9.3,11,11.8,12.4,12,11.2,10.9,9.6,8.7,7]}},{"type":"Feature","geometry":{"type":"Polygon","coordinates":[[[-117.39899,37.50548],[-117.3412,37.58679],[-117.40082,37.66423],[-117.51827,37.6603],[-117.57592,37.57897],[-117.51626,37.50159],[-117.39899,37.50548]]]},"properties":{"h3":"8529813bfffffff","sunshine":[8.7,9.7,10.7,12.3,13.1,13.7,13.6,12.9,11.8,10.6,9.4,8.3]}},{"type":"Feature","geometry":{"type":"Polygon","coordinates":[[[-119.75093,34.52638],[-119.6971,34.60962],[-119.75611,34.6875],[-119.86898,34.68207],[-119.92267,34.59881],[-119.86364,34.521],[-119.75093,34.52638]]]},"properties":{"h3":"8529ac83fffffff","sunshine":[8.3,9.5,10.3,11.9,13.4,13.7,13.8,12.9,11.8,10.7,9.4,8.2]}},{"type":"Feature","geometry":{"type":"Polygon","coordinates":[[[-121.2289,37.31811],[-121.17526,37.40052],[-121.23638,37.47541],[-121.35115,37.46783],[-121.40463,37.38541],[-121.3435,37.31058],[-121.2289,37.31811]]]},"properties":{"h3":"85283687fffffff","sunshine":[7.6,8.9,9.7,11.5,13.2,13.7,13.9,13,11.8,10.3,8.8,7.2]}},{"type":"Feature","geometry":{"type":"Polygon","coordinates":[[[-116.50777,34.39288],[-116.45074,34.47532],[-116.50825,34.55541],[-116.62281,34.553],[-116.67971,34.47053],[-116.62217,34.3905],[-116.50777,34.39288]]]},"properties":{"h3":"8529a2a3fffffff","sunshine":[8.9,9.9,11.1,12.2,13.3,13.7,13.5,12.6,11.7,10.8,9.8,8.4]}},{"type":"Feature","geometry":{"type":"Polygon","coordinates":[[[-118.42182,36.03199],[-118.36586,36.11431],[-118.42513,36.19211],[-118.54041,36.18753],[-118.59623,36.10519],[-118.53693,36.02745],[-118.42182,36.03199]]]},"properties":{"h3":"8529ae67fffffff","sunshine":[8,9.1,10.1,11.8,13.1,13.7,13.8,13,11.8,10.6,9.3,7.8]}},{"type":"Feature","geometry":{"type":"Polygon","coordinates":[[[-124.27043,41.24588],[-124.21823,41.32672],[-124.28274,41.39596],[-124.39941,41.38431],[-124.45141,41.30347],[-124.38693,41.23428],[-124.27043,41.24588]]]},"properties":{"h3":"85280343fffffff","sunshine":[6,7.4,8.5,10.3,11.7,12.8,12.9,11.7,10.6,8.5,7,5.3]}},{"type":"Feature","geometry":{"type":"Polygon","coordinates":[[[-117.20982,36.1534],[-117.15257,36.23532],[-117.21135,36.31384],[-117.32742,36.31039],[-117.38454,36.22845],[-117.32572,36.14998],[-117.20982,36.1534]]]},"properties":{"h3":"85298503fffffff","sunshine":[8.7,9.7,11,12.2,13.3,13.8,13.7,12.9,11.7,10.7,9.5,8.3]}},{"type":"Feature","geometry":{"type":"Polygon","coordinates":[[[-115.65076,33.8364],[-115.59321,33.91879],[-115.64999,33.99972],[-115.76436,33.99821],[-115.82179,33.9158],[-115.76497,33.83492],[-115.65076,33.8364]]]},"properties":{"h3":"8529a66bfffffff","sunshine":[9,10,11.2,12.4,13.2,13.7,13.3,12.7,11.6,10.8,9.8,8.4]}},{"type":"Feature","geometry":{"type":"Polygon","coordinates":[[[-121.99222,38.67699],[-121.93872,38.75888],[-122.00091,38.83213],[-122.1166,38.82344],[-122.16992,38.74154],[-122.10773,38.66834],[-121.99222,38.67699]]]},"properties":{"h3":"8528306ffffffff","sunshine":[6.8,8.6,9.2,11.4,13.1,13.8,13.9,13,11.8,9.9,8.3,6.3]}},{"type":"Feature","geometry":{"type":"Polygon","coordinates":[[[-124.13779,41.78759],[-124.08514,41.86806],[-124.14997,41.9369],[-124.26743,41.92522],[-124.31989,41.84475],[-124.25508,41.77596],[-124.13779,41.78759]]]},"properties":{"h3":"85281caffffffff","sunshine":[5.6,6.9,7.9,9.9,11.6,13,13.3,12.4,10.9,8.5,6.7,5]}},{"type":"Feature","geometry":{"type":"Polygon","coordinates":[[[-120.4199,38.70496],[-120.36464,38.78649],[-120.42628,38.86089],[-120.54319,38.85371],[-120.59829,38.77218],[-120.53664,38.69783],[-120.4199,38.70496]]]},"properties":{"h3":"85283253fffffff","sunshine":[7,8,8.8,11.1,12.6,13.5,13.8,13.1,11.6,10,8.1,6.6]}},{"type":"Feature","geometry":{"type":"Polygon","coordinates":[[[-119.11999,36.32269],[-119.0646,36.40507],[-119.12434,36.48219],[-119.2395,36.47688],[-119.29475,36.39449],[-119.23498,36.31742],[-119.11999,36.32269]]]},"properties":{"h3":"8529a84ffffffff","sunshine":[7.8,9.2,10,11.6,13.2,13.8,13.9,12.9,11.8,10.6,9,7.4]}},{"type":"Feature","geometry":{"type":"Polygon","coordinates":[[[-117.94601,38.67143],[-117.88813,38.75228],[-117.94869,38.82846],[-118.06715,38.82373],[-118.12488,38.74287],[-118.0643,38.66675],[-117.94601,38.67143]]]},"properties":{"h3":"852988cbfffffff","sunshine":[8.3,9.3,10.4,11.7,12.6,13.5,13.5,12.9,11.6,10.4,8.9,7.8]}},{"type":"Feature","geometry":{"type":"Polygon","coordinates":[[[-122.53762,41.85837],[-122.48302,41.93848],[-122.54742,42.00852],[-122.66641,41.99841],[-122.72083,41.9183],[-122.65643,41.8483],[-122.53762,41.85837]]]},"properties":{"h3":"85281e93fffffff","sunshine":[6.4,7.7,8.8,10.8,12.3,13.6,14.1,13.1,11.5,9.2,7.4,5.4]}},{"type":"Feature","geometry":{"type":"Polygon","coordinates":[[[-122.59769,37.22086],[-122.54563,37.30357],[-122.60714,37.37751],[-122.72071,37.36867],[-122.77261,37.28596],[-122.7111,37.21208],[-122.59769,37.22086]]]},"properties":{"h3":"85283437fffffff","sunshine":[7.4,8.9,9.3,11,11.8,12.4,11.8,11,10.9,9.5,8.7,6.9]}},{"type":"Feature","geometry":{"type":"Polygon","coordinates":[[[-118.78611,36.81619],[-118.73011,36.89826],[-118.78998,36.97526],[-118.90588,36.97014],[-118.96173,36.88806],[-118.90184,36.81112],[-118.78611,36.81619]]]},"properties":{"h3":"8529aa33fffffff","sunshine":[8,8.8,9.8,11.6,13,13.6,13.7,13,11.8,10.6,9,7.7]}},{"type":"Feature","geometry":{"type":"Polygon","coordinates":[[[-121.51509,39.56645],[-121.46059,39.64775],[-121.52316,39.72062],[-121.64024,39.71214],[-121.69458,39.63084],[-121.632,39.55801],[-121.51509,39.56645]]]},"properties":{"h3":"852814b3fffffff","sunshine":[6.5,8.1,8.7,11,12.8,13.7,13.9,13,11.6,9.7,7.9,6]}},{"type":"Feature","geometry":{"type":"Polygon","coordinates":[[[-116.6768,33.81935],[-116.62023,33.90206],[-116.67753,33.98237],[-116.79143,33.97993],[-116.84787,33.8972],[-116.79054,33.81694],[-116.6768,33.81935]]]},"properties":{"h3":"8529a053fffffff","sunshine":[8.6,9.7,11,12.1,13.2,13.7,13.6,12.7,11.6,10.7,9.7,8.2]}},{"type":"Feature","geometry":{"type":"Polygon","coordinates":[[[-115.63739,36.5905],[-115.57837,36.67168],[-115.63658,36.75091],[-115.75386,36.74889],[-115.81276,36.66768],[-115.7545,36.58851],[-115.63739,36.5905]]]},"properties":{"h3":"852980cffffffff","sunshine":[8.7,9.7,10.7,12.2,13.1,13.8,13.4,12.7,11.7,10.6,9.4,8.2]}},{"type":"Feature","geometry":{"type":"Polygon","coordinates":[[[-119.76131,34.84845],[-119.70732,34.93158],[-119.76652,35.00925],[-119.87971,35.00372],[-119.93355,34.92058],[-119.87434,34.84297],[-119.76131,34.84845]]]},"properties":{"h3":"8529ac17fffffff","sunshine":[8.2,9.5,10.5,11.9,13.4,13.8,13.8,13,11.8,10.8,9.4,8.2]}},{"type":"Feature","geometry":{"type":"Polygon","coordinates":[[[-120.72212,37.58689],[-120.66778,37.66907],[-120.72888,37.74412],[-120.84432,37.73695],[-120.8985,37.65477],[-120.8374,37.57977],[-120.72212,37.58689]]]},"properties":{"h3":"8528361bfffffff","sunshine":[6.9,8.7,9.5,11.3,13.1,13.6,13.8,13,11.7,10.2,8.3,6.5]}},{"type":"Feature","geometry":{"type":"Polygon","coordinates":[[[-120.11653,39.96806],[-120.06024,40.04878],[-120.12253,40.12235],[-120.24113,40.11515],[-120.29725,40.03442],[-120.23494,39.96091],[-120.11653,39.96806]]]},"properties":{"h3":"85281697fffffff","sunshine":[7.5,8.9,9.7,11.7,12.9,13.6,13.9,13,11.6,10,8.4,6.8]}},{"type":"Feature","geometry":{"type":"Polygon","coordinates":[[[-118.62143,37.22107],[-118.56505,37.30289],[-118.62508,37.37971],[-118.74152,37.37465],[-118.79776,37.29282],[-118.7377,37.21605],[-118.62143,37.22107]]]},"properties":{"h3":"85298c93fffffff","sunshine":[8.1,9,10.1,11.8,13.1,13.6,13.6,12.9,11.8,10.6,9,7.7]}},{"type":"Feature","geometry":{"type":"Polygon","coordinates":[[[-116.50873,34.71779],[-116.45154,34.80011],[-116.50921,34.88],[-116.62411,34.87752],[-116.68118,34.79518],[-116.62346,34.71534],[-116.50873,34.71779]]]},"properties":{"h3":"8529a237fffffff","sunshine":[8.8,9.9,11,12.2,13.2,13.7,13.5,12.6,11.7,10.7,9.7,8.4]}},{"type":"Feature","geometry":{"type":"Polygon","coordinates":[[[-115.48589,32.773],[-115.42873,32.8557],[-115.48489,32.9373],[-115.59827,32.93614],[-115.65532,32.85342],[-115.5991,32.77188],[-115.48589,32.773]]]},"properties":{"h3":"85485ba7fffffff","sunshine":[9.2,9.9,11.2,12.3,13.1,13.6,13.3,12.6,11.4,10.8,9.8,8.6]}},{"type":"Feature","geometry":{"type":"Polygon","coordinates":[[[-123.32187,40.34532],[-123.26904,40.42654],[-123.33268,40.49735],[-123.44916,40.48688],[-123.50182,40.40567],[-123.43818,40.33491],[-123.32187,40.34532]]]},"properties":{"h3":"852802d7fffffff","sunshine":[5.9,7.7,8.4,10.6,12.2,13.8,14.2,13.1,11.5,9.4,7.5,5.4]}},{"type":"Feature","geometry":{"type":"Polygon","coordinates":[[[-117.23482,38.69709],[-117.1762,38.77769],[-117.23642,38.85432],[-117.35531,38.85031],[-117.41378,38.76969],[-117.35352,38.69311],[-117.23482,38.69709]]]},"properties":{"h3":"85298e77fffffff","sunshine":[8.3,9.3,10.4,11.8,12.8,13.7,13.5,12.8,11.6,10.4,9,7.8]}},{"type":"Feature","geometry":{"type":"Polygon","coordinates":[[[-117.00941,32.66735],[-116.95374,32.75053],[-117.01061,32.83126],[-117.12319,32.82876],[-117.17875,32.74557],[-117.12184,32.66489],[-117.00941,32.66735]]]},"properties":{"h3":"8529a41bfffffff","sunshine":[8.6,9.5,10.4,11.2,11.4,12.6,12.9,12.1,11,10.2,9.5,8.2]}},{"type":"Feature","geometry":{"type":"Polygon","coordinates":[[[-116.3371,35.12661],[-116.27954,35.20871],[-116.33734,35.28845],[-116.45274,35.28605],[-116.51018,35.20393],[-116.45234,35.12424],[-116.3371,35.12661]]]},"properties":{"h3":"85298497fffffff","sunshine":[8.8,9.8,10.9,12.2,13.2,13.7,13.5,12.7,11.7,10.7,9.6,8.3]}},{"type":"Feature","geometry":{"type":"Polygon","coordinates":[[[-121.68295,36.09933],[-121.63042,36.18237],[-121.691,36.25781],[-121.80411,36.25016],[-121.85648,36.16713],[-121.7959,36.09174],[-121.68295,36.09933]]]},"properties":{"h3":"85291a47fffffff","sunshine":[7.7,9.1,9.7,11.7,13.2,13.7,13.7,12.9,11.8,10.4,9.1,7.5]}},{"type":"Feature","geometry":{"type":"Polygon","coordinates":[[[-122.13433,38.11959],[-122.08129,38.2018],[-122.14319,38.27539],[-122.25813,38.26672],[-122.311,38.18451],[-122.2491,38.11098],[-122.13433,38.11959]]]},"properties":{"h3":"85283003fffffff","sunshine":[6.8,8.6,9.2,11.3,12.8,13.6,13.6,12.7,11.6,9.8,8.3,6.2]}},{"type":"Feature","geometry":{"type":"Polygon","coordinates":[[[-123.07667,41.88716],[-123.0227,41.96736],[-123.08729,42.03696],[-123.20585,42.0263],[-123.25964,41.94609],[-123.19505,41.87655],[-123.07667,41.88716]]]},"properties":{"h3":"85281c43fffffff","sunshine":[6,7.3,8.5,10.4,12,13.5,14.2,13.1,11.4,9,7,5.1]}},{"type":"Feature","geometry":{"type":"Polygon","coordinates":[[[-118.88937,33.99715],[-118.8349,34.08038],[-118.89329,34.15916],[-119.00617,34.15465],[-119.0605,34.07141],[-119.00209,33.99268],[-118.88937,33.99715]]]},"properties":{"h3":"8529124bfffffff","sunshine":[8.4,9.5,10.5,11.6,12.6,12.8,13.3,12.4,11.3,10.4,9.5,8.3]}},{"type":"Feature","geometry":{"type":"Polygon","coordinates":[[[-120.66878,36.32202],[-120.61503,36.40477],[-120.67538,36.48079],[-120.78949,36.47402],[-120.84308,36.39127],[-120.78272,36.3153],[-120.66878,36.32202]]]},"properties":{"h3":"8529a9c7fffffff","sunshine":[7.9,9.1,9.7,11.8,13.2,13.8,13.8,13,11.8,10.5,9,7.5]}},{"type":"Feature","geometry":{"type":"Polygon","coordinates":[[[-121.66147,39.01266],[-121.60743,39.0943],[-121.66971,39.16753],[-121.78604,39.15906],[-121.83991,39.07741],[-121.77763,39.00424],[-121.66147,39.01266]]]},"properties":{"h3":"852833cbfffffff","sunshine":[6.6,8.5,9.1,11.3,13,13.8,13.9,13.1,11.7,9.8,8.1,6.1]}},{"type":"Feature","geometry":{"type":"Polygon","coordinates":[[[-120.65207,40.01202],[-120.59635,40.09285],[-120.65888,40.16599],[-120.77714,40.15824],[-120.83269,40.0774],[-120.77015,40.00432],[-120.65207,40.01202]]]},"properties":{"h3":"85281447fffffff","sunshine":[6.8,8.3,9,11.2,12.5,13.5,13.9,13,11.5,9.8,7.9,6.2]}},{"type":"Feature","geometry":{"type":"Polygon","coordinates":[[[-114.79572,33.59855],[-114.73751,33.68074],[-114.79371,33.76231],[-114.90818,33.76163],[-114.96627,33.67942],[-114.91002,33.5979],[-114.79572,33.59855]]]},"properties":{"h3":"8529b58bfffffff","sunshine":[9,9.9,11,12.4,13,13.6,13.1,12.6,11.5,10.7,9.7,8.4]}},{"type":"Feature","geometry":{"type":"Polygon","coordinates":[[[-120.01147,37.1536],[-119.95659,37.23582],[-120.01716,37.31172],[-120.13263,37.30534],[-120.18736,37.22311],[-120.12677,37.14727],[-120.01147,37.1536]]]},"properties":{"h3":"8529ababfffffff","sunshine":[7.7,8.9,9.8,11.5,13.1,13.7,13.9,13,11.7,10.4,8.8,7.1]}},{"type":"Feature","geometry":{"type":"Polygon","coordinates":[[[-119.97051,40.82465],[-119.91358,40.90478],[-119.97635,40.97771],[-120.09607,40.97045],[-120.15284,40.89031],[-120.09005,40.81743],[-119.97051,40.82465]]]},"properties":{"h3":"8528162bfffffff","sunshine":[7.2,8.7,9.4,11.6,12.7,13.6,13.8,13.1,11.5,9.8,8,6.1]}},{"type":"Feature","geometry":{"type":"Polygon","coordinates":[[[-118.99515,38.15379],[-118.93866,38.23524],[-118.99938,38.3111],[-119.11663,38.30545],[-119.17298,38.22399],[-119.11223,38.14819],[-118.99515,38.15379]]]},"properties":{"h3":"85298c27fffffff","sunshine":[8.4,9.6,10.8,12.1,13.1,13.5,13.6,12.9,11.7,10.5,9.1,7.9]}},{"type":"Feature","geometry":{"type":"Polygon","coordinates":[[[-117.8742,34.19516],[-117.81862,34.27807],[-117.87667,34.35741],[-117.99034,34.35377],[-118.04579,34.27085],[-117.98771,34.19157],[-117.8742,34.19516]]]},"properties":{"h3":"8529a1cbfffffff","sunshine":[8.5,9.2,10,11.6,12.7,13.7,13.7,12.8,11.6,10.6,9.5,8.1]}},{"type":"Feature","geometry":{"type":"Polygon","coordinates":[[[-120.96128,35.18626],[-120.9084,35.26951],[-120.96823,35.3461],[-121.08093,35.33939],[-121.13365,35.25613],[-121.07382,35.17959],[-120.96128,35.18626]]]},"properties":{"h3":"8529ad8ffffffff","sunshine":[8.2,9.4,10.1,11.6,12.8,12.9,12.7,11.8,11.4,10.2,9.2,7.9]}},{"type":"Feature","geometry":{"type":"Polygon","coordinates":[[[-114.97328,33.02339],[-114.91552,33.10584],[-114.97153,33.18761],[-115.08536,33.18687],[-115.143,33.1044],[-115.08693,33.02268],[-114.97328,33.02339]]]},"properties":{"h3":"85485b3bfffffff","sunshine":[9.1,9.9,11.1,12.4,13,13.5,13.2,12.6,11.5,10.8,9.8,8.6]}},{"type":"Feature","geometry":{"type":"Polygon","coordinates":[[[-123.20565,41.19444],[-123.15221,41.27512],[-123.21638,41.34525],[-123.33398,41.33466],[-123.38723,41.25398],[-123.32307,41.1839],[-123.20565,41.19444]]]},"properties":{"h3":"8528026bfffffff","sunshine":[5.9,7.6,8.4,10.5,12.2,13.7,14.2,13.1,11.5,9.3,7.3,5.3]}},{"type":"Feature","geometry":{"type":"Polygon","coordinates":[[[-117.05465,38.46651],[-116.99598,38.54718],[-117.05598,38.62411],[-117.17469,38.62033],[-117.23322,38.53964],[-117.17318,38.46276],[-117.05465,38.46651]]]},"properties":{"h3":"85298e0bfffffff","sunshine":[8.3,9.4,10.4,11.9,12.8,13.7,13.5,12.8,11.7,10.5,9.1,7.8]}},{"type":"Feature","geometry":{"type":"Polygon","coordinates":[[[-117.7161,35.09106],[-117.6599,35.17359],[-117.71835,35.25247],[-117.83303,35.24878],[-117.8891,35.16624],[-117.83061,35.0874],[-117.7161,35.09106]]]},"properties":{"h3":"8529a3affffffff","sunshine":[8.6,9.7,10.9,12.1,13.4,13.8,13.8,12.8,11.8,10.7,9.6,8.3]}},{"type":"Feature","geometry":{"type":"Polygon","coordinates":[[[-116.16402,36.01823],[-116.10582,36.09988],[-116.164,36.17916],[-116.28044,36.17674],[-116.33851,36.09508],[-116.28028,36.01585],[-116.16402,36.01823]]]},"properties":{"h3":"8529842bfffffff","sunshine":[8.7,9.7,10.8,12.2,13.2,13.7,13.5,12.8,11.7,10.7,9.5,8.2]}},{"type":"Feature","geometry":{"type":"Polygon","coordinates":[[[-124.11371,39.27369],[-124.06237,39.35564],[-124.12555,39.42675],[-124.24006,39.41586],[-124.29123,39.33392],[-124.22806,39.26286],[-124.11371,39.27369]]]},"properties":{"h3":"8528044ffffffff","sunshine":[6.5,8.2,8.8,11.1,12.3,13.3,13.1,12,11.1,9.1,7.9,6]}},{"type":"Feature","geometry":{"type":"Polygon","coordinates":[[[-121.04297,40.75541],[-120.98727,40.83588],[-121.05042,40.90808],[-121.16927,40.89975],[-121.2248,40.81927],[-121.16164,40.74713],[-121.04297,40.75541]]]},"properties":{"h3":"85281013fffffff","sunshine":[7,8.5,9.1,11.2,12.4,13.6,13.8,13,11.6,9.7,7.8,6]}},{"type":"Feature","geometry":{"type":"Polygon","coordinates":[[[-123.80411,39.76461],[-123.75215,39.84625],[-123.81556,39.91718],[-123.93092,39.90643],[-123.9827,39.8248],[-123.91931,39.75392],[-123.80411,39.76461]]]},"properties":{"h3":"85280633fffffff","sunshine":[6.2,8.1,8.6,11,12.4,13.8,14,12.9,11.5,9.4,7.8,5.8]}},{"type":"Feature","geometry":{"type":"Polygon","coordinates":[[[-123.04849,38.90444],[-122.99608,38.98641],[-123.05874,39.05867],[-123.1738,39.0489],[-123.22602,38.96693],[-123.16337,38.89472],[-123.04849,38.90444]]]},"properties":{"h3":"8528317bfffffff","sunshine":[6.3,8.3,8.8,11.1,12.6,13.8,14,12.9,11.6,9.6,8.1,5.9]}},{"type":"Feature","geometry":{"type":"Polygon","coordinates":[[[-120.16373,36.5894],[-120.1093,36.67191],[-120.16961,36.74811],[-120.28436,36.74174],[-120.33864,36.65922],[-120.27832,36.58308],[-120.16373,36.5894]]]},"properties":{"h3":"8529a95bfffffff","sunshine":[7.5,9.3,10.1,11.7,13.2,13.8,13.9,13,11.8,10.5,8.9,7.1]}},{"type":"Feature","geometry":{"type":"Polygon","coordinates":[[[-120.54453,41.62904],[-120.48777,41.7088],[-120.55129,41.78057],[-120.67159,41.77254],[-120.72817,41.69276],[-120.66464,41.62104],[-120.54453,41.62904]]]},"properties":{"h3":"852813dbfffffff","sunshine":[6.5,8,9,10.9,12.3,13.6,13.9,13.1,11.4,9.4,7.2,5.5]}},{"type":"Feature","geometry":{"type":"Polygon","coordinates":[[[-122.79205,37.5987],[-122.74002,37.68127],[-122.80181,37.75477],[-122.91563,37.74564],[-122.96749,37.66307],[-122.9057,37.58963],[-122.79205,37.5987]]]},"properties":{"h3":"85283543fffffff","sunshine":[7.2,8.8,9.3,11.2,12.2,12.7,12,10.9,10.9,9.4,8.6,6.7]}},{"type":"Feature","geometry":{"type":"Polygon","coordinates":[[[-124.51841,40.00307],[-124.46717,40.08468],[-124.53092,40.15484],[-124.64589,40.14333],[-124.69694,40.06172],[-124.63321,39.99162],[-124.51841,40.00307]]]},"properties":{"h3":"8528001bfffffff","sunshine":[6.1,7.9,8.6,10.7,11.9,13,12.8,11.9,10.8,8.9,7.5,5.7]}},{"type":"Feature","geometry":{"type":"Polygon","coordinates":[[[-116.69092,36.88862],[-116.63276,36.97001],[-116.69169,37.04836],[-116.80881,37.04526],[-116.86684,36.96384],[-116.80787,36.88555],[-116.69092,36.88862]]]},"properties":{"h3":"852981dbfffffff","sunshine":[8.7,9.7,10.8,12.1,13.2,13.8,13.7,12.9,11.7,10.6,9.4,8.2]}},{"type":"Feature","geometry":{"type":"Polygon","coordinates":[[[-121.15531,35.73466],[-121.10238,35.81774],[-121.16257,35.89383],[-121.2757,35.88677],[-121.32848,35.80369],[-121.26828,35.72766],[-121.15531,35.73466]]]},"properties":{"h3":"8529ad23fffffff","sunshine":[7.9,9.1,9.8,11.7,13.2,13.7,13.7,12.8,11.7,10.4,9,7.5]}},{"type":"Feature","geometry":{"type":"Polygon","coordinates":[[[-116.68265,35.11917],[-116.62542,35.20138],[-116.68339,35.28091],[-116.79863,35.27818],[-116.85573,35.19595],[-116.79772,35.11647],[-116.68265,35.11917]]]},"properties":{"h3":"8529a343fffffff","sunshine":[8.8,9.7,10.9,12.2,13.2,13.7,13.6,12.7,11.7,10.7,9.6,8.3]}},{"type":"Feature","geometry":{"type":"Polygon","coordinates":[[[-117.72972,36.05696],[-117.67304,36.13908],[-117.73201,36.21732],[-117.84771,36.21339],[-117.90425,36.13126],[-117.84524,36.05307],[-117.72972,36.05696]]]},"properties":{"h3":"852985a3fffffff","sunshine":[8.8,9.8,11.1,12.3,13.4,13.8,13.8,13,11.9,10.7,9.6,8.5]}},{"type":"Feature","geometry":{"type":"Polygon","coordinates":[[[-123.38209,38.72071],[-123.33017,38.80283],[-123.39281,38.87498],[-123.50736,38.86495],[-123.55911,38.78282],[-123.49647,38.71073],[-123.38209,38.72071]]]},"properties":{"h3":"8528310ffffffff","sunshine":[6.4,8.3,8.9,11,12.5,13.7,13.8,12.8,11.5,9.5,8.1,6]}},{"type":"Feature","geometry":{"type":"Polygon","coordinates":[[[-122.30724,41.04264],[-122.25284,41.12323],[-122.31662,41.19421],[-122.43481,41.18454],[-122.48904,41.10395],[-122.42526,41.03303],[-122.30724,41.04264]]]},"properties":{"h3":"8528118bfffffff","sunshine":[5.7,7.8,8,10.9,12.4,13.8,14.1,13.1,11.5,9.4,7.4,5.4]}},{"type":"Feature","geometry":{"type":"Polygon","coordinates":[[[-120.41984,34.33162],[-120.3668,34.41507],[-120.42596,34.4926],[-120.53818,34.48662],[-120.59107,34.40316],[-120.53189,34.3257],[-120.41984,34.33162]]]},"properties":{"h3":"85291357fffffff","sunshine":[8.2,9.5,10.3,11.7,12.9,13.2,13.4,12.5,11.5,10.5,9.3,8.2]}},{"type":"Feature","geometry":{"type":"Polygon","coordinates":[[[-121.88145,36.64149],[-121.82887,36.72433],[-121.88982,36.79924],[-122.00335,36.79125],[-122.05577,36.7084],[-121.99482,36.63355],[-121.88145,36.64149]]]},"properties":{"h3":"852834d7fffffff","sunshine":[7.7,9.1,9.6,11.1,12.1,12.5,12.2,11.6,11.1,9.8,8.9,7.4]}},{"type":"Feature","geometry":{"type":"Polygon","coordinates":[[[-118.07889,36.20521],[-118.02248,36.28736],[-118.0817,36.36527],[-118.19735,36.36097],[-118.25362,36.27881],[-118.19437,36.20095],[-118.07889,36.20521]]]},"properties":{"h3":"8529aad3fffffff","sunshine":[8.3,9.5,10.7,12.2,13.3,13.7,13.6,13,11.8,10.6,9.4,8.1]}},{"type":"Feature","geometry":{"type":"Polygon","coordinates":[[[-121.72809,40.24544],[-121.67346,40.32639],[-121.73653,40.39852],[-121.85424,40.38965],[-121.9087,40.30869],[-121.84563,40.23662],[-121.72809,40.24544]]]},"properties":{"h3":"85281553fffffff","sunshine":[6.4,8.1,8.7,11,12.7,13.8,14,13.1,11.7,9.6,7.7,5.8]}},{"type":"Feature","geometry":{"type":"Polygon","coordinates":[[[-117.04938,37.83397],[-116.99106,37.915],[-117.0507,37.99242],[-117.16869,37.98877],[-117.22688,37.90773],[-117.1672,37.83036],[-117.04938,37.83397]]]},"properties":{"h3":"8529816ffffffff","sunshine":[8.6,9.5,10.6,12.1,13,13.7,13.6,12.9,11.7,10.5,9.2,8]}},{"type":"Feature","geometry":{"type":"Polygon","coordinates":[[[-120.26634,34.74266],[-120.21294,34.82593],[-120.27227,34.90331],[-120.38501,34.89735],[-120.43827,34.81407],[-120.37892,34.73675],[-120.26634,34.74266]]]},"properties":{"h3":"8529acb7fffffff","sunshine":[8.2,9.5,10.2,11.5,12.5,12.9,13.1,12.3,11.4,10.4,9.3,8.2]}},{"type":"Feature","geometry":{"type":"Polygon","coordinates":[[[-121.23638,37.47541],[-121.18266,37.55775],[-121.24388,37.63252],[-121.35882,37.62488],[-121.41237,37.54254],[-121.35115,37.46783],[-121.23638,37.47541]]]},"properties":{"h3":"852836bbfffffff","sunshine":[7.6,9,9.8,11.5,13.2,13.7,13.9,13,11.8,10.3,8.8,7.2]}},{"type":"Feature","geometry":{"type":"Polygon","coordinates":[[[-120.05746,38.41292],[-120.00196,38.49451],[-120.06329,38.56941],[-120.18013,38.56266],[-120.23547,38.48106],[-120.17413,38.40622],[-120.05746,38.41292]]]},"properties":{"h3":"85298d33fffffff","sunshine":[7.1,8.2,8.8,11.1,12.5,13.5,13.8,13.1,11.5,10.1,8.2,6.8]}},{"type":"Feature","geometry":{"type":"Polygon","coordinates":[[[-115.82127,34.079],[-115.76376,34.16135],[-115.82075,34.24204],[-115.93531,34.24033],[-115.9927,34.15796],[-115.93566,34.07732],[-115.82127,34.079]]]},"properties":{"h3":"8529a2d7fffffff","sunshine":[9,9.9,11.1,12.3,13.2,13.7,13.4,12.7,11.6,10.8,9.8,8.3]}},{"type":"Feature","geometry":{"type":"Polygon","coordinates":[[[-118.40217,35.06754],[-118.34667,35.15026],[-118.40542,35.22871],[-118.51969,35.22438],[-118.57504,35.14165],[-118.51627,35.06326],[-118.40217,35.06754]]]},"properties":{"h3":"8529ae9bfffffff","sunshine":[8.2,9.4,10.4,11.9,13.2,13.8,13.8,12.9,11.8,10.7,9.4,7.9]}},{"type":"Feature","geometry":{"type":"Polygon","coordinates":[[[-117.73431,36.3775],[-117.67747,36.45947],[-117.73662,36.5375],[-117.85265,36.53349],[-117.90936,36.4515],[-117.85018,36.37353],[-117.73431,36.3775]]]},"properties":{"h3":"85298537fffffff","sunshine":[8.9,9.8,11,12.3,13.4,13.8,13.7,13,11.9,10.7,9.6,8.5]}},{"type":"Feature","geometry":{"type":"Polygon","coordinates":[[[-122.64521,38.00214],[-122.59281,38.0845],[-122.6548,38.15779],[-122.76919,38.14867],[-122.82142,38.06632],[-122.75943,37.99308],[-122.64521,38.00214]]]},"properties":{"h3":"852830a3fffffff","sunshine":[7,8.7,9.3,11.4,12.7,13.5,13.4,12.4,11.5,9.7,8.4,6.4]}},{"type":"Feature","geometry":{"type":"Polygon","coordinates":[[[-119.78751,35.65075],[-119.73315,35.73357],[-119.79279,35.81069],[-119.9068,35.80492],[-119.96101,35.72209],[-119.90135,35.64503],[-119.78751,35.65075]]]},"properties":{"h3":"8529a883fffffff","sunshine":[8,9.5,10.6,11.9,13.3,13.8,13.8,12.9,11.8,10.7,9.2,7.7]}},{"type":"Feature","geometry":{"type":"Polygon","coordinates":[[[-121.28172,38.41501],[-121.22756,38.4969],[-121.28935,38.57089],[-121.4053,38.56295],[-121.45929,38.48107],[-121.39749,38.40713],[-121.28172,38.41501]]]},"properties":{"h3":"85283287fffffff","sunshine":[6.6,8.6,9.3,11.3,13,13.6,13.9,13.1,11.6,9.9,8.1,6.2]}},{"type":"Feature","geometry":{"type":"Polygon","coordinates":[[[-121.75621,37.51892],[-121.70305,37.60135],[-121.76447,37.67569],[-121.87905,37.66756],[-121.93204,37.58513],[-121.87062,37.51084],[-121.75621,37.51892]]]},"properties":{"h3":"8528346bfffffff","sunshine":[7.3,8.7,9.3,11.1,12.6,13.4,13.4,12.7,11.4,9.9,8.5,6.9]}},{"type":"Feature","geometry":{"type":"Polygon","coordinates":[[[-118.4452,37.14896],[-118.38867,37.23077],[-118.44858,37.30776],[-118.56505,37.30289],[-118.62143,37.22107],[-118.5615,37.14413],[-118.4452,37.14896]]]},"properties":{"h3":"8529aa67fffffff","sunshine":[8.4,9.4,10.7,12.1,13.2,13.6,13.7,13,11.9,10.6,9.3,8.1]}},{"type":"Feature","geometry":{"type":"Polygon","coordinates":[[[-117.52548,33.55434],[-117.46986,33.63738],[-117.52742,33.71731],[-117.64063,33.71415],[-117.69611,33.63109],[-117.63852,33.55122],[-117.52548,33.55434]]]},"properties":{"h3":"8529a087fffffff","sunshine":[8.4,9.3,10.3,11.3,12.1,13.3,13.6,12.6,11.4,10.4,9.5,8]}},{"type":"Feature","geometry":{"type":"Polygon","coordinates":[[[-117.22061,37.27252],[-117.16277,37.3539],[-117.22217,37.43163],[-117.33946,37.42792],[-117.39716,37.34653],[-117.33772,37.26886],[-117.22061,37.27252]]]},"properties":{"h3":"85298103fffffff","sunshine":[8.8,9.7,10.9,12.3,13.2,13.8,13.7,12.9,11.8,10.7,9.4,8.3]}},{"type":"Feature","geometry":{"type":"Polygon","coordinates":[[[-120.38827,37.92217],[-120.3334,38.0041],[-120.39456,38.07915],[-120.51062,38.0722],[-120.56534,37.99026],[-120.50416,37.91528],[-120.38827,37.92217]]]},"properties":{"h3":"8528364ffffffff","sunshine":[7.3,8.5,9.3,11.3,13,13.6,13.8,13.1,11.7,10.2,8.5,7]}},{"type":"Feature","geometry":{"type":"Polygon","coordinates":[[[-118.91706,35.12794],[-118.86206,35.21077],[-118.92106,35.28883],[-119.03508,35.28401],[-119.08994,35.20116],[-119.03092,35.12316],[-118.91706,35.12794]]]},"properties":{"h3":"8529ac4bfffffff","sunshine":[8.2,9.5,10.5,11.9,13.2,13.8,13.8,12.9,11.8,10.6,9.3,7.9]}},{"type":"Feature","geometry":{"type":"Polygon","coordinates":[[[-118.27844,37.55278],[-118.22152,37.63434],[-118.28158,37.71115],[-118.3986,37.70634],[-118.45537,37.62477],[-118.39528,37.54802],[-118.27844,37.55278]]]},"properties":{"h3":"85298cc7fffffff","sunshine":[8.7,9.7,11,12.2,13.2,13.6,13.6,12.9,11.8,10.6,9.4,8.4]}},{"type":"Feature","geometry":{"type":"Polygon","coordinates":[[[-115.64533,34.97636],[-115.58719,35.05829],[-115.64455,35.13856],[-115.7601,35.13684],[-115.81813,35.05488],[-115.76072,34.97467],[-115.64533,34.97636]]]},"properties":{"h3":"8529a26bfffffff","sunshine":[8.8,9.8,10.9,12.3,13.1,13.8,13.3,12.7,11.7,10.7,9.7,8.3]}},{"type":"Feature","geometry":{"type":"Polygon","coordinates":[[[-118.76692,36.01805],[-118.71131,36.10047],[-118.77073,36.17804],[-118.88579,36.17314],[-118.94125,36.0907],[-118.8818,36.01318],[-118.76692,36.01805]]]},"properties":{"h3":"8529ae2ffffffff","sunshine":[7.9,9,10.1,11.6,13.1,13.7,13.9,12.9,11.8,10.6,9.1,7.7]}},{"type":"Feature","geometry":{"type":"Polygon","coordinates":[[[-124.61957,41.21077],[-124.56782,41.29169],[-124.63238,41.36068],[-124.74868,41.3487],[-124.80024,41.26779],[-124.7357,41.19885],[-124.61957,41.21077]]]},"properties":{"h3":"8528030bfffffff","sunshine":[5.9,7.6,8.5,10.3,11.9,13.1,13.3,11.8,10.6,8.4,7,5.3]}},{"type":"Feature","geometry":{"type":"Polygon","coordinates":[[[-117.58646,38.36989],[-117.52838,38.45079],[-117.58859,38.52745],[-117.70691,38.52315],[-117.76485,38.44223],[-117.7046,38.36563],[-117.58646,38.36989]]]},"properties":{"h3":"85298eabfffffff","sunshine":[8.5,9.5,10.6,12,12.8,13.6,13.5,12.8,11.7,10.5,9.2,8]}},{"type":"Feature","geometry":{"type":"Polygon","coordinates":[[[-116.67322,33.00204],[-116.61705,33.08502],[-116.67393,33.16578],[-116.78701,33.16351],[-116.84305,33.08051],[-116.78614,32.9998],[-116.67322,33.00204]]]},"properties":{"h3":"8529a44ffffffff","sunshine":[8.4,9.1,10,11.3,12,13.5,13.5,12.6,11.4,10.4,9.4,7.9]}},{"type":"Feature","geometry":{"type":"Polygon","coordinates":[[[-115.46956,35.38399],[-115.41104,35.46568],[-115.46852,35.54581],[-115.58457,35.54418],[-115.64298,35.46246],[-115.58545,35.38239],[-115.46956,35.38399]]]},"properties":{"h3":"852984cbfffffff","sunshine":[8.6,9.7,10.8,12.3,13.1,13.8,13.2,12.6,11.7,10.7,9.6,8.2]}},{"type":"Feature","geometry":{"type":"Polygon","coordinates":[[[-121.691,36.25781],[-121.6384,36.34078],[-121.69907,36.41611],[-121.81234,36.4084],[-121.86478,36.32543],[-121.80411,36.25016],[-121.691,36.25781]]]},"properties":{"h3":"85291a7bfffffff","sunshine":[7.7,9,9.7,11.6,13.1,13.7,13.7,12.9,11.8,10.3,9.1,7.4]}},{"type":"Feature","geometry":{"type":"Polygon","coordinates":[[[-122.66442,38.31324],[-122.61188,38.39545],[-122.67406,38.46848],[-122.78878,38.45925],[-122.84115,38.37705],[-122.77897,38.30407],[-122.66442,38.31324]]]},"properties":{"h3":"85283037fffffff","sunshine":[6.8,8.6,9.1,11.3,12.6,13.3,13.2,12.4,11.3,9.4,8.2,6.1]}},{"type":"Feature","geometry":{"type":"Polygon","coordinates":[[[-116.33481,33.49927],[-116.27807,33.58199],[-116.33503,33.66269],[-116.44877,33.66062],[-116.50538,33.57788],[-116.44838,33.49723],[-116.33481,33.49927]]]},"properties":{"h3":"8529a633fffffff","sunshine":[8.8,9.7,10.9,12.1,13.2,13.7,13.5,12.6,11.6,10.7,9.7,8.3]}},{"type":"Feature","geometry":{"type":"Polygon","coordinates":[[[-121.57209,40.64092],[-121.51706,40.72159],[-121.58033,40.79349],[-121.69864,40.78466],[-121.75349,40.70399],[-121.69022,40.63214],[-121.57209,40.64092]]]},"properties":{"h3":"852810b3fffffff","sunshine":[6.5,8.1,8.8,11.1,12.7,13.9,14,13.1,11.7,9.6,7.8,5.8]}},{"type":"Feature","geometry":{"type":"Polygon","coordinates":[[[-123.06903,39.21268],[-123.0165,39.29449],[-123.07936,39.36648],[-123.19474,39.35659],[-123.2471,39.27478],[-123.18425,39.20285],[-123.06903,39.21268]]]},"properties":{"h3":"852806d3fffffff","sunshine":[6.2,8.1,8.6,11,12.6,13.8,14,12.9,11.6,9.5,7.9,5.9]}},{"type":"Feature","geometry":{"type":"Polygon","coordinates":[[[-120.76984,38.68323],[-120.71498,38.76485],[-120.77674,38.83901],[-120.89338,38.8315],[-120.94808,38.74987],[-120.88631,38.67576],[-120.76984,38.68323]]]},"properties":{"h3":"8528321bfffffff","sunshine":[6.9,8.2,8.9,11,12.8,13.6,13.9,13.1,11.5,9.9,8.1,6.5]}},{"type":"Feature","geometry":{"type":"Polygon","coordinates":[[[-119.79809,35.97046],[-119.74359,36.05316],[-119.80341,36.13005],[-119.91775,36.12419],[-119.97211,36.04148],[-119.91227,35.96465],[-119.79809,35.97046]]]},"properties":{"h3":"8529a817fffffff","sunshine":[7.8,9.4,10.4,11.8,13.3,13.8,13.8,12.9,11.8,10.6,9.1,7.5]}},{"type":"Feature","geometry":{"type":"Polygon","coordinates":[[[-120.15895,41.04319],[-120.1021,41.12324],[-120.16509,41.19583],[-120.28494,41.18832],[-120.34163,41.10827],[-120.27863,41.03573],[-120.15895,41.04319]]]},"properties":{"h3":"85281297fffffff","sunshine":[7,8.5,9.4,11.3,12.7,13.6,13.8,13.1,11.5,9.7,7.8,6]}},{"type":"Feature","geometry":{"type":"Polygon","coordinates":[[[-118.64717,38.32735],[-118.59021,38.4086],[-118.65089,38.48456],[-118.76855,38.47922],[-118.82535,38.39796],[-118.76465,38.32205],[-118.64717,38.32735]]]},"properties":{"h3":"85298893fffffff","sunshine":[8.5,9.6,10.7,12.1,12.9,13.4,13.5,12.9,11.7,10.5,9.2,8]}},{"type":"Feature","geometry":{"type":"Polygon","coordinates":[[[-120.65888,40.16599],[-120.60309,40.24673],[-120.66572,40.31973],[-120.78415,40.31194],[-120.83978,40.23119],[-120.77714,40.15824],[-120.65888,40.16599]]]},"properties":{"h3":"8528147bfffffff","sunshine":[6.7,8.4,9,11.2,12.6,13.6,13.9,13.1,11.6,9.8,7.8,6.1]}},{"type":"Feature","geometry":{"type":"Polygon","coordinates":[[[-117.01784,33.8118],[-116.9616,33.89461],[-117.01906,33.97472],[-117.13279,33.97196],[-117.18889,33.88913],[-117.1314,33.80908],[-117.01784,33.8118]]]},"properties":{"h3":"8529a01bfffffff","sunshine":[8.3,9.2,10.2,11.3,12.2,13.5,13.6,12.7,11.4,10.5,9.5,8.1]}},{"type":"Feature","geometry":{"type":"Polygon","coordinates":[[[-116.33875,36.25586],[-116.28059,36.33745],[-116.33899,36.41647],[-116.4556,36.41383],[-116.51363,36.33222],[-116.45518,36.25326],[-116.33875,36.25586]]]},"properties":{"h3":"85298097fffffff","sunshine":[8.7,9.7,10.8,12.1,13.2,13.8,13.6,12.8,11.7,10.7,9.4,8.2]}},{"type":"Feature","geometry":{"type":"Polygon","coordinates":[[[-117.75532,37.81054],[-117.69773,37.8918],[-117.75769,37.96877],[-117.87529,37.96443],[-117.93274,37.88315],[-117.87274,37.80623],[-117.75532,37.81054]]]},"properties":{"h3":"85298c5bfffffff","sunshine":[8.8,9.7,10.8,12.2,13,13.6,13.6,12.9,11.8,10.6,9.4,8.4]}},{"type":"Feature","geometry":{"type":"Polygon","coordinates":[[[-114.62757,33.35336],[-114.56933,33.43558],[-114.62532,33.51737],[-114.7396,33.5169],[-114.79772,33.43465],[-114.74168,33.35291],[-114.62757,33.35336]]]},"properties":{"h3":"85485b6ffffffff","sunshine":[9.1,9.8,10.9,12.4,13,13.5,13,12.6,11.6,10.8,9.7,8.4]}},{"type":"Feature","geometry":{"type":"Polygon","coordinates":[[[-120.45064,35.13489],[-120.39725,35.21806],[-120.45686,35.29506],[-120.56987,35.28882],[-120.62312,35.20564],[-120.5635,35.12871],[-120.45064,35.13489]]]},"properties":{"h3":"8529adc3fffffff","sunshine":[8.1,9.3,10.1,11.7,13.1,13.6,13.7,12.8,11.7,10.6,9.2,7.9]}},{"type":"Feature","geometry":{"type":"Polygon","coordinates":[[[-122.02151,36.07626],[-121.96937,36.15936],[-122.03004,36.23457],[-122.14286,36.22662],[-122.19485,36.14351],[-122.13417,36.06836],[-122.02151,36.07626]]]},"properties":{"h3":"85291a0ffffffff","sunshine":[7.7,9.2,9.5,11.3,12.3,12.7,12.5,11.7,11.2,10,9,7.4]}},{"type":"Feature","geometry":{"type":"Polygon","coordinates":[[[-120.7002,41.08492],[-120.64393,41.16509],[-120.70716,41.23725],[-120.82667,41.22918],[-120.88277,41.14901],[-120.81953,41.0769],[-120.7002,41.08492]]]},"properties":{"h3":"85281047fffffff","sunshine":[6.8,8.3,9.1,11.1,12.4,13.6,13.9,13.1,11.6,9.7,7.7,6]}},{"type":"Feature","geometry":{"type":"Polygon","coordinates":[[[-114.78152,34.74163],[-114.7227,34.82337],[-114.77947,34.9043],[-114.89512,34.90344],[-114.95382,34.82167],[-114.897,34.7408],[-114.78152,34.74163]]]},"properties":{"h3":"8529b18bfffffff","sunshine":[8.8,9.8,10.9,12.4,13,13.7,13.1,12.6,11.6,10.7,9.6,8.1]}},{"type":"Feature","geometry":{"type":"Polygon","coordinates":[[[-123.47976,40.10132],[-123.42723,40.18271],[-123.49077,40.25361],[-123.60682,40.24306],[-123.65916,40.16168],[-123.59564,40.09083],[-123.47976,40.10132]]]},"properties":{"h3":"85280667fffffff","sunshine":[5.9,7.7,8.2,10.6,12.2,13.8,14.1,13,11.5,9.4,7.5,5.6]}},{"type":"Feature","geometry":{"type":"Polygon","coordinates":[[[-123.43146,41.85499],[-123.37793,41.93528],[-123.44261,42.00463],[-123.56081,41.99362],[-123.61415,41.91333],[-123.54949,41.84403],[-123.43146,41.85499]]]},"properties":{"h3":"85281c0bfffffff","sunshine":[5.7,6.9,8,10,11.9,13.4,14.2,13.1,11.3,8.9,6.7,4.9]}},{"type":"Feature","geometry":{"type":"Polygon","coordinates":[[[-123.89022,38.59792],[-123.83895,38.68019],[-123.90166,38.75204],[-124.01561,38.74157],[-124.0667,38.65931],[-124.00401,38.58751],[-123.89022,38.59792]]]},"properties":{"h3":"852831affffffff","sunshine":[6.6,8.5,9.1,11,12.2,13.1,12.5,11.6,11,9.2,8.1,6.1]}},{"type":"Feature","geometry":{"type":"Polygon","coordinates":[[[-120.01174,41.89102],[-119.95423,41.97045],[-120.0177,42.04238],[-120.13871,42.03482],[-120.19605,41.95538],[-120.13256,41.88351],[-120.01174,41.89102]]]},"properties":{"h3":"8528122bfffffff","sunshine":[6.4,7.9,9.1,11,12.3,13.5,13.9,13.1,11.3,9.3,7.2,5.5]}},{"type":"Feature","geometry":{"type":"Polygon","coordinates":[[[-121.01035,36.30155],[-120.95698,36.38437],[-121.01744,36.46016],[-121.13127,36.45308],[-121.18449,36.37025],[-121.12402,36.29451],[-121.01035,36.30155]]]},"properties":{"h3":"8529a98ffffffff","sunshine":[7.9,9.2,10,11.7,13.2,13.8,13.8,13,11.8,10.4,9,7.6]}},{"type":"Feature","geometry":{"type":"Polygon","coordinates":[[[-122.33845,38.65073],[-122.28536,38.73271],[-122.34765,38.80572],[-122.46302,38.7967],[-122.51593,38.71472],[-122.45365,38.64177],[-122.33845,38.65073]]]},"properties":{"h3":"85283393fffffff","sunshine":[6.7,8.6,9.1,11.3,13,13.9,13.9,13,11.8,9.8,8.2,6.2]}},{"type":"Feature","geometry":{"type":"Polygon","coordinates":[[[-121.00603,39.98857],[-120.95072,40.06951],[-121.01337,40.1424],[-121.13134,40.13431],[-121.18648,40.05337],[-121.12382,39.98053],[-121.00603,39.98857]]]},"properties":{"h3":"8528140ffffffff","sunshine":[6.5,8.1,8.6,11,12.6,13.6,13.9,13.1,11.6,9.7,7.7,5.9]}},{"type":"Feature","geometry":{"type":"Polygon","coordinates":[[[-114.27672,33.84592],[-114.21791,33.92783],[-114.27395,34.00957],[-114.38885,34.00933],[-114.44754,33.92739],[-114.39145,33.84571],[-114.27672,33.84592]]]},"properties":{"h3":"8529b553fffffff","sunshine":[9,9.8,10.9,12.5,12.9,13.5,13,12.6,11.5,10.7,9.6,8.3]}},{"type":"Feature","geometry":{"type":"Polygon","coordinates":[[[-116.16387,37.14079],[-116.10506,37.22188],[-116.16385,37.30039],[-116.2815,37.29775],[-116.34019,37.21664],[-116.28135,37.13818],[-116.16387,37.14079]]]},"properties":{"h3":"8529802bfffffff","sunshine":[8.5,9.4,10.4,12.1,13.1,13.9,13.5,12.8,11.8,10.6,9.2,8]}},{"type":"Feature","geometry":{"type":"Polygon","coordinates":[[[-119.49896,37.41816],[-119.44339,37.50012],[-119.50391,37.57619],[-119.62002,37.57023],[-119.67543,37.48826],[-119.6149,37.41225],[-119.49896,37.41816]]]},"properties":{"h3":"8529ab73fffffff","sunshine":[7.7,8.6,9.4,11.4,12.9,13.6,13.8,13.1,11.7,10.4,8.7,7.4]}},{"type":"Feature","geometry":{"type":"Polygon","coordinates":[[[-124.19734,40.34044],[-124.14554,40.42181],[-124.20943,40.49193],[-124.3251,40.48062],[-124.37671,40.39926],[-124.31284,40.32919],[-124.19734,40.34044]]]},"properties":{"h3":"8528004ffffffff","sunshine":[5.9,7.4,8.2,10.2,11.5,13,12.9,12.3,11.1,9,7.3,5.3]}},{"type":"Feature","geometry":{"type":"Polygon","coordinates":[[[-118.54736,33.84763],[-118.49262,33.93083],[-118.55079,34.00993],[-118.66372,34.00577],[-118.71832,33.92256],[-118.66013,33.84352],[-118.54736,33.84763]]]},"properties":{"h3":"8529a193fffffff","sunshine":[8.5,9.5,10.5,11.6,12.5,12.9,13.3,12.4,11.3,10.3,9.5,8.3]}},{"type":"Feature","geometry":{"type":"Polygon","coordinates":[[[-114.80568,32.77761],[-114.7479,32.86009],[-114.8037,32.94208],[-114.91734,32.94154],[-114.97501,32.85903],[-114.91916,32.7771],[-114.80568,32.77761]]]},"properties":{"h3":"85485b03fffffff","sunshine":[9.1,9.9,11.1,12.4,13,13.5,13.1,12.6,11.5,10.8,9.8,8.6]}},{"type":"Feature","geometry":{"type":"Polygon","coordinates":[[[-120.46309,35.45505],[-120.40955,35.5381],[-120.46934,35.61488],[-120.58268,35.60854],[-120.63607,35.52548],[-120.57627,35.44877],[-120.46309,35.45505]]]},"properties":{"h3":"8529ad57fffffff","sunshine":[8.1,9.3,10.2,11.8,13.3,13.7,13.8,12.9,11.7,10.6,9.2,7.9]}},{"type":"Feature","geometry":{"type":"Polygon","coordinates":[[[-123.88498,40.82783],[-123.83255,40.90886],[-123.89668,40.97879],[-124.01321,40.96764],[-124.06546,40.88661],[-124.00135,40.81673],[-123.88498,40.82783]]]},"properties":{"h3":"85280233fffffff","sunshine":[5.9,7.3,8.2,10.1,11.7,13.4,13.9,12.9,11.3,9.2,7.3,5.4]}},{"type":"Feature","geometry":{"type":"Polygon","coordinates":[[[-119.33666,37.82167],[-119.28071,37.90339],[-119.34139,37.97926],[-119.45805,37.97336],[-119.51385,37.89164],[-119.45315,37.81582],[-119.33666,37.82167]]]},"properties":{"h3":"85298dd3fffffff","sunshine":[7.7,8.6,9.6,11.5,12.9,13.5,13.7,13,11.7,10.4,8.7,7.4]}},{"type":"Feature","geometry":{"type":"Polygon","coordinates":[[[-117.20225,35.34851],[-117.14541,35.43078],[-117.20375,35.50984],[-117.31897,35.50657],[-117.37568,35.42428],[-117.3173,35.34528],[-117.20225,35.34851]]]},"properties":{"h3":"8529a377fffffff","sunshine":[8.7,9.8,11,12.2,13.3,13.8,13.7,12.8,11.8,10.8,9.7,8.4]}},{"type":"Feature","geometry":{"type":"Polygon","coordinates":[[[-117.69174,33.30499],[-117.63642,33.38815],[-117.69393,33.46811],[-117.80679,33.46485],[-117.86199,33.38167],[-117.80445,33.30177],[-117.69174,33.30499]]]},"properties":{"h3":"8529a55bfffffff","sunshine":[8.6,9.6,10.6,11.5,12.1,13,13.4,12.4,11.3,10.3,9.6,8.2]}},{"type":"Feature","geometry":{"type":"Polygon","coordinates":[[[-117.03269,35.75629],[-116.97547,35.83833],[-117.03395,35.91724],[-117.14969,35.91404],[-117.20678,35.83198],[-117.14826,35.75313],[-117.03269,35.75629]]]},"properties":{"h3":"852985d7fffffff","sunshine":[8.7,9.7,11,12.2,13.3,13.8,13.7,12.8,11.8,10.7,9.5,8.3]}},{"type":"Feature","geometry":{"type":"Polygon","coordinates":[[[-122.86099,38.68694],[-122.80848,38.769],[-122.87095,38.84158],[-122.98592,38.83205],[-123.03826,38.75],[-122.97579,38.67747],[-122.86099,38.68694]]]},"properties":{"h3":"85283143fffffff","sunshine":[6.6,8.4,9,11.2,12.8,13.8,13.9,12.9,11.7,9.7,8.2,6.1]}},{"type":"Feature","geometry":{"type":"Polygon","coordinates":[[[-121.2066,36.84503],[-121.15317,36.92766],[-121.21401,37.00291],[-121.32828,36.99549],[-121.38155,36.91286],[-121.3207,36.83766],[-121.2066,36.84503]]]},"properties":{"h3":"8529a923fffffff","sunshine":[7.7,9.1,9.7,11.4,12.9,13.6,13.7,12.8,11.7,10.3,9,7.4]}},{"type":"Feature","geometry":{"type":"Polygon","coordinates":[[[-122.74238,39.54923],[-122.68929,39.6308],[-122.75226,39.70275],[-122.86831,39.69308],[-122.92123,39.61151],[-122.85827,39.53961],[-122.74238,39.54923]]]},"properties":{"h3":"85283327fffffff","sunshine":[6.7,8.4,9,11.2,12.8,13.9,14.1,13,11.8,9.7,8.1,6]}},{"type":"Feature","geometry":{"type":"Polygon","coordinates":[[[-121.63873,41.85478],[-121.58309,41.93468],[-121.64718,42.00542],[-121.76691,41.99621],[-121.82238,41.91631],[-121.75829,41.84562],[-121.63873,41.85478]]]},"properties":{"h3":"852813a3fffffff","sunshine":[6.6,8.1,9,11.1,12.4,13.7,14,13.1,11.5,9.4,7.4,5.6]}},{"type":"Feature","geometry":{"type":"Polygon","coordinates":[[[-119.84107,37.24202],[-119.78596,37.32415],[-119.84652,37.4001],[-119.9622,37.39386],[-120.01716,37.31172],[-119.95659,37.23582],[-119.84107,37.24202]]]},"properties":{"h3":"8529ab07fffffff","sunshine":[7.7,8.7,9.6,11.4,13.1,13.6,13.9,13,11.7,10.4,8.7,7.3]}},{"type":"Feature","geometry":{"type":"Polygon","coordinates":[[[-122.59246,39.94703],[-122.53899,40.02834],[-122.60216,40.10007],[-122.7188,40.09043],[-122.7721,40.00912],[-122.70894,39.93744],[-122.59246,39.94703]]]},"properties":{"h3":"85281587fffffff","sunshine":[6.4,8.4,8.9,11.3,12.8,13.9,14.1,13,11.8,9.7,8,5.9]}},{"type":"Feature","geometry":{"type":"Polygon","coordinates":[[[-118.90909,34.80566],[-118.85425,34.8886],[-118.91307,34.96688],[-119.02676,34.96215],[-119.08147,34.87918],[-119.02262,34.80097],[-118.90909,34.80566]]]},"properties":{"h3":"8529a127fffffff","sunshine":[8.3,9.5,10.4,11.9,13.2,13.8,13.8,12.9,11.8,10.7,9.4,8]}},{"type":"Feature","geometry":{"type":"Polygon","coordinates":[[[-117.74592,37.17558],[-117.68866,37.25717],[-117.74826,37.33462],[-117.86515,37.33043],[-117.92228,37.24882],[-117.86264,37.17143],[-117.74592,37.17558]]]},"properties":{"h3":"852981a3fffffff","sunshine":[8.7,9.6,10.7,12.3,13.2,13.8,13.7,13,11.8,10.7,9.4,8.4]}},{"type":"Feature","geometry":{"type":"Polygon","coordinates":[[[-119.71757,38.7454],[-119.66153,38.82672],[-119.72291,38.9016],[-119.84036,38.8951],[-119.89625,38.81377],[-119.83485,38.73894],[-119.71757,38.7454]]]},"properties":{"h3":"85298d67fffffff","sunshine":[7.9,9,10.2,11.9,12.9,13.6,13.7,13.1,11.7,10.3,8.7,7.2]}},{"type":"Feature","geometry":{"type":"Polygon","coordinates":[[[-117.02768,35.11076],[-116.9708,35.19308],[-117.02893,35.2724],[-117.14399,35.26935],[-117.20075,35.18701],[-117.14257,35.10774],[-117.02768,35.11076]]]},"properties":{"h3":"8529a30bfffffff","sunshine":[8.7,9.7,10.9,12.2,13.3,13.8,13.6,12.8,11.8,10.7,9.7,8.3]}},{"type":"Feature","geometry":{"type":"Polygon","coordinates":[[[-116.34067,37.53534],[-116.28181,37.61628],[-116.34092,37.69439],[-116.45893,37.6915],[-116.51765,37.61054],[-116.45851,37.53248],[-116.34067,37.53534]]]},"properties":{"h3":"85298387fffffff","sunshine":[8.6,9.5,10.5,12.1,13,13.8,13.5,12.8,11.7,10.6,9.3,8.1]}},{"type":"Feature","geometry":{"type":"Polygon","coordinates":[[[-118.06495,35.4022],[-118.00895,35.48469],[-118.06772,35.56315],[-118.18254,35.55906],[-118.23841,35.47654],[-118.1796,35.39814],[-118.06495,35.4022]]]},"properties":{"h3":"8529aecffffffff","sunshine":[8.5,9.7,10.9,12.2,13.4,13.8,13.8,12.9,11.9,10.8,9.6,8.3]}},{"type":"Feature","geometry":{"type":"Polygon","coordinates":[[[-116.86479,36.64406],[-116.80694,36.72564],[-116.86582,36.80405],[-116.98259,36.80082],[-117.04032,36.71923],[-116.9814,36.64088],[-116.86479,36.64406]]]},"properties":{"h3":"8529856bfffffff","sunshine":[8.7,9.7,10.9,12.2,13.2,13.8,13.7,12.9,11.7,10.7,9.4,8.2]}},{"type":"Feature","geometry":{"type":"Polygon","coordinates":[[[-115.65532,32.85342],[-115.59827,32.93614],[-115.65456,33.0176],[-115.76795,33.01628],[-115.82488,32.93353],[-115.76854,32.85213],[-115.65532,32.85342]]]},"properties":{"h3":"8529a6d3fffffff","sunshine":[9.1,9.9,11.2,12.3,13.1,13.6,13.3,12.6,11.5,10.8,9.8,8.5]}},{"type":"Feature","geometry":{"type":"Polygon","coordinates":[[[-121.94056,37.74172],[-121.8875,37.82408],[-121.94911,37.89811],[-122.06379,37.88974],[-122.11669,37.80738],[-122.05508,37.7334],[-121.94056,37.74172]]]},"properties":{"h3":"852830d7fffffff","sunshine":[7.2,8.7,9.3,11.2,12.5,13.2,13.1,12.4,11.3,9.8,8.5,6.8]}},{"type":"Feature","geometry":{"type":"Polygon","coordinates":[[[-121.78772,41.31208],[-121.73257,41.39238],[-121.79635,41.4635],[-121.91529,41.45428],[-121.97028,41.37399],[-121.90649,41.30291],[-121.78772,41.31208]]]},"properties":{"h3":"85281153fffffff","sunshine":[6.1,8,8.3,11,12.4,13.7,14,13.1,11.5,9.5,7.3,5.6]}},{"type":"Feature","geometry":{"type":"Polygon","coordinates":[[[-120.30821,35.86372],[-120.2543,35.94657],[-120.31426,36.02318],[-120.42814,36.01687],[-120.4819,35.934],[-120.42192,35.85746],[-120.30821,35.86372]]]},"properties":{"h3":"8529a8b7fffffff","sunshine":[8,9.4,10.3,11.9,13.4,13.8,13.9,13,11.8,10.6,9.2,7.9]}},{"type":"Feature","geometry":{"type":"Polygon","coordinates":[[[-121.28935,38.57089],[-121.23513,38.6527],[-121.29701,38.72656],[-121.41313,38.71857],[-121.46719,38.63677],[-121.4053,38.56295],[-121.28935,38.57089]]]},"properties":{"h3":"852832bbfffffff","sunshine":[6.6,8.5,9.2,11.2,13,13.6,13.8,13.1,11.6,9.9,8,6.1]}},{"type":"Feature","geometry":{"type":"Polygon","coordinates":[[[-120.09862,39.50384],[-120.04257,39.58483],[-120.10457,39.6588],[-120.22263,39.65174],[-120.27852,39.57074],[-120.21651,39.49681],[-120.09862,39.50384]]]},"properties":{"h3":"85298933fffffff","sunshine":[7.6,8.8,9.8,11.7,12.8,13.6,13.8,13,11.6,10,8.5,6.8]}},{"type":"Feature","geometry":{"type":"Polygon","coordinates":[[[-118.42513,36.19211],[-118.36909,36.27437],[-118.42845,36.35206],[-118.5439,36.34743],[-118.5998,36.26516],[-118.54041,36.18753],[-118.42513,36.19211]]]},"properties":{"h3":"8529aa9bfffffff","sunshine":[8.1,9.2,10.3,12,13.2,13.7,13.7,13,11.8,10.6,9.3,7.9]}},{"type":"Feature","geometry":{"type":"Polygon","coordinates":[[[-122.08038,40.21862],[-122.02617,40.29967],[-122.08935,40.37155],[-122.20674,40.36234],[-122.26078,40.28129],[-122.1976,40.20946],[-122.08038,40.21862]]]},"properties":{"h3":"8528151bfffffff","sunshine":[6.3,8.3,8.8,11.1,12.8,13.8,14,13,11.7,9.7,7.8,5.8]}},{"type":"Feature","geometry":{"type":"Polygon","coordinates":[[[-117.52742,33.71731],[-117.47173,33.80029],[-117.52938,33.88013],[-117.64275,33.87693],[-117.69831,33.79392],[-117.64063,33.71415],[-117.52742,33.71731]]]},"properties":{"h3":"8529a0bbfffffff","sunshine":[8.4,9.4,10.3,11.4,12.3,13.4,13.7,12.7,11.4,10.4,9.5,8]}},{"type":"Feature","geometry":{"type":"Polygon","coordinates":[[[-117.75061,37.49346],[-117.69318,37.57489],[-117.75296,37.6521],[-117.87021,37.64783],[-117.92749,37.56639],[-117.86768,37.48923],[-117.75061,37.49346]]]},"properties":{"h3":"85298137fffffff","sunshine":[8.8,9.8,10.9,12.3,13.1,13.7,13.7,12.9,11.8,10.6,9.4,8.5]}},{"type":"Feature","geometry":{"type":"Polygon","coordinates":[[[-121.05321,37.25044],[-120.99941,37.33284],[-121.06043,37.40791],[-121.17526,37.40052],[-121.2289,37.31811],[-121.16787,37.24309],[-121.05321,37.25044]]]},"properties":{"h3":"85283683fffffff","sunshine":[7.5,9,9.8,11.5,13.3,13.7,13.8,13,11.8,10.4,8.8,7.2]}},{"type":"Feature","geometry":{"type":"Polygon","coordinates":[[[-118.24751,35.95844],[-118.1914,36.04075],[-118.25056,36.11871],[-118.36586,36.11431],[-118.42182,36.03199],[-118.36264,35.95408],[-118.24751,35.95844]]]},"properties":{"h3":"8529ae63fffffff","sunshine":[8.3,9.4,10.6,12,13.3,13.8,13.8,13,11.9,10.7,9.4,8.1]}},{"type":"Feature","geometry":{"type":"Polygon","coordinates":[[[-115.99324,33.83166],[-115.93601,33.91415],[-115.99297,33.99488],[-116.10719,33.99306],[-116.1643,33.91054],[-116.1073,33.82986],[-115.99324,33.83166]]]},"properties":{"h3":"8529a667fffffff","sunshine":[9,10,11.2,12.3,13.2,13.7,13.5,12.7,11.6,10.8,9.8,8.4]}},{"type":"Feature","geometry":{"type":"Polygon","coordinates":[[[-121.81454,38.61206],[-121.76088,38.69395],[-121.82297,38.76739],[-121.93872,38.75888],[-121.99222,38.67699],[-121.93012,38.6036],[-121.81454,38.61206]]]},"properties":{"h3":"8528306bfffffff","sunshine":[6.8,8.6,9.2,11.4,13.1,13.8,13.9,13,11.8,9.9,8.3,6.3]}},{"type":"Feature","geometry":{"type":"Polygon","coordinates":[[[-123.95567,41.73002],[-123.90284,41.8105],[-123.96758,41.87955],[-124.08514,41.86806],[-124.13779,41.78759],[-124.07306,41.71859],[-123.95567,41.73002]]]},"properties":{"h3":"85281cabfffffff","sunshine":[5.6,6.9,7.9,9.9,11.8,13.3,13.9,12.9,11.1,8.6,6.8,5]}},{"type":"Feature","geometry":{"type":"Polygon","coordinates":[[[-120.43268,39.0166],[-120.37727,39.09796],[-120.4391,39.1721],[-120.55636,39.16482],[-120.61162,39.08346],[-120.54977,39.00937],[-120.43268,39.0166]]]},"properties":{"h3":"8528324ffffffff","sunshine":[6.8,7.9,8.5,11,12.4,13.5,13.8,13.1,11.5,9.9,7.9,6.4]}},{"type":"Feature","geometry":{"type":"Polygon","coordinates":[[[-118.94532,36.25054],[-118.88978,36.33291],[-118.94941,36.4102],[-119.0646,36.40507],[-119.11999,36.32269],[-119.06034,36.24546],[-118.94532,36.25054]]]},"properties":{"h3":"8529a84bfffffff","sunshine":[7.7,9,9.9,11.6,13,13.8,13.9,12.9,11.8,10.5,9.1,7.6]}},{"type":"Feature","geometry":{"type":"Polygon","coordinates":[[[-118.30065,38.65703],[-118.24315,38.73799],[-118.30386,38.81393],[-118.4221,38.80886],[-118.47946,38.72788],[-118.41871,38.65199],[-118.30065,38.65703]]]},"properties":{"h3":"852988c7fffffff","sunshine":[8.3,9.4,10.4,11.8,12.7,13.4,13.5,12.9,11.6,10.4,9,7.9]}},{"type":"Feature","geometry":{"type":"Polygon","coordinates":[[[-122.42279,37.15539],[-122.37056,37.2381],[-122.43198,37.31222],[-122.54563,37.30357],[-122.59769,37.22086],[-122.53627,37.14679],[-122.42279,37.15539]]]},"properties":{"h3":"85283433fffffff","sunshine":[7.4,8.9,9.5,11.1,12.4,13,12.9,12.2,11.3,9.8,8.6,7]}},{"type":"Feature","geometry":{"type":"Polygon","coordinates":[[[-118.79386,37.13414],[-118.7377,37.21605],[-118.79776,37.29282],[-118.914,37.28761],[-118.97001,37.20569],[-118.90993,37.12897],[-118.79386,37.13414]]]},"properties":{"h3":"8529aa2ffffffff","sunshine":[8,9,10,11.7,13.1,13.6,13.7,13,11.8,10.6,9,7.7]}},{"type":"Feature","geometry":{"type":"Polygon","coordinates":[[[-121.53126,39.87458],[-121.4766,39.95571],[-121.53937,40.02831],[-121.6568,40.01972],[-121.71129,39.93859],[-121.64851,39.86605],[-121.53126,39.87458]]]},"properties":{"h3":"852814affffffff","sunshine":[6.3,8,8.4,10.9,12.7,13.7,13.9,13,11.7,9.7,7.8,5.9]}},{"type":"Feature","geometry":{"type":"Polygon","coordinates":[[[-116.67825,34.14525],[-116.62152,34.22784],[-116.67898,34.30797],[-116.79321,34.30545],[-116.84982,34.22283],[-116.79232,34.14276],[-116.67825,34.14525]]]},"properties":{"h3":"8529a04ffffffff","sunshine":[8.7,9.8,10.9,12.2,13.3,13.8,13.6,12.8,11.7,10.7,9.8,8.4]}},{"type":"Feature","geometry":{"type":"Polygon","coordinates":[[[-119.58913,34.77599],[-119.535,34.8591],[-119.59409,34.93693],[-119.70732,34.93158],[-119.76131,34.84845],[-119.7022,34.77068],[-119.58913,34.77599]]]},"properties":{"h3":"8529ac13fffffff","sunshine":[8.3,9.5,10.5,11.9,13.4,13.8,13.8,13,11.8,10.7,9.3,8.1]}},{"type":"Feature","geometry":{"type":"Polygon","coordinates":[[[-121.06767,37.5652],[-121.01372,37.64746],[-121.07493,37.72228],[-121.19009,37.71478],[-121.24388,37.63252],[-121.18266,37.55775],[-121.06767,37.5652]]]},"properties":{"h3":"85283617fffffff","sunshine":[7,8.8,9.6,11.4,13.1,13.7,13.8,13,11.7,10.2,8.4,6.6]}},{"type":"Feature","geometry":{"type":"Polygon","coordinates":[[[-119.93587,39.90132],[-119.87943,39.98203],[-119.9416,40.05578],[-120.06024,40.04878],[-120.11653,39.96806],[-120.05433,39.89436],[-119.93587,39.90132]]]},"properties":{"h3":"85281693fffffff","sunshine":[7.6,9,9.9,11.8,12.9,13.6,13.8,13,11.6,10.1,8.5,6.9]}},{"type":"Feature","geometry":{"type":"Polygon","coordinates":[[[-118.62873,37.53816],[-118.57218,37.61982],[-118.6324,37.6964],[-118.74918,37.69126],[-118.80558,37.60958],[-118.74535,37.53306],[-118.62873,37.53816]]]},"properties":{"h3":"85298c8ffffffff","sunshine":[8.4,9.4,10.7,12.1,13.2,13.6,13.7,13,11.8,10.6,9.2,8]}},{"type":"Feature","geometry":{"type":"Polygon","coordinates":[[[-116.33641,34.64007],[-116.27909,34.72236],[-116.33664,34.80241],[-116.45154,34.80011],[-116.50873,34.71779],[-116.45114,34.6378],[-116.33641,34.64007]]]},"properties":{"h3":"8529a233fffffff","sunshine":[8.9,9.9,11,12.2,13.2,13.7,13.5,12.6,11.7,10.7,9.8,8.4]}},{"type":"Feature","geometry":{"type":"Polygon","coordinates":[[[-115.31661,32.69228],[-115.25933,32.77494],[-115.31537,32.85668],[-115.42873,32.8557],[-115.48589,32.773],[-115.42981,32.69132],[-115.31661,32.69228]]]},"properties":{"h3":"85485ba3fffffff","sunshine":[9.1,9.9,11.2,12.4,13,13.6,13.2,12.6,11.4,10.8,9.8,8.6]}},{"type":"Feature","geometry":{"type":"Polygon","coordinates":[[[-123.14193,40.28459],[-123.08891,40.36581],[-123.15247,40.43681],[-123.26904,40.42654],[-123.32187,40.34532],[-123.25833,40.27437],[-123.14193,40.28459]]]},"properties":{"h3":"852802d3fffffff","sunshine":[6.1,7.9,8.6,10.8,12.3,13.8,14.2,13,11.5,9.5,7.6,5.6]}},{"type":"Feature","geometry":{"type":"Polygon","coordinates":[[[-117.05598,38.62411],[-116.99722,38.7047],[-117.05731,38.78151],[-117.1762,38.77769],[-117.23482,38.69709],[-117.17469,38.62033],[-117.05598,38.62411]]]},"properties":{"h3":"85298e73fffffff","sunshine":[8.3,9.3,10.3,11.9,12.8,13.7,13.5,12.8,11.7,10.4,9,7.7]}},{"type":"Feature","geometry":{"type":"Polygon","coordinates":[[[-117.34651,32.65967],[-117.29117,32.74294],[-117.34819,32.82347],[-117.4606,32.82067],[-117.51582,32.73738],[-117.45876,32.65692],[-117.34651,32.65967]]]},"properties":{"h3":"8529a417fffffff","sunshine":[8.8,9.6,10.6,11.4,11.8,12.5,12.7,12,11,10.2,9.6,8.3]}},{"type":"Feature","geometry":{"type":"Polygon","coordinates":[[[-116.16415,35.04895],[-116.10646,35.13103],[-116.16413,35.21093],[-116.27954,35.20871],[-116.3371,35.12661],[-116.27939,35.04676],[-116.16415,35.04895]]]},"properties":{"h3":"85298493fffffff","sunshine":[8.8,9.8,10.9,12.2,13.2,13.7,13.5,12.7,11.7,10.7,9.6,8.3]}},{"type":"Feature","geometry":{"type":"Polygon","coordinates":[[[-121.50946,36.03119],[-121.45677,36.11421],[-121.51725,36.18983],[-121.63042,36.18237],[-121.68295,36.09933],[-121.62247,36.02377],[-121.50946,36.03119]]]},"properties":{"h3":"85291a43fffffff","sunshine":[7.8,9.1,9.7,11.8,13.3,13.8,13.8,12.9,11.8,10.4,9.1,7.5]}},{"type":"Feature","geometry":{"type":"Polygon","coordinates":[[[-120.70716,41.23725],[-120.65081,41.31732],[-120.71415,41.38933],[-120.83384,41.38122],[-120.89002,41.30114],[-120.82667,41.22918],[-120.70716,41.23725]]]},"properties":{"h3":"8528107bfffffff","sunshine":[6.8,8.3,9.1,11.1,12.5,13.6,13.9,13.1,11.5,9.7,7.7,6]}},{"type":"Feature","geometry":{"type":"Polygon","coordinates":[[[-123.41435,39.18288],[-123.36223,39.26477],[-123.42517,39.3365],[-123.54022,39.3263],[-123.59216,39.24441],[-123.52923,39.17273],[-123.41435,39.18288]]]},"properties":{"h3":"8528069bfffffff","sunshine":[6.3,8.2,8.7,10.9,12.2,13.5,13.6,12.6,11.4,9.4,8,5.9]}},{"type":"Feature","geometry":{"type":"Polygon","coordinates":[[[-119.2273,33.98346],[-119.17318,34.06677],[-119.2317,34.14533],[-119.34436,34.14052],[-119.39833,34.0572],[-119.33979,33.9787],[-119.2273,33.98346]]]},"properties":{"h3":"85291247fffffff","sunshine":[8.4,9.6,10.5,11.7,12.8,13,13.3,12.4,11.5,10.5,9.5,8.3]}},{"type":"Feature","geometry":{"type":"Polygon","coordinates":[[[-117.77206,38.91378],[-117.71387,38.99443],[-117.77448,39.07053],[-117.89332,39.06593],[-117.95137,38.98526],[-117.89072,38.90921],[-117.77206,38.91378]]]},"properties":{"h3":"8529885bfffffff","sunshine":[8.2,9.2,10.3,11.6,12.6,13.5,13.5,12.9,11.6,10.3,8.8,7.7]}},{"type":"Feature","geometry":{"type":"Polygon","coordinates":[[[-120.49453,36.25242],[-120.44062,36.33516],[-120.50087,36.41136],[-120.61503,36.40477],[-120.66878,36.32202],[-120.60852,36.24588],[-120.49453,36.25242]]]},"properties":{"h3":"8529a9c3fffffff","sunshine":[8,9.3,10,11.8,13.3,13.8,13.9,13.1,11.8,10.6,9.1,7.7]}},{"type":"Feature","geometry":{"type":"Polygon","coordinates":[[[-122.00964,38.98707],[-121.956,39.0688],[-122.01839,39.14178],[-122.13441,39.13298],[-122.18787,39.05125],[-122.12549,38.97832],[-122.00964,38.98707]]]},"properties":{"h3":"852833c7fffffff","sunshine":[6.8,8.7,9.3,11.4,13.1,13.8,13.9,13,11.8,9.9,8.3,6.3]}},{"type":"Feature","geometry":{"type":"Polygon","coordinates":[[[-120.4715,39.94625],[-120.41562,40.02707],[-120.47804,40.1004],[-120.59635,40.09285],[-120.65207,40.01202],[-120.58964,39.93874],[-120.4715,39.94625]]]},"properties":{"h3":"85281443fffffff","sunshine":[7,8.5,9.2,11.4,12.7,13.6,13.9,13,11.6,9.9,8,6.4]}},{"type":"Feature","geometry":{"type":"Polygon","coordinates":[[[-115.13849,33.59629],[-115.08059,33.6786],[-115.13698,33.75997],[-115.25132,33.75898],[-115.3091,33.67665],[-115.25266,33.59533],[-115.13849,33.59629]]]},"properties":{"h3":"8529b587fffffff","sunshine":[9,9.9,11.1,12.4,13,13.6,13.2,12.6,11.5,10.8,9.8,8.4]}},{"type":"Feature","geometry":{"type":"Polygon","coordinates":[[[-120.35711,37.13429],[-120.30261,37.2166],[-120.36331,37.29226],[-120.47852,37.28556],[-120.53286,37.20324],[-120.47216,37.12763],[-120.35711,37.13429]]]},"properties":{"h3":"8529aba7fffffff","sunshine":[7.5,9,9.8,11.5,13.2,13.7,13.9,13,11.7,10.4,8.8,6.9]}},{"type":"Feature","geometry":{"type":"Polygon","coordinates":[[[-120.32885,40.80263],[-120.27233,40.88289],[-120.33523,40.95557],[-120.45467,40.94795],[-120.51103,40.86769],[-120.44811,40.79506],[-120.32885,40.80263]]]},"properties":{"h3":"85281627fffffff","sunshine":[6.9,8.5,9.3,11.3,12.5,13.6,13.8,13.1,11.5,9.7,7.8,5.9]}},{"type":"Feature","geometry":{"type":"Polygon","coordinates":[[[-118.81741,38.08322],[-118.76077,38.16466],[-118.82138,38.24069],[-118.93866,38.23524],[-118.99515,38.15379],[-118.93452,38.07781],[-118.81741,38.08322]]]},"properties":{"h3":"85298c23fffffff","sunshine":[8.5,9.6,10.8,12.2,13.1,13.5,13.6,12.9,11.7,10.5,9.1,8]}},{"type":"Feature","geometry":{"type":"Polygon","coordinates":[[[-118.21452,34.18408],[-118.15928,34.26708],[-118.21747,34.3462],[-118.33094,34.34226],[-118.38605,34.25924],[-118.32782,34.18018],[-118.21452,34.18408]]]},"properties":{"h3":"8529a1c7fffffff","sunshine":[8.4,9.3,10.1,11.6,12.7,13.5,13.7,12.8,11.6,10.5,9.5,8.1]}},{"type":"Feature","geometry":{"type":"Polygon","coordinates":[[[-120.78895,35.11604],[-120.73593,35.19928],[-120.79565,35.27605],[-120.9084,35.26951],[-120.96128,35.18626],[-120.90155,35.10955],[-120.78895,35.11604]]]},"properties":{"h3":"8529ad8bfffffff","sunshine":[8.1,9.4,10.1,11.6,12.9,13.2,13.2,12.4,11.5,10.4,9.2,7.9]}},{"type":"Feature","geometry":{"type":"Polygon","coordinates":[[[-115.31412,33.02096],[-115.25668,33.10352],[-115.31287,33.18509],[-115.42656,33.18405],[-115.48389,33.10146],[-115.42765,33.01994],[-115.31412,33.02096]]]},"properties":{"h3":"85485b37fffffff","sunshine":[9.1,9.9,11.1,12.4,13,13.6,13.3,12.6,11.5,10.8,9.8,8.5]}},{"type":"Feature","geometry":{"type":"Polygon","coordinates":[[[-123.55756,41.16248],[-123.50456,41.24324],[-123.56881,41.31313],[-123.68605,41.3022],[-123.73887,41.22143],[-123.67463,41.1516],[-123.55756,41.16248]]]},"properties":{"h3":"85280267fffffff","sunshine":[5.8,7.3,8.2,10.1,12,13.6,14.1,13.1,11.4,9.2,7.1,5.2]}},{"type":"Feature","geometry":{"type":"Polygon","coordinates":[[[-117.41005,38.4549],[-117.35175,38.53569],[-117.41191,38.6124],[-117.53043,38.60826],[-117.58859,38.52745],[-117.52838,38.45079],[-117.41005,38.4549]]]},"properties":{"h3":"85298e07fffffff","sunshine":[8.4,9.4,10.5,12,12.8,13.6,13.5,12.9,11.7,10.5,9.2,7.9]}},{"type":"Feature","geometry":{"type":"Polygon","coordinates":[[[-117.54321,35.01555],[-117.48688,35.09805],[-117.54521,35.1771],[-117.6599,35.17359],[-117.7161,35.09106],[-117.65774,35.01207],[-117.54321,35.01555]]]},"properties":{"h3":"8529a3abfffffff","sunshine":[8.7,9.7,10.9,12.1,13.4,13.8,13.7,12.8,11.8,10.7,9.7,8.4]}},{"type":"Feature","geometry":{"type":"Polygon","coordinates":[[[-116.51264,36.01074],[-116.45477,36.09251],[-116.51313,36.17157],[-116.6294,36.16882],[-116.68713,36.08704],[-116.62873,36.00803],[-116.51264,36.01074]]]},"properties":{"h3":"85298427fffffff","sunshine":[8.6,9.7,10.8,12.1,13.1,13.7,13.5,12.8,11.7,10.7,9.5,8.2]}},{"type":"Feature","geometry":{"type":"Polygon","coordinates":[[[-123.93619,39.2131],[-123.88467,39.29505],[-123.94776,39.36635],[-124.06237,39.35564],[-124.11371,39.27369],[-124.05063,39.20245],[-123.93619,39.2131]]]},"properties":{"h3":"8528044bfffffff","sunshine":[6.5,8.3,8.9,11.1,12.3,13.4,13.3,12.3,11.3,9.3,8,6]}},{"type":"Feature","geometry":{"type":"Polygon","coordinates":[[[-121.0579,41.06051],[-121.00205,41.14079],[-121.0654,41.2127],[-121.18461,41.20428],[-121.24029,41.12399],[-121.17693,41.05213],[-121.0579,41.06051]]]},"properties":{"h3":"8528100ffffffff","sunshine":[6.8,8.3,9.2,11.1,12.5,13.6,13.9,13.1,11.6,9.7,7.7,6]}},{"type":"Feature","geometry":{"type":"Polygon","coordinates":[[[-123.82704,40.06953],[-123.77495,40.151],[-123.83856,40.22165],[-123.95426,40.21078],[-124.00617,40.12932],[-123.94257,40.05872],[-123.82704,40.06953]]]},"properties":{"h3":"8528062ffffffff","sunshine":[5.9,7.6,8.2,10.4,11.9,13.5,13.7,12.7,11.2,9.2,7.4,5.4]}},{"type":"Feature","geometry":{"type":"Polygon","coordinates":[[[-123.39281,38.87498],[-123.34083,38.95702],[-123.40357,39.02903],[-123.51828,39.01895],[-123.57009,38.9369],[-123.50736,38.86495],[-123.39281,38.87498]]]},"properties":{"h3":"85283177fffffff","sunshine":[6.2,8.1,8.7,10.8,12.2,13.6,13.8,12.7,11.5,9.4,7.9,5.8]}},{"type":"Feature","geometry":{"type":"Polygon","coordinates":[[[-120.50723,36.57011],[-120.45318,36.65271],[-120.51361,36.72868],[-120.6281,36.72199],[-120.682,36.63938],[-120.62156,36.56347],[-120.50723,36.57011]]]},"properties":{"h3":"8529a957fffffff","sunshine":[7.9,9.3,10.1,11.7,13.3,13.8,13.9,13,11.8,10.5,9,7.4]}},{"type":"Feature","geometry":{"type":"Polygon","coordinates":[[[-121.49903,39.25743],[-121.44467,39.3389],[-121.50705,39.41205],[-121.62379,39.40366],[-121.67798,39.32219],[-121.61559,39.24909],[-121.49903,39.25743]]]},"properties":{"h3":"8528335bfffffff","sunshine":[6.8,8.3,8.9,11.2,13,13.7,13.9,13.1,11.7,9.8,8.1,6.2]}},{"type":"Feature","geometry":{"type":"Polygon","coordinates":[[[-119.37005,38.92041],[-119.31354,39.00154],[-119.37488,39.07653],[-119.49276,39.07033],[-119.54912,38.98919],[-119.48776,38.91426],[-119.37005,38.92041]]]},"properties":{"h3":"852989d3fffffff","sunshine":[8.1,9.3,10.4,12,12.9,13.5,13.6,13,11.7,10.3,8.9,7.6]}},{"type":"Feature","geometry":{"type":"Polygon","coordinates":[[[-120.90457,41.60469],[-120.84823,41.68457],[-120.91188,41.75609],[-121.03187,41.74769],[-121.08804,41.66781],[-121.02438,41.59633],[-120.90457,41.60469]]]},"properties":{"h3":"852813d7fffffff","sunshine":[6.6,8.1,9,11.1,12.4,13.6,13.9,13.1,11.4,9.4,7.5,5.7]}},{"type":"Feature","geometry":{"type":"Polygon","coordinates":[[[-114.6208,33.84497],[-114.5623,33.927],[-114.61853,34.00854],[-114.73331,34.00798],[-114.79169,33.92592],[-114.73541,33.84444],[-114.6208,33.84497]]]},"properties":{"h3":"8529b51bfffffff","sunshine":[9,9.8,11,12.4,13,13.6,13.1,12.6,11.5,10.7,9.7,8.4]}},{"type":"Feature","geometry":{"type":"Polygon","coordinates":[[[-119.84652,37.4001],[-119.79133,37.48216],[-119.85198,37.55799],[-119.96783,37.55171],[-120.02286,37.46964],[-119.9622,37.39386],[-119.84652,37.4001]]]},"properties":{"h3":"8529ab3bfffffff","sunshine":[7.5,8.6,9.4,11.3,12.9,13.6,13.9,13,11.6,10.3,8.6,7.1]}},{"type":"Feature","geometry":{"type":"Polygon","coordinates":[[[-122.60216,40.10007],[-122.54861,40.18129],[-122.61188,40.25288],[-122.7287,40.24319],[-122.78207,40.16196],[-122.7188,40.09043],[-122.60216,40.10007]]]},"properties":{"h3":"852815bbfffffff","sunshine":[6.3,8.3,8.7,11.2,12.7,13.8,14.1,13,11.7,9.6,7.9,5.8]}},{"type":"Feature","geometry":{"type":"Polygon","coordinates":[[[-117.70715,34.44375],[-117.65128,34.52653],[-117.70938,34.60582],[-117.82339,34.60229],[-117.87914,34.51949],[-117.821,34.44026],[-117.70715,34.44375]]]},"properties":{"h3":"8529a15bfffffff","sunshine":[8.8,9.8,10.9,12.1,13.4,13.8,13.8,12.8,11.8,10.8,9.7,8.4]}},{"type":"Feature","geometry":{"type":"Polygon","coordinates":[[[-117.0416,36.87907],[-116.98379,36.96058],[-117.04289,37.03871],[-117.15983,37.03527],[-117.2175,36.95373],[-117.15837,36.87566],[-117.0416,36.87907]]]},"properties":{"h3":"852981d7fffffff","sunshine":[8.7,9.6,10.7,12.1,13.1,13.8,13.7,12.9,11.8,10.6,9.4,8.2]}},{"type":"Feature","geometry":{"type":"Polygon","coordinates":[[[-119.68587,37.80378],[-119.6303,37.88559],[-119.69112,37.96123],[-119.80753,37.955],[-119.86295,37.87317],[-119.80211,37.79759],[-119.68587,37.80378]]]},"properties":{"h3":"85298d9bfffffff","sunshine":[7.6,8.5,9.4,11.2,12.6,13.5,13.8,13.1,11.6,10.3,8.6,7.2]}},{"type":"Feature","geometry":{"type":"Polygon","coordinates":[[[-116.34092,37.69439],[-116.28197,37.77525],[-116.34116,37.85324],[-116.45935,37.85032],[-116.51816,37.76944],[-116.45893,37.6915],[-116.34092,37.69439]]]},"properties":{"h3":"852983bbfffffff","sunshine":[8.5,9.4,10.4,12.1,13,13.8,13.5,12.8,11.7,10.6,9.2,8]}},{"type":"Feature","geometry":{"type":"Polygon","coordinates":[[[-123.20507,38.65821],[-123.15298,38.74034],[-123.21553,38.81268],[-123.33017,38.80283],[-123.38209,38.72071],[-123.31954,38.64842],[-123.20507,38.65821]]]},"properties":{"h3":"8528310bfffffff","sunshine":[6.5,8.3,9,11.1,12.6,13.7,13.8,12.8,11.6,9.6,8.1,6]}},{"type":"Feature","geometry":{"type":"Polygon","coordinates":[[[-122.66095,41.01346],[-122.60697,41.09414],[-122.67085,41.16487],[-122.78871,41.15486],[-122.84251,41.07418],[-122.77863,41.0035],[-122.66095,41.01346]]]},"properties":{"h3":"85281187fffffff","sunshine":[6.1,7.8,8.3,10.9,12.5,13.8,14.1,13.1,11.5,9.3,7.5,5.4]}},{"type":"Feature","geometry":{"type":"Polygon","coordinates":[[[-120.24866,34.25975],[-120.19547,34.34318],[-120.25454,34.42087],[-120.3668,34.41507],[-120.41984,34.33162],[-120.36076,34.25399],[-120.24866,34.25975]]]},"properties":{"h3":"85291353fffffff","sunshine":[8.3,9.6,10.5,11.8,13,13.3,13.5,12.6,11.6,10.6,9.4,8.3]}},{"type":"Feature","geometry":{"type":"Polygon","coordinates":[[[-121.70716,36.57422],[-121.65442,36.65706],[-121.71527,36.73214],[-121.82887,36.72433],[-121.88145,36.64149],[-121.82059,36.56646],[-121.70716,36.57422]]]},"properties":{"h3":"852834d3fffffff","sunshine":[7.7,9.1,9.7,11.2,12.3,13,12.8,12.1,11.3,10,9,7.4]}},{"type":"Feature","geometry":{"type":"Polygon","coordinates":[[[-118.08452,36.52515],[-118.02795,36.60716],[-118.08734,36.68484],[-118.20334,36.68047],[-118.25977,36.59844],[-118.20034,36.52081],[-118.08452,36.52515]]]},"properties":{"h3":"8529aacffffffff","sunshine":[8.6,9.7,10.9,12.3,13.4,13.8,13.7,13,11.9,10.7,9.5,8.3]}},{"type":"Feature","geometry":{"type":"Polygon","coordinates":[[[-121.745,40.55137],[-121.69022,40.63214],[-121.75349,40.70399],[-121.87155,40.69501],[-121.92616,40.61424],[-121.86288,40.54245],[-121.745,40.55137]]]},"properties":{"h3":"8528154ffffffff","sunshine":[6.3,8,8.5,10.9,12.5,13.8,14,13.1,11.6,9.6,7.6,5.7]}},{"type":"Feature","geometry":{"type":"Polygon","coordinates":[[[-116.87201,37.75986],[-116.81355,37.84086],[-116.87306,37.91846],[-116.99106,37.915],[-117.04938,37.83397],[-116.98984,37.75643],[-116.87201,37.75986]]]},"properties":{"h3":"8529816bfffffff","sunshine":[8.6,9.5,10.6,12.2,13,13.8,13.6,12.9,11.7,10.6,9.2,8.1]}},{"type":"Feature","geometry":{"type":"Polygon","coordinates":[[[-120.09448,34.67091],[-120.04093,34.75417],[-120.10016,34.83171],[-120.21294,34.82593],[-120.26634,34.74266],[-120.2071,34.66517],[-120.09448,34.67091]]]},"properties":{"h3":"8529acb3fffffff","sunshine":[8.2,9.4,10.2,11.7,13,13.4,13.6,12.7,11.6,10.6,9.3,8.2]}},{"type":"Feature","geometry":{"type":"Polygon","coordinates":[[[-121.5804,37.45235],[-121.52708,37.53477],[-121.5884,37.6093],[-121.70305,37.60135],[-121.75621,37.51892],[-121.69488,37.44445],[-121.5804,37.45235]]]},"properties":{"h3":"852836b7fffffff","sunshine":[7.5,8.9,9.6,11.4,13.1,13.7,13.8,13,11.7,10.2,8.7,7.1]}},{"type":"Feature","geometry":{"type":"Polygon","coordinates":[[[-120.06913,38.72569],[-120.01348,38.80712],[-120.075,38.88175],[-120.19218,38.87491],[-120.24768,38.79348],[-120.18614,38.71889],[-120.06913,38.72569]]]},"properties":{"h3":"85298d2ffffffff","sunshine":[7.1,8.1,9,11.2,12.5,13.5,13.8,13.1,11.6,10,8.2,6.7]}},{"type":"Feature","geometry":{"type":"Polygon","coordinates":[[[-115.64999,33.99972],[-115.59235,34.08205],[-115.64922,34.16289],[-115.76376,34.16135],[-115.82127,34.079],[-115.76436,33.99821],[-115.64999,33.99972]]]},"properties":{"h3":"8529a2d3fffffff","sunshine":[9,9.9,11.1,12.4,13.2,13.6,13.3,12.7,11.6,10.8,9.8,8.3]}},{"type":"Feature","geometry":{"type":"Polygon","coordinates":[[[-118.74426,35.05437],[-118.68912,35.13718],[-118.74801,35.21541],[-118.86206,35.21077],[-118.91706,35.12794],[-118.85815,35.04977],[-118.74426,35.05437]]]},"properties":{"h3":"8529ae97fffffff","sunshine":[8.3,9.5,10.5,11.9,13.2,13.8,13.8,12.9,11.8,10.7,9.4,8]}},{"type":"Feature","geometry":{"type":"Polygon","coordinates":[[[-124.63238,41.36068],[-124.58057,41.44151],[-124.64524,41.51035],[-124.7617,41.49831],[-124.81333,41.4175],[-124.74868,41.3487],[-124.63238,41.36068]]]},"properties":{"h3":"85280373fffffff","sunshine":[5.8,7.5,8.4,10.3,11.9,13.2,13.4,11.9,10.6,8.4,6.9,5.3]}},{"type":"Feature","geometry":{"type":"Polygon","coordinates":[[[-117.55937,36.30315],[-117.50239,36.38511],[-117.56142,36.4633],[-117.67747,36.45947],[-117.73431,36.3775],[-117.67525,36.29937],[-117.55937,36.30315]]]},"properties":{"h3":"85298533fffffff","sunshine":[8.8,9.8,11,12.2,13.4,13.8,13.8,13,11.8,10.7,9.6,8.4]}},{"type":"Feature","geometry":{"type":"Polygon","coordinates":[[[-115.99484,32.84924],[-115.93811,32.93207],[-115.99457,33.01333],[-116.10781,33.0117],[-116.16442,32.92885],[-116.10791,32.84764],[-115.99484,32.84924]]]},"properties":{"h3":"8529a69bfffffff","sunshine":[9.1,9.9,11.1,12.3,13.2,13.7,13.4,12.6,11.5,10.8,9.8,8.5]}},{"type":"Feature","geometry":{"type":"Polygon","coordinates":[[[-122.1437,41.28422],[-122.08897,41.36462],[-122.15286,41.4355],[-122.27148,41.42593],[-122.32603,41.34553],[-122.26214,41.2747],[-122.1437,41.28422]]]},"properties":{"h3":"8528111bfffffff","sunshine":[6.2,8,8.6,11.1,12.6,13.8,14.1,13.1,11.6,9.5,7.5,5.6]}},{"type":"Feature","geometry":{"type":"Polygon","coordinates":[[[-121.10419,38.34859],[-121.04987,38.43046],[-121.11156,38.50465],[-121.22756,38.4969],[-121.28172,38.41501],[-121.22002,38.34089],[-121.10419,38.34859]]]},"properties":{"h3":"85283283fffffff","sunshine":[6.6,8.5,9.3,11.2,13,13.6,13.8,13.1,11.6,9.9,8.1,6.2]}},{"type":"Feature","geometry":{"type":"Polygon","coordinates":[[[-122.09916,37.49436],[-122.04639,37.57686],[-122.10791,37.65097],[-122.22219,37.64252],[-122.27479,37.56002],[-122.21327,37.48597],[-122.09916,37.49436]]]},"properties":{"h3":"85283467fffffff","sunshine":[7.3,8.8,9.4,11.2,12.5,13.1,13,12.3,11.4,9.8,8.6,6.9]}},{"type":"Feature","geometry":{"type":"Polygon","coordinates":[[[-118.26906,37.07649],[-118.21239,37.15828],[-118.27218,37.23545],[-118.38867,37.23077],[-118.4452,37.14896],[-118.38538,37.07184],[-118.26906,37.07649]]]},"properties":{"h3":"8529aa63fffffff","sunshine":[8.6,9.6,10.8,12.2,13.3,13.6,13.7,13,11.9,10.7,9.4,8.3]}},{"type":"Feature","geometry":{"type":"Polygon","coordinates":[[[-117.35494,33.47727],[-117.2992,33.56029],[-117.35664,33.64037],[-117.46986,33.63738],[-117.52548,33.55434],[-117.468,33.47432],[-117.35494,33.47727]]]},"properties":{"h3":"8529a083fffffff","sunshine":[8.5,9.4,10.4,11.4,12.2,13.3,13.6,12.6,11.4,10.4,9.6,8]}},{"type":"Feature","geometry":{"type":"Polygon","coordinates":[[[-120.21127,37.85371],[-120.15624,37.93563],[-120.21729,38.01086],[-120.3334,38.0041],[-120.38827,37.92217],[-120.3272,37.847],[-120.21127,37.85371]]]},"properties":{"h3":"8528364bfffffff","sunshine":[7.3,8.5,9.2,11.3,12.9,13.6,13.8,13.1,11.7,10.2,8.5,7]}},{"type":"Feature","geometry":{"type":"Polygon","coordinates":[[[-119.25841,35.11329],[-119.20377,35.19621],[-119.2629,35.27405],[-119.3767,35.26891],[-119.43119,35.18598],[-119.37204,35.1082],[-119.25841,35.11329]]]},"properties":{"h3":"8529ac47fffffff","sunshine":[8.3,9.5,10.6,11.9,13.3,13.8,13.8,12.9,11.8,10.7,9.3,7.9]}},{"type":"Feature","geometry":{"type":"Polygon","coordinates":[[[-118.10161,37.48042],[-118.04455,37.56196],[-118.10449,37.63895],[-118.22152,37.63434],[-118.27844,37.55278],[-118.21847,37.47585],[-118.10161,37.48042]]]},"properties":{"h3":"85298cc3fffffff","sunshine":[8.8,9.7,11,12.2,13.2,13.6,13.6,12.9,11.8,10.7,9.4,8.5]}},{"type":"Feature","geometry":{"type":"Polygon","coordinates":[[[-115.99134,34.97096],[-115.93352,35.05301],[-115.99106,35.13307],[-116.10646,35.13103],[-116.16415,35.04895],[-116.10657,34.96895],[-115.99134,34.97096]]]},"properties":{"h3":"8529a267fffffff","sunshine":[8.8,9.8,10.9,12.2,13.1,13.7,13.4,12.7,11.6,10.7,9.6,8.3]}},{"type":"Feature","geometry":{"type":"Polygon","coordinates":[[[-118.59268,35.94504],[-118.53693,36.02745],[-118.59623,36.10519],[-118.71131,36.10047],[-118.76692,36.01805],[-118.70759,35.94036],[-118.59268,35.94504]]]},"properties":{"h3":"8529ae2bfffffff","sunshine":[8,9.1,10.2,11.8,13.2,13.8,13.9,13,11.8,10.6,9.3,7.8]}},{"type":"Feature","geometry":{"type":"Polygon","coordinates":[[[-117.94068,38.35675],[-117.88297,38.43777],[-117.94334,38.5142],[-118.06145,38.50955],[-118.11901,38.42851],[-118.05861,38.35214],[-117.94068,38.35675]]]},"properties":{"h3":"85298ea7fffffff","sunshine":[8.4,9.5,10.6,12,12.8,13.5,13.5,12.9,11.7,10.5,9.2,8]}},{"type":"Feature","geometry":{"type":"Polygon","coordinates":[[[-116.5035,32.92325],[-116.44721,33.00621],[-116.50397,33.08712],[-116.61705,33.08502],[-116.67322,33.00204],[-116.61642,32.92119],[-116.5035,32.92325]]]},"properties":{"h3":"8529a44bfffffff","sunshine":[8.5,9.2,10.2,11.8,12.7,13.6,13.5,12.7,11.5,10.5,9.5,8.1]}},{"type":"Feature","geometry":{"type":"Polygon","coordinates":[[[-115.81707,35.37886],[-115.75887,35.46068],[-115.81653,35.54059],[-115.93244,35.53863],[-115.99051,35.45679],[-115.9328,35.37693],[-115.81707,35.37886]]]},"properties":{"h3":"852984c7fffffff","sunshine":[8.7,9.7,10.8,12.3,13.1,13.7,13.3,12.7,11.7,10.7,9.6,8.2]}},{"type":"Feature","geometry":{"type":"Polygon","coordinates":[[[-122.03004,36.23457],[-121.97783,36.3176],[-122.03859,36.3927],[-122.15157,36.38469],[-122.20363,36.30165],[-122.14286,36.22662],[-122.03004,36.23457]]]},"properties":{"h3":"85291a77fffffff","sunshine":[7.7,9.2,9.6,11.4,12.4,13.1,13,12.3,11.5,10.1,9,7.4]}},{"type":"Feature","geometry":{"type":"Polygon","coordinates":[[[-122.4877,38.24906],[-122.43499,38.33127],[-122.49708,38.40449],[-122.61188,38.39545],[-122.66442,38.31324],[-122.60233,38.24008],[-122.4877,38.24906]]]},"properties":{"h3":"85283033fffffff","sunshine":[6.8,8.5,9.1,11.2,12.6,13.4,13.3,12.4,11.4,9.6,8.3,6.2]}},{"type":"Feature","geometry":{"type":"Polygon","coordinates":[[[-116.33526,33.82597],[-116.27836,33.90857],[-116.33549,33.9891],[-116.44956,33.98696],[-116.50633,33.90433],[-116.44916,33.82387],[-116.33526,33.82597]]]},"properties":{"h3":"8529a62ffffffff","sunshine":[8.9,9.9,11.1,12.2,13.3,13.7,13.5,12.7,11.6,10.8,9.8,8.4]}},{"type":"Feature","geometry":{"type":"Polygon","coordinates":[[[-121.5886,40.94582],[-121.53342,41.02631],[-121.59689,41.09792],[-121.71555,41.089],[-121.77056,41.00851],[-121.70708,40.93695],[-121.5886,40.94582]]]},"properties":{"h3":"852810affffffff","sunshine":[6.3,8.1,8.8,11.1,12.6,13.7,14,13.1,11.6,9.5,7.6,5.6]}},{"type":"Feature","geometry":{"type":"Polygon","coordinates":[[[-123.08971,39.52005],[-123.03703,39.6017],[-123.10009,39.67341],[-123.21581,39.66341],[-123.26831,39.58177],[-123.20526,39.51011],[-123.08971,39.52005]]]},"properties":{"h3":"852806cffffffff","sunshine":[6.3,8.1,8.6,10.9,12.6,13.9,14.1,13,11.7,9.5,7.9,5.9]}},{"type":"Feature","geometry":{"type":"Polygon","coordinates":[[[-119.2317,34.14533],[-119.17752,34.22859],[-119.23612,34.30706],[-119.34894,34.3022],[-119.40299,34.21893],[-119.34436,34.14052],[-119.2317,34.14533]]]},"properties":{"h3":"8529127bfffffff","sunshine":[8.4,9.5,10.4,11.5,12.3,12.3,13.2,12.2,11.3,10.4,9.5,8.2]}},{"type":"Feature","geometry":{"type":"Polygon","coordinates":[[[-121.11895,38.66049],[-121.06449,38.74221],[-121.12636,38.81613],[-121.24271,38.80828],[-121.29701,38.72656],[-121.23513,38.6527],[-121.11895,38.66049]]]},"properties":{"h3":"85283217fffffff","sunshine":[6.9,8.4,9.2,11.2,13,13.6,13.9,13.1,11.6,10,8.1,6.4]}},{"type":"Feature","geometry":{"type":"Polygon","coordinates":[[[-119.62415,35.89909],[-119.5695,35.98178],[-119.62921,36.05884],[-119.74359,36.05316],[-119.79809,35.97046],[-119.73836,35.89345],[-119.62415,35.89909]]]},"properties":{"h3":"8529a813fffffff","sunshine":[7.7,9.4,10.4,11.8,13.3,13.8,13.9,12.9,11.8,10.6,9.1,7.4]}},{"type":"Feature","geometry":{"type":"Polygon","coordinates":[[[-119.97635,40.97771],[-119.91933,41.05775],[-119.9822,41.13054],[-120.1021,41.12324],[-120.15895,41.04319],[-120.09607,40.97045],[-119.97635,40.97771]]]},"properties":{"h3":"85281293fffffff","sunshine":[7,8.6,9.4,11.5,12.7,13.5,13.7,13,11.5,9.8,7.9,6]}},{"type":"Feature","geometry":{"type":"Polygon","coordinates":[[[-118.65462,38.64157],[-118.5975,38.72265],[-118.65836,38.79836],[-118.77637,38.79294],[-118.83334,38.71184],[-118.77245,38.63619],[-118.65462,38.64157]]]},"properties":{"h3":"8529888ffffffff","sunshine":[8.3,9.4,10.6,11.9,12.9,13.5,13.6,12.9,11.7,10.5,9,7.8]}},{"type":"Feature","geometry":{"type":"Polygon","coordinates":[[[-121.01337,40.1424],[-120.95799,40.22325],[-121.02074,40.296],[-121.13888,40.28786],[-121.1941,40.20701],[-121.13134,40.13431],[-121.01337,40.1424]]]},"properties":{"h3":"85281477fffffff","sunshine":[6.4,8.2,8.7,10.9,12.6,13.6,13.9,13,11.6,9.7,7.6,5.8]}},{"type":"Feature","geometry":{"type":"Polygon","coordinates":[[[-117.35835,33.80332],[-117.30245,33.88623],[-117.36006,33.96613],[-117.47361,33.96306],[-117.52938,33.88013],[-117.47173,33.80029],[-117.35835,33.80332]]]},"properties":{"h3":"8529a017fffffff","sunshine":[8.3,9.3,10.3,11.4,12.3,13.5,13.7,12.7,11.4,10.4,9.5,8]}},{"type":"Feature","geometry":{"type":"Polygon","coordinates":[[[-115.13698,33.75997],[-115.079,33.84221],[-115.13547,33.9235],[-115.24997,33.92248],[-115.30784,33.8402],[-115.25132,33.75898],[-115.13698,33.75997]]]},"properties":{"h3":"8529b5bbfffffff","sunshine":[9,9.9,11.1,12.4,13.1,13.6,13.2,12.6,11.5,10.8,9.7,8.4]}},{"type":"Feature","geometry":{"type":"Polygon","coordinates":[[[-116.164,36.17916],[-116.10571,36.26073],[-116.16398,36.3399],[-116.28059,36.33745],[-116.33875,36.25586],[-116.28044,36.17674],[-116.164,36.17916]]]},"properties":{"h3":"85298093fffffff","sunshine":[8.7,9.7,10.8,12.2,13.2,13.8,13.6,12.8,11.7,10.7,9.4,8.2]}},{"type":"Feature","geometry":{"type":"Polygon","coordinates":[[[-119.13306,36.80064],[-119.07743,36.8828],[-119.13745,36.95958],[-119.25311,36.95413],[-119.30859,36.87195],[-119.24856,36.79523],[-119.13306,36.80064]]]},"properties":{"h3":"8529abdbfffffff","sunshine":[7.7,8.9,9.7,11.5,13,13.7,13.8,13,11.7,10.6,8.9,7.4]}},{"type":"Feature","geometry":{"type":"Polygon","coordinates":[[[-118.10738,37.79727],[-118.05015,37.87865],[-118.11027,37.95539],[-118.22765,37.9507],[-118.28474,37.86931],[-118.22458,37.79262],[-118.10738,37.79727]]]},"properties":{"h3":"85298c57fffffff","sunshine":[8.8,9.7,10.9,12.1,13,13.6,13.5,12.9,11.8,10.6,9.4,8.3]}},{"type":"Feature","geometry":{"type":"Polygon","coordinates":[[[-114.45757,33.27176],[-114.39922,33.35395],[-114.45507,33.43588],[-114.56933,33.43558],[-114.62757,33.35336],[-114.57166,33.27148],[-114.45757,33.27176]]]},"properties":{"h3":"85485b6bfffffff","sunshine":[9,9.8,10.9,12.4,13,13.5,12.9,12.5,11.5,10.7,9.7,8.4]}},{"type":"Feature","geometry":{"type":"Polygon","coordinates":[[[-123.49077,40.25361],[-123.43818,40.33491],[-123.50182,40.40567],[-123.61804,40.39507],[-123.67045,40.31377],[-123.60682,40.24306],[-123.49077,40.25361]]]},"properties":{"h3":"8528029bfffffff","sunshine":[5.9,7.6,8.2,10.5,12.2,13.8,14.1,13.1,11.5,9.4,7.4,5.5]}},{"type":"Feature","geometry":{"type":"Polygon","coordinates":[[[-117.41191,38.6124],[-117.35352,38.69311],[-117.41378,38.76969],[-117.53247,38.76551],[-117.59072,38.68479],[-117.53043,38.60826],[-117.41191,38.6124]]]},"properties":{"h3":"85298e3bfffffff","sunshine":[8.3,9.3,10.4,11.8,12.8,13.6,13.5,12.8,11.6,10.4,9,7.8]}},{"type":"Feature","geometry":{"type":"Polygon","coordinates":[[[-115.29369,35.62891],[-115.23487,35.71043],[-115.29238,35.79051],[-115.40877,35.789],[-115.46747,35.70745],[-115.4099,35.62743],[-115.29369,35.62891]]]},"properties":{"h3":"8529845bfffffff","sunshine":[8.6,9.7,10.7,12.3,13.1,13.8,13.2,12.6,11.7,10.7,9.6,8.2]}},{"type":"Feature","geometry":{"type":"Polygon","coordinates":[[[-121.84821,36.00864],[-121.7959,36.09174],[-121.85648,36.16713],[-121.96937,36.15936],[-122.02151,36.07626],[-121.96093,36.00093],[-121.84821,36.00864]]]},"properties":{"h3":"85291a0bfffffff","sunshine":[7.7,9.2,9.7,11.5,12.7,13.1,12.8,12.1,11.4,10.2,9.1,7.5]}},{"type":"Feature","geometry":{"type":"Polygon","coordinates":[[[-120.51769,41.02044],[-120.46125,41.1006],[-120.52437,41.17295],[-120.64393,41.16509],[-120.7002,41.08492],[-120.63707,41.01262],[-120.51769,41.02044]]]},"properties":{"h3":"85281043fffffff","sunshine":[6.9,8.4,9.1,11.1,12.4,13.6,13.9,13.1,11.6,9.7,7.8,5.9]}},{"type":"Feature","geometry":{"type":"Polygon","coordinates":[[[-115.12782,34.73881],[-115.06932,34.82066],[-115.12628,34.90139],[-115.24179,34.9002],[-115.30018,34.81832],[-115.24317,34.73765],[-115.12782,34.73881]]]},"properties":{"h3":"8529b187fffffff","sunshine":[8.8,9.8,11,12.3,13.1,13.7,13.2,12.6,11.6,10.7,9.7,8.2]}},{"type":"Feature","geometry":{"type":"Polygon","coordinates":[[[-123.30035,40.04058],[-123.24765,40.12197],[-123.3111,40.19306],[-123.42723,40.18271],[-123.47976,40.10132],[-123.41632,40.03028],[-123.30035,40.04058]]]},"properties":{"h3":"85280663fffffff","sunshine":[6,7.8,8.4,10.8,12.3,13.9,14.1,13,11.5,9.5,7.6,5.7]}},{"type":"Feature","geometry":{"type":"Polygon","coordinates":[[[-123.78518,41.82179],[-123.73208,41.90218],[-123.79684,41.97127],[-123.91467,41.95993],[-123.96758,41.87955],[-123.90284,41.8105],[-123.78518,41.82179]]]},"properties":{"h3":"85281c07fffffff","sunshine":[5.5,6.7,7.7,9.6,11.7,13.1,14.1,13.1,11.1,8.6,6.6,4.8]}},{"type":"Feature","geometry":{"type":"Polygon","coordinates":[[[-119.56455,33.96887],[-119.51079,34.05226],[-119.56944,34.1306],[-119.68187,34.1255],[-119.73548,34.04209],[-119.67682,33.96381],[-119.56455,33.96887]]]},"properties":{"h3":"8529120ffffffff","sunshine":[8.5,9.7,10.6,11.8,13.1,13.4,13.5,12.5,11.6,10.7,9.6,8.5]}},{"type":"Feature","geometry":{"type":"Polygon","coordinates":[[[-123.71373,38.53617],[-123.66229,38.61843],[-123.72491,38.69047],[-123.83895,38.68019],[-123.89022,38.59792],[-123.82761,38.52594],[-123.71373,38.53617]]]},"properties":{"h3":"852831abfffffff","sunshine":[6.7,8.5,9.2,11.1,12.2,13.1,12.4,11.5,11,9.2,8.2,6.3]}},{"type":"Feature","geometry":{"type":"Polygon","coordinates":[[[-120.37392,41.86812],[-120.31682,41.94767],[-120.38043,42.01935],[-120.50115,42.01142],[-120.55807,41.93187],[-120.49445,41.86024],[-120.37392,41.86812]]]},"properties":{"h3":"85281227fffffff","sunshine":[6.4,7.9,9,11.1,12.4,13.6,13.9,13.1,11.4,9.5,7.2,5.5]}},{"type":"Feature","geometry":{"type":"Polygon","coordinates":[[[-120.83625,36.23249],[-120.78272,36.3153],[-120.84308,36.39127],[-120.95698,36.38437],[-121.01035,36.30155],[-120.94998,36.22564],[-120.83625,36.23249]]]},"properties":{"h3":"8529a98bfffffff","sunshine":[7.9,9.2,10,11.8,13.3,13.8,13.8,13,11.8,10.5,9,7.6]}},{"type":"Feature","geometry":{"type":"Polygon","coordinates":[[[-122.35688,38.96049],[-122.30365,39.04231],[-122.36613,39.11505],[-122.48184,39.10592],[-122.53489,39.02411],[-122.47241,38.95142],[-122.35688,38.96049]]]},"properties":{"h3":"8528338ffffffff","sunshine":[6.8,8.6,9.2,11.4,13,13.9,14,13,11.8,9.8,8.3,6.2]}},{"type":"Feature","geometry":{"type":"Polygon","coordinates":[[[-120.82563,39.92339],[-120.77015,40.00432],[-120.83269,40.0774],[-120.95072,40.06951],[-121.00603,39.98857],[-120.94348,39.91554],[-120.82563,39.92339]]]},"properties":{"h3":"8528140bfffffff","sunshine":[6.6,8.1,8.7,11.1,12.6,13.6,13.9,13.1,11.6,9.7,7.8,6]}},{"type":"Feature","geometry":{"type":"Polygon","coordinates":[[[-114.27117,34.17306],[-114.21218,34.25484],[-114.26838,34.33639],[-114.38361,34.33611],[-114.44249,34.2543],[-114.38623,34.1728],[-114.27117,34.17306]]]},"properties":{"h3":"8529b54ffffffff","sunshine":[8.9,9.8,10.9,12.4,12.9,13.6,13,12.6,11.6,10.7,9.6,8.3]}},{"type":"Feature","geometry":{"type":"Polygon","coordinates":[[[-116.51613,37.13263],[-116.45767,37.21384],[-116.51664,37.29213],[-116.63412,37.28915],[-116.69245,37.20791],[-116.63344,37.12968],[-116.51613,37.13263]]]},"properties":{"h3":"85298027fffffff","sunshine":[8.6,9.4,10.5,12.1,13.1,13.8,13.6,12.9,11.7,10.6,9.3,8.1]}},{"type":"Feature","geometry":{"type":"Polygon","coordinates":[[[-119.50887,37.73401],[-119.45315,37.81582],[-119.51385,37.89164],[-119.6303,37.88559],[-119.68587,37.80378],[-119.62515,37.72801],[-119.50887,37.73401]]]},"properties":{"h3":"8529ab6ffffffff","sunshine":[7.7,8.7,9.6,11.5,12.9,13.6,13.8,13.1,11.7,10.4,8.7,7.4]}},{"type":"Feature","geometry":{"type":"Polygon","coordinates":[[[-124.01796,40.28124],[-123.96598,40.36261],[-124.02978,40.43293],[-124.14554,40.42181],[-124.19734,40.34044],[-124.13355,40.27018],[-124.01796,40.28124]]]},"properties":{"h3":"8528004bfffffff","sunshine":[5.8,7.4,8.1,10.2,11.5,13.1,13.2,12.5,11.1,9.1,7.3,5.2]}},{"type":"Feature","geometry":{"type":"Polygon","coordinates":[[[-118.55422,34.17208],[-118.49933,34.25517],[-118.55767,34.33407],[-118.67092,34.32982],[-118.72568,34.24671],[-118.66732,34.16787],[-118.55422,34.17208]]]},"properties":{"h3":"8529a18ffffffff","sunshine":[8.2,9.3,10.1,11.4,12.3,13,13.6,12.6,11.4,10.4,9.5,8]}},{"type":"Feature","geometry":{"type":"Polygon","coordinates":[[[-120.29016,35.38428],[-120.23647,35.46732],[-120.29616,35.54426],[-120.40955,35.5381],[-120.46309,35.45505],[-120.40339,35.37817],[-120.29016,35.38428]]]},"properties":{"h3":"8529ad53fffffff","sunshine":[8.1,9.4,10.2,11.8,13.3,13.8,13.8,13,11.8,10.6,9.3,7.9]}},{"type":"Feature","geometry":{"type":"Polygon","coordinates":[[[-123.9084,41.12951],[-123.85584,41.21036],[-123.92017,41.28],[-124.03704,41.26874],[-124.08942,41.18789],[-124.02511,41.1183],[-123.9084,41.12951]]]},"properties":{"h3":"8528022ffffffff","sunshine":[5.8,7.2,8.3,10.3,11.9,13.4,13.8,12.9,11.2,9.1,7.2,5.3]}},{"type":"Feature","geometry":{"type":"Polygon","coordinates":[[[-119.34613,38.13664],[-119.29002,38.2182],[-119.35089,38.29382],[-119.46789,38.28784],[-119.52385,38.20627],[-119.46296,38.1307],[-119.34613,38.13664]]]},"properties":{"h3":"85298dcffffffff","sunshine":[8,9,10.1,11.8,13,13.5,13.7,13,11.7,10.4,8.8,7.4]}},{"type":"Feature","geometry":{"type":"Polygon","coordinates":[[[-117.02893,35.2724],[-116.97196,35.35465],[-117.03018,35.43387],[-117.14541,35.43078],[-117.20225,35.34851],[-117.14399,35.26935],[-117.02893,35.2724]]]},"properties":{"h3":"8529a373fffffff","sunshine":[8.7,9.8,10.9,12.1,13.3,13.8,13.7,12.8,11.8,10.8,9.7,8.4]}},{"type":"Feature","geometry":{"type":"Polygon","coordinates":[[[-118.02967,33.29504],[-117.97468,33.37829],[-118.03234,33.45804],[-118.14501,33.45448],[-118.19987,33.37122],[-118.14218,33.29152],[-118.02967,33.29504]]]},"properties":{"h3":"8529a557fffffff","sunshine":[8.7,9.6,10.7,11.6,12.3,12.9,13.3,12.3,11.4,10.4,9.6,8.3]}},{"type":"Feature","geometry":{"type":"Polygon","coordinates":[[[-116.85872,35.68026],[-116.80137,35.76228],[-116.85973,35.84135],[-116.97547,35.83833],[-117.03269,35.75629],[-116.9743,35.67728],[-116.85872,35.68026]]]},"properties":{"h3":"852985d3fffffff","sunshine":[8.8,9.8,11,12.2,13.3,13.8,13.7,12.8,11.8,10.7,9.6,8.3]}},{"type":"Feature","geometry":{"type":"Polygon","coordinates":[[[-122.67085,41.16487],[-122.6168,41.24546],[-122.68079,41.31604],[-122.79882,41.30598],[-122.85269,41.22539],[-122.78871,41.15486],[-122.67085,41.16487]]]},"properties":{"h3":"852811bbfffffff","sunshine":[6.1,7.8,8.5,10.9,12.3,13.8,14.1,13.1,11.5,9.3,7.4,5.3]}},{"type":"Feature","geometry":{"type":"Polygon","coordinates":[[[-122.56355,39.48656],[-122.51028,39.56813],[-122.57316,39.64028],[-122.68929,39.6308],[-122.74238,39.54923],[-122.67951,39.47714],[-122.56355,39.48656]]]},"properties":{"h3":"85283323fffffff","sunshine":[6.7,8.5,9,11.3,12.9,13.9,14.1,13,11.8,9.8,8.2,6.1]}},{"type":"Feature","geometry":{"type":"Polygon","coordinates":[[[-119.72291,38.9016],[-119.66679,38.98284],[-119.72827,39.05758],[-119.84589,39.05104],[-119.90186,38.96979],[-119.84036,38.8951],[-119.72291,38.9016]]]},"properties":{"h3":"8529899bfffffff","sunshine":[7.9,9.1,10.3,12,12.9,13.6,13.7,13,11.7,10.3,8.8,7.3]}},{"type":"Feature","geometry":{"type":"Polygon","coordinates":[[[-119.66505,37.17195],[-119.60979,37.25407],[-119.67024,37.3302],[-119.78596,37.32415],[-119.84107,37.24202],[-119.78061,37.16594],[-119.66505,37.17195]]]},"properties":{"h3":"8529ab03fffffff","sunshine":[7.8,8.8,9.7,11.5,13.1,13.6,13.9,13,11.7,10.5,8.8,7.4]}},{"type":"Feature","geometry":{"type":"Polygon","coordinates":[[[-122.41284,39.88456],[-122.35919,39.96587],[-122.42226,40.03779],[-122.53899,40.02834],[-122.59246,39.94703],[-122.52939,39.87516],[-122.41284,39.88456]]]},"properties":{"h3":"85281583fffffff","sunshine":[6.3,8.4,8.9,11.3,12.9,13.9,14,13,11.7,9.7,8,5.9]}},{"type":"Feature","geometry":{"type":"Polygon","coordinates":[[[-118.7368,34.73179],[-118.68181,34.81472],[-118.74052,34.89316],[-118.85425,34.8886],[-118.90909,34.80566],[-118.85035,34.72728],[-118.7368,34.73179]]]},"properties":{"h3":"8529a123fffffff","sunshine":[8.3,9.4,10.3,11.9,13.2,13.8,13.8,12.9,11.8,10.7,9.4,7.9]}},{"type":"Feature","geometry":{"type":"Polygon","coordinates":[[[-119.53897,38.67666],[-119.48277,38.75797],[-119.54404,38.83303],[-119.66153,38.82672],[-119.71757,38.7454],[-119.65628,38.67039],[-119.53897,38.67666]]]},"properties":{"h3":"85298d63fffffff","sunshine":[8.1,9.2,10.4,12,12.9,13.5,13.6,13,11.7,10.3,8.8,7.4]}}]}