{"type":"FeatureCollection","features":[{"type":"Feature","geometry":{"type":"Point","coordinates":[-119.6857457361954,36.82602680855037]},"properties":{"name":"Clovis","crime":{"homicide":1.6,"rape":22.7,"robbery":54.8,"aggAssault":151.9,"burglary":216.2,"mvTheft":186.4,"larceny":1350.3,"violentTotal":231.1,"propertyTotal":1752.9,"total":1984},"population":127674,"housing":{"homeValue":453300,"rent":1662,"income":100360},"education":{"hsPlus":92.1,"bachPlus":36.7,"gradPlus":13.9}}},{"type":"Feature","geometry":{"type":"Point","coordinates":[-119.79906994172623,36.742549514600356]},"properties":{"name":"Fresno","crime":{"homicide":6.7,"rape":47.4,"robbery":164.5,"aggAssault":499.1,"burglary":446.9,"mvTheft":607.7,"larceny":1975.6,"violentTotal":717.7,"propertyTotal":3030.1,"total":3747.8},"population":552751,"housing":{"homeValue":348500,"rent":1324,"income":66804},"education":{"hsPlus":80.1,"bachPlus":24.9,"gradPlus":8.2}}},{"type":"Feature","geometry":{"type":"Point","coordinates":[-122.62272557188929,38.95209754616269]},"properties":{"name":"Clearlake","crime":{"homicide":6.1,"rape":220,"robbery":85.5,"aggAssault":739.3,"burglary":476.6,"mvTheft":458.2,"larceny":1295.3,"violentTotal":1050.9,"propertyTotal":2230.1,"total":3281},"population":16367,"housing":{"homeValue":204500,"rent":1162,"income":41580},"education":{"hsPlus":79.6,"bachPlus":6.9,"gradPlus":1.5}}},{"type":"Feature","geometry":{"type":"Point","coordinates":[-120.55047099165209,38.07132514476489]},"properties":{"name":"Angels","crime":{"homicide":0,"rape":27.9,"robbery":27.9,"aggAssault":167.4,"burglary":251,"mvTheft":167.4,"larceny":1478.4,"violentTotal":223.2,"propertyTotal":1896.8,"total":2119.9},"population":3585,"housing":{"homeValue":444400,"rent":1732,"income":60353},"education":{"hsPlus":93.4,"bachPlus":25.5,"gradPlus":7.4}}},{"type":"Feature","geometry":{"type":"Point","coordinates":[-120.55134719719253,41.49090569756363]},"properties":{"name":"Alturas","crime":{"homicide":0,"rape":75.1,"robbery":0,"aggAssault":413.2,"burglary":187.8,"mvTheft":112.7,"larceny":563.5,"violentTotal":488.4,"propertyTotal":864,"total":1352.4},"population":2662,"housing":{"homeValue":152600,"rent":781,"income":54634},"education":{"hsPlus":88.7,"bachPlus":26.1,"gradPlus":8.8}}},{"type":"Feature","geometry":{"type":"Point","coordinates":[-121.63269345220536,39.14639854890979]},"properties":{"name":"Yuba City","crime":{"homicide":1.4,"rape":50.2,"robbery":104.6,"aggAssault":275.1,"burglary":247.9,"mvTheft":351.1,"larceny":1351.4,"violentTotal":431.3,"propertyTotal":1950.4,"total":2381.7},"population":69781,"housing":{"homeValue":405900,"rent":1391,"income":72322},"education":{"hsPlus":77.3,"bachPlus":20.1,"gradPlus":6.7}}},{"type":"Feature","geometry":{"type":"Point","coordinates":[-121.13766574317567,38.67193786094175]},"properties":{"name":"Folsom","crime":{"homicide":3.4,"rape":44.9,"robbery":44.9,"aggAssault":136,"burglary":134.8,"mvTheft":66.3,"larceny":1291.1,"violentTotal":229.2,"propertyTotal":1492.2,"total":1721.4},"population":88996,"housing":{"homeValue":702200,"rent":2279,"income":139263},"education":{"hsPlus":94.6,"bachPlus":54.7,"gradPlus":23.3}}},{"type":"Feature","geometry":{"type":"Point","coordinates":[-121.60956601321475,38.160956623865786]},"properties":{"name":"Isleton","crime":{"homicide":0,"rape":0,"robbery":0,"aggAssault":780.2,"burglary":2730.8,"mvTheft":130,"larceny":3251,"violentTotal":780.2,"propertyTotal":6111.8,"total":6892.1},"population":769,"housing":{"homeValue":316900,"rent":1164,"income":59250},"education":{"hsPlus":92.9,"bachPlus":11.6,"gradPlus":1.9}}},{"type":"Feature","geometry":{"type":"Point","coordinates":[-121.28521598949816,38.59402530877885]},"properties":{"name":"Rancho Cordova","crime":{"homicide":6,"rape":22.9,"robbery":114.7,"aggAssault":301.8,"burglary":473.2,"mvTheft":464.8,"larceny":1233.7,"violentTotal":445.5,"propertyTotal":2171.7,"total":2617.2},"population":82837,"housing":{"homeValue":451400,"rent":1698,"income":89120},"education":{"hsPlus":89.3,"bachPlus":31,"gradPlus":9.9}}},{"type":"Feature","geometry":{"type":"Point","coordinates":[-121.8963973175937,36.597870644292584]},"properties":{"name":"Monterey","crime":{"homicide":0,"rape":77.4,"robbery":114.2,"aggAssault":302,"burglary":276.3,"mvTheft":154.7,"larceny":1547.1,"violentTotal":493.6,"propertyTotal":1978,"total":2471.6},"population":27148,"housing":{"homeValue":1003300,"rent":2288,"income":104110},"education":{"hsPlus":93.9,"bachPlus":54.4,"gradPlus":26.8}}},{"type":"Feature","geometry":{"type":"Point","coordinates":[-122.25660749772247,38.1738397711698]},"properties":{"name":"American Canyon","crime":{"homicide":0,"rape":18.4,"robbery":50.6,"aggAssault":225.2,"burglary":96.5,"mvTheft":257.4,"larceny":1126.1,"violentTotal":294.2,"propertyTotal":1480,"total":1774.1},"population":21757,"housing":{"homeValue":660100,"rent":2399,"income":123935},"education":{"hsPlus":83.7,"bachPlus":32.7,"gradPlus":9.4}}},{"type":"Feature","geometry":{"type":"Point","coordinates":[-122.58454107219357,38.582459815323105]},"properties":{"name":"Calistoga","crime":{"homicide":0,"rape":57.9,"robbery":19.3,"aggAssault":231.6,"burglary":77.2,"mvTheft":173.7,"larceny":714.1,"violentTotal":308.8,"propertyTotal":965.1,"total":1273.9},"population":5181,"housing":{"homeValue":702700,"rent":1798,"income":84892},"education":{"hsPlus":75.3,"bachPlus":29.8,"gradPlus":12.7}}},{"type":"Feature","geometry":{"type":"Point","coordinates":[-122.36886740560118,38.39211769368142]},"properties":{"name":"Yountville","crime":{"homicide":0,"rape":37.7,"robbery":0,"aggAssault":75.3,"burglary":75.3,"mvTheft":37.7,"larceny":301.3,"violentTotal":113,"propertyTotal":414.3,"total":527.3},"population":2655,"housing":{"homeValue":748900,"rent":2144,"income":79696},"education":{"hsPlus":89.3,"bachPlus":40.9,"gradPlus":12.9}}},{"type":"Feature","geometry":{"type":"Point","coordinates":[-120.19692958076922,34.61380764948895]},"properties":{"name":"Buellton","population":4980,"housing":{"homeValue":704200,"rent":2196,"income":96028},"education":{"hsPlus":94,"bachPlus":40.1,"gradPlus":13.9}}},{"type":"Feature","geometry":{"type":"Point","coordinates":[-121.79006121111304,37.9784111668056]},"properties":{"name":"Antioch","crime":{"homicide":9.5,"rape":31,"robbery":177.3,"aggAssault":337.4,"burglary":518.2,"mvTheft":1051.8,"larceny":1385,"violentTotal":555.2,"propertyTotal":2955,"total":3510.2},"population":116177,"housing":{"homeValue":607400,"rent":2241,"income":94256},"education":{"hsPlus":85.2,"bachPlus":23.9,"gradPlus":6.4}}},{"type":"Feature","geometry":{"type":"Point","coordinates":[-122.00764467479296,37.979125644620694]},"properties":{"name":"Concord","crime":{"homicide":3.3,"rape":39.8,"robbery":151.1,"aggAssault":309.6,"burglary":568.8,"mvTheft":639.5,"larceny":1920,"violentTotal":503.8,"propertyTotal":3128.2,"total":3632},"population":123074,"housing":{"homeValue":755900,"rent":2226,"income":109195},"education":{"hsPlus":88.1,"bachPlus":37.8,"gradPlus":11.7}}},{"type":"Feature","geometry":{"type":"Point","coordinates":[-121.97089318031058,37.81020152073668]},"properties":{"name":"Danville","crime":{"homicide":4.6,"rape":2.3,"robbery":23.2,"aggAssault":48.8,"burglary":72,"mvTheft":104.6,"larceny":527.5,"violentTotal":79,"propertyTotal":704.2,"total":783.2},"population":43030,"housing":{"homeValue":1583300,"rent":3501,"income":223206},"education":{"hsPlus":98.1,"bachPlus":72.5,"gradPlus":29.4}}},{"type":"Feature","geometry":{"type":"Point","coordinates":[-122.10917487720575,37.98882668542616]},"properties":{"name":"Martinez","crime":{"homicide":0,"rape":8.1,"robbery":38,"aggAssault":168.2,"burglary":184.4,"mvTheft":276.6,"larceny":941.1,"violentTotal":214.3,"propertyTotal":1402.2,"total":1616.4},"population":36871,"housing":{"homeValue":824700,"rent":2265,"income":125436},"education":{"hsPlus":95.4,"bachPlus":45.5,"gradPlus":14.3}}},{"type":"Feature","geometry":{"type":"Point","coordinates":[-121.8825354935658,38.01942491069068]},"properties":{"name":"Pittsburg","crime":{"homicide":6.6,"rape":44.8,"robbery":141,"aggAssault":367.7,"burglary":318.9,"mvTheft":772.2,"larceny":1026.5,"violentTotal":560,"propertyTotal":2117.6,"total":2677.7},"population":75887,"housing":{"homeValue":583100,"rent":2201,"income":101099},"education":{"hsPlus":80.1,"bachPlus":23.5,"gradPlus":6.8}}},{"type":"Feature","geometry":{"type":"Point","coordinates":[-122.07550862711861,37.952810252256825]},"properties":{"name":"Pleasant Hill","crime":{"homicide":3,"rape":26.7,"robbery":112.8,"aggAssault":166.2,"burglary":709.3,"mvTheft":323.5,"larceny":4039.3,"violentTotal":308.7,"propertyTotal":5072.1,"total":5380.8},"population":33694,"housing":{"homeValue":1040600,"rent":2511,"income":144513},"education":{"hsPlus":95.8,"bachPlus":55.5,"gradPlus":22.4}}},{"type":"Feature","geometry":{"type":"Point","coordinates":[-121.93541038270189,37.76257141302109]},"properties":{"name":"San Ramon","crime":{"homicide":1.2,"rape":9.6,"robbery":31.2,"aggAssault":103.3,"burglary":104.5,"mvTheft":109.3,"larceny":753.2,"violentTotal":145.4,"propertyTotal":967,"total":1112.4},"population":83245,"housing":{"homeValue":1359100,"rent":2916,"income":197358},"education":{"hsPlus":97,"bachPlus":71.2,"gradPlus":32.2}}},{"type":"Feature","geometry":{"type":"Point","coordinates":[-122.01467947727065,37.91989359393112]},"properties":{"name":"Walnut Creek","crime":{"homicide":1.4,"rape":22.8,"robbery":75.5,"aggAssault":186.5,"burglary":391.5,"mvTheft":246.3,"larceny":2055.9,"violentTotal":286.2,"propertyTotal":2693.7,"total":2979.9},"population":70238,"housing":{"homeValue":1031100,"rent":2613,"income":135665},"education":{"hsPlus":97.2,"bachPlus":69.4,"gradPlus":30.6}}},{"type":"Feature","geometry":{"type":"Point","coordinates":[-119.51627365182459,34.374308319405515]},"properties":{"name":"Carpinteria","crime":{"homicide":0,"rape":15.7,"robbery":7.9,"aggAssault":141.5,"burglary":149.3,"mvTheft":141.5,"larceny":1218.3,"violentTotal":165.1,"propertyTotal":1509.1,"total":1674.1},"population":12723,"housing":{"homeValue":965200,"rent":2341,"income":104233},"education":{"hsPlus":85.5,"bachPlus":44.6,"gradPlus":17.6}}},{"type":"Feature","geometry":{"type":"Point","coordinates":[-120.57226458590024,34.96229406579355]},"properties":{"name":"Guadalupe","crime":{"homicide":0,"rape":80.5,"robbery":0,"aggAssault":57.5,"burglary":149.5,"mvTheft":276.1,"larceny":402.6,"violentTotal":138,"propertyTotal":828.2,"total":966.2},"population":8694,"housing":{"homeValue":452100,"rent":1674,"income":71048},"education":{"hsPlus":57.1,"bachPlus":11.1,"gradPlus":4.2}}},{"type":"Feature","geometry":{"type":"Point","coordinates":[-119.39337095953383,36.54555132079728]},"properties":{"name":"Dinuba","crime":{"homicide":19.3,"rape":81.2,"robbery":42.5,"aggAssault":475.8,"burglary":228.2,"mvTheft":266.9,"larceny":1690.4,"violentTotal":618.9,"propertyTotal":2185.5,"total":2804.4},"population":25852,"housing":{"homeValue":267300,"rent":1146,"income":59048},"education":{"hsPlus":73.4,"bachPlus":13.6,"gradPlus":5.1}}},{"type":"Feature","geometry":{"type":"Point","coordinates":[-119.14388972080808,36.29498502220131]},"properties":{"name":"Exeter","crime":{"homicide":9.8,"rape":48.8,"robbery":39,"aggAssault":282.9,"burglary":419.4,"mvTheft":409.7,"larceny":1482.6,"violentTotal":380.4,"propertyTotal":2311.7,"total":2692.2},"population":10252,"housing":{"homeValue":273500,"rent":1207,"income":71198},"education":{"hsPlus":83.9,"bachPlus":13.4,"gradPlus":3.6}}},{"type":"Feature","geometry":{"type":"Point","coordinates":[-119.20731893812015,36.30470297705149]},"properties":{"name":"Farmersville","crime":{"homicide":57.6,"rape":19.2,"robbery":57.6,"aggAssault":307,"burglary":259.1,"mvTheft":182.3,"larceny":815.6,"violentTotal":441.4,"propertyTotal":1257,"total":1698.3},"population":10422,"housing":{"homeValue":237700,"rent":1043,"income":57832},"education":{"hsPlus":58.4,"bachPlus":4.6,"gradPlus":1.2}}},{"type":"Feature","geometry":{"type":"Point","coordinates":[-119.08932497463631,36.20578702888457]},"properties":{"name":"Lindsay","crime":{"homicide":0,"rape":47.1,"robbery":109.9,"aggAssault":361.2,"burglary":322,"mvTheft":612.5,"larceny":1138.7,"violentTotal":518.3,"propertyTotal":2073.2,"total":2591.5},"population":12734,"housing":{"homeValue":268400,"rent":920,"income":50563},"education":{"hsPlus":61.2,"bachPlus":5.2,"gradPlus":2.2}}},{"type":"Feature","geometry":{"type":"Point","coordinates":[-121.63231639243006,36.688508332184796]},"properties":{"name":"Salinas","crime":{"homicide":6.8,"rape":41.6,"robbery":145.3,"aggAssault":300.5,"burglary":147.8,"mvTheft":317.3,"larceny":811,"violentTotal":494.3,"propertyTotal":1276.1,"total":1770.4},"population":161039,"housing":{"homeValue":610900,"rent":1923,"income":89150},"education":{"hsPlus":62.4,"bachPlus":15.5,"gradPlus":4.1}}},{"type":"Feature","geometry":{"type":"Point","coordinates":[-118.771574380767,34.151464686855974]},"properties":{"name":"Agoura Hills","crime":{"homicide":0,"rape":15,"robbery":35.1,"aggAssault":120.4,"burglary":250.8,"mvTheft":65.2,"larceny":988,"violentTotal":170.5,"propertyTotal":1303.9,"total":1474.4},"population":19940,"housing":{"homeValue":1072200,"rent":3094,"income":171944},"education":{"hsPlus":96.7,"bachPlus":66.5,"gradPlus":27.8}}},{"type":"Feature","geometry":{"type":"Point","coordinates":[-118.08284706510918,33.86693035183552]},"properties":{"name":"Artesia","crime":{"homicide":12.4,"rape":24.8,"robbery":92.9,"aggAssault":377.8,"burglary":706.1,"mvTheft":433.5,"larceny":984.8,"violentTotal":507.9,"propertyTotal":2124.4,"total":2632.2},"population":16146,"housing":{"homeValue":763700,"rent":2276,"income":97712},"education":{"hsPlus":77.2,"bachPlus":31.8,"gradPlus":8.7}}},{"type":"Feature","geometry":{"type":"Point","coordinates":[-121.89959410603018,37.43063403282024]},"properties":{"name":"Milpitas","crime":{"homicide":1.2,"rape":37.6,"robbery":125,"aggAssault":134.7,"burglary":336.2,"mvTheft":356.8,"larceny":2453.9,"violentTotal":298.5,"propertyTotal":3146.8,"total":3445.3},"population":82401,"housing":{"homeValue":1180000,"rent":3112,"income":176822},"education":{"hsPlus":89.6,"bachPlus":58.6,"gradPlus":25.9}}},{"type":"Feature","geometry":{"type":"Point","coordinates":[-117.26233919678728,32.96357275504993]},"properties":{"name":"Del Mar","crime":{"homicide":0,"rape":0,"robbery":0,"aggAssault":126.6,"burglary":531.9,"mvTheft":304,"larceny":1013.2,"violentTotal":126.6,"propertyTotal":1849,"total":1975.7},"population":3948,"housing":{"homeValue":2000001,"rent":3377,"income":192845},"education":{"hsPlus":99.6,"bachPlus":84.7,"gradPlus":47.2}}},{"type":"Feature","geometry":{"type":"Point","coordinates":[-121.71108002682931,39.41265660443418]},"properties":{"name":"Biggs","population":1998,"housing":{"homeValue":301800,"rent":1475,"income":73542},"education":{"hsPlus":87.8,"bachPlus":8.7,"gradPlus":3.7}}},{"type":"Feature","geometry":{"type":"Point","coordinates":[-121.69893832828764,39.36412539027278]},"properties":{"name":"Gridley","crime":{"homicide":0,"rape":81.3,"robbery":40.6,"aggAssault":243.8,"burglary":379.2,"mvTheft":352.2,"larceny":1449.3,"violentTotal":365.7,"propertyTotal":2180.7,"total":2546.4},"population":7383,"housing":{"homeValue":297700,"rent":1127,"income":57860},"education":{"hsPlus":82.1,"bachPlus":14.9,"gradPlus":5.6}}},{"type":"Feature","geometry":{"type":"Point","coordinates":[-118.31761981038038,33.35440508453087]},"properties":{"name":"Avalon","crime":{"homicide":0,"rape":59,"robbery":29.5,"aggAssault":501.9,"burglary":118.1,"mvTheft":177.1,"larceny":620,"violentTotal":590.5,"propertyTotal":915.3,"total":1505.8},"population":3387,"housing":{"homeValue":902800,"rent":2087,"income":91713},"education":{"hsPlus":77.4,"bachPlus":16.8,"gradPlus":2.9}}},{"type":"Feature","geometry":{"type":"Point","coordinates":[-118.12530846660965,33.88809878614323]},"properties":{"name":"Bellflower","crime":{"homicide":2.6,"rape":44.2,"robbery":153.4,"aggAssault":387.5,"burglary":353.7,"mvTheft":890.7,"larceny":882.9,"violentTotal":587.8,"propertyTotal":2127.4,"total":2715.1},"population":76902,"housing":{"homeValue":661100,"rent":1771,"income":77602},"education":{"hsPlus":78.3,"bachPlus":20.1,"gradPlus":5.5}}},{"type":"Feature","geometry":{"type":"Point","coordinates":[-118.15531342969996,33.96638066732294]},"properties":{"name":"Bell Gardens","crime":{"homicide":2.6,"rape":20.8,"robbery":148.3,"aggAssault":265.4,"burglary":176.9,"mvTheft":647.8,"larceny":608.8,"violentTotal":437.1,"propertyTotal":1433.5,"total":1870.5},"population":38438,"housing":{"homeValue":527900,"rent":1658,"income":55372},"education":{"hsPlus":52.9,"bachPlus":6.9,"gradPlus":1.1}}},{"type":"Feature","geometry":{"type":"Point","coordinates":[-117.70998589803585,34.12513463399533]},"properties":{"name":"Claremont","crime":{"homicide":0,"rape":24.1,"robbery":45.6,"aggAssault":426.2,"burglary":386,"mvTheft":238.6,"larceny":1501.1,"violentTotal":495.9,"propertyTotal":2125.7,"total":2621.6},"population":37305,"housing":{"homeValue":870800,"rent":2125,"income":122127},"education":{"hsPlus":94.9,"bachPlus":59.3,"gradPlus":30.9}}},{"type":"Feature","geometry":{"type":"Point","coordinates":[-118.14237720894114,33.997921568648664]},"properties":{"name":"Commerce","crime":{"homicide":32.8,"rape":41,"robbery":574.5,"aggAssault":681.2,"burglary":2306.1,"mvTheft":3373,"larceny":7542.1,"violentTotal":1329.5,"propertyTotal":13221.2,"total":14550.7},"population":12185,"housing":{"homeValue":583200,"rent":1420,"income":71768},"education":{"hsPlus":65.7,"bachPlus":11.4,"gradPlus":1.9}}},{"type":"Feature","geometry":{"type":"Point","coordinates":[-118.18419057611771,33.96289018816814]},"properties":{"name":"Cudahy","crime":{"homicide":22.5,"rape":31.5,"robbery":117.1,"aggAssault":387.2,"burglary":283.7,"mvTheft":526.8,"larceny":801.5,"violentTotal":558.4,"propertyTotal":1612,"total":2170.4},"population":22208,"housing":{"homeValue":505300,"rent":1667,"income":52748},"education":{"hsPlus":53.9,"bachPlus":6.2,"gradPlus":0.7}}},{"type":"Feature","geometry":{"type":"Point","coordinates":[-118.02855242625792,34.07420106892014]},"properties":{"name":"El Monte","crime":{"homicide":2.8,"rape":36.4,"robbery":157.8,"aggAssault":210.1,"burglary":388.4,"mvTheft":423,"larceny":1115.7,"violentTotal":407.1,"propertyTotal":1927.1,"total":2334.2},"population":107104,"housing":{"homeValue":626000,"rent":1677,"income":64484},"education":{"hsPlus":64.2,"bachPlus":14.7,"gradPlus":3.2}}},{"type":"Feature","geometry":{"type":"Point","coordinates":[-120.14162884016503,34.59664486550114]},"properties":{"name":"Solvang","crime":{"homicide":0,"rape":0,"robbery":17.5,"aggAssault":69.8,"burglary":104.7,"mvTheft":52.4,"larceny":733.2,"violentTotal":87.3,"propertyTotal":890.4,"total":977.7},"population":5728,"housing":{"homeValue":936900,"rent":1773,"income":118208},"education":{"hsPlus":92.8,"bachPlus":38.5,"gradPlus":12.4}}},{"type":"Feature","geometry":{"type":"Point","coordinates":[-119.87330044066164,34.43201704947073]},"properties":{"name":"Goleta","crime":{"homicide":3.1,"rape":18.4,"robbery":36.8,"aggAssault":113.5,"burglary":196.3,"mvTheft":141.1,"larceny":1107.3,"violentTotal":171.8,"propertyTotal":1444.7,"total":1616.5},"population":32601,"housing":{"homeValue":1002500,"rent":2385,"income":118039},"education":{"hsPlus":89.7,"bachPlus":48.3,"gradPlus":20.2}}},{"type":"Feature","geometry":{"type":"Point","coordinates":[-120.47070009764452,34.66387932375879]},"properties":{"name":"Lompoc","crime":{"homicide":9.2,"rape":25.2,"robbery":73.4,"aggAssault":376.3,"burglary":172.1,"mvTheft":718.2,"larceny":871.9,"violentTotal":484.1,"propertyTotal":1762.2,"total":2246.3},"population":43583,"housing":{"homeValue":433800,"rent":1516,"income":70038},"education":{"hsPlus":71.7,"bachPlus":12.8,"gradPlus":3.6}}},{"type":"Feature","geometry":{"type":"Point","coordinates":[-119.70290161029719,34.39633376353507]},"properties":{"name":"Santa Barbara","crime":{"homicide":0,"rape":98.6,"robbery":89.3,"aggAssault":417.7,"burglary":235.5,"mvTheft":213.5,"larceny":1349.4,"violentTotal":605.7,"propertyTotal":1798.4,"total":2404.1},"population":86187,"housing":{"homeValue":1466400,"rent":2302,"income":101672},"education":{"hsPlus":88.9,"bachPlus":50.2,"gradPlus":20.6}}},{"type":"Feature","geometry":{"type":"Point","coordinates":[-120.44220910342044,34.929793492477614]},"properties":{"name":"Santa Maria","crime":{"homicide":5.4,"rape":56.8,"robbery":157.8,"aggAssault":390.5,"burglary":394.1,"mvTheft":661.9,"larceny":1285.1,"violentTotal":610.5,"propertyTotal":2341.2,"total":2951.7},"population":110885,"housing":{"homeValue":478200,"rent":1842,"income":84617},"education":{"hsPlus":63.3,"bachPlus":15.1,"gradPlus":4}}},{"type":"Feature","geometry":{"type":"Point","coordinates":[-120.24481895643308,39.67686743396172]},"properties":{"name":"Loyalton","population":732,"housing":{"homeValue":190700,"rent":null,"income":65694},"education":{"hsPlus":92.1,"bachPlus":22.6,"gradPlus":6.1}}},{"type":"Feature","geometry":{"type":"Point","coordinates":[-115.52863238329547,32.978595045992236]},"properties":{"name":"Brawley","crime":{"homicide":7,"rape":27.9,"robbery":31.3,"aggAssault":90.6,"burglary":198.5,"mvTheft":146.3,"larceny":1344.5,"violentTotal":156.7,"propertyTotal":1689.3,"total":1846},"population":28710,"housing":{"homeValue":270100,"rent":954,"income":60370},"education":{"hsPlus":74.4,"bachPlus":13.8,"gradPlus":3.1}}},{"type":"Feature","geometry":{"type":"Point","coordinates":[-118.40651591961893,33.91656132918848]},"properties":{"name":"El Segundo","crime":{"homicide":0,"rape":17.6,"robbery":170.6,"aggAssault":247,"burglary":1576.4,"mvTheft":876.4,"larceny":3876.2,"violentTotal":435.3,"propertyTotal":6329,"total":6764.3},"population":17001,"housing":{"homeValue":1521600,"rent":2547,"income":149149},"education":{"hsPlus":98.4,"bachPlus":62.5,"gradPlus":23.7}}},{"type":"Feature","geometry":{"type":"Point","coordinates":[-118.0747885530544,33.82965522391396]},"properties":{"name":"Hawaiian Gardens","crime":{"homicide":0,"rape":14.8,"robbery":103.3,"aggAssault":398.5,"burglary":656.7,"mvTheft":494.4,"larceny":848.6,"violentTotal":516.5,"propertyTotal":1999.7,"total":2516.2},"population":13552,"housing":{"homeValue":509600,"rent":1696,"income":76025},"education":{"hsPlus":68,"bachPlus":16.8,"gradPlus":4.7}}},{"type":"Feature","geometry":{"type":"Point","coordinates":[-118.41951534295877,33.85934143321026]},"properties":{"name":"Hermosa Beach","crime":{"homicide":0,"rape":26.2,"robbery":73.5,"aggAssault":178.4,"burglary":645.5,"mvTheft":188.9,"larceny":1983.7,"violentTotal":278.1,"propertyTotal":2818.2,"total":3096.3},"population":19055,"housing":{"homeValue":2000001,"rent":2812,"income":152019},"education":{"hsPlus":98.5,"bachPlus":76.5,"gradPlus":31.5}}},{"type":"Feature","geometry":{"type":"Point","coordinates":[-118.66265753833214,34.164133004214285]},"properties":{"name":"Hidden Hills","crime":{"homicide":0,"rape":0,"robbery":0,"aggAssault":57.4,"burglary":114.8,"mvTheft":0,"larceny":114.8,"violentTotal":57.4,"propertyTotal":229.6,"total":287},"population":1742,"housing":{"homeValue":2000001,"rent":3501,"income":250001},"education":{"hsPlus":97.4,"bachPlus":73,"gradPlus":34.1}}},{"type":"Feature","geometry":{"type":"Point","coordinates":[-121.05517510104565,39.22851787199546]},"properties":{"name":"Grass Valley","crime":{"homicide":0,"rape":81.7,"robbery":126.3,"aggAssault":750.3,"burglary":386.3,"mvTheft":542.3,"larceny":1678.9,"violentTotal":958.3,"propertyTotal":2607.5,"total":3565.9},"population":13461,"housing":{"homeValue":458400,"rent":1417,"income":48850},"education":{"hsPlus":92.2,"bachPlus":32,"gradPlus":13.2}}},{"type":"Feature","geometry":{"type":"Point","coordinates":[-118.1489135830028,34.153582231528134]},"properties":{"name":"Pasadena","crime":{"homicide":4.3,"rape":30.7,"robbery":120.7,"aggAssault":342.7,"burglary":392.7,"mvTheft":217.1,"larceny":1838.6,"violentTotal":498.4,"propertyTotal":2448.3,"total":2946.7},"population":140054,"housing":{"homeValue":1045000,"rent":2218,"income":103778},"education":{"hsPlus":90.1,"bachPlus":56,"gradPlus":26}}},{"type":"Feature","geometry":{"type":"Point","coordinates":[-117.8846533575437,33.592705565557814]},"properties":{"name":"Newport Beach","crime":{"homicide":1.2,"rape":32.5,"robbery":48.2,"aggAssault":126.5,"burglary":373.5,"mvTheft":160.3,"larceny":1483.2,"violentTotal":208.4,"propertyTotal":2017,"total":2225.4},"population":82995,"housing":{"homeValue":2000001,"rent":3146,"income":158461},"education":{"hsPlus":97.8,"bachPlus":69.6,"gradPlus":28.5}}},{"type":"Feature","geometry":{"type":"Point","coordinates":[-118.50163865217863,34.009467164113694]},"properties":{"name":"Santa Monica","crime":{"homicide":1.1,"rape":53.7,"robbery":265.5,"aggAssault":511.6,"burglary":700.8,"mvTheft":625.6,"larceny":3206.4,"violentTotal":832,"propertyTotal":4532.8,"total":5364.7},"population":93034,"housing":{"homeValue":1810200,"rent":2338,"income":109739},"education":{"hsPlus":94.8,"bachPlus":68.9,"gradPlus":29.4}}},{"type":"Feature","geometry":{"type":"Point","coordinates":[-115.49092399170111,32.68521015135859]},"properties":{"name":"Calexico","crime":{"homicide":0,"rape":10.1,"robbery":27.7,"aggAssault":65.4,"burglary":128.3,"mvTheft":367.2,"larceny":289.2,"violentTotal":103.1,"propertyTotal":784.7,"total":887.8},"population":39762,"housing":{"homeValue":281700,"rent":1049,"income":50021},"education":{"hsPlus":65,"bachPlus":21.2,"gradPlus":5}}},{"type":"Feature","geometry":{"type":"Point","coordinates":[-115.56226833373425,32.78720768852217]},"properties":{"name":"El Centro","crime":{"homicide":2.2,"rape":37.4,"robbery":72.5,"aggAssault":211,"burglary":230.8,"mvTheft":175.8,"larceny":1079.2,"violentTotal":323.1,"propertyTotal":1485.8,"total":1808.9},"population":45497,"housing":{"homeValue":291100,"rent":992,"income":56093},"education":{"hsPlus":73.5,"bachPlus":15.8,"gradPlus":5.8}}},{"type":"Feature","geometry":{"type":"Point","coordinates":[-115.377920329252,32.81266516828811]},"properties":{"name":"Holtville","crime":{"homicide":0,"rape":0,"robbery":0,"aggAssault":230,"burglary":141.5,"mvTheft":53.1,"larceny":530.7,"violentTotal":230,"propertyTotal":725.3,"total":955.2},"population":5653,"housing":{"homeValue":268800,"rent":797,"income":63438},"education":{"hsPlus":66.6,"bachPlus":11.8,"gradPlus":3.7}}},{"type":"Feature","geometry":{"type":"Point","coordinates":[-115.57898803384761,32.8292495194504]},"properties":{"name":"Imperial","crime":{"homicide":0,"rape":13.4,"robbery":4.5,"aggAssault":138.3,"burglary":40.1,"mvTheft":71.4,"larceny":151.6,"violentTotal":156.1,"propertyTotal":263.1,"total":419.2},"population":22422,"housing":{"homeValue":344700,"rent":1396,"income":83214},"education":{"hsPlus":82.9,"bachPlus":20.3,"gradPlus":7.5}}},{"type":"Feature","geometry":{"type":"Point","coordinates":[-115.62202813824175,33.03710552869646]},"properties":{"name":"Westmorland","population":2076,"housing":{"homeValue":218600,"rent":817,"income":28929},"education":{"hsPlus":63.7,"bachPlus":8,"gradPlus":1.4}}},{"type":"Feature","geometry":{"type":"Point","coordinates":[-121.28878061653012,38.69508070960842]},"properties":{"name":"Citrus Heights","crime":{"homicide":5.8,"rape":48.5,"robbery":105,"aggAssault":257.3,"burglary":268.9,"mvTheft":343.9,"larceny":1426.3,"violentTotal":416.6,"propertyTotal":2039.1,"total":2455.7},"population":86655,"housing":{"homeValue":432100,"rent":1764,"income":77167},"education":{"hsPlus":90.7,"bachPlus":22.2,"gradPlus":7}}},{"type":"Feature","geometry":{"type":"Point","coordinates":[-121.37450864850116,38.41259546438252]},"properties":{"name":"Elk Grove","crime":{"homicide":0.6,"rape":15,"robbery":49.8,"aggAssault":118.5,"burglary":139.5,"mvTheft":122.9,"larceny":923,"violentTotal":183.8,"propertyTotal":1185.5,"total":1369.3},"population":180599,"housing":{"homeValue":603400,"rent":2180,"income":122229},"education":{"hsPlus":90.8,"bachPlus":38,"gradPlus":12.6}}},{"type":"Feature","geometry":{"type":"Point","coordinates":[-121.29683930346549,38.267104756671785]},"properties":{"name":"Galt","crime":{"homicide":0,"rape":35,"robbery":62.2,"aggAssault":369.1,"burglary":217.6,"mvTheft":202,"larceny":1243.3,"violentTotal":466.2,"propertyTotal":1662.9,"total":2129.1},"population":25738,"housing":{"homeValue":465700,"rent":1413,"income":86327},"education":{"hsPlus":84,"bachPlus":21.1,"gradPlus":5.5}}},{"type":"Feature","geometry":{"type":"Point","coordinates":[-121.46722986105927,38.57826156435328]},"properties":{"name":"Sacramento","crime":{"homicide":7.8,"rape":32.3,"robbery":226.5,"aggAssault":538.4,"burglary":522.9,"mvTheft":703.6,"larceny":1681.5,"violentTotal":805,"propertyTotal":2907.9,"total":3712.9},"population":526327,"housing":{"homeValue":484600,"rent":1694,"income":83753},"education":{"hsPlus":86.9,"bachPlus":36.4,"gradPlus":13.6}}},{"type":"Feature","geometry":{"type":"Point","coordinates":[-121.39406821109546,36.84606753992378]},"properties":{"name":"Hollister","crime":{"homicide":4.6,"rape":30,"robbery":41.6,"aggAssault":261.1,"burglary":53.2,"mvTheft":129.4,"larceny":681.7,"violentTotal":337.4,"propertyTotal":864.3,"total":1201.7},"population":43272,"housing":{"homeValue":679300,"rent":1846,"income":101979},"education":{"hsPlus":80.4,"bachPlus":17.8,"gradPlus":4.4}}},{"type":"Feature","geometry":{"type":"Point","coordinates":[-118.0558778785244,33.87128683290807]},"properties":{"name":"Cerritos","crime":{"homicide":2.1,"rape":12.5,"robbery":166.6,"aggAssault":120.8,"burglary":735.3,"mvTheft":781.2,"larceny":3151.8,"violentTotal":302.1,"propertyTotal":4668.3,"total":4970.3},"population":48005,"housing":{"homeValue":908600,"rent":2909,"income":133953},"education":{"hsPlus":93.8,"bachPlus":57.1,"gradPlus":21.8}}},{"type":"Feature","geometry":{"type":"Point","coordinates":[-117.88499260224812,34.08705857098582]},"properties":{"name":"Covina","crime":{"homicide":2,"rape":17.8,"robbery":92.8,"aggAssault":235.1,"burglary":681.5,"mvTheft":268.6,"larceny":1009.4,"violentTotal":347.7,"propertyTotal":1959.5,"total":2307.2},"population":50625,"housing":{"homeValue":666000,"rent":1839,"income":94792},"education":{"hsPlus":88,"bachPlus":27.4,"gradPlus":8.4}}},{"type":"Feature","geometry":{"type":"Point","coordinates":[-118.31768312255824,33.7939641199596]},"properties":{"name":"Lomita","crime":{"homicide":0,"rape":29.4,"robbery":127.5,"aggAssault":245.1,"burglary":343.2,"mvTheft":421.6,"larceny":862.8,"violentTotal":402,"propertyTotal":1627.6,"total":2029.6},"population":20398,"housing":{"homeValue":792100,"rent":1918,"income":92920},"education":{"hsPlus":87.5,"bachPlus":38.1,"gradPlus":12}}},{"type":"Feature","geometry":{"type":"Point","coordinates":[-118.42503080116856,33.887724263791796]},"properties":{"name":"Manhattan Beach","crime":{"homicide":0,"rape":23.5,"robbery":105.5,"aggAssault":117.3,"burglary":334.2,"mvTheft":219.9,"larceny":2154.7,"violentTotal":246.3,"propertyTotal":2708.8,"total":2955.1},"population":34111,"housing":{"homeValue":2000001,"rent":3492,"income":193904},"education":{"hsPlus":98.8,"bachPlus":79,"gradPlus":37.3}}},{"type":"Feature","geometry":{"type":"Point","coordinates":[-118.1837224253393,33.98690854418001]},"properties":{"name":"Maywood","crime":{"homicide":0,"rape":32.6,"robbery":162.9,"aggAssault":309.5,"burglary":252.5,"mvTheft":525.3,"larceny":700.4,"violentTotal":504.9,"propertyTotal":1478.2,"total":1983.1},"population":24557,"housing":{"homeValue":595000,"rent":1467,"income":61655},"education":{"hsPlus":48.2,"bachPlus":8.2,"gradPlus":2.3}}},{"type":"Feature","geometry":{"type":"Point","coordinates":[-117.9960033700318,34.17323671543174]},"properties":{"name":"Monrovia","crime":{"homicide":0,"rape":21,"robbery":52.4,"aggAssault":136.2,"burglary":261.9,"mvTheft":309.1,"larceny":1608.1,"violentTotal":209.5,"propertyTotal":2179.1,"total":2388.6},"population":38181,"housing":{"homeValue":891700,"rent":2009,"income":97083},"education":{"hsPlus":90.2,"bachPlus":43.8,"gradPlus":17.2}}},{"type":"Feature","geometry":{"type":"Point","coordinates":[-117.81365228596377,34.10593084185885]},"properties":{"name":"San Dimas","crime":{"homicide":2.9,"rape":38,"robbery":73,"aggAssault":198.7,"burglary":385.7,"mvTheft":265.9,"larceny":1665.4,"violentTotal":312.6,"propertyTotal":2317,"total":2629.6},"population":34226,"housing":{"homeValue":756200,"rent":2232,"income":105833},"education":{"hsPlus":92.8,"bachPlus":40.3,"gradPlus":17}}},{"type":"Feature","geometry":{"type":"Point","coordinates":[-120.66512603357013,35.62685360257305]},"properties":{"name":"El Paso de Robles (Paso Robles)","crime":{"homicide":3.2,"rape":67.8,"robbery":64.5,"aggAssault":264.6,"burglary":174.3,"mvTheft":148.4,"larceny":1265,"violentTotal":400.2,"propertyTotal":1587.7,"total":1987.9},"population":30988,"housing":{"homeValue":648400,"rent":1947,"income":93098},"education":{"hsPlus":88.7,"bachPlus":29.1,"gradPlus":10.2}}},{"type":"Feature","geometry":{"type":"Point","coordinates":[-120.86620607958825,35.366436030845136]},"properties":{"name":"Morro Bay","crime":{"homicide":0,"rape":19.2,"robbery":19.2,"aggAssault":269.1,"burglary":173,"mvTheft":48.1,"larceny":759.3,"violentTotal":307.6,"propertyTotal":980.4,"total":1288},"population":10404,"housing":{"homeValue":864900,"rent":1820,"income":92553},"education":{"hsPlus":93.9,"bachPlus":46.4,"gradPlus":19.4}}},{"type":"Feature","geometry":{"type":"Point","coordinates":[-120.65931415215032,35.267078378139516]},"properties":{"name":"San Luis Obispo","crime":{"homicide":0,"rape":65.6,"robbery":90.2,"aggAssault":364.8,"burglary":371,"mvTheft":184.5,"larceny":2043.4,"violentTotal":520.6,"propertyTotal":2598.8,"total":3119.4},"population":48791,"housing":{"homeValue":896500,"rent":1906,"income":66711},"education":{"hsPlus":96,"bachPlus":54.4,"gradPlus":23.2}}},{"type":"Feature","geometry":{"type":"Point","coordinates":[-121.70057602011121,37.987613711161]},"properties":{"name":"Oakley","crime":{"homicide":4.3,"rape":17.3,"robbery":56.3,"aggAssault":205.5,"burglary":190.4,"mvTheft":331,"larceny":705.4,"violentTotal":283.4,"propertyTotal":1226.8,"total":1510.2},"population":46218,"housing":{"homeValue":632800,"rent":2031,"income":132067},"education":{"hsPlus":88.5,"bachPlus":23.2,"gradPlus":5.3}}},{"type":"Feature","geometry":{"type":"Point","coordinates":[-120.35705529642549,36.14326598839894]},"properties":{"name":"Coalinga","crime":{"homicide":0,"rape":40.6,"robbery":17.4,"aggAssault":498.5,"burglary":104.3,"mvTheft":104.3,"larceny":527.5,"violentTotal":556.5,"propertyTotal":736.1,"total":1292.6},"population":17252,"housing":{"homeValue":254600,"rent":1021,"income":78014},"education":{"hsPlus":68.7,"bachPlus":12.5,"gradPlus":4.9}}},{"type":"Feature","geometry":{"type":"Point","coordinates":[-120.44667228422233,36.84983765805839]},"properties":{"name":"Firebaugh","crime":{"homicide":0,"rape":11.8,"robbery":35.3,"aggAssault":82.3,"burglary":129.3,"mvTheft":199.8,"larceny":528.8,"violentTotal":129.3,"propertyTotal":857.8,"total":987.1},"population":8510,"housing":{"homeValue":235100,"rent":905,"income":47594},"education":{"hsPlus":42.7,"bachPlus":4.1,"gradPlus":1}}},{"type":"Feature","geometry":{"type":"Point","coordinates":[-119.67898731842953,36.62784695727609]},"properties":{"name":"Fowler","crime":{"homicide":0,"rape":0,"robbery":53.8,"aggAssault":470.7,"burglary":282.4,"mvTheft":188.3,"larceny":605.2,"violentTotal":524.5,"propertyTotal":1075.8,"total":1600.3},"population":7436,"housing":{"homeValue":352100,"rent":1172,"income":61071},"education":{"hsPlus":76.1,"bachPlus":23.5,"gradPlus":7.2}}},{"type":"Feature","geometry":{"type":"Point","coordinates":[-119.54822502678782,36.521252623230794]},"properties":{"name":"Kingsburg","crime":{"homicide":0,"rape":38,"robbery":22.8,"aggAssault":106.3,"burglary":417.7,"mvTheft":288.6,"larceny":896.2,"violentTotal":167.1,"propertyTotal":1602.5,"total":1769.6},"population":13167,"housing":{"homeValue":356900,"rent":1117,"income":82562},"education":{"hsPlus":85.1,"bachPlus":19.8,"gradPlus":6.5}}},{"type":"Feature","geometry":{"type":"Point","coordinates":[-120.82313372042728,38.41857057736439]},"properties":{"name":"Amador City","population":197,"housing":{"homeValue":356300,"rent":1625,"income":69844},"education":{"hsPlus":97.3,"bachPlus":43.6,"gradPlus":11.2}}},{"type":"Feature","geometry":{"type":"Point","coordinates":[-120.94265903889843,38.36174965661725]},"properties":{"name":"Ione","crime":{"homicide":11.1,"rape":22.2,"robbery":0,"aggAssault":44.4,"burglary":33.3,"mvTheft":44.4,"larceny":233.3,"violentTotal":77.8,"propertyTotal":311.1,"total":388.9},"population":9000,"housing":{"homeValue":448300,"rent":1477,"income":78661},"education":{"hsPlus":94.4,"bachPlus":19.3,"gradPlus":3.9}}},{"type":"Feature","geometry":{"type":"Point","coordinates":[-120.76839342423419,38.345694543712085]},"properties":{"name":"Jackson","crime":{"homicide":0,"rape":61.2,"robbery":20.4,"aggAssault":346.6,"burglary":224.3,"mvTheft":163.1,"larceny":1202.9,"violentTotal":428.1,"propertyTotal":1590.2,"total":2018.3},"population":4905,"housing":{"homeValue":432600,"rent":1397,"income":75051},"education":{"hsPlus":88.5,"bachPlus":20,"gradPlus":6.8}}},{"type":"Feature","geometry":{"type":"Point","coordinates":[-120.85022142319382,38.4787830688138]},"properties":{"name":"Plymouth","population":1109,"housing":{"homeValue":358200,"rent":1299,"income":81250},"education":{"hsPlus":83.4,"bachPlus":23.6,"gradPlus":5.3}}},{"type":"Feature","geometry":{"type":"Point","coordinates":[-120.38062308119966,36.7557716431152]},"properties":{"name":"Mendota","crime":{"homicide":7.9,"rape":23.8,"robbery":39.7,"aggAssault":777.9,"burglary":134.9,"mvTheft":261.9,"larceny":317.5,"violentTotal":849.3,"propertyTotal":714.4,"total":1563.7},"population":12598,"housing":{"homeValue":250400,"rent":874,"income":46458},"education":{"hsPlus":39.3,"bachPlus":4.5,"gradPlus":0.6}}},{"type":"Feature","geometry":{"type":"Point","coordinates":[-119.31620303140707,36.6245646108263]},"properties":{"name":"Orange Cove","crime":{"homicide":0,"rape":10.4,"robbery":0,"aggAssault":187.1,"burglary":114.3,"mvTheft":124.7,"larceny":363.7,"violentTotal":197.5,"propertyTotal":602.8,"total":800.2},"population":9622,"housing":{"homeValue":232900,"rent":996,"income":38447},"education":{"hsPlus":48.2,"bachPlus":11.2,"gradPlus":3.2}}},{"type":"Feature","geometry":{"type":"Point","coordinates":[-119.54834457851632,36.609953161446455]},"properties":{"name":"Parlier","crime":{"homicide":0,"rape":82.6,"robbery":117,"aggAssault":633,"burglary":185.8,"mvTheft":426.6,"larceny":509.1,"violentTotal":832.5,"propertyTotal":1121.4,"total":1953.9},"population":14535,"housing":{"homeValue":236100,"rent":1059,"income":50910},"education":{"hsPlus":51.7,"bachPlus":4.8,"gradPlus":0.6}}},{"type":"Feature","geometry":{"type":"Point","coordinates":[-119.45171522478172,36.59877723199054]},"properties":{"name":"Reedley","crime":{"homicide":3.9,"rape":34.7,"robbery":50.1,"aggAssault":470.1,"burglary":254.3,"mvTheft":192.7,"larceny":605,"violentTotal":558.8,"propertyTotal":1052,"total":1610.8},"population":25950,"housing":{"homeValue":311700,"rent":1198,"income":62923},"education":{"hsPlus":67.1,"bachPlus":16,"gradPlus":6.2}}},{"type":"Feature","geometry":{"type":"Point","coordinates":[-119.56064981427913,36.70707710356035]},"properties":{"name":"Sanger","crime":{"homicide":3.8,"rape":18.8,"robbery":37.5,"aggAssault":472.8,"burglary":165.1,"mvTheft":240.1,"larceny":1001.8,"violentTotal":532.8,"propertyTotal":1407,"total":1939.8},"population":26652,"housing":{"homeValue":346000,"rent":1131,"income":74428},"education":{"hsPlus":72.8,"bachPlus":12.8,"gradPlus":3.4}}},{"type":"Feature","geometry":{"type":"Point","coordinates":[-119.61635807021297,36.57243436398877]},"properties":{"name":"Selma","crime":{"homicide":4.1,"rape":8.2,"robbery":69.4,"aggAssault":437,"burglary":347.1,"mvTheft":392,"larceny":1155.7,"violentTotal":518.6,"propertyTotal":1894.9,"total":2413.5},"population":24487,"housing":{"homeValue":288700,"rent":1202,"income":55839},"education":{"hsPlus":71.7,"bachPlus":11.4,"gradPlus":3.9}}},{"type":"Feature","geometry":{"type":"Point","coordinates":[-121.76950441274826,36.917422407966534]},"properties":{"name":"Watsonville","crime":{"homicide":9.8,"rape":31.5,"robbery":84.5,"aggAssault":399.1,"burglary":208.4,"mvTheft":210.4,"larceny":843.5,"violentTotal":525,"propertyTotal":1262.3,"total":1787.3},"population":50860,"housing":{"homeValue":657700,"rent":1784,"income":74785},"education":{"hsPlus":65.5,"bachPlus":12.7,"gradPlus":4.2}}},{"type":"Feature","geometry":{"type":"Point","coordinates":[-122.03551185985698,36.967293880693575]},"properties":{"name":"Santa Cruz","crime":{"homicide":1.6,"rape":33.4,"robbery":190.9,"aggAssault":429.5,"burglary":187.7,"mvTheft":175,"larceny":2029.9,"violentTotal":655.4,"propertyTotal":2392.6,"total":3048},"population":62861,"housing":{"homeValue":1180100,"rent":2302,"income":111427},"education":{"hsPlus":95.1,"bachPlus":57.7,"gradPlus":28.4}}},{"type":"Feature","geometry":{"type":"Point","coordinates":[-118.43594813042469,34.28856095736599]},"properties":{"name":"San Fernando","crime":{"homicide":4.2,"rape":21.2,"robbery":157.1,"aggAssault":195.4,"burglary":246.3,"mvTheft":586.1,"larceny":1295.3,"violentTotal":378,"propertyTotal":2127.7,"total":2505.7},"population":23546,"housing":{"homeValue":630700,"rent":1690,"income":79694},"education":{"hsPlus":64.6,"bachPlus":16.1,"gradPlus":5.1}}},{"type":"Feature","geometry":{"type":"Point","coordinates":[-123.01701747915486,38.80053221855644]},"properties":{"name":"Cloverdale","crime":{"homicide":0,"rape":22.8,"robbery":11.4,"aggAssault":228.2,"burglary":102.7,"mvTheft":68.5,"larceny":627.6,"violentTotal":262.5,"propertyTotal":798.8,"total":1061.3},"population":8763,"housing":{"homeValue":613400,"rent":1245,"income":104238},"education":{"hsPlus":81.3,"bachPlus":26.9,"gradPlus":9.9}}},{"type":"Feature","geometry":{"type":"Point","coordinates":[-122.70954582953087,38.326236635496514]},"properties":{"name":"Cotati","crime":{"homicide":13.6,"rape":27.2,"robbery":27.2,"aggAssault":136,"burglary":190.4,"mvTheft":204,"larceny":979.2,"violentTotal":204,"propertyTotal":1373.6,"total":1577.6},"population":7353,"housing":{"homeValue":702500,"rent":1899,"income":112841},"education":{"hsPlus":96.9,"bachPlus":39.8,"gradPlus":11.6}}},{"type":"Feature","geometry":{"type":"Point","coordinates":[-119.29322354087637,34.262432181945044]},"properties":{"name":"San Buenaventura (Ventura)","crime":{"homicide":5.5,"rape":28.6,"robbery":72.9,"aggAssault":331.3,"burglary":263,"mvTheft":164.3,"larceny":1717.4,"violentTotal":438.3,"propertyTotal":2144.7,"total":2583},"population":108361,"housing":{"homeValue":778700,"rent":2101,"income":100407},"education":{"hsPlus":91.2,"bachPlus":41.1,"gradPlus":15.8}}},{"type":"Feature","geometry":{"type":"Point","coordinates":[-117.84768143394481,34.135887563141196]},"properties":{"name":"Glendora","crime":{"homicide":0,"rape":29.2,"robbery":70.2,"aggAssault":134.5,"burglary":368.5,"mvTheft":167.7,"larceny":1507.1,"violentTotal":234,"propertyTotal":2043.3,"total":2277.3},"population":51289,"housing":{"homeValue":820800,"rent":2218,"income":111915},"education":{"hsPlus":93.7,"bachPlus":39.3,"gradPlus":15.5}}},{"type":"Feature","geometry":{"type":"Point","coordinates":[-118.34770223585477,33.91516491592799]},"properties":{"name":"Hawthorne","crime":{"homicide":8.2,"rape":46.6,"robbery":209.6,"aggAssault":373.8,"burglary":292.3,"mvTheft":817.5,"larceny":1127.3,"violentTotal":638.2,"propertyTotal":2237.2,"total":2875.3},"population":85868,"housing":{"homeValue":813700,"rent":1723,"income":72719},"education":{"hsPlus":78.3,"bachPlus":25,"gradPlus":7.9}}},{"type":"Feature","geometry":{"type":"Point","coordinates":[-118.34732897763615,33.95937091283937]},"properties":{"name":"Inglewood","crime":{"homicide":14.1,"rape":33.8,"robbery":311.4,"aggAssault":383.6,"burglary":356.4,"mvTheft":1061.7,"larceny":2226.7,"violentTotal":742.8,"propertyTotal":3644.8,"total":4387.7},"population":106617,"housing":{"homeValue":744300,"rent":1725,"income":71029},"education":{"hsPlus":77.3,"bachPlus":24.2,"gradPlus":7.8}}},{"type":"Feature","geometry":{"type":"Point","coordinates":[-118.19747753675668,34.205093067425054]},"properties":{"name":"La Cañada Flintridge","crime":{"homicide":0,"rape":5,"robbery":44.7,"aggAssault":104.2,"burglary":471.5,"mvTheft":74.4,"larceny":1300.3,"violentTotal":153.9,"propertyTotal":1846.2,"total":2000.1},"population":20149,"housing":{"homeValue":2000001,"rent":2842,"income":221451},"education":{"hsPlus":97.6,"bachPlus":75.5,"gradPlus":38.5}}},{"type":"Feature","geometry":{"type":"Point","coordinates":[-118.00881270228156,33.90275888971567]},"properties":{"name":"La Mirada","crime":{"homicide":4.1,"rape":6.2,"robbery":78.7,"aggAssault":122.1,"burglary":258.7,"mvTheft":356,"larceny":1210.8,"violentTotal":211.1,"propertyTotal":1825.5,"total":2036.6},"population":48315,"housing":{"homeValue":763200,"rent":2052,"income":110177},"education":{"hsPlus":91.2,"bachPlus":39.7,"gradPlus":13.9}}},{"type":"Feature","geometry":{"type":"Point","coordinates":[-118.07247969888351,34.563245190699305]},"properties":{"name":"Palmdale","crime":{"homicide":5.4,"rape":24.6,"robbery":123.7,"aggAssault":336.2,"burglary":243.1,"mvTheft":375.2,"larceny":978.5,"violentTotal":489.9,"propertyTotal":1596.8,"total":2086.7},"population":166580,"housing":{"homeValue":435300,"rent":1736,"income":81151},"education":{"hsPlus":77,"bachPlus":16.6,"gradPlus":5.2}}},{"type":"Feature","geometry":{"type":"Point","coordinates":[-118.43721767402495,33.78207042249004]},"properties":{"name":"Palos Verdes Estates","crime":{"homicide":0,"rape":0,"robbery":0,"aggAssault":7.7,"burglary":453.4,"mvTheft":92.2,"larceny":722.3,"violentTotal":7.7,"propertyTotal":1267.9,"total":1275.5},"population":13014,"housing":{"homeValue":2000001,"rent":3331,"income":247500},"education":{"hsPlus":97.7,"bachPlus":78.5,"gradPlus":39.3}}},{"type":"Feature","geometry":{"type":"Point","coordinates":[-118.34688579794577,33.76037526907975]},"properties":{"name":"Rolling Hills","crime":{"homicide":0,"rape":59.8,"robbery":0,"aggAssault":0,"burglary":358.6,"mvTheft":0,"larceny":119.5,"violentTotal":59.8,"propertyTotal":478.2,"total":538},"population":1673,"housing":{"homeValue":602700,"rent":null,"income":91635},"education":{"hsPlus":93.5,"bachPlus":57.1,"gradPlus":15.5}}},{"type":"Feature","geometry":{"type":"Point","coordinates":[-118.5183266306626,34.41772434548642]},"properties":{"name":"Santa Clarita","crime":{"homicide":2.2,"rape":14.3,"robbery":54,"aggAssault":97.6,"burglary":185.3,"mvTheft":187,"larceny":779,"violentTotal":168,"propertyTotal":1151.3,"total":1319.2},"population":231573,"housing":{"homeValue":721000,"rent":2486,"income":119926},"education":{"hsPlus":91.3,"bachPlus":39.3,"gradPlus":12.8}}},{"type":"Feature","geometry":{"type":"Point","coordinates":[-118.06821346079472,33.945902610208414]},"properties":{"name":"Santa Fe Springs","crime":{"homicide":48.6,"rape":27,"robbery":232.2,"aggAssault":432.1,"burglary":1290.8,"mvTheft":1620.3,"larceny":3607.9,"violentTotal":739.9,"propertyTotal":6519,"total":7259},"population":18515,"housing":{"homeValue":624700,"rent":1965,"income":86857},"education":{"hsPlus":79.3,"bachPlus":23.4,"gradPlus":6.9}}},{"type":"Feature","geometry":{"type":"Point","coordinates":[-118.2167871124771,34.0035227271746]},"properties":{"name":"Vernon","crime":{"homicide":0,"rape":480.8,"robbery":7692.3,"aggAssault":12980.8,"burglary":52403.8,"mvTheft":64423.1,"larceny":183653.8,"violentTotal":21153.8,"propertyTotal":300480.8,"total":321634.6},"population":208,"housing":{"homeValue":675000,"rent":1325,"income":70833},"education":{"hsPlus":77.8,"bachPlus":13.4,"gradPlus":2.6}}},{"type":"Feature","geometry":{"type":"Point","coordinates":[-117.85690385318092,34.03212948783418]},"properties":{"name":"Walnut","crime":{"homicide":0,"rape":10.7,"robbery":50,"aggAssault":92.8,"burglary":503.4,"mvTheft":139.2,"larceny":889,"violentTotal":153.5,"propertyTotal":1531.7,"total":1685.2},"population":28008,"housing":{"homeValue":972500,"rent":3120,"income":133762},"education":{"hsPlus":93.9,"bachPlus":55.3,"gradPlus":18.1}}},{"type":"Feature","geometry":{"type":"Point","coordinates":[-118.05033525612353,34.168222788609306]},"properties":{"name":"Sierra Madre","crime":{"homicide":0,"rape":9.2,"robbery":18.3,"aggAssault":192.6,"burglary":247.6,"mvTheft":91.7,"larceny":357.7,"violentTotal":220.1,"propertyTotal":697.1,"total":917.2},"population":10903,"housing":{"homeValue":1172200,"rent":2086,"income":141094},"education":{"hsPlus":98,"bachPlus":65.4,"gradPlus":34.9}}},{"type":"Feature","geometry":{"type":"Point","coordinates":[-118.15728924409635,34.111323746037236]},"properties":{"name":"South Pasadena","crime":{"homicide":0,"rape":3.8,"robbery":57.1,"aggAssault":83.7,"burglary":449.1,"mvTheft":197.9,"larceny":2055.4,"violentTotal":144.6,"propertyTotal":2702.5,"total":2847.1},"population":26272,"housing":{"homeValue":1545100,"rent":2218,"income":128105},"education":{"hsPlus":97.1,"bachPlus":72.7,"gradPlus":33.7}}},{"type":"Feature","geometry":{"type":"Point","coordinates":[-118.66788217773184,34.13378740191221]},"properties":{"name":"Calabasas","crime":{"homicide":0,"rape":17.5,"robbery":39.4,"aggAssault":118.1,"burglary":398.1,"mvTheft":56.9,"larceny":936.3,"violentTotal":175,"propertyTotal":1391.3,"total":1566.3},"population":22856,"housing":{"homeValue":1453900,"rent":3070,"income":157938},"education":{"hsPlus":98.2,"bachPlus":71.3,"gradPlus":33.9}}},{"type":"Feature","geometry":{"type":"Point","coordinates":[-118.35471490320488,33.78923439051583]},"properties":{"name":"Rolling Hills Estates","crime":{"homicide":0,"rape":11.7,"robbery":11.7,"aggAssault":105.2,"burglary":619.4,"mvTheft":58.4,"larceny":923.2,"violentTotal":128.5,"propertyTotal":1601,"total":1729.6},"population":8557,"housing":{"homeValue":1602300,"rent":3501,"income":187500},"education":{"hsPlus":97.6,"bachPlus":72.2,"gradPlus":31.5}}},{"type":"Feature","geometry":{"type":"Point","coordinates":[-122.1485964612199,38.06902511310372]},"properties":{"name":"Benicia","crime":{"homicide":0,"rape":11.4,"robbery":22.8,"aggAssault":72.1,"burglary":186,"mvTheft":193.6,"larceny":781.9,"violentTotal":106.3,"propertyTotal":1161.4,"total":1267.7},"population":26347,"housing":{"homeValue":778600,"rent":2234,"income":125040},"education":{"hsPlus":95.5,"bachPlus":45.5,"gradPlus":14.7}}},{"type":"Feature","geometry":{"type":"Point","coordinates":[-121.83288207908834,38.44815216863755]},"properties":{"name":"Dixon","crime":{"homicide":0,"rape":45.9,"robbery":51,"aggAssault":158.1,"burglary":168.3,"mvTheft":188.7,"larceny":1132.2,"violentTotal":255,"propertyTotal":1489.2,"total":1744.2},"population":19608,"housing":{"homeValue":575600,"rent":1728,"income":98798},"education":{"hsPlus":83.9,"bachPlus":24.3,"gradPlus":9.2}}},{"type":"Feature","geometry":{"type":"Point","coordinates":[-121.70197733699472,38.181056130866665]},"properties":{"name":"Rio Vista","crime":{"homicide":0,"rape":49.2,"robbery":9.8,"aggAssault":275.7,"burglary":68.9,"mvTheft":108.3,"larceny":571,"violentTotal":334.7,"propertyTotal":748.3,"total":1083},"population":10157,"housing":{"homeValue":480300,"rent":1624,"income":86970},"education":{"hsPlus":92.1,"bachPlus":35.4,"gradPlus":12.7}}},{"type":"Feature","geometry":{"type":"Point","coordinates":[-118.20168405131409,33.923854715433386]},"properties":{"name":"Lynwood","crime":{"homicide":3,"rape":36.2,"robbery":247.1,"aggAssault":426.5,"burglary":319.5,"mvTheft":1279.4,"larceny":1053.3,"violentTotal":712.8,"propertyTotal":2652.2,"total":3365},"population":66360,"housing":{"homeValue":569400,"rent":1625,"income":70236},"education":{"hsPlus":58.3,"bachPlus":10.4,"gradPlus":2.6}}},{"type":"Feature","geometry":{"type":"Point","coordinates":[-122.01602535499057,38.2500500830464]},"properties":{"name":"Suisun City","crime":{"homicide":3.4,"rape":58.5,"robbery":110.1,"aggAssault":216.7,"burglary":223.6,"mvTheft":264.8,"larceny":1117.8,"violentTotal":388.7,"propertyTotal":1606.2,"total":1994.9},"population":29074,"housing":{"homeValue":551000,"rent":2151,"income":97083},"education":{"hsPlus":89.1,"bachPlus":21.1,"gradPlus":6}}},{"type":"Feature","geometry":{"type":"Point","coordinates":[-118.88279019952856,34.28433794852272]},"properties":{"name":"Moorpark","crime":{"homicide":2.9,"rape":22.8,"robbery":11.4,"aggAssault":37.1,"burglary":105.6,"mvTheft":57.1,"larceny":519.7,"violentTotal":74.2,"propertyTotal":682.4,"total":756.6},"population":35023,"housing":{"homeValue":852800,"rent":2657,"income":149403},"education":{"hsPlus":90.6,"bachPlus":44.9,"gradPlus":15.2}}},{"type":"Feature","geometry":{"type":"Point","coordinates":[-122.69916829153169,38.348180467775656]},"properties":{"name":"Rohnert Park","crime":{"homicide":0,"rape":63.5,"robbery":56.7,"aggAssault":265.4,"burglary":174.6,"mvTheft":170.1,"larceny":1131.8,"violentTotal":385.6,"propertyTotal":1476.6,"total":1862.1},"population":44089,"housing":{"homeValue":634900,"rent":2211,"income":96635},"education":{"hsPlus":89.9,"bachPlus":30.1,"gradPlus":10.5}}},{"type":"Feature","geometry":{"type":"Point","coordinates":[-122.82552820640052,38.40123132600843]},"properties":{"name":"Sebastopol","crime":{"homicide":0,"rape":27.3,"robbery":54.5,"aggAssault":286.2,"burglary":190.8,"mvTheft":149.9,"larceny":1349.1,"violentTotal":367.9,"propertyTotal":1689.8,"total":2057.8},"population":7338,"housing":{"homeValue":821400,"rent":1767,"income":99600},"education":{"hsPlus":95,"bachPlus":51.7,"gradPlus":22.1}}},{"type":"Feature","geometry":{"type":"Point","coordinates":[-122.4596596691285,38.29053284566238]},"properties":{"name":"Sonoma","crime":{"homicide":0,"rape":28.3,"robbery":28.3,"aggAssault":94.4,"burglary":113.3,"mvTheft":94.4,"larceny":802.3,"violentTotal":151,"propertyTotal":1009.9,"total":1160.9},"population":10595,"housing":{"homeValue":954300,"rent":2216,"income":101281},"education":{"hsPlus":95.6,"bachPlus":47.7,"gradPlus":19.1}}},{"type":"Feature","geometry":{"type":"Point","coordinates":[-119.03332629854143,34.22177334935038]},"properties":{"name":"Camarillo","crime":{"homicide":0,"rape":10.1,"robbery":15.8,"aggAssault":56.1,"burglary":96.4,"mvTheft":56.1,"larceny":1131.5,"violentTotal":82.1,"propertyTotal":1284.1,"total":1366.1},"population":69467,"housing":{"homeValue":766100,"rent":2650,"income":109390},"education":{"hsPlus":93.9,"bachPlus":43.4,"gradPlus":17.1}}},{"type":"Feature","geometry":{"type":"Point","coordinates":[-118.91728459863204,34.40251953656426]},"properties":{"name":"Fillmore","crime":{"homicide":0,"rape":11.7,"robbery":35.1,"aggAssault":117,"burglary":35.1,"mvTheft":81.9,"larceny":362.7,"violentTotal":163.8,"propertyTotal":479.7,"total":643.5},"population":17095,"housing":{"homeValue":567500,"rent":1799,"income":90343},"education":{"hsPlus":78.4,"bachPlus":15.3,"gradPlus":3.9}}},{"type":"Feature","geometry":{"type":"Point","coordinates":[-119.17669050597758,34.209119174046776]},"properties":{"name":"Oxnard","crime":{"homicide":3.5,"rape":52.4,"robbery":130.6,"aggAssault":424.9,"burglary":222.8,"mvTheft":334.2,"larceny":1199.7,"violentTotal":611.4,"propertyTotal":1756.7,"total":2368.1},"population":198384,"housing":{"homeValue":617800,"rent":1962,"income":93372},"education":{"hsPlus":69.2,"bachPlus":19.6,"gradPlus":6.3}}},{"type":"Feature","geometry":{"type":"Point","coordinates":[-121.96696139990848,37.22655661988797]},"properties":{"name":"Los Gatos","crime":{"homicide":6,"rape":23.9,"robbery":17.9,"aggAssault":86.6,"burglary":200,"mvTheft":119.4,"larceny":1304.5,"violentTotal":134.3,"propertyTotal":1623.9,"total":1758.2},"population":33500,"housing":{"homeValue":2000001,"rent":2969,"income":207891},"education":{"hsPlus":98,"bachPlus":74.9,"gradPlus":36.7}}},{"type":"Feature","geometry":{"type":"Point","coordinates":[-121.59482660059773,37.00279091627745]},"properties":{"name":"Gilroy","crime":{"homicide":6.5,"rape":68.3,"robbery":134.9,"aggAssault":292.5,"burglary":320.2,"mvTheft":580.2,"larceny":1843,"violentTotal":502.2,"propertyTotal":2743.3,"total":3245.5},"population":61531,"housing":{"homeValue":975800,"rent":2270,"income":131554},"education":{"hsPlus":83.6,"bachPlus":28.6,"gradPlus":9.6}}},{"type":"Feature","geometry":{"type":"Point","coordinates":[-122.02300091000751,37.26785042429981]},"properties":{"name":"Saratoga","crime":{"homicide":0,"rape":19.3,"robbery":22.6,"aggAssault":16.1,"burglary":225.7,"mvTheft":29,"larceny":328.8,"violentTotal":58,"propertyTotal":583.5,"total":641.5},"population":31020,"housing":{"homeValue":2000001,"rent":3501,"income":241348},"education":{"hsPlus":97.2,"bachPlus":81.2,"gradPlus":47.7}}},{"type":"Feature","geometry":{"type":"Point","coordinates":[-122.27656396134653,41.230346092160595]},"properties":{"name":"Dunsmuir","crime":{"homicide":0,"rape":0,"robbery":0,"aggAssault":243.5,"burglary":121.7,"mvTheft":0,"larceny":121.7,"violentTotal":243.5,"propertyTotal":243.5,"total":486.9},"population":1643,"housing":{"homeValue":262800,"rent":953,"income":47708},"education":{"hsPlus":90.5,"bachPlus":21.3,"gradPlus":6.3}}},{"type":"Feature","geometry":{"type":"Point","coordinates":[-122.89454729353255,41.45796661834353]},"properties":{"name":"Etna","crime":{"homicide":0,"rape":0,"robbery":0,"aggAssault":599.7,"burglary":0,"mvTheft":299.9,"larceny":149.9,"violentTotal":599.7,"propertyTotal":449.8,"total":1049.5},"population":667,"housing":{"homeValue":238400,"rent":854,"income":60313},"education":{"hsPlus":96.2,"bachPlus":27.7,"gradPlus":15.4}}},{"type":"Feature","geometry":{"type":"Point","coordinates":[-122.84026589822328,41.60747361653555]},"properties":{"name":"Fort Jones","crime":{"homicide":0,"rape":0,"robbery":0,"aggAssault":598.8,"burglary":149.7,"mvTheft":0,"larceny":449.1,"violentTotal":598.8,"propertyTotal":598.8,"total":1197.6},"population":668,"housing":{"homeValue":212700,"rent":1112,"income":43438},"education":{"hsPlus":91.6,"bachPlus":10.7,"gradPlus":2.9}}},{"type":"Feature","geometry":{"type":"Point","coordinates":[-122.5264475261228,41.72558766502611]},"properties":{"name":"Montague","crime":{"homicide":0,"rape":83.3,"robbery":0,"aggAssault":250,"burglary":83.3,"mvTheft":83.3,"larceny":166.7,"violentTotal":333.3,"propertyTotal":333.3,"total":666.7},"population":1200,"housing":{"homeValue":181300,"rent":833,"income":55096},"education":{"hsPlus":90.7,"bachPlus":12.4,"gradPlus":2.1}}},{"type":"Feature","geometry":{"type":"Point","coordinates":[-122.38719040226188,41.41122989815092]},"properties":{"name":"Weed","crime":{"homicide":0,"rape":147.7,"robbery":0,"aggAssault":480.1,"burglary":147.7,"mvTheft":332.3,"larceny":738.6,"violentTotal":627.8,"propertyTotal":1218.6,"total":1846.4},"population":2708,"housing":{"homeValue":206500,"rent":841,"income":38966},"education":{"hsPlus":87.6,"bachPlus":12.3,"gradPlus":5}}},{"type":"Feature","geometry":{"type":"Point","coordinates":[-117.96891845423325,34.083428559822096]},"properties":{"name":"Baldwin Park","crime":{"homicide":7.1,"rape":28.3,"robbery":140.1,"aggAssault":294.3,"burglary":244.7,"mvTheft":489.5,"larceny":963.4,"violentTotal":469.7,"propertyTotal":1697.7,"total":2167.4},"population":70685,"housing":{"homeValue":588100,"rent":1817,"income":79087},"education":{"hsPlus":68.3,"bachPlus":14.3,"gradPlus":2.9}}},{"type":"Feature","geometry":{"type":"Point","coordinates":[-118.40481518605353,34.07897268657153]},"properties":{"name":"Beverly Hills","crime":{"homicide":0,"rape":31.3,"robbery":212.6,"aggAssault":225.1,"burglary":913,"mvTheft":368.9,"larceny":3536.1,"violentTotal":469,"propertyTotal":4818,"total":5287},"population":31984,"housing":{"homeValue":2000001,"rent":2805,"income":127979},"education":{"hsPlus":96.7,"bachPlus":69.4,"gradPlus":34.8}}},{"type":"Feature","geometry":{"type":"Point","coordinates":[-118.24778908549823,34.176399129094676]},"properties":{"name":"Glendale","crime":{"homicide":1,"rape":14.6,"robbery":87.6,"aggAssault":116.8,"burglary":280.6,"mvTheft":256.1,"larceny":1629.1,"violentTotal":220.1,"propertyTotal":2165.8,"total":2385.9},"population":191706,"housing":{"homeValue":1043900,"rent":2095,"income":84262},"education":{"hsPlus":89,"bachPlus":45.5,"gradPlus":16.8}}},{"type":"Feature","geometry":{"type":"Point","coordinates":[-117.94805600464655,34.03335741773033]},"properties":{"name":"La Puente","crime":{"homicide":0,"rape":24,"robbery":93.3,"aggAssault":232,"burglary":293.3,"mvTheft":386.6,"larceny":626.5,"violentTotal":349.3,"propertyTotal":1306.4,"total":1655.6},"population":37508,"housing":{"homeValue":593200,"rent":1788,"income":84811},"education":{"hsPlus":65.9,"bachPlus":12.5,"gradPlus":2.8}}},{"type":"Feature","geometry":{"type":"Point","coordinates":[-118.47882588897404,34.18786188931274]},"properties":{"name":"Los Angeles","crime":{"homicide":8.5,"rape":50.9,"robbery":228.1,"aggAssault":525.4,"burglary":402.8,"mvTheft":670.1,"larceny":1748.8,"violentTotal":812.8,"propertyTotal":2821.7,"total":3634.5},"population":3819600,"housing":{"homeValue":879500,"rent":1879,"income":80366},"education":{"hsPlus":79.3,"bachPlus":37.8,"gradPlus":13.3}}},{"type":"Feature","geometry":{"type":"Point","coordinates":[-118.16553855080046,33.8974833467819]},"properties":{"name":"Paramount","crime":{"homicide":1.9,"rape":26.7,"robbery":232.8,"aggAssault":444.5,"burglary":431.2,"mvTheft":1184.8,"larceny":1081.8,"violentTotal":705.9,"propertyTotal":2697.7,"total":3403.6},"population":52415,"housing":{"homeValue":500400,"rent":1772,"income":70912},"education":{"hsPlus":65.9,"bachPlus":13.1,"gradPlus":3.4}}},{"type":"Feature","geometry":{"type":"Point","coordinates":[-118.06241284526378,34.09975484372735]},"properties":{"name":"Temple City","crime":{"homicide":0,"rape":8.3,"robbery":61,"aggAssault":138.6,"burglary":421.4,"mvTheft":141.4,"larceny":557.3,"violentTotal":207.9,"propertyTotal":1120.1,"total":1328},"population":36069,"housing":{"homeValue":930200,"rent":2034,"income":102449},"education":{"hsPlus":87.4,"bachPlus":42.5,"gradPlus":15.4}}},{"type":"Feature","geometry":{"type":"Point","coordinates":[-117.56062006729658,34.12390426216668]},"properties":{"name":"Rancho Cucamonga","crime":{"homicide":1.1,"rape":11.4,"robbery":43.4,"aggAssault":67.3,"burglary":152.9,"mvTheft":135.8,"larceny":841.2,"violentTotal":123.3,"propertyTotal":1130,"total":1253.2},"population":175227,"housing":{"homeValue":694400,"rent":2286,"income":109511},"education":{"hsPlus":92,"bachPlus":37.3,"gradPlus":14.5}}},{"type":"Feature","geometry":{"type":"Point","coordinates":[-121.95127861637849,37.28188717533068]},"properties":{"name":"Campbell","crime":{"homicide":2.3,"rape":43.8,"robbery":89.9,"aggAssault":214.4,"burglary":463.4,"mvTheft":433.4,"larceny":1735.9,"violentTotal":350.4,"propertyTotal":2632.7,"total":2983.1},"population":43377,"housing":{"homeValue":1550000,"rent":2751,"income":147128},"education":{"hsPlus":93.4,"bachPlus":59.5,"gradPlus":24.4}}},{"type":"Feature","geometry":{"type":"Point","coordinates":[-122.0497953542616,37.31387694676716]},"properties":{"name":"Cupertino","crime":{"homicide":1.7,"rape":11.7,"robbery":45.1,"aggAssault":40.1,"burglary":198.7,"mvTheft":80.2,"larceny":876.7,"violentTotal":98.5,"propertyTotal":1155.5,"total":1254},"population":59887,"housing":{"homeValue":2000001,"rent":3501,"income":231139},"education":{"hsPlus":97.2,"bachPlus":83.1,"gradPlus":49}}},{"type":"Feature","geometry":{"type":"Point","coordinates":[-122.14242753515144,37.37049835040486]},"properties":{"name":"Los Altos Hills","crime":{"homicide":0,"rape":23.5,"robbery":46.9,"aggAssault":11.7,"burglary":716,"mvTheft":11.7,"larceny":176.1,"violentTotal":82.2,"propertyTotal":903.8,"total":985.9},"population":8520,"housing":{"homeValue":2000001,"rent":3501,"income":250001},"education":{"hsPlus":99.2,"bachPlus":85.6,"gradPlus":53.6}}},{"type":"Feature","geometry":{"type":"Point","coordinates":[-121.98673162419365,37.24505883267755]},"properties":{"name":"Monte Sereno","crime":{"homicide":0,"rape":0,"robbery":0,"aggAssault":110.7,"burglary":470.5,"mvTheft":83,"larceny":359.8,"violentTotal":110.7,"propertyTotal":913.4,"total":1024.1},"population":3613,"housing":{"homeValue":2000001,"rent":2947,"income":250001},"education":{"hsPlus":99.3,"bachPlus":87.1,"gradPlus":47.6}}},{"type":"Feature","geometry":{"type":"Point","coordinates":[-122.12718754229758,37.43141933593151]},"properties":{"name":"Palo Alto","crime":{"homicide":0,"rape":29.2,"robbery":80.2,"aggAssault":87.5,"burglary":258.1,"mvTheft":169.2,"larceny":2226.9,"violentTotal":196.9,"propertyTotal":2654.2,"total":2851.1},"population":68570,"housing":{"homeValue":2000001,"rent":3328,"income":220408},"education":{"hsPlus":97,"bachPlus":82.4,"gradPlus":55.2}}},{"type":"Feature","geometry":{"type":"Point","coordinates":[-121.88286948043721,37.34482846205242]},"properties":{"name":"San Jose","crime":{"homicide":3,"rape":57.9,"robbery":106.9,"aggAssault":328.1,"burglary":301.9,"mvTheft":608.5,"larceny":1054.5,"violentTotal":495.9,"propertyTotal":1964.9,"total":2460.8},"population":980174,"housing":{"homeValue":1187800,"rent":2617,"income":141565},"education":{"hsPlus":85.5,"bachPlus":46.5,"gradPlus":20.3}}},{"type":"Feature","geometry":{"type":"Point","coordinates":[-119.20191696022657,34.15804875717526]},"properties":{"name":"Port Hueneme","crime":{"homicide":4.8,"rape":33.6,"robbery":62.4,"aggAssault":158.3,"burglary":158.3,"mvTheft":177.5,"larceny":1319,"violentTotal":259,"propertyTotal":1654.8,"total":1913.8},"population":20849,"housing":{"homeValue":556200,"rent":2106,"income":76655},"education":{"hsPlus":80.9,"bachPlus":22.7,"gradPlus":6.8}}},{"type":"Feature","geometry":{"type":"Point","coordinates":[-121.59122867834859,39.14558036551601]},"properties":{"name":"Marysville","crime":{"homicide":39,"rape":54.6,"robbery":78,"aggAssault":499,"burglary":374.3,"mvTheft":857.7,"larceny":771.9,"violentTotal":670.6,"propertyTotal":2003.9,"total":2674.5},"population":12825,"housing":{"homeValue":282700,"rent":1223,"income":58150},"education":{"hsPlus":86.5,"bachPlus":16.6,"gradPlus":7.2}}},{"type":"Feature","geometry":{"type":"Point","coordinates":[-117.08786413552922,34.85145643166231]},"properties":{"name":"Barstow","crime":{"homicide":8,"rape":48.1,"robbery":188.4,"aggAssault":617.3,"burglary":825.8,"mvTheft":849.8,"larceny":970.1,"violentTotal":861.8,"propertyTotal":2645.6,"total":3507.4},"population":24947,"housing":{"homeValue":222600,"rent":1065,"income":51811},"education":{"hsPlus":83.8,"bachPlus":11.1,"gradPlus":3.8}}},{"type":"Feature","geometry":{"type":"Point","coordinates":[-117.3187135465843,34.0597103559514]},"properties":{"name":"Colton","crime":{"homicide":5.6,"rape":11.2,"robbery":130.8,"aggAssault":256.1,"burglary":396.2,"mvTheft":760.7,"larceny":2160.5,"violentTotal":403.7,"propertyTotal":3317.4,"total":3721.1},"population":53505,"housing":{"homeValue":411100,"rent":1608,"income":69581},"education":{"hsPlus":75.3,"bachPlus":16.7,"gradPlus":6}}},{"type":"Feature","geometry":{"type":"Point","coordinates":[-117.31309695877606,34.0307295996422]},"properties":{"name":"Grand Terrace","crime":{"homicide":0,"rape":15.5,"robbery":31.1,"aggAssault":163.2,"burglary":209.8,"mvTheft":240.9,"larceny":660.6,"violentTotal":209.8,"propertyTotal":1111.3,"total":1321.1},"population":12868,"housing":{"homeValue":465800,"rent":1782,"income":83668},"education":{"hsPlus":87,"bachPlus":28.5,"gradPlus":11}}},{"type":"Feature","geometry":{"type":"Point","coordinates":[-121.47719710544324,41.95470916335919]},"properties":{"name":"Tulelake","crime":{"homicide":0,"rape":0,"robbery":0,"aggAssault":699.3,"burglary":0,"mvTheft":0,"larceny":0,"violentTotal":699.3,"propertyTotal":0,"total":699.3},"population":858,"housing":{"homeValue":112200,"rent":724,"income":43125},"education":{"hsPlus":63.9,"bachPlus":5.6,"gradPlus":0.5}}},{"type":"Feature","geometry":{"type":"Point","coordinates":[-121.28033276923577,38.87504875715187]},"properties":{"name":"Lincoln","crime":{"homicide":0,"rape":60.9,"robbery":16.6,"aggAssault":64.6,"burglary":96,"mvTheft":62.8,"larceny":529.8,"violentTotal":142.2,"propertyTotal":688.6,"total":830.8},"population":54167,"housing":{"homeValue":628500,"rent":2081,"income":108108},"education":{"hsPlus":94,"bachPlus":38.4,"gradPlus":14}}},{"type":"Feature","geometry":{"type":"Point","coordinates":[-121.19491511324695,38.8223483374353]},"properties":{"name":"Loomis","population":6729,"housing":{"homeValue":649800,"rent":1741,"income":103435},"education":{"hsPlus":94.8,"bachPlus":41.2,"gradPlus":11.3}}},{"type":"Feature","geometry":{"type":"Point","coordinates":[-122.4248270681473,37.62291006051378]},"properties":{"name":"San Bruno","crime":{"homicide":0,"rape":11.8,"robbery":84.7,"aggAssault":305.8,"burglary":160,"mvTheft":263.5,"larceny":1571.5,"violentTotal":402.3,"propertyTotal":1995,"total":2397.3},"population":42507,"housing":{"homeValue":1199400,"rent":2696,"income":135976},"education":{"hsPlus":90.7,"bachPlus":43.8,"gradPlus":13.9}}},{"type":"Feature","geometry":{"type":"Point","coordinates":[-123.69695771020515,38.91302237250184]},"properties":{"name":"Point Arena","population":445,"housing":{"homeValue":431300,"rent":1201,"income":105726},"education":{"hsPlus":84.4,"bachPlus":34.9,"gradPlus":17}}},{"type":"Feature","geometry":{"type":"Point","coordinates":[-123.3548774615094,39.40818979116071]},"properties":{"name":"Willits","crime":{"homicide":0,"rape":0,"robbery":0,"aggAssault":865.4,"burglary":0,"mvTheft":329.7,"larceny":0,"violentTotal":865.4,"propertyTotal":329.7,"total":1195.1},"population":4853,"housing":{"homeValue":306800,"rent":1152,"income":55971},"education":{"hsPlus":87.5,"bachPlus":17.4,"gradPlus":6.6}}},{"type":"Feature","geometry":{"type":"Point","coordinates":[-122.50706673320208,37.92538476971875]},"properties":{"name":"Corte Madera","population":9957,"housing":{"homeValue":1702000,"rent":3468,"income":220771},"education":{"hsPlus":98.7,"bachPlus":76.8,"gradPlus":36.5}}},{"type":"Feature","geometry":{"type":"Point","coordinates":[-122.56161150123737,37.96229625139794]},"properties":{"name":"Ross","crime":{"homicide":0,"rape":0,"robbery":0,"aggAssault":131,"burglary":174.7,"mvTheft":436.7,"larceny":698.7,"violentTotal":131,"propertyTotal":1310,"total":1441},"population":2290,"housing":{"homeValue":2000001,"rent":3429,"income":250001},"education":{"hsPlus":98.9,"bachPlus":83,"gradPlus":39.7}}},{"type":"Feature","geometry":{"type":"Point","coordinates":[-122.57147171896689,37.979891388467735]},"properties":{"name":"San Anselmo","population":12519,"housing":{"homeValue":1524300,"rent":2750,"income":170457},"education":{"hsPlus":97.6,"bachPlus":70.8,"gradPlus":29.2}}},{"type":"Feature","geometry":{"type":"Point","coordinates":[-122.54422754997893,37.91091867125747]},"properties":{"name":"Mill Valley","crime":{"homicide":0,"rape":14.6,"robbery":21.9,"aggAssault":14.6,"burglary":102.3,"mvTheft":124.3,"larceny":584.8,"violentTotal":51.2,"propertyTotal":811.5,"total":862.6},"population":13679,"housing":{"homeValue":2000001,"rent":3313,"income":208466},"education":{"hsPlus":98.9,"bachPlus":77.1,"gradPlus":37.4}}},{"type":"Feature","geometry":{"type":"Point","coordinates":[-122.43936419240259,37.86020935488141]},"properties":{"name":"Tiburon","crime":{"homicide":0,"rape":0,"robbery":11.2,"aggAssault":45,"burglary":202.4,"mvTheft":33.7,"larceny":483.5,"violentTotal":56.2,"propertyTotal":719.6,"total":775.8},"population":8894,"housing":{"homeValue":2000001,"rent":3501,"income":212794},"education":{"hsPlus":98.7,"bachPlus":78.7,"gradPlus":41.2}}},{"type":"Feature","geometry":{"type":"Point","coordinates":[-122.20538776386111,37.453232615634455]},"properties":{"name":"Atherton","crime":{"homicide":0,"rape":0,"robbery":85.3,"aggAssault":42.7,"burglary":312.9,"mvTheft":0,"larceny":938.8,"violentTotal":128,"propertyTotal":1251.8,"total":1379.8},"population":7030,"housing":{"homeValue":2000001,"rent":3501,"income":250001},"education":{"hsPlus":99,"bachPlus":85.9,"gradPlus":55.5}}},{"type":"Feature","geometry":{"type":"Point","coordinates":[-122.33968935661031,37.69020453799513]},"properties":{"name":"Brisbane","crime":{"homicide":0,"rape":21.3,"robbery":63.8,"aggAssault":212.8,"burglary":297.9,"mvTheft":297.9,"larceny":1446.8,"violentTotal":297.9,"propertyTotal":2042.6,"total":2340.4},"population":4700,"housing":{"homeValue":1127200,"rent":2634,"income":151593},"education":{"hsPlus":85.8,"bachPlus":50.6,"gradPlus":24.1}}},{"type":"Feature","geometry":{"type":"Point","coordinates":[-122.45253061234402,37.6786320531635]},"properties":{"name":"Colma","crime":{"homicide":0,"rape":0,"robbery":914.8,"aggAssault":774.1,"burglary":3659.4,"mvTheft":2392.7,"larceny":64039.4,"violentTotal":1689,"propertyTotal":70091.5,"total":71780.4},"population":1421,"housing":{"homeValue":1040900,"rent":2152,"income":121488},"education":{"hsPlus":84.9,"bachPlus":28.3,"gradPlus":5.6}}},{"type":"Feature","geometry":{"type":"Point","coordinates":[-122.13438775123511,37.46679432794285]},"properties":{"name":"East Palo Alto","crime":{"homicide":0,"rape":58,"robbery":177.3,"aggAssault":324,"burglary":102.3,"mvTheft":514.9,"larceny":1374.3,"violentTotal":559.2,"propertyTotal":1991.5,"total":2550.7},"population":29325,"housing":{"homeValue":1124000,"rent":2209,"income":104832},"education":{"hsPlus":76.2,"bachPlus":25.8,"gradPlus":11.7}}},{"type":"Feature","geometry":{"type":"Point","coordinates":[-122.2618480769639,37.58196399239742]},"properties":{"name":"Foster City","crime":{"homicide":0,"rape":6.1,"robbery":18.3,"aggAssault":21.3,"burglary":106.5,"mvTheft":94.4,"larceny":815.7,"violentTotal":45.7,"propertyTotal":1016.6,"total":1062.2},"population":32856,"housing":{"homeValue":1774500,"rent":3501,"income":193633},"education":{"hsPlus":95.9,"bachPlus":74.1,"gradPlus":40.1}}},{"type":"Feature","geometry":{"type":"Point","coordinates":[-122.43604382264701,37.4688417390839]},"properties":{"name":"Half Moon Bay","population":11333,"housing":{"homeValue":1467000,"rent":2299,"income":153199},"education":{"hsPlus":91.3,"bachPlus":53.2,"gradPlus":24.9}}},{"type":"Feature","geometry":{"type":"Point","coordinates":[-122.36722115301173,37.56097600294174]},"properties":{"name":"Hillsborough","crime":{"homicide":0,"rape":17.8,"robbery":17.8,"aggAssault":116,"burglary":446,"mvTheft":17.8,"larceny":258.7,"violentTotal":151.6,"propertyTotal":722.5,"total":874.1},"population":11211,"housing":{"homeValue":2000001,"rent":3501,"income":250001},"education":{"hsPlus":98.8,"bachPlus":82.7,"gradPlus":46.5}}},{"type":"Feature","geometry":{"type":"Point","coordinates":[-122.40158367457494,37.59692839512516]},"properties":{"name":"Millbrae","population":23288,"housing":{"homeValue":1929700,"rent":3401,"income":157567},"education":{"hsPlus":93.2,"bachPlus":50.5,"gradPlus":21.1}}},{"type":"Feature","geometry":{"type":"Point","coordinates":[-122.47750830815195,37.60215613558907]},"properties":{"name":"Pacifica","crime":{"homicide":2.7,"rape":24.1,"robbery":42.8,"aggAssault":107,"burglary":120.4,"mvTheft":112.4,"larceny":984.7,"violentTotal":176.6,"propertyTotal":1217.6,"total":1394.2},"population":37370,"housing":{"homeValue":1211700,"rent":3080,"income":156819},"education":{"hsPlus":95.5,"bachPlus":48.5,"gradPlus":18.1}}},{"type":"Feature","geometry":{"type":"Point","coordinates":[-122.4701429616542,37.871127854488584]},"properties":{"name":"Belvedere","crime":{"homicide":0,"rape":0,"robbery":0,"aggAssault":97.5,"burglary":97.5,"mvTheft":97.5,"larceny":584.8,"violentTotal":97.5,"propertyTotal":779.7,"total":877.2},"population":2052,"housing":{"homeValue":2000001,"rent":3501,"income":250001},"education":{"hsPlus":99.1,"bachPlus":85.6,"gradPlus":44.9}}},{"type":"Feature","geometry":{"type":"Point","coordinates":[-120.95494362886583,37.59739088183021]},"properties":{"name":"Ceres","crime":{"homicide":2,"rape":78.8,"robbery":97,"aggAssault":232.4,"burglary":262.7,"mvTheft":460.8,"larceny":1679.5,"violentTotal":410.3,"propertyTotal":2403,"total":2813.3},"population":49480,"housing":{"homeValue":397200,"rent":1584,"income":76862},"education":{"hsPlus":74.3,"bachPlus":13,"gradPlus":3.3}}},{"type":"Feature","geometry":{"type":"Point","coordinates":[-120.86558264849468,37.6000894145845]},"properties":{"name":"Hughson","crime":{"homicide":0,"rape":0,"robbery":0,"aggAssault":38.5,"burglary":115.4,"mvTheft":76.9,"larceny":346.1,"violentTotal":38.5,"propertyTotal":538.4,"total":576.8},"population":7801,"housing":{"homeValue":480100,"rent":1767,"income":92303},"education":{"hsPlus":82.4,"bachPlus":19.9,"gradPlus":5.4}}},{"type":"Feature","geometry":{"type":"Point","coordinates":[-121.02123052611603,37.31482797199554]},"properties":{"name":"Newman","crime":{"homicide":0,"rape":40.8,"robbery":32.6,"aggAssault":228.4,"burglary":48.9,"mvTheft":130.5,"larceny":252.9,"violentTotal":301.8,"propertyTotal":432.3,"total":734.1},"population":12260,"housing":{"homeValue":381900,"rent":1227,"income":75344},"education":{"hsPlus":75.7,"bachPlus":8.5,"gradPlus":2.5}}},{"type":"Feature","geometry":{"type":"Point","coordinates":[-121.664091190732,39.27474247858507]},"properties":{"name":"Live Oak","population":9602,"housing":{"homeValue":317900,"rent":860,"income":66590},"education":{"hsPlus":71.7,"bachPlus":13.3,"gradPlus":3.6}}},{"type":"Feature","geometry":{"type":"Point","coordinates":[-122.43131563626278,37.777952493242935]},"properties":{"name":"San Francisco","crime":{"homicide":6,"rape":34.5,"robbery":323.9,"aggAssault":293.1,"burglary":667.5,"mvTheft":793,"larceny":3829.5,"violentTotal":657.6,"propertyTotal":5290.1,"total":5947.7},"population":845355,"housing":{"homeValue":1380500,"rent":2419,"income":141446},"education":{"hsPlus":88.8,"bachPlus":60.1,"gradPlus":25.1}}},{"type":"Feature","geometry":{"type":"Point","coordinates":[-120.84823647848309,37.76422851220552]},"properties":{"name":"Oakdale","crime":{"homicide":0,"rape":95,"robbery":47.5,"aggAssault":215.8,"burglary":280.6,"mvTheft":177,"larceny":1087.8,"violentTotal":358.3,"propertyTotal":1545.3,"total":1903.6},"population":23167,"housing":{"homeValue":432800,"rent":1471,"income":86478},"education":{"hsPlus":84.8,"bachPlus":21.4,"gradPlus":7.7}}},{"type":"Feature","geometry":{"type":"Point","coordinates":[-120.62968113997469,36.98521750613523]},"properties":{"name":"Dos Palos","crime":{"homicide":0,"rape":139.7,"robbery":34.9,"aggAssault":384.1,"burglary":244.4,"mvTheft":558.7,"larceny":628.5,"violentTotal":558.7,"propertyTotal":1431.6,"total":1990.2},"population":5728,"housing":{"homeValue":285300,"rent":1182,"income":50556},"education":{"hsPlus":68.1,"bachPlus":11.5,"gradPlus":1.9}}},{"type":"Feature","geometry":{"type":"Point","coordinates":[-121.00368374455456,37.25363405084293]},"properties":{"name":"Gustine","crime":{"homicide":0,"rape":33.1,"robbery":16.6,"aggAssault":580,"burglary":182.3,"mvTheft":215.4,"larceny":629.7,"violentTotal":629.7,"propertyTotal":1027.3,"total":1657},"population":6035,"housing":{"homeValue":422500,"rent":1345,"income":58321},"education":{"hsPlus":72.2,"bachPlus":9.1,"gradPlus":0.9}}},{"type":"Feature","geometry":{"type":"Point","coordinates":[-121.92590242834459,36.62495050678673]},"properties":{"name":"Pacific Grove","crime":{"homicide":0,"rape":20.1,"robbery":13.4,"aggAssault":120.5,"burglary":87,"mvTheft":40.2,"larceny":629.4,"violentTotal":154,"propertyTotal":756.6,"total":910.6},"population":14935,"housing":{"homeValue":1129400,"rent":2384,"income":105568},"education":{"hsPlus":96.5,"bachPlus":58.5,"gradPlus":28.8}}},{"type":"Feature","geometry":{"type":"Point","coordinates":[-120.72426771769678,37.38569345727263]},"properties":{"name":"Livingston","crime":{"homicide":0,"rape":55.4,"robbery":69.2,"aggAssault":332.2,"burglary":179.9,"mvTheft":297.6,"larceny":961.9,"violentTotal":456.7,"propertyTotal":1439.3,"total":1896.1},"population":14451,"housing":{"homeValue":339800,"rent":1281,"income":76158},"education":{"hsPlus":56.4,"bachPlus":11,"gradPlus":2.4}}},{"type":"Feature","geometry":{"type":"Point","coordinates":[-120.47926666218129,39.839116441298984]},"properties":{"name":"Portola","population":2118,"housing":{"homeValue":232100,"rent":837,"income":42385},"education":{"hsPlus":89.9,"bachPlus":12.4,"gradPlus":2.5}}},{"type":"Feature","geometry":{"type":"Point","coordinates":[-121.53909178428374,36.843703266075536]},"properties":{"name":"San Juan Bautista","population":2095,"housing":{"homeValue":707100,"rent":1958,"income":108750},"education":{"hsPlus":90.1,"bachPlus":38,"gradPlus":11.4}}},{"type":"Feature","geometry":{"type":"Point","coordinates":[-122.14177282929664,37.50166011381414]},"properties":{"name":"Menlo Park","crime":{"homicide":0,"rape":15,"robbery":41.9,"aggAssault":179.6,"burglary":317.2,"mvTheft":110.7,"larceny":1238.9,"violentTotal":236.4,"propertyTotal":1666.9,"total":1903.3},"population":33416,"housing":{"homeValue":2000001,"rent":3156,"income":206588},"education":{"hsPlus":93.8,"bachPlus":72.7,"gradPlus":46.1}}},{"type":"Feature","geometry":{"type":"Point","coordinates":[-122.30773519049907,37.56175375792817]},"properties":{"name":"San Mateo","crime":{"homicide":3.8,"rape":29.7,"robbery":97.9,"aggAssault":197.7,"burglary":215.9,"mvTheft":260,"larceny":1345.2,"violentTotal":329.1,"propertyTotal":1821.1,"total":2150.2},"population":104221,"housing":{"homeValue":1563200,"rent":3079,"income":152669},"education":{"hsPlus":90.2,"bachPlus":57.6,"gradPlus":26.2}}},{"type":"Feature","geometry":{"type":"Point","coordinates":[-122.22079790837302,37.36375475257144]},"properties":{"name":"Portola Valley","population":4286,"housing":{"homeValue":2000001,"rent":3501,"income":250001},"education":{"hsPlus":98.6,"bachPlus":82.8,"gradPlus":51.7}}},{"type":"Feature","geometry":{"type":"Point","coordinates":[-118.35288663549856,33.88853350623103]},"properties":{"name":"Lawndale","crime":{"homicide":3.2,"rape":19.4,"robbery":148.8,"aggAssault":433.4,"burglary":278.1,"mvTheft":540.1,"larceny":1248.3,"violentTotal":604.8,"propertyTotal":2066.6,"total":2671.3},"population":30921,"housing":{"homeValue":726000,"rent":1847,"income":83538},"education":{"hsPlus":73.8,"bachPlus":21.9,"gradPlus":6.4}}},{"type":"Feature","geometry":{"type":"Point","coordinates":[-122.17865879036091,39.92870495063092]},"properties":{"name":"Corning","crime":{"homicide":0,"rape":12.3,"robbery":73.5,"aggAssault":441.1,"burglary":392.1,"mvTheft":428.8,"larceny":845.4,"violentTotal":526.8,"propertyTotal":1666.3,"total":2193.1},"population":8162,"housing":{"homeValue":274600,"rent":1116,"income":55732},"education":{"hsPlus":77.7,"bachPlus":13.4,"gradPlus":5.3}}},{"type":"Feature","geometry":{"type":"Point","coordinates":[-122.12689157169478,40.021787910666546]},"properties":{"name":"Tehama","population":427,"housing":{"homeValue":265800,"rent":877,"income":67614},"education":{"hsPlus":88.2,"bachPlus":13.7,"gradPlus":2.9}}},{"type":"Feature","geometry":{"type":"Point","coordinates":[-122.2713884534556,38.0870706744754]},"properties":{"name":"Vallejo","crime":{"homicide":16.3,"rape":45.6,"robbery":273.6,"aggAssault":474,"burglary":658,"mvTheft":899.9,"larceny":2596.3,"violentTotal":809.5,"propertyTotal":4154.2,"total":4963.7},"population":122791,"housing":{"homeValue":557500,"rent":2013,"income":89496},"education":{"hsPlus":87.5,"bachPlus":27.9,"gradPlus":8.2}}},{"type":"Feature","geometry":{"type":"Point","coordinates":[-117.36424091121035,33.949418767552054]},"properties":{"name":"Riverside","crime":{"homicide":2.8,"rape":52.2,"robbery":140.9,"aggAssault":351.7,"burglary":570.1,"mvTheft":586.2,"larceny":2237.1,"violentTotal":547.7,"propertyTotal":3393.4,"total":3941.1},"population":321538,"housing":{"homeValue":542100,"rent":1812,"income":88575},"education":{"hsPlus":83.1,"bachPlus":25.7,"gradPlus":10.5}}},{"type":"Feature","geometry":{"type":"Point","coordinates":[-117.20291299555264,33.92019254864148]},"properties":{"name":"Moreno Valley","crime":{"homicide":3.8,"rape":9.9,"robbery":98.9,"aggAssault":208.1,"burglary":294.7,"mvTheft":385.5,"larceny":1282.5,"violentTotal":320.7,"propertyTotal":1962.7,"total":2283.5},"population":211389,"housing":{"homeValue":461400,"rent":2036,"income":87477},"education":{"hsPlus":79.9,"bachPlus":17.3,"gradPlus":5.3}}},{"type":"Feature","geometry":{"type":"Point","coordinates":[-117.56636989793252,33.86012087145049]},"properties":{"name":"Corona","crime":{"homicide":1.3,"rape":26.9,"robbery":54.5,"aggAssault":146.6,"burglary":355.7,"mvTheft":303.8,"larceny":1502.5,"violentTotal":229.2,"propertyTotal":2162,"total":2391.2},"population":159667,"housing":{"homeValue":656500,"rent":2136,"income":106438},"education":{"hsPlus":85.8,"bachPlus":30.9,"gradPlus":10.1}}},{"type":"Feature","geometry":{"type":"Point","coordinates":[-117.325831240141,33.669713542886655]},"properties":{"name":"Lake Elsinore","crime":{"homicide":0,"rape":15.1,"robbery":58.8,"aggAssault":156,"burglary":348.9,"mvTheft":351.7,"larceny":1443.6,"violentTotal":229.9,"propertyTotal":2144.3,"total":2374.1},"population":73079,"housing":{"homeValue":505700,"rent":1915,"income":96527},"education":{"hsPlus":82.9,"bachPlus":23,"gradPlus":6.6}}},{"type":"Feature","geometry":{"type":"Point","coordinates":[-116.96441190657913,33.86743501972256]},"properties":{"name":"Beaumont","crime":{"homicide":3.4,"rape":23.9,"robbery":34.1,"aggAssault":260.8,"burglary":158.5,"mvTheft":127.8,"larceny":819.9,"violentTotal":322.2,"propertyTotal":1106.3,"total":1428.4},"population":58665,"housing":{"homeValue":464000,"rent":1505,"income":105164},"education":{"hsPlus":89.7,"bachPlus":27.8,"gradPlus":10.7}}},{"type":"Feature","geometry":{"type":"Point","coordinates":[-117.00341857198283,33.73926482436144]},"properties":{"name":"Hemet","crime":{"homicide":7.6,"rape":34.9,"robbery":116.6,"aggAssault":307.4,"burglary":426.2,"mvTheft":477.4,"larceny":1044.1,"violentTotal":466.5,"propertyTotal":1947.7,"total":2414.1},"population":91751,"housing":{"homeValue":314200,"rent":1432,"income":53623},"education":{"hsPlus":80.5,"bachPlus":15.2,"gradPlus":4.8}}},{"type":"Feature","geometry":{"type":"Point","coordinates":[-117.54663653027175,33.92471616142063]},"properties":{"name":"Norco","crime":{"homicide":7.8,"rape":15.6,"robbery":62.5,"aggAssault":74.3,"burglary":437.8,"mvTheft":261.9,"larceny":1938.9,"violentTotal":160.3,"propertyTotal":2638.7,"total":2799},"population":25581,"housing":{"homeValue":731900,"rent":1893,"income":125117},"education":{"hsPlus":85.7,"bachPlus":21,"gradPlus":6.1}}},{"type":"Feature","geometry":{"type":"Point","coordinates":[-116.4642614090213,33.83762919104931]},"properties":{"name":"Cathedral City","crime":{"homicide":3.8,"rape":21.2,"robbery":44.2,"aggAssault":232.7,"burglary":292.3,"mvTheft":432.7,"larceny":648.1,"violentTotal":302,"propertyTotal":1373.2,"total":1675.2},"population":51995,"housing":{"homeValue":420700,"rent":1554,"income":67031},"education":{"hsPlus":80.9,"bachPlus":25.8,"gradPlus":10.1}}},{"type":"Feature","geometry":{"type":"Point","coordinates":[-116.99860427107457,33.80244764449901]},"properties":{"name":"San Jacinto","crime":{"homicide":1.8,"rape":25.5,"robbery":122,"aggAssault":269.4,"burglary":424.1,"mvTheft":334.9,"larceny":1465.3,"violentTotal":418.7,"propertyTotal":2224.4,"total":2643.1},"population":54936,"housing":{"homeValue":391600,"rent":1633,"income":78281},"education":{"hsPlus":77.4,"bachPlus":13.9,"gradPlus":5}}},{"type":"Feature","geometry":{"type":"Point","coordinates":[-116.36855269104548,33.75299469572818]},"properties":{"name":"Palm Desert","crime":{"homicide":1.9,"rape":19.2,"robbery":65.4,"aggAssault":190.5,"burglary":573.5,"mvTheft":315.6,"larceny":2725.1,"violentTotal":277.1,"propertyTotal":3614.2,"total":3891.4},"population":51961,"housing":{"homeValue":491600,"rent":1717,"income":79508},"education":{"hsPlus":92.7,"bachPlus":39.9,"gradPlus":15.6}}},{"type":"Feature","geometry":{"type":"Point","coordinates":[-117.94637902246771,33.96089248179808]},"properties":{"name":"La Habra Heights","crime":{"homicide":0,"rape":18.1,"robbery":0,"aggAssault":36.3,"burglary":254.1,"mvTheft":72.6,"larceny":617.1,"violentTotal":54.4,"propertyTotal":943.7,"total":998.2},"population":5510,"housing":{"homeValue":1114100,"rent":1186,"income":186837},"education":{"hsPlus":95.8,"bachPlus":54.4,"gradPlus":28.9}}},{"type":"Feature","geometry":{"type":"Point","coordinates":[-122.03049844863432,37.365847455701186]},"properties":{"name":"Sunnyvale","crime":{"homicide":0.6,"rape":30.2,"robbery":60.4,"aggAssault":146,"burglary":310.2,"mvTheft":256.7,"larceny":1270.2,"violentTotal":237.2,"propertyTotal":1837.1,"total":2074.3},"population":158948,"housing":{"homeValue":1816600,"rent":3065,"income":181862},"education":{"hsPlus":94.5,"bachPlus":69.2,"gradPlus":38.9}}},{"type":"Feature","geometry":{"type":"Point","coordinates":[-122.0892085060063,37.403839977871115]},"properties":{"name":"Mountain View","crime":{"homicide":1.2,"rape":15,"robbery":66.9,"aggAssault":152.3,"burglary":403.8,"mvTheft":208.8,"larceny":2024.8,"violentTotal":235.4,"propertyTotal":2637.5,"total":2872.8},"population":86674,"housing":{"homeValue":1927400,"rent":2975,"income":179917},"education":{"hsPlus":94.7,"bachPlus":74.3,"gradPlus":44.6}}},{"type":"Feature","geometry":{"type":"Point","coordinates":[-122.1074087933457,37.37703559356635]},"properties":{"name":"Los Altos","crime":{"homicide":0,"rape":12.7,"robbery":25.4,"aggAssault":47.6,"burglary":263.3,"mvTheft":47.6,"larceny":675.7,"violentTotal":85.7,"propertyTotal":986.6,"total":1072.2},"population":31523,"housing":{"homeValue":2000001,"rent":3501,"income":250001},"education":{"hsPlus":99,"bachPlus":87.2,"gradPlus":54.9}}},{"type":"Feature","geometry":{"type":"Point","coordinates":[-121.96115308213926,37.356784550367834]},"properties":{"name":"Santa Clara","crime":{"homicide":0,"rape":15.7,"robbery":65.8,"aggAssault":115.8,"burglary":374.4,"mvTheft":446.1,"larceny":1945,"violentTotal":197.3,"propertyTotal":2765.5,"total":2962.7},"population":133829,"housing":{"homeValue":1527900,"rent":2985,"income":173670},"education":{"hsPlus":94,"bachPlus":65.3,"gradPlus":33.9}}},{"type":"Feature","geometry":{"type":"Point","coordinates":[-121.64284099382859,37.12572636334538]},"properties":{"name":"Morgan Hill","crime":{"homicide":0,"rape":34.4,"robbery":42.9,"aggAssault":161,"burglary":156.7,"mvTheft":189,"larceny":708.6,"violentTotal":238.3,"propertyTotal":1054.3,"total":1292.6},"population":46573,"housing":{"homeValue":1127600,"rent":2275,"income":159758},"education":{"hsPlus":91.1,"bachPlus":44,"gradPlus":15.8}}},{"type":"Feature","geometry":{"type":"Point","coordinates":[-117.75679511363765,34.05593499808762]},"properties":{"name":"Pomona","crime":{"homicide":9.9,"rape":40.1,"robbery":181.6,"aggAssault":408.5,"burglary":474.3,"mvTheft":710.5,"larceny":1597.3,"violentTotal":640.1,"propertyTotal":2782.1,"total":3422.3},"population":152005,"housing":{"homeValue":569600,"rent":1738,"income":78869},"education":{"hsPlus":74.2,"bachPlus":19.5,"gradPlus":5.8}}},{"type":"Feature","geometry":{"type":"Point","coordinates":[-117.91653085802416,33.999816696846366]},"properties":{"name":"Industry","crime":{"homicide":463,"rape":463,"robbery":12963,"aggAssault":12500,"burglary":71296.3,"mvTheft":53703.7,"larceny":198611.1,"violentTotal":26388.9,"propertyTotal":323611.1,"total":350000},"population":432,"housing":{"homeValue":null,"rent":1250,"income":62500},"education":{"hsPlus":88,"bachPlus":14.8,"gradPlus":6.3}}},{"type":"Feature","geometry":{"type":"Point","coordinates":[-117.81281275553218,33.99427481922124]},"properties":{"name":"Diamond Bar","crime":{"homicide":3.7,"rape":16.8,"robbery":39.2,"aggAssault":70.9,"burglary":535.7,"mvTheft":196,"larceny":1138.5,"violentTotal":130.7,"propertyTotal":1870.2,"total":2000.9},"population":53577,"housing":{"homeValue":867000,"rent":2422,"income":106602},"education":{"hsPlus":92.8,"bachPlus":52.7,"gradPlus":18.4}}},{"type":"Feature","geometry":{"type":"Point","coordinates":[-117.93633590775852,34.185618680389325]},"properties":{"name":"Duarte","crime":{"homicide":8.4,"rape":12.6,"robbery":67.2,"aggAssault":151.3,"burglary":243.7,"mvTheft":252.1,"larceny":874,"violentTotal":239.5,"propertyTotal":1369.9,"total":1609.4},"population":23798,"housing":{"homeValue":710700,"rent":1991,"income":97952},"education":{"hsPlus":85.8,"bachPlus":33.1,"gradPlus":10.9}}},{"type":"Feature","geometry":{"type":"Point","coordinates":[-118.04113417503308,34.13502521575943]},"properties":{"name":"Arcadia","crime":{"homicide":0,"rape":7.1,"robbery":108.8,"aggAssault":155.2,"burglary":670.9,"mvTheft":196.3,"larceny":2071.6,"violentTotal":271.2,"propertyTotal":2938.8,"total":3210},"population":56044,"housing":{"homeValue":1336500,"rent":2118,"income":116142},"education":{"hsPlus":93.2,"bachPlus":57.8,"gradPlus":22.7}}},{"type":"Feature","geometry":{"type":"Point","coordinates":[-118.04495423389629,34.0489417966437]},"properties":{"name":"South El Monte","crime":{"homicide":5.1,"rape":10.2,"robbery":215,"aggAssault":363.4,"burglary":1320.5,"mvTheft":655.1,"larceny":1791.4,"violentTotal":593.7,"propertyTotal":3767,"total":4360.7},"population":19538,"housing":{"homeValue":578100,"rent":1708,"income":67153},"education":{"hsPlus":55.7,"bachPlus":10.2,"gradPlus":2.6}}},{"type":"Feature","geometry":{"type":"Point","coordinates":[-118.13253135806451,34.04817912175657]},"properties":{"name":"Monterey Park","crime":{"homicide":20.2,"rape":8.4,"robbery":85.9,"aggAssault":207.2,"burglary":475.2,"mvTheft":419.6,"larceny":1337.8,"violentTotal":321.8,"propertyTotal":2232.6,"total":2554.4},"population":59349,"housing":{"homeValue":818300,"rent":1845,"income":77605},"education":{"hsPlus":79.5,"bachPlus":34.9,"gradPlus":10}}},{"type":"Feature","geometry":{"type":"Point","coordinates":[-118.38311193283283,34.084999263303644]},"properties":{"name":"West Hollywood","crime":{"homicide":0,"rape":85.1,"robbery":368.8,"aggAssault":428.4,"burglary":1032.6,"mvTheft":453.9,"larceny":4516.3,"violentTotal":882.3,"propertyTotal":6002.8,"total":6885.1},"population":35250,"housing":{"homeValue":969900,"rent":2103,"income":94844},"education":{"hsPlus":95.2,"bachPlus":62.9,"gradPlus":22}}},{"type":"Feature","geometry":{"type":"Point","coordinates":[-117.89848903307939,34.05607337218541]},"properties":{"name":"West Covina","crime":{"homicide":0.9,"rape":22.8,"robbery":116.7,"aggAssault":185.1,"burglary":314.6,"mvTheft":439.6,"larceny":1455.4,"violentTotal":325.6,"propertyTotal":2209.6,"total":2535.2},"population":109657,"housing":{"homeValue":712300,"rent":2153,"income":98570},"education":{"hsPlus":85.4,"bachPlus":29.8,"gradPlus":8.5}}},{"type":"Feature","geometry":{"type":"Point","coordinates":[-117.77295760277597,34.12150929918807]},"properties":{"name":"La Verne","crime":{"homicide":0,"rape":31.1,"robbery":56.1,"aggAssault":112.1,"burglary":401.7,"mvTheft":180.6,"larceny":1809.3,"violentTotal":199.3,"propertyTotal":2391.7,"total":2591},"population":32111,"housing":{"homeValue":793900,"rent":2204,"income":104565},"education":{"hsPlus":93.3,"bachPlus":41.4,"gradPlus":16.5}}},{"type":"Feature","geometry":{"type":"Point","coordinates":[-117.96081915037051,34.1195063049807]},"properties":{"name":"Irwindale","crime":{"homicide":0,"rape":0,"robbery":463.6,"aggAssault":1390.7,"burglary":6225.2,"mvTheft":2847.7,"larceny":6158.9,"violentTotal":1854.3,"propertyTotal":15231.8,"total":17086.1},"population":1510,"housing":{"homeValue":645800,"rent":2083,"income":113250},"education":{"hsPlus":84.6,"bachPlus":21.9,"gradPlus":5}}},{"type":"Feature","geometry":{"type":"Point","coordinates":[-118.10457095544469,34.125351386014195]},"properties":{"name":"San Marino","crime":{"homicide":0,"rape":8.1,"robbery":24.3,"aggAssault":16.2,"burglary":470,"mvTheft":89.1,"larceny":810.3,"violentTotal":48.6,"propertyTotal":1369.4,"total":1418},"population":12341,"housing":{"homeValue":2000001,"rent":3501,"income":187633},"education":{"hsPlus":96.4,"bachPlus":80.2,"gradPlus":42.6}}},{"type":"Feature","geometry":{"type":"Point","coordinates":[-118.32261511448083,34.18582234702178]},"properties":{"name":"Burbank","crime":{"homicide":0,"rape":18.9,"robbery":103.9,"aggAssault":233.4,"burglary":327.8,"mvTheft":294.8,"larceny":2461.2,"violentTotal":356.2,"propertyTotal":3083.8,"total":3440},"population":105842,"housing":{"homeValue":1113400,"rent":2460,"income":152559},"education":{"hsPlus":83,"bachPlus":46.2,"gradPlus":15.2}}},{"type":"Feature","geometry":{"type":"Point","coordinates":[-117.91204659867071,34.13376403915036]},"properties":{"name":"Azusa","crime":{"homicide":10.1,"rape":16.1,"robbery":74.4,"aggAssault":185,"burglary":283.5,"mvTheft":291.5,"larceny":930.9,"violentTotal":285.5,"propertyTotal":1506,"total":1791.5},"population":49736,"housing":{"homeValue":607400,"rent":1831,"income":85727},"education":{"hsPlus":80.2,"bachPlus":26.9,"gradPlus":9.5}}},{"type":"Feature","geometry":{"type":"Point","coordinates":[-118.82161897771584,34.13648665396707]},"properties":{"name":"Westlake Village","crime":{"homicide":0,"rape":12.6,"robbery":62.9,"aggAssault":151.1,"burglary":377.7,"mvTheft":75.5,"larceny":1384.9,"violentTotal":226.6,"propertyTotal":1838.1,"total":2064.7},"population":7943,"housing":{"homeValue":1212800,"rent":3501,"income":174069},"education":{"hsPlus":96.9,"bachPlus":66.4,"gradPlus":25.6}}},{"type":"Feature","geometry":{"type":"Point","coordinates":[-120.86343734458853,37.511317625854915]},"properties":{"name":"Turlock","crime":{"homicide":5.6,"rape":33.3,"robbery":105.6,"aggAssault":300,"burglary":268.1,"mvTheft":361.1,"larceny":1566.7,"violentTotal":444.5,"propertyTotal":2195.9,"total":2640.4},"population":71997,"housing":{"homeValue":443900,"rent":1498,"income":79807},"education":{"hsPlus":81.7,"bachPlus":26.6,"gradPlus":9.7}}},{"type":"Feature","geometry":{"type":"Point","coordinates":[-122.59173336222048,37.986019605580005]},"properties":{"name":"Fairfax","crime":{"homicide":0,"rape":27,"robbery":13.5,"aggAssault":121.6,"burglary":121.6,"mvTheft":81.1,"larceny":662.2,"violentTotal":162.2,"propertyTotal":864.9,"total":1027},"population":7400,"housing":{"homeValue":1121500,"rent":2281,"income":131875},"education":{"hsPlus":96.6,"bachPlus":65.5,"gradPlus":26.2}}},{"type":"Feature","geometry":{"type":"Point","coordinates":[-122.53507849123072,37.93691464774898]},"properties":{"name":"Larkspur","population":12750,"housing":{"homeValue":1805100,"rent":2867,"income":134744},"education":{"hsPlus":96.6,"bachPlus":69.4,"gradPlus":33.4}}},{"type":"Feature","geometry":{"type":"Point","coordinates":[-122.557512648567,38.093046311329196]},"properties":{"name":"Novato","crime":{"homicide":1.9,"rape":29.1,"robbery":42.7,"aggAssault":244.3,"burglary":137.7,"mvTheft":318,"larceny":1227.3,"violentTotal":318,"propertyTotal":1682.9,"total":2000.9},"population":51578,"housing":{"homeValue":1007100,"rent":2422,"income":112193},"education":{"hsPlus":90.8,"bachPlus":47.5,"gradPlus":18.1}}},{"type":"Feature","geometry":{"type":"Point","coordinates":[-118.18983277697286,33.74380880500607]},"properties":{"name":"Long Beach","crime":{"homicide":5.9,"rape":36.5,"robbery":177.4,"aggAssault":384.3,"burglary":492.5,"mvTheft":817.7,"larceny":1576.4,"violentTotal":604.1,"propertyTotal":2886.6,"total":3490.6},"population":460545,"housing":{"homeValue":762200,"rent":1803,"income":83969},"education":{"hsPlus":81.6,"bachPlus":34.8,"gradPlus":12.6}}},{"type":"Feature","geometry":{"type":"Point","coordinates":[-118.16791229905462,33.80235517859487]},"properties":{"name":"Signal Hill","crime":{"homicide":0,"rape":34.9,"robbery":192,"aggAssault":436.4,"burglary":532.4,"mvTheft":1536.2,"larceny":3168.4,"violentTotal":663.3,"propertyTotal":5237,"total":5900.3},"population":11457,"housing":{"homeValue":725500,"rent":1817,"income":102303},"education":{"hsPlus":87.9,"bachPlus":38,"gradPlus":13.7}}},{"type":"Feature","geometry":{"type":"Point","coordinates":[-118.39143213399133,33.72425414306883]},"properties":{"name":"Rancho Palos Verdes","crime":{"homicide":4.9,"rape":9.8,"robbery":24.5,"aggAssault":75.9,"burglary":225.3,"mvTheft":58.8,"larceny":541.3,"violentTotal":115.1,"propertyTotal":825.4,"total":940.5},"population":40831,"housing":{"homeValue":1541400,"rent":3501,"income":175307},"education":{"hsPlus":98.1,"bachPlus":69.1,"gradPlus":33.5}}},{"type":"Feature","geometry":{"type":"Point","coordinates":[-118.8101210976415,33.99298591443999]},"properties":{"name":"Malibu","crime":{"homicide":18.8,"rape":94.1,"robbery":122.4,"aggAssault":338.9,"burglary":658.9,"mvTheft":338.9,"larceny":2984.1,"violentTotal":574.2,"propertyTotal":3981.9,"total":4556.2},"population":10623,"housing":{"homeValue":2000001,"rent":3501,"income":192159},"education":{"hsPlus":98.5,"bachPlus":71.6,"gradPlus":33.1}}},{"type":"Feature","geometry":{"type":"Point","coordinates":[-118.16366831033476,34.68948982413738]},"properties":{"name":"Lancaster","crime":{"homicide":18.3,"rape":42.9,"robbery":182.1,"aggAssault":577.2,"burglary":389.4,"mvTheft":640.2,"larceny":664.8,"violentTotal":820.6,"propertyTotal":1694.4,"total":2515},"population":174629,"housing":{"homeValue":409100,"rent":1696,"income":76083},"education":{"hsPlus":82,"bachPlus":20.1,"gradPlus":7.4}}},{"type":"Feature","geometry":{"type":"Point","coordinates":[-118.13320851719328,34.08550299745566]},"properties":{"name":"Alhambra","crime":{"homicide":4.9,"rape":14.6,"robbery":103.4,"aggAssault":114.4,"burglary":292,"mvTheft":379.6,"larceny":1764.1,"violentTotal":237.2,"propertyTotal":2435.6,"total":2672.8},"population":82197,"housing":{"homeValue":812700,"rent":1852,"income":85189},"education":{"hsPlus":83.6,"bachPlus":39.3,"gradPlus":13.4}}},{"type":"Feature","geometry":{"type":"Point","coordinates":[-118.08450674218236,34.06189313037742]},"properties":{"name":"Rosemead","crime":{"homicide":8,"rape":13.9,"robbery":167,"aggAssault":254.5,"burglary":536.8,"mvTheft":485.1,"larceny":1457.4,"violentTotal":443.4,"propertyTotal":2479.3,"total":2922.7},"population":50296,"housing":{"homeValue":729600,"rent":1728,"income":72248},"education":{"hsPlus":66.2,"bachPlus":21.9,"gradPlus":4.4}}},{"type":"Feature","geometry":{"type":"Point","coordinates":[-118.11134661101131,34.01264141771797]},"properties":{"name":"Montebello","crime":{"homicide":4.8,"rape":20.9,"robbery":118.9,"aggAssault":274.7,"burglary":396.8,"mvTheft":793.7,"larceny":1421.8,"violentTotal":419.3,"propertyTotal":2612.3,"total":3031.7},"population":62243,"housing":{"homeValue":660700,"rent":1771,"income":74955},"education":{"hsPlus":74.5,"bachPlus":22,"gradPlus":6.7}}},{"type":"Feature","geometry":{"type":"Point","coordinates":[-118.30687893173875,33.90028860518795]},"properties":{"name":"Gardena","crime":{"homicide":6.6,"rape":24.9,"robbery":197.8,"aggAssault":485.2,"burglary":400.5,"mvTheft":1002.1,"larceny":1676.7,"violentTotal":714.6,"propertyTotal":3079.3,"total":3793.9},"population":60176,"housing":{"homeValue":667600,"rent":1761,"income":79291},"education":{"hsPlus":81.2,"bachPlus":28,"gradPlus":7.9}}},{"type":"Feature","geometry":{"type":"Point","coordinates":[-118.11224790548455,33.8465149504037]},"properties":{"name":"Lakewood","crime":{"homicide":1.2,"rape":17.4,"robbery":119.2,"aggAssault":202.4,"burglary":325.4,"mvTheft":550.2,"larceny":1269.3,"violentTotal":340.3,"propertyTotal":2144.9,"total":2485.2},"population":80517,"housing":{"homeValue":774100,"rent":2324,"income":116794},"education":{"hsPlus":90.4,"bachPlus":32.6,"gradPlus":10.4}}},{"type":"Feature","geometry":{"type":"Point","coordinates":[-118.22973632718023,33.88724693360571]},"properties":{"name":"Compton","crime":{"homicide":22.4,"rape":56.6,"robbery":327.6,"aggAssault":742.8,"burglary":416.2,"mvTheft":1227.3,"larceny":1673.4,"violentTotal":1149.4,"propertyTotal":3317,"total":4466.4},"population":93699,"housing":{"homeValue":546700,"rent":1601,"income":74270},"education":{"hsPlus":64.4,"bachPlus":10.9,"gradPlus":3.3}}},{"type":"Feature","geometry":{"type":"Point","coordinates":[-118.09841450360979,34.093584250961555]},"properties":{"name":"San Gabriel","crime":{"homicide":0,"rape":20.7,"robbery":64.8,"aggAssault":95.9,"burglary":388.9,"mvTheft":204.8,"larceny":1488.2,"violentTotal":181.5,"propertyTotal":2082,"total":2263.5},"population":38569,"housing":{"homeValue":899000,"rent":1874,"income":87592},"education":{"hsPlus":79,"bachPlus":34.7,"gradPlus":10.4}}},{"type":"Feature","geometry":{"type":"Point","coordinates":[-118.08354782971715,33.90889937226248]},"properties":{"name":"Norwalk","crime":{"homicide":6.9,"rape":23.7,"robbery":124.2,"aggAssault":237.6,"burglary":279,"mvTheft":576.8,"larceny":1114.2,"violentTotal":392.4,"propertyTotal":1970.1,"total":2362.5},"population":101416,"housing":{"homeValue":616600,"rent":2014,"income":98709},"education":{"hsPlus":77.3,"bachPlus":21.3,"gradPlus":5.5}}},{"type":"Feature","geometry":{"type":"Point","coordinates":[-118.13381940342825,33.936491751124116]},"properties":{"name":"Downey","crime":{"homicide":0.9,"rape":27.7,"robbery":149.3,"aggAssault":246.7,"burglary":284.2,"mvTheft":1062.6,"larceny":1438,"violentTotal":424.5,"propertyTotal":2784.9,"total":3209.4},"population":111891,"housing":{"homeValue":728500,"rent":1892,"income":87400},"education":{"hsPlus":81.3,"bachPlus":25.6,"gradPlus":7.8}}},{"type":"Feature","geometry":{"type":"Point","coordinates":[-118.00892521977177,33.961016536115025]},"properties":{"name":"Whittier","crime":{"homicide":5.7,"rape":17.1,"robbery":108.2,"aggAssault":275.6,"burglary":337.1,"mvTheft":550,"larceny":1283.3,"violentTotal":406.5,"propertyTotal":2170.3,"total":2576.9},"population":87820,"housing":{"homeValue":751700,"rent":1829,"income":92374},"education":{"hsPlus":89,"bachPlus":29.2,"gradPlus":10.7}}},{"type":"Feature","geometry":{"type":"Point","coordinates":[-118.09561597953987,33.983812843059816]},"properties":{"name":"Pico Rivera","crime":{"homicide":8.2,"rape":29.6,"robbery":138,"aggAssault":313.8,"burglary":384.5,"mvTheft":931.7,"larceny":1104.2,"violentTotal":489.7,"propertyTotal":2420.3,"total":2910},"population":60859,"housing":{"homeValue":621400,"rent":1775,"income":86956},"education":{"hsPlus":72.2,"bachPlus":15.8,"gradPlus":3.8}}},{"type":"Feature","geometry":{"type":"Point","coordinates":[-118.17973623321625,33.97453424914898]},"properties":{"name":"Bell","crime":{"homicide":9,"rape":36,"robbery":191.8,"aggAssault":428.6,"burglary":176.8,"mvTheft":296.7,"larceny":1126.9,"violentTotal":665.3,"propertyTotal":1600.4,"total":2265.8},"population":33366,"housing":{"homeValue":561400,"rent":1538,"income":60641},"education":{"hsPlus":57.5,"bachPlus":8.7,"gradPlus":1.1}}},{"type":"Feature","geometry":{"type":"Point","coordinates":[-118.22124223812727,33.982680972031645]},"properties":{"name":"Huntington Park","crime":{"homicide":3.8,"rape":50.7,"robbery":426.5,"aggAssault":296.9,"burglary":620,"mvTheft":1490,"larceny":1991.6,"violentTotal":777.9,"propertyTotal":4101.6,"total":4879.5},"population":53223,"housing":{"homeValue":557600,"rent":1440,"income":56952},"education":{"hsPlus":53.4,"bachPlus":8.7,"gradPlus":2.1}}},{"type":"Feature","geometry":{"type":"Point","coordinates":[-118.1983354027351,33.94911417094095]},"properties":{"name":"South Gate","crime":{"homicide":8.6,"rape":17.2,"robbery":228.2,"aggAssault":268.1,"burglary":269.2,"mvTheft":1110,"larceny":2017.6,"violentTotal":522.2,"propertyTotal":3396.7,"total":3918.9},"population":92883,"housing":{"homeValue":608500,"rent":1471,"income":71315},"education":{"hsPlus":59.1,"bachPlus":11.5,"gradPlus":2.1}}},{"type":"Feature","geometry":{"type":"Point","coordinates":[-118.39737097273762,34.010404591619775]},"properties":{"name":"Culver City","crime":{"homicide":5,"rape":29.7,"robbery":322.3,"aggAssault":401.6,"burglary":728.8,"mvTheft":671.8,"larceny":5069.4,"violentTotal":758.6,"propertyTotal":6470,"total":7228.6},"population":40340,"housing":{"homeValue":1126900,"rent":2683,"income":122312},"education":{"hsPlus":93.9,"bachPlus":64.9,"gradPlus":30.9}}},{"type":"Feature","geometry":{"type":"Point","coordinates":[-121.83791947327032,39.74955959212585]},"properties":{"name":"Chico","crime":{"homicide":2.7,"rape":84.7,"robbery":67.6,"aggAssault":403.7,"burglary":208.2,"mvTheft":261.3,"larceny":1178.7,"violentTotal":558.7,"propertyTotal":1648.2,"total":2206.9},"population":110971,"housing":{"homeValue":455300,"rent":1442,"income":67929},"education":{"hsPlus":93.2,"bachPlus":41.3,"gradPlus":14.4}}},{"type":"Feature","geometry":{"type":"Point","coordinates":[-121.56241478429908,39.50165145988015]},"properties":{"name":"Oroville","crime":{"homicide":10.4,"rape":166.5,"robbery":182.1,"aggAssault":723.2,"burglary":967.7,"mvTheft":1659.6,"larceny":2424.4,"violentTotal":1082.1,"propertyTotal":5051.8,"total":6133.9},"population":19221,"housing":{"homeValue":280600,"rent":1074,"income":51893},"education":{"hsPlus":83,"bachPlus":13,"gradPlus":3.2}}},{"type":"Feature","geometry":{"type":"Point","coordinates":[-121.95532160225238,36.97574485051568]},"properties":{"name":"Capitola","crime":{"homicide":0,"rape":0,"robbery":92.7,"aggAssault":175.2,"burglary":113.4,"mvTheft":154.6,"larceny":1782.8,"violentTotal":267.9,"propertyTotal":2050.7,"total":2318.6},"population":9704,"housing":{"homeValue":746000,"rent":2376,"income":96412},"education":{"hsPlus":91,"bachPlus":45.6,"gradPlus":16.4}}},{"type":"Feature","geometry":{"type":"Point","coordinates":[-121.99975134084316,37.067241951928445]},"properties":{"name":"Scotts Valley","crime":{"homicide":0,"rape":25.3,"robbery":0,"aggAssault":109.8,"burglary":169,"mvTheft":67.6,"larceny":997,"violentTotal":135.2,"propertyTotal":1233.5,"total":1368.7},"population":11836,"housing":{"homeValue":1092000,"rent":2362,"income":140887},"education":{"hsPlus":95.3,"bachPlus":54.4,"gradPlus":22.7}}},{"type":"Feature","geometry":{"type":"Point","coordinates":[-124.19929983065134,41.750258206317156]},"properties":{"name":"Crescent City","crime":{"homicide":0,"rape":53.7,"robbery":161.1,"aggAssault":1288.5,"burglary":626.3,"mvTheft":286.3,"larceny":5476,"violentTotal":1503.2,"propertyTotal":6388.7,"total":7891.9},"population":5588,"housing":{"homeValue":290500,"rent":1127,"income":41131},"education":{"hsPlus":74,"bachPlus":19.8,"gradPlus":9.2}}},{"type":"Feature","geometry":{"type":"Point","coordinates":[-120.08347368746527,36.96244095227328]},"properties":{"name":"Madera","crime":{"homicide":6,"rape":68.6,"robbery":74.6,"aggAssault":455.1,"burglary":98.5,"mvTheft":202.9,"larceny":946.1,"violentTotal":604.4,"propertyTotal":1247.5,"total":1851.9},"population":67013,"housing":{"homeValue":335900,"rent":1237,"income":63619},"education":{"hsPlus":62.3,"bachPlus":10.3,"gradPlus":3.6}}},{"type":"Feature","geometry":{"type":"Point","coordinates":[-121.15385670796474,37.46831186273283]},"properties":{"name":"Patterson","crime":{"homicide":0,"rape":16,"robbery":40,"aggAssault":208.2,"burglary":244.2,"mvTheft":204.2,"larceny":744.7,"violentTotal":264.2,"propertyTotal":1193.1,"total":1457.3},"population":24977,"housing":{"homeValue":427400,"rent":1391,"income":93542},"education":{"hsPlus":74.7,"bachPlus":14.2,"gradPlus":3.7}}},{"type":"Feature","geometry":{"type":"Point","coordinates":[-120.94942297970371,37.725370628711985]},"properties":{"name":"Riverbank","crime":{"homicide":0,"rape":4,"robbery":43.5,"aggAssault":83,"burglary":158.2,"mvTheft":110.7,"larceny":1463,"violentTotal":130.5,"propertyTotal":1731.9,"total":1862.4},"population":25290,"housing":{"homeValue":442300,"rent":1527,"income":90216},"education":{"hsPlus":80.4,"bachPlus":19.5,"gradPlus":5.1}}},{"type":"Feature","geometry":{"type":"Point","coordinates":[-120.7577949763729,37.64261498910109]},"properties":{"name":"Waterford","crime":{"homicide":0,"rape":0,"robbery":21.8,"aggAssault":152.8,"burglary":120.1,"mvTheft":251.1,"larceny":534.9,"violentTotal":174.7,"propertyTotal":906,"total":1080.7},"population":9161,"housing":{"homeValue":372900,"rent":1567,"income":73092},"education":{"hsPlus":70.2,"bachPlus":8.1,"gradPlus":2.6}}},{"type":"Feature","geometry":{"type":"Point","coordinates":[-120.9905995174038,37.663461308665504]},"properties":{"name":"Modesto","crime":{"homicide":4.1,"rape":67.4,"robbery":108.8,"aggAssault":460.2,"burglary":261.7,"mvTheft":320.9,"larceny":1626.7,"violentTotal":640.4,"propertyTotal":2209.3,"total":2849.7},"population":219705,"housing":{"homeValue":415600,"rent":1609,"income":77899},"education":{"hsPlus":83.3,"bachPlus":20.3,"gradPlus":6.5}}},{"type":"Feature","geometry":{"type":"Point","coordinates":[-122.13143175678185,37.614126500410045]},"properties":{"name":"Hayward","crime":{"homicide":6.2,"rape":57.4,"robbery":181.5,"aggAssault":386.5,"burglary":403.8,"mvTheft":1467.5,"larceny":1875,"violentTotal":631.6,"propertyTotal":3746.2,"total":4377.8},"population":161977,"housing":{"homeValue":820700,"rent":2360,"income":113775},"education":{"hsPlus":82.5,"bachPlus":32.6,"gradPlus":9.4}}},{"type":"Feature","geometry":{"type":"Point","coordinates":[-121.77259345275657,37.67959345379461]},"properties":{"name":"Livermore","crime":{"homicide":0,"rape":38.3,"robbery":69.7,"aggAssault":113.8,"burglary":212.6,"mvTheft":282.2,"larceny":1374.1,"violentTotal":221.9,"propertyTotal":1868.9,"total":2090.7},"population":86094,"housing":{"homeValue":1038600,"rent":2640,"income":153602},"education":{"hsPlus":94.1,"bachPlus":50.6,"gradPlus":19.9}}},{"type":"Feature","geometry":{"type":"Point","coordinates":[-121.88576600962975,37.67299202030843]},"properties":{"name":"Pleasanton","crime":{"homicide":3.9,"rape":25.8,"robbery":42.6,"aggAssault":46.4,"burglary":265.7,"mvTheft":242.5,"larceny":1418.9,"violentTotal":118.7,"propertyTotal":1927.1,"total":2045.8},"population":77526,"housing":{"homeValue":1432300,"rent":3017,"income":186206},"education":{"hsPlus":96.2,"bachPlus":68.7,"gradPlus":32.5}}},{"type":"Feature","geometry":{"type":"Point","coordinates":[-121.37173512683842,39.045229100365034]},"properties":{"name":"Wheatland","crime":{"homicide":0,"rape":0,"robbery":0,"aggAssault":25.5,"burglary":25.5,"mvTheft":153,"larceny":408,"violentTotal":25.5,"propertyTotal":586.4,"total":611.9},"population":3922,"housing":{"homeValue":387300,"rent":1210,"income":81827},"education":{"hsPlus":91.4,"bachPlus":20.8,"gradPlus":4.8}}},{"type":"Feature","geometry":{"type":"Point","coordinates":[-123.99171298565263,40.88254273270361]},"properties":{"name":"Blue Lake","population":1144,"housing":{"homeValue":460800,"rent":1247,"income":52813},"education":{"hsPlus":96.7,"bachPlus":37.9,"gradPlus":4.8}}},{"type":"Feature","geometry":{"type":"Point","coordinates":[-124.14555515717554,40.58728831999838]},"properties":{"name":"Fortuna","crime":{"homicide":8.2,"rape":16.3,"robbery":16.3,"aggAssault":130.7,"burglary":204.2,"mvTheft":138.8,"larceny":849.3,"violentTotal":171.5,"propertyTotal":1192.3,"total":1363.8},"population":12245,"housing":{"homeValue":353200,"rent":1126,"income":61603},"education":{"hsPlus":86,"bachPlus":22.8,"gradPlus":7.3}}},{"type":"Feature","geometry":{"type":"Point","coordinates":[-124.1025564354151,40.49994313827692]},"properties":{"name":"Rio Dell","crime":{"homicide":0,"rape":215.1,"robbery":0,"aggAssault":92.2,"burglary":307.2,"mvTheft":215.1,"larceny":1167.4,"violentTotal":307.2,"propertyTotal":1689.7,"total":1996.9},"population":3255,"housing":{"homeValue":313400,"rent":1057,"income":46055},"education":{"hsPlus":90.3,"bachPlus":9.6,"gradPlus":4.4}}},{"type":"Feature","geometry":{"type":"Point","coordinates":[-124.1433103164056,41.05781442212481]},"properties":{"name":"Trinidad","population":298,"housing":{"homeValue":777500,"rent":1050,"income":99107},"education":{"hsPlus":95.7,"bachPlus":66.8,"gradPlus":38.6}}},{"type":"Feature","geometry":{"type":"Point","coordinates":[-124.26196839594976,40.57815700279908]},"properties":{"name":"Ferndale","crime":{"homicide":0,"rape":73.2,"robbery":0,"aggAssault":219.5,"burglary":73.2,"mvTheft":0,"larceny":1170.4,"violentTotal":292.6,"propertyTotal":1243.6,"total":1536.2},"population":1367,"housing":{"homeValue":496000,"rent":1150,"income":62090},"education":{"hsPlus":93.3,"bachPlus":26.4,"gradPlus":7.3}}},{"type":"Feature","geometry":{"type":"Point","coordinates":[-124.08129765230765,40.87357562885994]},"properties":{"name":"Arcata","crime":{"homicide":10.7,"rape":48.2,"robbery":96.3,"aggAssault":433.4,"burglary":144.5,"mvTheft":283.6,"larceny":1482,"violentTotal":588.5,"propertyTotal":1910,"total":2498.5},"population":18691,"housing":{"homeValue":466600,"rent":1287,"income":48731},"education":{"hsPlus":95,"bachPlus":45.1,"gradPlus":16.7}}},{"type":"Feature","geometry":{"type":"Point","coordinates":[-124.16032883563989,40.79663421937563]},"properties":{"name":"Eureka","crime":{"homicide":3.8,"rape":133.7,"robbery":256,"aggAssault":561.7,"burglary":557.8,"mvTheft":512,"larceny":2579.1,"violentTotal":955.2,"propertyTotal":3648.9,"total":4604.2},"population":26172,"housing":{"homeValue":375800,"rent":1157,"income":60253},"education":{"hsPlus":90.3,"bachPlus":31.3,"gradPlus":10.7}}},{"type":"Feature","geometry":{"type":"Point","coordinates":[-118.39467413441771,33.83435303900664]},"properties":{"name":"Redondo Beach","crime":{"homicide":2.9,"rape":23.4,"robbery":120,"aggAssault":161,"burglary":461.1,"mvTheft":282.5,"larceny":1693.5,"violentTotal":307.4,"propertyTotal":2437.1,"total":2744.5},"population":68319,"housing":{"homeValue":1225400,"rent":2562,"income":144588},"education":{"hsPlus":96.8,"bachPlus":66.4,"gradPlus":24.6}}},{"type":"Feature","geometry":{"type":"Point","coordinates":[-118.34128788283832,33.832504260693014]},"properties":{"name":"Torrance","crime":{"homicide":1.4,"rape":19.5,"robbery":103.9,"aggAssault":131.1,"burglary":389.1,"mvTheft":444.9,"larceny":1705.6,"violentTotal":255.9,"propertyTotal":2539.6,"total":2795.5},"population":143410,"housing":{"homeValue":1036600,"rent":2214,"income":113105},"education":{"hsPlus":94.9,"bachPlus":53,"gradPlus":18.8}}},{"type":"Feature","geometry":{"type":"Point","coordinates":[-119.30752075905319,36.330712983015474]},"properties":{"name":"Visalia","crime":{"homicide":9.6,"rape":64.4,"robbery":85.6,"aggAssault":292.5,"burglary":313.1,"mvTheft":450.8,"larceny":1631.2,"violentTotal":452.1,"propertyTotal":2395,"total":2847.2},"population":145970,"housing":{"homeValue":340600,"rent":1397,"income":79952},"education":{"hsPlus":86.5,"bachPlus":22.9,"gradPlus":8.6}}},{"type":"Feature","geometry":{"type":"Point","coordinates":[-117.17926289105888,33.6923335633605]},"properties":{"name":"Menifee","crime":{"homicide":1.8,"rape":27.2,"robbery":22.8,"aggAssault":139.7,"burglary":159,"mvTheft":221.4,"larceny":776.5,"violentTotal":191.5,"propertyTotal":1156.9,"total":1348.4},"population":113837,"housing":{"homeValue":487200,"rent":2052,"income":89183},"education":{"hsPlus":88.7,"bachPlus":22.7,"gradPlus":7.8}}},{"type":"Feature","geometry":{"type":"Point","coordinates":[-122.30054901683901,37.511886983564835]},"properties":{"name":"Belmont","crime":{"homicide":0,"rape":33.2,"robbery":36.8,"aggAssault":132.6,"burglary":173.1,"mvTheft":125.2,"larceny":935.7,"violentTotal":202.6,"propertyTotal":1234.1,"total":1436.7},"population":27146,"housing":{"homeValue":2000001,"rent":2894,"income":207609},"education":{"hsPlus":96,"bachPlus":68.9,"gradPlus":33.9}}},{"type":"Feature","geometry":{"type":"Point","coordinates":[-122.36349874646095,37.594058026409684]},"properties":{"name":"Burlingame","crime":{"homicide":0,"rape":35.8,"robbery":29.3,"aggAssault":143,"burglary":279.5,"mvTheft":289.3,"larceny":2034.6,"violentTotal":208,"propertyTotal":2603.4,"total":2811.4},"population":30768,"housing":{"homeValue":2000001,"rent":2643,"income":168832},"education":{"hsPlus":95,"bachPlus":64.2,"gradPlus":31.4}}},{"type":"Feature","geometry":{"type":"Point","coordinates":[-122.48195320760485,37.67649744314577]},"properties":{"name":"Daly City","crime":{"homicide":2,"rape":21.5,"robbery":117.3,"aggAssault":197.4,"burglary":186.7,"mvTheft":362.6,"larceny":1468,"violentTotal":338.2,"propertyTotal":2017.3,"total":2355.5},"population":102315,"housing":{"homeValue":1092700,"rent":2523,"income":119570},"education":{"hsPlus":88.5,"bachPlus":38,"gradPlus":8.8}}},{"type":"Feature","geometry":{"type":"Point","coordinates":[-122.26332314015359,37.499878952869736]},"properties":{"name":"San Carlos","population":29669,"housing":{"homeValue":2000001,"rent":2802,"income":233333},"education":{"hsPlus":96.7,"bachPlus":68.1,"gradPlus":37.7}}},{"type":"Feature","geometry":{"type":"Point","coordinates":[-122.34456740989737,37.65343648231433]},"properties":{"name":"South San Francisco","crime":{"homicide":1.5,"rape":15.4,"robbery":78.3,"aggAssault":259.4,"burglary":214.9,"mvTheft":342.3,"larceny":1571.9,"violentTotal":354.6,"propertyTotal":2129.1,"total":2483.7},"population":65146,"housing":{"homeValue":1160100,"rent":2833,"income":135909},"education":{"hsPlus":86.3,"bachPlus":40.1,"gradPlus":12.5}}},{"type":"Feature","geometry":{"type":"Point","coordinates":[-122.25850074501645,37.42974020227321]},"properties":{"name":"Woodside","population":5176,"housing":{"homeValue":2000001,"rent":3501,"income":250001},"education":{"hsPlus":98.3,"bachPlus":75.9,"gradPlus":41.7}}},{"type":"Feature","geometry":{"type":"Point","coordinates":[-117.26255782052198,33.61759333828056]},"properties":{"name":"Wildomar","crime":{"homicide":2.7,"rape":18.9,"robbery":24.3,"aggAssault":153.8,"burglary":232.1,"mvTheft":250.9,"larceny":879.7,"violentTotal":199.7,"propertyTotal":1362.7,"total":1562.3},"population":37060,"housing":{"homeValue":511900,"rent":1910,"income":95677},"education":{"hsPlus":85.4,"bachPlus":17.8,"gradPlus":5.7}}},{"type":"Feature","geometry":{"type":"Point","coordinates":[-116.89297585592222,33.93062177027095]},"properties":{"name":"Banning","crime":{"homicide":9.4,"rape":49.9,"robbery":43.7,"aggAssault":383.6,"burglary":424.1,"mvTheft":405.4,"larceny":823.3,"violentTotal":486.5,"propertyTotal":1652.7,"total":2139.2},"population":32068,"housing":{"homeValue":322900,"rent":1528,"income":57699},"education":{"hsPlus":82.1,"bachPlus":17.4,"gradPlus":6.3}}},{"type":"Feature","geometry":{"type":"Point","coordinates":[-117.86469903707686,33.9222647476894]},"properties":{"name":"Brea","crime":{"homicide":2.1,"rape":22.9,"robbery":91.5,"aggAssault":106,"burglary":361.7,"mvTheft":205.8,"larceny":2542.6,"violentTotal":222.4,"propertyTotal":3110.1,"total":3332.6},"population":48101,"housing":{"homeValue":874300,"rent":2285,"income":124837},"education":{"hsPlus":93.2,"bachPlus":50.2,"gradPlus":19.1}}},{"type":"Feature","geometry":{"type":"Point","coordinates":[-117.7644351734484,33.67226373957384]},"properties":{"name":"Irvine","crime":{"homicide":0.6,"rape":20.2,"robbery":24.4,"aggAssault":41.4,"burglary":255.6,"mvTheft":86.4,"larceny":1204.3,"violentTotal":86.7,"propertyTotal":1546.3,"total":1632.9},"population":316119,"housing":{"homeValue":1115400,"rent":2893,"income":129647},"education":{"hsPlus":96.6,"bachPlus":70.6,"gradPlus":31.2}}},{"type":"Feature","geometry":{"type":"Point","coordinates":[-117.95153812448285,33.92856818040199]},"properties":{"name":"La Habra","crime":{"homicide":1.6,"rape":22.9,"robbery":58.8,"aggAssault":233.5,"burglary":326.6,"mvTheft":241.7,"larceny":1494.2,"violentTotal":316.8,"propertyTotal":2062.5,"total":2379.3},"population":61236,"housing":{"homeValue":716700,"rent":2039,"income":98158},"education":{"hsPlus":85.3,"bachPlus":29.7,"gradPlus":9.7}}},{"type":"Feature","geometry":{"type":"Point","coordinates":[-117.99589249694525,33.80497752688935]},"properties":{"name":"Stanton","crime":{"homicide":7.4,"rape":24.6,"robbery":120.8,"aggAssault":283.4,"burglary":293.3,"mvTheft":313,"larceny":1303.7,"violentTotal":436.2,"propertyTotal":1910,"total":2346.2},"population":40576,"housing":{"homeValue":541000,"rent":1905,"income":81455},"education":{"hsPlus":72.4,"bachPlus":22,"gradPlus":6.6}}},{"type":"Feature","geometry":{"type":"Point","coordinates":[-119.24425594067384,34.44940730448261]},"properties":{"name":"Ojai","crime":{"homicide":0,"rape":26.5,"robbery":0,"aggAssault":92.6,"burglary":158.8,"mvTheft":52.9,"larceny":661.7,"violentTotal":119.1,"propertyTotal":873.5,"total":992.6},"population":7556,"housing":{"homeValue":947000,"rent":1913,"income":79202},"education":{"hsPlus":88.5,"bachPlus":46.2,"gradPlus":22.8}}},{"type":"Feature","geometry":{"type":"Point","coordinates":[-118.75574212971536,34.25571039606088]},"properties":{"name":"Simi Valley","crime":{"homicide":0,"rape":18.4,"robbery":22.4,"aggAssault":80.1,"burglary":141.8,"mvTheft":79.3,"larceny":737.9,"violentTotal":121,"propertyTotal":959.1,"total":1080},"population":124810,"housing":{"homeValue":753500,"rent":2513,"income":117703},"education":{"hsPlus":90.9,"bachPlus":37.4,"gradPlus":12.6}}},{"type":"Feature","geometry":{"type":"Point","coordinates":[-118.85946125200398,34.20595324113572]},"properties":{"name":"Thousand Oaks","crime":{"homicide":4.1,"rape":4.9,"robbery":22.7,"aggAssault":77,"burglary":135.4,"mvTheft":51.1,"larceny":927.3,"violentTotal":108.6,"propertyTotal":1113.7,"total":1222.3},"population":123372,"housing":{"homeValue":951200,"rent":2580,"income":134367},"education":{"hsPlus":94.6,"bachPlus":50.9,"gradPlus":21.4}}},{"type":"Feature","geometry":{"type":"Point","coordinates":[-121.25318761823972,38.81234454062216]},"properties":{"name":"Rocklin","crime":{"homicide":1.4,"rape":12.3,"robbery":16.4,"aggAssault":105.5,"burglary":120.6,"mvTheft":83.6,"larceny":866.1,"violentTotal":135.7,"propertyTotal":1070.3,"total":1206},"population":72967,"housing":{"homeValue":673300,"rent":2178,"income":120916},"education":{"hsPlus":96.3,"bachPlus":48.5,"gradPlus":16.9}}},{"type":"Feature","geometry":{"type":"Point","coordinates":[-121.07110560136367,38.89824034786476]},"properties":{"name":"Auburn","crime":{"homicide":0,"rape":59.4,"robbery":44.6,"aggAssault":282.4,"burglary":245.2,"mvTheft":126.3,"larceny":609.3,"violentTotal":386.4,"propertyTotal":980.9,"total":1367.3},"population":13457,"housing":{"homeValue":642400,"rent":1432,"income":77760},"education":{"hsPlus":92.6,"bachPlus":38.2,"gradPlus":15}}},{"type":"Feature","geometry":{"type":"Point","coordinates":[-121.33703594737763,38.78090131313104]},"properties":{"name":"Roseville","crime":{"homicide":1.9,"rape":35.6,"robbery":68.7,"aggAssault":141.1,"burglary":217.4,"mvTheft":101.1,"larceny":1126.5,"violentTotal":247.3,"propertyTotal":1445,"total":1692.3},"population":157304,"housing":{"homeValue":630600,"rent":2099,"income":117354},"education":{"hsPlus":95.5,"bachPlus":44.1,"gradPlus":14.1}}},{"type":"Feature","geometry":{"type":"Point","coordinates":[-120.38251781483716,37.98139931672838]},"properties":{"name":"Sonora","crime":{"homicide":0,"rape":116.4,"robbery":0,"aggAssault":717.9,"burglary":213.4,"mvTheft":252.2,"larceny":2250.7,"violentTotal":834.3,"propertyTotal":2716.3,"total":3550.6},"population":5154,"housing":{"homeValue":379300,"rent":1164,"income":62621},"education":{"hsPlus":94.8,"bachPlus":30.2,"gradPlus":11.4}}},{"type":"Feature","geometry":{"type":"Point","coordinates":[-122.23134381663817,37.82374021288561]},"properties":{"name":"Piedmont","crime":{"homicide":0,"rape":46.1,"robbery":73.8,"aggAssault":156.9,"burglary":424.5,"mvTheft":747.5,"larceny":2953.1,"violentTotal":276.9,"propertyTotal":4125.1,"total":4402},"population":10836,"housing":{"homeValue":2000001,"rent":3501,"income":250001},"education":{"hsPlus":98.9,"bachPlus":86.8,"gradPlus":51.9}}},{"type":"Feature","geometry":{"type":"Point","coordinates":[-120.83559638330753,37.0700015455712]},"properties":{"name":"Los Banos","crime":{"homicide":2.1,"rape":47.7,"robbery":70.5,"aggAssault":89.2,"burglary":163.9,"mvTheft":265.5,"larceny":1165.7,"violentTotal":209.5,"propertyTotal":1595,"total":1804.5},"population":48213,"housing":{"homeValue":419600,"rent":1515,"income":70893},"education":{"hsPlus":71.1,"bachPlus":13.2,"gradPlus":3.6}}},{"type":"Feature","geometry":{"type":"Point","coordinates":[-120.24582903922249,37.11422234213855]},"properties":{"name":"Chowchilla","crime":{"homicide":10.5,"rape":57.5,"robbery":36.6,"aggAssault":407.9,"burglary":172.6,"mvTheft":235.3,"larceny":706,"violentTotal":512.5,"propertyTotal":1113.8,"total":1626.3},"population":19123,"housing":{"homeValue":331500,"rent":1204,"income":63308},"education":{"hsPlus":77,"bachPlus":16.7,"gradPlus":3.7}}},{"type":"Feature","geometry":{"type":"Point","coordinates":[-117.05318271756876,33.98414897217978]},"properties":{"name":"Calimesa","crime":{"homicide":0,"rape":0,"robbery":27.1,"aggAssault":63.2,"burglary":415.1,"mvTheft":279.7,"larceny":1597.2,"violentTotal":90.2,"propertyTotal":2292,"total":2382.2},"population":11082,"housing":{"homeValue":423300,"rent":1852,"income":90313},"education":{"hsPlus":90.8,"bachPlus":30.4,"gradPlus":7.6}}},{"type":"Feature","geometry":{"type":"Point","coordinates":[-117.26856120266451,33.68713814265991]},"properties":{"name":"Canyon Lake","crime":{"homicide":0,"rape":0,"robbery":0,"aggAssault":99.2,"burglary":63.1,"mvTheft":225.5,"larceny":469.1,"violentTotal":99.2,"propertyTotal":757.7,"total":856.9},"population":11086,"housing":{"homeValue":647300,"rent":2524,"income":124948},"education":{"hsPlus":95,"bachPlus":29.5,"gradPlus":10.6}}},{"type":"Feature","geometry":{"type":"Point","coordinates":[-116.14290992987037,33.69310172467469]},"properties":{"name":"Coachella","crime":{"homicide":4.5,"rape":38.6,"robbery":77.2,"aggAssault":186.2,"burglary":231.6,"mvTheft":497.2,"larceny":933,"violentTotal":306.5,"propertyTotal":1661.7,"total":1968.2},"population":44050,"housing":{"homeValue":341300,"rent":1115,"income":67558},"education":{"hsPlus":56.9,"bachPlus":5.6,"gradPlus":1.5}}},{"type":"Feature","geometry":{"type":"Point","coordinates":[-116.34273818121147,33.69810487806414]},"properties":{"name":"Indian Wells","crime":{"homicide":0,"rape":20.6,"robbery":61.7,"aggAssault":82.3,"burglary":493.9,"mvTheft":82.3,"larceny":1749.3,"violentTotal":164.6,"propertyTotal":2325.6,"total":2490.2},"population":4859,"housing":{"homeValue":1002200,"rent":1029,"income":145313},"education":{"hsPlus":97.4,"bachPlus":59.3,"gradPlus":29.2}}},{"type":"Feature","geometry":{"type":"Point","coordinates":[-116.28428443438409,33.6515266544486]},"properties":{"name":"La Quinta","crime":{"homicide":2.6,"rape":7.7,"robbery":48.5,"aggAssault":122.6,"burglary":347.4,"mvTheft":176.3,"larceny":1887.7,"violentTotal":181.4,"propertyTotal":2411.4,"total":2592.7},"population":39148,"housing":{"homeValue":612800,"rent":1747,"income":97628},"education":{"hsPlus":91.8,"bachPlus":38.9,"gradPlus":14.2}}},{"type":"Feature","geometry":{"type":"Point","coordinates":[-121.02106114179934,39.25797789441032]},"properties":{"name":"Nevada City","crime":{"homicide":0,"rape":59.4,"robbery":0,"aggAssault":1069.8,"burglary":326.9,"mvTheft":267.5,"larceny":683.5,"violentTotal":1129.3,"propertyTotal":1277.9,"total":2407.1},"population":3365,"housing":{"homeValue":607300,"rent":1756,"income":69552},"education":{"hsPlus":96.5,"bachPlus":39,"gradPlus":17.3}}},{"type":"Feature","geometry":{"type":"Point","coordinates":[-120.1848425114024,39.341684262434725]},"properties":{"name":"Truckee","crime":{"homicide":0,"rape":23.6,"robbery":29.5,"aggAssault":585,"burglary":135.9,"mvTheft":65,"larceny":307.3,"violentTotal":638.2,"propertyTotal":508.2,"total":1146.4},"population":16923,"housing":{"homeValue":884000,"rent":2089,"income":125995},"education":{"hsPlus":94.6,"bachPlus":59.2,"gradPlus":20.9}}},{"type":"Feature","geometry":{"type":"Point","coordinates":[-119.02292842475117,36.06819427901755]},"properties":{"name":"Porterville","crime":{"homicide":4.7,"rape":37.7,"robbery":108.5,"aggAssault":286.2,"burglary":237.4,"mvTheft":536.1,"larceny":1260.9,"violentTotal":437.1,"propertyTotal":2034.5,"total":2471.6},"population":63603,"housing":{"homeValue":273600,"rent":1111,"income":59012},"education":{"hsPlus":69.1,"bachPlus":14.9,"gradPlus":5.5}}},{"type":"Feature","geometry":{"type":"Point","coordinates":[-119.33511683721261,36.2098318587619]},"properties":{"name":"Tulare","crime":{"homicide":4.2,"rape":69.9,"robbery":83.8,"aggAssault":473.7,"burglary":297.7,"mvTheft":595.3,"larceny":1077.5,"violentTotal":631.7,"propertyTotal":1970.5,"total":2602.1},"population":71557,"housing":{"homeValue":301200,"rent":1354,"income":69517},"education":{"hsPlus":76.5,"bachPlus":10.7,"gradPlus":3.9}}},{"type":"Feature","geometry":{"type":"Point","coordinates":[-120.59014126807459,37.35916626398439]},"properties":{"name":"Atwater","crime":{"homicide":9.4,"rape":34.5,"robbery":75.2,"aggAssault":498.1,"burglary":310.1,"mvTheft":319.5,"larceny":1826.4,"violentTotal":617.1,"propertyTotal":2456.1,"total":3073.2},"population":31921,"housing":{"homeValue":340600,"rent":1219,"income":63945},"education":{"hsPlus":73.8,"bachPlus":13.1,"gradPlus":2.3}}},{"type":"Feature","geometry":{"type":"Point","coordinates":[-120.47235433670863,37.331832287888375]},"properties":{"name":"Merced","crime":{"homicide":8.6,"rape":80.5,"robbery":191.1,"aggAssault":555.1,"burglary":420.9,"mvTheft":571.2,"larceny":1702.8,"violentTotal":835.3,"propertyTotal":2694.9,"total":3530.2},"population":93138,"housing":{"homeValue":347700,"rent":1293,"income":59938},"education":{"hsPlus":77.2,"bachPlus":18,"gradPlus":6.3}}},{"type":"Feature","geometry":{"type":"Point","coordinates":[-116.41940468358798,33.759305128746796]},"properties":{"name":"Rancho Mirage","crime":{"homicide":5.8,"rape":40.6,"robbery":46.4,"aggAssault":191.6,"burglary":789.5,"mvTheft":423.8,"larceny":2472.9,"violentTotal":284.4,"propertyTotal":3686.1,"total":3970.5},"population":17227,"housing":{"homeValue":747800,"rent":1575,"income":109943},"education":{"hsPlus":94.9,"bachPlus":46.5,"gradPlus":23.1}}},{"type":"Feature","geometry":{"type":"Point","coordinates":[-117.12000343043292,33.498178730502886]},"properties":{"name":"Temecula","crime":{"homicide":0,"rape":15.3,"robbery":47.8,"aggAssault":107.3,"burglary":287.7,"mvTheft":245.3,"larceny":1601.5,"violentTotal":170.4,"propertyTotal":2134.4,"total":2304.8},"population":110898,"housing":{"homeValue":640400,"rent":2297,"income":117840},"education":{"hsPlus":93.4,"bachPlus":39.2,"gradPlus":13.5}}},{"type":"Feature","geometry":{"type":"Point","coordinates":[-116.55737664658578,33.97608573497486]},"properties":{"name":"Desert Hot Springs","crime":{"homicide":9,"rape":48.1,"robbery":63.1,"aggAssault":378.9,"burglary":330.8,"mvTheft":550.3,"larceny":547.3,"violentTotal":499.2,"propertyTotal":1428.4,"total":1927.5},"population":33255,"housing":{"homeValue":309300,"rent":1339,"income":50349},"education":{"hsPlus":81,"bachPlus":15.9,"gradPlus":5.4}}},{"type":"Feature","geometry":{"type":"Point","coordinates":[-116.52804243447063,33.80780571652377]},"properties":{"name":"Palm Springs","crime":{"homicide":0,"rape":67,"robbery":125.1,"aggAssault":395.4,"burglary":621.1,"mvTheft":513.9,"larceny":2587.1,"violentTotal":587.6,"propertyTotal":3722.1,"total":4309.7},"population":44760,"housing":{"homeValue":567300,"rent":1473,"income":71979},"education":{"hsPlus":93.1,"bachPlus":45.1,"gradPlus":19.5}}},{"type":"Feature","geometry":{"type":"Point","coordinates":[-120.79448761866647,38.73246410112144]},"properties":{"name":"Placerville","crime":{"homicide":0,"rape":65.9,"robbery":56.5,"aggAssault":630.5,"burglary":367,"mvTheft":131.7,"larceny":959.8,"violentTotal":752.8,"propertyTotal":1458.5,"total":2211.3},"population":10627,"housing":{"homeValue":450600,"rent":1229,"income":70602},"education":{"hsPlus":89.4,"bachPlus":25.1,"gradPlus":7.9}}},{"type":"Feature","geometry":{"type":"Point","coordinates":[-122.62587909290428,38.24619807204254]},"properties":{"name":"Petaluma","crime":{"homicide":1.7,"rape":47.6,"robbery":51,"aggAssault":176.7,"burglary":122.3,"mvTheft":112.1,"larceny":985.4,"violentTotal":276.9,"propertyTotal":1219.9,"total":1496.8},"population":58858,"housing":{"homeValue":834900,"rent":2379,"income":109823},"education":{"hsPlus":92.1,"bachPlus":42.9,"gradPlus":15.4}}},{"type":"Feature","geometry":{"type":"Point","coordinates":[-122.71575266219813,38.44346237251156]},"properties":{"name":"Santa Rosa","crime":{"homicide":5.6,"rape":65,"robbery":63.8,"aggAssault":196,"burglary":257.6,"mvTheft":206.7,"larceny":1003.1,"violentTotal":330.4,"propertyTotal":1467.4,"total":1797.9},"population":177043,"housing":{"homeValue":685000,"rent":2084,"income":97410},"education":{"hsPlus":85.5,"bachPlus":34.8,"gradPlus":13.4}}},{"type":"Feature","geometry":{"type":"Point","coordinates":[-122.17935353599009,39.74570294642782]},"properties":{"name":"Orland","crime":{"homicide":0,"rape":58.1,"robbery":58.1,"aggAssault":267.3,"burglary":186,"mvTheft":232.5,"larceny":836.9,"violentTotal":383.6,"propertyTotal":1255.4,"total":1639},"population":8603,"housing":{"homeValue":320700,"rent":1092,"income":64531},"education":{"hsPlus":75.8,"bachPlus":12.8,"gradPlus":2.4}}},{"type":"Feature","geometry":{"type":"Point","coordinates":[-122.19977059211627,39.518469511745785]},"properties":{"name":"Willows","population":6372,"housing":{"homeValue":286200,"rent":1149,"income":78179},"education":{"hsPlus":79.6,"bachPlus":19.7,"gradPlus":4.5}}},{"type":"Feature","geometry":{"type":"Point","coordinates":[-120.1869559660845,36.60820502966044]},"properties":{"name":"San Joaquin","population":802328,"housing":{"homeValue":249700,"rent":1070,"income":51591},"education":{"hsPlus":42.2,"bachPlus":2.5,"gradPlus":0}}},{"type":"Feature","geometry":{"type":"Point","coordinates":[-118.04343558860553,33.84635970753831]},"properties":{"name":"La Palma","crime":{"homicide":0,"rape":6.6,"robbery":26.4,"aggAssault":72.5,"burglary":257,"mvTheft":382.2,"larceny":1508.9,"violentTotal":105.4,"propertyTotal":2148,"total":2253.4},"population":15177,"housing":{"homeValue":916600,"rent":2239,"income":115833},"education":{"hsPlus":93.9,"bachPlus":48.8,"gradPlus":17.2}}},{"type":"Feature","geometry":{"type":"Point","coordinates":[-118.05967048724942,33.793103070257764]},"properties":{"name":"Los Alamitos","crime":{"homicide":0,"rape":24.9,"robbery":49.8,"aggAssault":290.6,"burglary":1004.6,"mvTheft":440.1,"larceny":871.8,"violentTotal":365.3,"propertyTotal":2316.5,"total":2681.8},"population":12044,"housing":{"homeValue":1003900,"rent":2273,"income":98539},"education":{"hsPlus":94.1,"bachPlus":43.5,"gradPlus":13.9}}},{"type":"Feature","geometry":{"type":"Point","coordinates":[-117.65573571180944,33.61477029075404]},"properties":{"name":"Mission Viejo","crime":{"homicide":1.1,"rape":0,"robbery":39.1,"aggAssault":98.9,"burglary":123.9,"mvTheft":144.6,"larceny":970.7,"violentTotal":139.1,"propertyTotal":1239.2,"total":1378.4},"population":91993,"housing":{"homeValue":946300,"rent":2713,"income":136071},"education":{"hsPlus":93.7,"bachPlus":51.1,"gradPlus":19}}},{"type":"Feature","geometry":{"type":"Point","coordinates":[-117.60955382749981,33.63044679967245]},"properties":{"name":"Rancho Santa Margarita","crime":{"homicide":0,"rape":0,"robbery":8.6,"aggAssault":38.7,"burglary":73,"mvTheft":19.3,"larceny":337.3,"violentTotal":47.3,"propertyTotal":429.6,"total":476.9},"population":46553,"housing":{"homeValue":907900,"rent":2481,"income":146827},"education":{"hsPlus":94.6,"bachPlus":48.8,"gradPlus":16.8}}},{"type":"Feature","geometry":{"type":"Point","coordinates":[-120.13380545965353,36.01756582738785]},"properties":{"name":"Avenal","crime":{"homicide":14.2,"rape":56.9,"robbery":14.2,"aggAssault":383.9,"burglary":99.5,"mvTheft":106.6,"larceny":270.2,"violentTotal":469.2,"propertyTotal":476.4,"total":945.6},"population":14065,"housing":{"homeValue":224800,"rent":1060,"income":52986},"education":{"hsPlus":51.2,"bachPlus":4.4,"gradPlus":2}}},{"type":"Feature","geometry":{"type":"Point","coordinates":[-117.61064156859068,33.44920327433274]},"properties":{"name":"San Clemente","crime":{"homicide":0,"rape":6.3,"robbery":28.5,"aggAssault":112.5,"burglary":163.3,"mvTheft":233,"larceny":1019.3,"violentTotal":147.4,"propertyTotal":1415.6,"total":1563},"population":63085,"housing":{"homeValue":1220500,"rent":2398,"income":134735},"education":{"hsPlus":94,"bachPlus":51.7,"gradPlus":20.7}}},{"type":"Feature","geometry":{"type":"Point","coordinates":[-118.06868278554336,33.75301260509263]},"properties":{"name":"Seal Beach","crime":{"homicide":4.1,"rape":28.6,"robbery":53,"aggAssault":305.9,"burglary":436.4,"mvTheft":191.7,"larceny":2055.7,"violentTotal":391.6,"propertyTotal":2683.9,"total":3075.4},"population":24517,"housing":{"homeValue":492200,"rent":2419,"income":83045},"education":{"hsPlus":95.4,"bachPlus":51.1,"gradPlus":22.2}}},{"type":"Feature","geometry":{"type":"Point","coordinates":[-117.81058527356278,33.81796709289172]},"properties":{"name":"Villa Park","crime":{"homicide":0,"rape":0,"robbery":17.4,"aggAssault":17.4,"burglary":243.5,"mvTheft":173.9,"larceny":313,"violentTotal":34.8,"propertyTotal":730.4,"total":765.2},"population":5750,"housing":{"homeValue":1686200,"rent":null,"income":204750},"education":{"hsPlus":97.1,"bachPlus":53.4,"gradPlus":22.8}}},{"type":"Feature","geometry":{"type":"Point","coordinates":[-117.72654906506062,33.58033360713604]},"properties":{"name":"Aliso Viejo","crime":{"homicide":0,"rape":0,"robbery":25.8,"aggAssault":87.2,"burglary":77.3,"mvTheft":107.1,"larceny":529.3,"violentTotal":113,"propertyTotal":713.7,"total":826.7},"population":50442,"housing":{"homeValue":863800,"rent":2774,"income":137970},"education":{"hsPlus":96.4,"bachPlus":57.1,"gradPlus":20.9}}},{"type":"Feature","geometry":{"type":"Point","coordinates":[-117.9991599190097,33.68162953010249]},"properties":{"name":"Huntington Beach","crime":{"homicide":2.1,"rape":28.4,"robbery":47.5,"aggAssault":136.9,"burglary":242.4,"mvTheft":171.6,"larceny":1606.1,"violentTotal":215,"propertyTotal":2020.1,"total":2235},"population":193510,"housing":{"homeValue":1047300,"rent":2424,"income":119885},"education":{"hsPlus":93.9,"bachPlus":47.2,"gradPlus":17.7}}},{"type":"Feature","geometry":{"type":"Point","coordinates":[-117.81710289941773,33.72575812456428]},"properties":{"name":"Tustin","crime":{"homicide":1.3,"rape":10.1,"robbery":79.3,"aggAssault":132.2,"burglary":234.1,"mvTheft":261.8,"larceny":1701.7,"violentTotal":222.8,"propertyTotal":2197.6,"total":2420.4},"population":79449,"housing":{"homeValue":890600,"rent":2340,"income":108435},"education":{"hsPlus":88.9,"bachPlus":46,"gradPlus":18.5}}},{"type":"Feature","geometry":{"type":"Point","coordinates":[-118.00669720007294,33.85453732458732]},"properties":{"name":"Buena Park","crime":{"homicide":1.2,"rape":15.7,"robbery":77.3,"aggAssault":186.1,"burglary":274.2,"mvTheft":473.6,"larceny":2065.9,"violentTotal":280.3,"propertyTotal":2813.8,"total":3094},"population":82772,"housing":{"homeValue":771900,"rent":2112,"income":108187},"education":{"hsPlus":84.9,"bachPlus":32.1,"gradPlus":9.7}}},{"type":"Feature","geometry":{"type":"Point","coordinates":[-117.69930629690982,33.47395827670782]},"properties":{"name":"Dana Point","crime":{"homicide":3,"rape":3,"robbery":15.2,"aggAssault":100.5,"burglary":118.7,"mvTheft":155.3,"larceny":678.8,"violentTotal":121.8,"propertyTotal":952.8,"total":1074.6},"population":32850,"housing":{"homeValue":1200900,"rent":2883,"income":127246},"education":{"hsPlus":95.9,"bachPlus":57.1,"gradPlus":24.2}}},{"type":"Feature","geometry":{"type":"Point","coordinates":[-119.79484390367946,36.29395400768569]},"properties":{"name":"Lemoore","crime":{"homicide":7.4,"rape":118,"robbery":14.7,"aggAssault":254.4,"burglary":158.5,"mvTheft":368.7,"larceny":789,"violentTotal":394.5,"propertyTotal":1316.3,"total":1710.8},"population":27122,"housing":{"homeValue":319200,"rent":1394,"income":82189},"education":{"hsPlus":83.6,"bachPlus":21.3,"gradPlus":7.8}}},{"type":"Feature","geometry":{"type":"Point","coordinates":[-117.95138768123289,33.70972265461971]},"properties":{"name":"Fountain Valley","crime":{"homicide":3.5,"rape":12.4,"robbery":42.4,"aggAssault":76,"burglary":427.5,"mvTheft":201.4,"larceny":1455.5,"violentTotal":134.2,"propertyTotal":2084.4,"total":2218.6},"population":56612,"housing":{"homeValue":1018600,"rent":2507,"income":111797},"education":{"hsPlus":90.4,"bachPlus":44.9,"gradPlus":13.8}}},{"type":"Feature","geometry":{"type":"Point","coordinates":[-117.76832518660704,33.54115911387838]},"properties":{"name":"Laguna Beach","crime":{"homicide":4.4,"rape":43.9,"robbery":65.9,"aggAssault":386.7,"burglary":268,"mvTheft":188.9,"larceny":1067.7,"violentTotal":500.9,"propertyTotal":1524.7,"total":2025.6},"population":22759,"housing":{"homeValue":2000001,"rent":2802,"income":140508},"education":{"hsPlus":97.4,"bachPlus":67.1,"gradPlus":28.3}}},{"type":"Feature","geometry":{"type":"Point","coordinates":[-117.69048576268914,33.58496607926811]},"properties":{"name":"Laguna Hills","crime":{"homicide":0,"rape":16.4,"robbery":52.6,"aggAssault":200.4,"burglary":338.4,"mvTheft":144.6,"larceny":791.9,"violentTotal":269.4,"propertyTotal":1274.8,"total":1544.3},"population":30435,"housing":{"homeValue":944000,"rent":2622,"income":122778},"education":{"hsPlus":93.8,"bachPlus":52.9,"gradPlus":18.3}}},{"type":"Feature","geometry":{"type":"Point","coordinates":[-117.72240991691592,33.61407341693944]},"properties":{"name":"Laguna Woods","crime":{"homicide":5.8,"rape":0,"robbery":17.4,"aggAssault":29,"burglary":81.1,"mvTheft":46.3,"larceny":405.5,"violentTotal":52.1,"propertyTotal":533,"total":585.1},"population":17262,"housing":{"homeValue":364900,"rent":2232,"income":60235},"education":{"hsPlus":97.2,"bachPlus":51.8,"gradPlus":22.8}}},{"type":"Feature","geometry":{"type":"Point","coordinates":[-117.67222815958034,33.66245021565018]},"properties":{"name":"Lake Forest","crime":{"homicide":3.4,"rape":2.3,"robbery":37.7,"aggAssault":85.7,"burglary":137.1,"mvTheft":146.2,"larceny":673.9,"violentTotal":129.1,"propertyTotal":957.1,"total":1086.2},"population":87553,"housing":{"homeValue":876300,"rent":2616,"income":131378},"education":{"hsPlus":93.9,"bachPlus":50.1,"gradPlus":17.8}}},{"type":"Feature","geometry":{"type":"Point","coordinates":[-119.6588473422037,36.328975383658005]},"properties":{"name":"Hanford","crime":{"homicide":8.4,"rape":33.4,"robbery":31.7,"aggAssault":320.8,"burglary":152,"mvTheft":245.6,"larceny":773.5,"violentTotal":394.3,"propertyTotal":1171.1,"total":1565.4},"population":59856,"housing":{"homeValue":323600,"rent":1196,"income":73544},"education":{"hsPlus":80.9,"bachPlus":17.8,"gradPlus":5.4}}},{"type":"Feature","geometry":{"type":"Point","coordinates":[-121.9282427110687,37.94259045409389]},"properties":{"name":"Clayton","crime":{"homicide":0,"rape":9.3,"robbery":37.1,"aggAssault":37.1,"burglary":139,"mvTheft":27.8,"larceny":444.7,"violentTotal":83.4,"propertyTotal":611.5,"total":694.9},"population":10793,"housing":{"homeValue":1017300,"rent":3501,"income":172226},"education":{"hsPlus":98.5,"bachPlus":58.8,"gradPlus":18.8}}},{"type":"Feature","geometry":{"type":"Point","coordinates":[-122.30109492070052,37.920747323234885]},"properties":{"name":"El Cerrito","crime":{"homicide":3.9,"rape":15.4,"robbery":292.9,"aggAssault":165.7,"burglary":370,"mvTheft":713.1,"larceny":2779.2,"violentTotal":478,"propertyTotal":3862.3,"total":4340.3},"population":25943,"housing":{"homeValue":598000,"rent":1776,"income":122472},"education":{"hsPlus":80.5,"bachPlus":14.3,"gradPlus":3}}},{"type":"Feature","geometry":{"type":"Point","coordinates":[-122.29858568284247,38.04031064398364]},"properties":{"name":"Hercules","crime":{"homicide":0,"rape":22.8,"robbery":49.3,"aggAssault":132.8,"burglary":45.5,"mvTheft":144.2,"larceny":406,"violentTotal":204.9,"propertyTotal":595.7,"total":800.5},"population":26357,"housing":{"homeValue":741200,"rent":3003,"income":130583},"education":{"hsPlus":92.3,"bachPlus":46.3,"gradPlus":14.3}}},{"type":"Feature","geometry":{"type":"Point","coordinates":[-122.12251473925838,37.839220663904]},"properties":{"name":"Moraga","crime":{"homicide":0,"rape":11.8,"robbery":17.7,"aggAssault":88.4,"burglary":229.8,"mvTheft":117.8,"larceny":471.3,"violentTotal":117.8,"propertyTotal":818.9,"total":936.8},"population":16973,"housing":{"homeValue":1597600,"rent":3119,"income":199800},"education":{"hsPlus":99.2,"bachPlus":81,"gradPlus":39}}},{"type":"Feature","geometry":{"type":"Point","coordinates":[-121.29277352828181,37.80819674300083]},"properties":{"name":"Lathrop","crime":{"homicide":0,"rape":45.8,"robbery":45.8,"aggAssault":272.2,"burglary":194.1,"mvTheft":237.2,"larceny":1282.9,"violentTotal":363.9,"propertyTotal":1714.2,"total":2078.1},"population":37102,"housing":{"homeValue":605000,"rent":2367,"income":118605},"education":{"hsPlus":82.7,"bachPlus":23.8,"gradPlus":5.4}}},{"type":"Feature","geometry":{"type":"Point","coordinates":[-121.28078353150687,38.124371859815355]},"properties":{"name":"Lodi","population":67262,"housing":{"homeValue":468800,"rent":1565,"income":84402},"education":{"hsPlus":82,"bachPlus":23.2,"gradPlus":8.2}}},{"type":"Feature","geometry":{"type":"Point","coordinates":[-121.23344846592883,37.79670135935003]},"properties":{"name":"Manteca","crime":{"homicide":4.3,"rape":35.8,"robbery":84.7,"aggAssault":259.5,"burglary":261.6,"mvTheft":347.4,"larceny":1083.4,"violentTotal":384.3,"propertyTotal":1692.4,"total":2076.7},"population":92116,"housing":{"homeValue":561200,"rent":1934,"income":94718},"education":{"hsPlus":86.1,"bachPlus":20.9,"gradPlus":6.3}}},{"type":"Feature","geometry":{"type":"Point","coordinates":[-121.45075267117515,37.73968581167467]},"properties":{"name":"Tracy","crime":{"homicide":9.2,"rape":20.5,"robbery":77.9,"aggAssault":173.3,"burglary":168.2,"mvTheft":344.6,"larceny":1163.1,"violentTotal":281,"propertyTotal":1675.9,"total":1956.9},"population":97501,"housing":{"homeValue":653900,"rent":2325,"income":118253},"education":{"hsPlus":83.7,"bachPlus":26.1,"gradPlus":7.8}}},{"type":"Feature","geometry":{"type":"Point","coordinates":[-117.47055424166408,33.99910171431169]},"properties":{"name":"Jurupa Valley","crime":{"homicide":2.8,"rape":14,"robbery":73.9,"aggAssault":239.5,"burglary":301.2,"mvTheft":726,"larceny":1623.2,"violentTotal":330.3,"propertyTotal":2650.4,"total":2980.7},"population":106888,"housing":{"homeValue":538700,"rent":1690,"income":96190},"education":{"hsPlus":73.6,"bachPlus":15.6,"gradPlus":5}}},{"type":"Feature","geometry":{"type":"Point","coordinates":[-115.51547250639261,33.12574657703267]},"properties":{"name":"Calipatria","population":6387,"housing":{"homeValue":172900,"rent":917,"income":52672},"education":{"hsPlus":59.8,"bachPlus":3.4,"gradPlus":1.5}}},{"type":"Feature","geometry":{"type":"Point","coordinates":[-120.65489380376752,40.42475334617289]},"properties":{"name":"Susanville","crime":{"homicide":8.7,"rape":78.2,"robbery":52.2,"aggAssault":504.2,"burglary":121.7,"mvTheft":347.7,"larceny":808.4,"violentTotal":643.3,"propertyTotal":1277.8,"total":1921.1},"population":11504,"housing":{"homeValue":234000,"rent":905,"income":57607},"education":{"hsPlus":71.4,"bachPlus":10.4,"gradPlus":2.1}}},{"type":"Feature","geometry":{"type":"Point","coordinates":[-117.89992388039175,33.824077321118715]},"properties":{"name":"Anaheim","crime":{"homicide":2.3,"rape":38.6,"robbery":102,"aggAssault":517.5,"burglary":443.8,"mvTheft":470.7,"larceny":1548.9,"violentTotal":660.4,"propertyTotal":2463.4,"total":3123.8},"population":342054,"housing":{"homeValue":771700,"rent":2082,"income":90583},"education":{"hsPlus":77.5,"bachPlus":28.8,"gradPlus":9.3}}},{"type":"Feature","geometry":{"type":"Point","coordinates":[-117.9203396909719,33.66506973552757]},"properties":{"name":"Costa Mesa","crime":{"homicide":1.8,"rape":34.5,"robbery":71.8,"aggAssault":268.1,"burglary":260.8,"mvTheft":172.7,"larceny":1776.5,"violentTotal":376.2,"propertyTotal":2209.9,"total":2586.1},"population":110048,"housing":{"homeValue":1054700,"rent":2395,"income":110073},"education":{"hsPlus":87.8,"bachPlus":43.6,"gradPlus":12.7}}},{"type":"Feature","geometry":{"type":"Point","coordinates":[-118.04256648016236,33.81966278924615]},"properties":{"name":"Cypress","crime":{"homicide":0,"rape":10.1,"robbery":66.6,"aggAssault":165.4,"burglary":514.5,"mvTheft":209.8,"larceny":968.5,"violentTotal":242.1,"propertyTotal":1692.8,"total":1934.9},"population":49563,"housing":{"homeValue":870100,"rent":2454,"income":124167},"education":{"hsPlus":91.5,"bachPlus":49.1,"gradPlus":19.2}}},{"type":"Feature","geometry":{"type":"Point","coordinates":[-117.93397335039896,33.88407550403379]},"properties":{"name":"Fullerton","crime":{"homicide":0,"rape":49.3,"robbery":77.5,"aggAssault":245.2,"burglary":342.5,"mvTheft":343.2,"larceny":1446.7,"violentTotal":372.1,"propertyTotal":2132.4,"total":2504.4},"population":141909,"housing":{"homeValue":859600,"rent":2124,"income":104219},"education":{"hsPlus":88.3,"bachPlus":43.6,"gradPlus":16.2}}},{"type":"Feature","geometry":{"type":"Point","coordinates":[-117.96127822830591,33.78101806913746]},"properties":{"name":"Garden Grove","crime":{"homicide":1.2,"rape":14.6,"robbery":51.4,"aggAssault":110.3,"burglary":276.7,"mvTheft":224.2,"larceny":901.4,"violentTotal":177.5,"propertyTotal":1402.4,"total":1579.9},"population":171282,"housing":{"homeValue":765500,"rent":1971,"income":90166},"education":{"hsPlus":75.4,"bachPlus":24.9,"gradPlus":6}}},{"type":"Feature","geometry":{"type":"Point","coordinates":[-117.7077222502288,33.523407627965454]},"properties":{"name":"Laguna Niguel","crime":{"homicide":0,"rape":1.5,"robbery":38.6,"aggAssault":61.7,"burglary":126.5,"mvTheft":124.9,"larceny":712.6,"violentTotal":101.8,"propertyTotal":964,"total":1065.8},"population":64834,"housing":{"homeValue":1123000,"rent":2819,"income":140605},"education":{"hsPlus":96.1,"bachPlus":59.3,"gradPlus":24.8}}},{"type":"Feature","geometry":{"type":"Point","coordinates":[-117.84901773584484,33.80265883976355]},"properties":{"name":"Orange","crime":{"homicide":1.4,"rape":10.1,"robbery":60.7,"aggAssault":141.6,"burglary":674.1,"mvTheft":203,"larceny":891.6,"violentTotal":213.9,"propertyTotal":1768.7,"total":1982.6},"population":138403,"housing":{"homeValue":900700,"rent":2252,"income":116945},"education":{"hsPlus":88.1,"bachPlus":40.1,"gradPlus":14.1}}},{"type":"Feature","geometry":{"type":"Point","coordinates":[-117.85500648178845,33.880771173888846]},"properties":{"name":"Placentia","crime":{"homicide":1.9,"rape":9.5,"robbery":41.8,"aggAssault":210.8,"burglary":387.4,"mvTheft":271.6,"larceny":1177.5,"violentTotal":264,"propertyTotal":1836.6,"total":2100.5},"population":52653,"housing":{"homeValue":871000,"rent":2267,"income":110575},"education":{"hsPlus":90.9,"bachPlus":43.7,"gradPlus":16.9}}},{"type":"Feature","geometry":{"type":"Point","coordinates":[-117.65365925258531,33.50109387936804]},"properties":{"name":"San Juan Capistrano","crime":{"homicide":5.7,"rape":19.9,"robbery":17,"aggAssault":178.7,"burglary":187.2,"mvTheft":198.6,"larceny":737.7,"violentTotal":221.3,"propertyTotal":1123.5,"total":1344.8},"population":35247,"housing":{"homeValue":929700,"rent":2500,"income":127893},"education":{"hsPlus":88.5,"bachPlus":42.3,"gradPlus":16.8}}},{"type":"Feature","geometry":{"type":"Point","coordinates":[-117.88075620211784,33.731991869051434]},"properties":{"name":"Santa Ana","crime":{"homicide":1.9,"rape":53.3,"robbery":122.6,"aggAssault":368.4,"burglary":356.9,"mvTheft":402.9,"larceny":1198.6,"violentTotal":546.3,"propertyTotal":1958.4,"total":2504.7},"population":313210,"housing":{"homeValue":657800,"rent":1975,"income":88354},"education":{"hsPlus":66.1,"bachPlus":18,"gradPlus":5.2}}},{"type":"Feature","geometry":{"type":"Point","coordinates":[-118.00226970280511,33.75785966393482]},"properties":{"name":"Westminster","crime":{"homicide":3.3,"rape":17.7,"robbery":102,"aggAssault":300.5,"burglary":481.3,"mvTheft":311.6,"larceny":1928.3,"violentTotal":423.6,"propertyTotal":2721.2,"total":3144.8},"population":90181,"housing":{"homeValue":820000,"rent":2100,"income":82686},"education":{"hsPlus":77.8,"bachPlus":26.5,"gradPlus":7.9}}},{"type":"Feature","geometry":{"type":"Point","coordinates":[-117.77267687051214,33.88943287857697]},"properties":{"name":"Yorba Linda","crime":{"homicide":0,"rape":3,"robbery":12,"aggAssault":31.5,"burglary":208.8,"mvTheft":96.1,"larceny":823.2,"violentTotal":46.6,"propertyTotal":1128.1,"total":1174.7},"population":66573,"housing":{"homeValue":1091700,"rent":2779,"income":152060},"education":{"hsPlus":96.2,"bachPlus":56.2,"gradPlus":22.4}}},{"type":"Feature","geometry":{"type":"Point","coordinates":[-122.14391872926599,39.16187039742958]},"properties":{"name":"Williams","crime":{"homicide":0,"rape":0,"robbery":0,"aggAssault":427.4,"burglary":284.9,"mvTheft":249.3,"larceny":1086.2,"violentTotal":427.4,"propertyTotal":1620.4,"total":2047.7},"population":5616,"housing":{"homeValue":339900,"rent":1296,"income":93138},"education":{"hsPlus":66.3,"bachPlus":15,"gradPlus":0.8}}},{"type":"Feature","geometry":{"type":"Point","coordinates":[-122.0066043009449,39.203222865838626]},"properties":{"name":"Colusa","crime":{"homicide":0,"rape":30.5,"robbery":45.8,"aggAssault":488.7,"burglary":366.5,"mvTheft":137.4,"larceny":595.6,"violentTotal":565.1,"propertyTotal":1099.6,"total":1664.6},"population":6548,"housing":{"homeValue":357400,"rent":1130,"income":68750},"education":{"hsPlus":80.1,"bachPlus":13.8,"gradPlus":4.2}}},{"type":"Feature","geometry":{"type":"Point","coordinates":[-120.99579671027433,37.795330829930975]},"properties":{"name":"Escalon","crime":{"homicide":0,"rape":0,"robbery":40.9,"aggAssault":422.5,"burglary":136.3,"mvTheft":149.9,"larceny":940.4,"violentTotal":463.4,"propertyTotal":1226.7,"total":1690.1},"population":7337,"housing":{"homeValue":461700,"rent":1763,"income":86875},"education":{"hsPlus":87.6,"bachPlus":16.3,"gradPlus":4}}},{"type":"Feature","geometry":{"type":"Point","coordinates":[-121.13043118313458,37.73979894791813]},"properties":{"name":"Ripon","crime":{"homicide":0,"rape":18.8,"robbery":18.8,"aggAssault":93.9,"burglary":125.3,"mvTheft":62.6,"larceny":964.5,"violentTotal":131.5,"propertyTotal":1152.4,"total":1284},"population":15966,"housing":{"homeValue":666400,"rent":1799,"income":120061},"education":{"hsPlus":92.6,"bachPlus":26.3,"gradPlus":8.8}}},{"type":"Feature","geometry":{"type":"Point","coordinates":[-121.2813714966367,37.946686006368665]},"properties":{"name":"Stockton","crime":{"homicide":14.8,"rape":39.6,"robbery":340.2,"aggAssault":754.9,"burglary":622.8,"mvTheft":717.8,"larceny":1726.9,"violentTotal":1149.5,"propertyTotal":3067.5,"total":4217},"population":323355,"housing":{"homeValue":412900,"rent":1495,"income":76851},"education":{"hsPlus":77.1,"bachPlus":19.1,"gradPlus":6.1}}},{"type":"Feature","geometry":{"type":"Point","coordinates":[-117.21109608925093,34.53422426824136]},"properties":{"name":"Apple Valley","crime":{"homicide":2.7,"rape":13.3,"robbery":27.9,"aggAssault":96.9,"burglary":127.4,"mvTheft":157.9,"larceny":355.7,"violentTotal":140.7,"propertyTotal":641,"total":781.7},"population":75346,"housing":{"homeValue":377300,"rent":1373,"income":65926},"education":{"hsPlus":87,"bachPlus":19.5,"gradPlus":8.3}}},{"type":"Feature","geometry":{"type":"Point","coordinates":[-117.29327189648427,34.13641564575229]},"properties":{"name":"San Bernardino","crime":{"homicide":16.2,"rape":52.1,"robbery":299.7,"aggAssault":688.3,"burglary":549.9,"mvTheft":775,"larceny":1853.3,"violentTotal":1056.3,"propertyTotal":3178.3,"total":4234.6},"population":222571,"housing":{"homeValue":384900,"rent":1433,"income":63988},"education":{"hsPlus":73.8,"bachPlus":12.8,"gradPlus":3.9}}},{"type":"Feature","geometry":{"type":"Point","coordinates":[-117.30619502975841,34.41998453307603]},"properties":{"name":"Hesperia","crime":{"homicide":1,"rape":13.8,"robbery":36.5,"aggAssault":132.3,"burglary":156.1,"mvTheft":304.2,"larceny":386.2,"violentTotal":183.7,"propertyTotal":846.4,"total":1030.1},"population":101248,"housing":{"homeValue":366800,"rent":1566,"income":68971},"education":{"hsPlus":77.4,"bachPlus":12.3,"gradPlus":4.1}}},{"type":"Feature","geometry":{"type":"Point","coordinates":[-119.06815379501685,34.351001362688294]},"properties":{"name":"Santa Paula","crime":{"homicide":3.2,"rape":9.5,"robbery":44.4,"aggAssault":323.7,"burglary":101.6,"mvTheft":152.3,"larceny":590.3,"violentTotal":380.8,"propertyTotal":844.1,"total":1225},"population":31511,"housing":{"homeValue":559300,"rent":1698,"income":77130},"education":{"hsPlus":64.7,"bachPlus":14.7,"gradPlus":4.9}}},{"type":"Feature","geometry":{"type":"Point","coordinates":[-122.35888789588189,40.598750419800204]},"properties":{"name":"Redding","crime":{"homicide":1.1,"rape":63.1,"robbery":49.2,"aggAssault":499.7,"burglary":336,"mvTheft":253.6,"larceny":673.1,"violentTotal":613.1,"propertyTotal":1262.7,"total":1875.8},"population":93453,"housing":{"homeValue":363800,"rent":1323,"income":69443},"education":{"hsPlus":93.2,"bachPlus":26.1,"gradPlus":8.6}}},{"type":"Feature","geometry":{"type":"Point","coordinates":[-122.37304226961359,40.67314234752506]},"properties":{"name":"Shasta Lake","population":10209,"housing":{"homeValue":273000,"rent":1264,"income":61319},"education":{"hsPlus":90.8,"bachPlus":13.8,"gradPlus":3.1}}},{"type":"Feature","geometry":{"type":"Point","coordinates":[-117.32500092400167,34.53714204627488]},"properties":{"name":"Victorville","crime":{"homicide":1.4,"rape":26.3,"robbery":61.2,"aggAssault":335.1,"burglary":176.4,"mvTheft":323.7,"larceny":543.6,"violentTotal":424,"propertyTotal":1043.7,"total":1467.8},"population":140552,"housing":{"homeValue":342500,"rent":1568,"income":70663},"education":{"hsPlus":77.2,"bachPlus":12.4,"gradPlus":4.2}}},{"type":"Feature","geometry":{"type":"Point","coordinates":[-117.72431389762905,33.94987002725351]},"properties":{"name":"Chino Hills","crime":{"homicide":1.3,"rape":3.9,"robbery":18.1,"aggAssault":54.2,"burglary":160.1,"mvTheft":64.6,"larceny":406.7,"violentTotal":77.5,"propertyTotal":631.4,"total":708.8},"population":77452,"housing":{"homeValue":830000,"rent":2750,"income":122600},"education":{"hsPlus":93.4,"bachPlus":48.4,"gradPlus":17.1}}},{"type":"Feature","geometry":{"type":"Point","coordinates":[-117.16491906154614,34.11708620753485]},"properties":{"name":"Highland","crime":{"homicide":3.5,"rape":17.7,"robbery":42.5,"aggAssault":159.5,"burglary":143.5,"mvTheft":198.5,"larceny":450.1,"violentTotal":223.3,"propertyTotal":792,"total":1015.3},"population":56436,"housing":{"homeValue":455200,"rent":1539,"income":77979},"education":{"hsPlus":78.5,"bachPlus":22.8,"gradPlus":9.3}}},{"type":"Feature","geometry":{"type":"Point","coordinates":[-117.67773985941774,34.0029830779976]},"properties":{"name":"Chino","crime":{"homicide":3.2,"rape":40.6,"robbery":74.8,"aggAssault":219,"burglary":319.4,"mvTheft":370.6,"larceny":2042.3,"violentTotal":337.5,"propertyTotal":2732.3,"total":3069.9},"population":93620,"housing":{"homeValue":641500,"rent":2208,"income":103845},"education":{"hsPlus":84.2,"bachPlus":28.5,"gradPlus":8.3}}},{"type":"Feature","geometry":{"type":"Point","coordinates":[-119.06346136282198,35.3090600555386]},"properties":{"name":"Bakersfield","crime":{"homicide":7,"rape":47.1,"robbery":148.1,"aggAssault":677.3,"burglary":685.7,"mvTheft":1030,"larceny":1604.5,"violentTotal":879.5,"propertyTotal":3320.3,"total":4199.8},"population":414451,"housing":{"homeValue":347300,"rent":1371,"income":77397},"education":{"hsPlus":81.9,"bachPlus":23.3,"gradPlus":8.2}}},{"type":"Feature","geometry":{"type":"Point","coordinates":[-114.55768550116932,33.610661247895436]},"properties":{"name":"Blythe","crime":{"homicide":17.2,"rape":51.6,"robbery":51.6,"aggAssault":607.6,"burglary":149,"mvTheft":280.9,"larceny":842.6,"violentTotal":727.9,"propertyTotal":1272.4,"total":2000.3},"population":17447,"housing":{"homeValue":203800,"rent":900,"income":51984},"education":{"hsPlus":69.7,"bachPlus":8.9,"gradPlus":3.6}}},{"type":"Feature","geometry":{"type":"Point","coordinates":[-116.2358026133152,33.72595930611845]},"properties":{"name":"Indio","crime":{"homicide":6.5,"rape":20.5,"robbery":66.9,"aggAssault":311.8,"burglary":226.6,"mvTheft":363.6,"larceny":1200.7,"violentTotal":405.6,"propertyTotal":1790.9,"total":2196.5},"population":92693,"housing":{"homeValue":424700,"rent":1392,"income":78709},"education":{"hsPlus":75.4,"bachPlus":21.1,"gradPlus":8.6}}},{"type":"Feature","geometry":{"type":"Point","coordinates":[-117.2183643546105,33.77946227894566]},"properties":{"name":"Perris","crime":{"homicide":4.9,"rape":23.5,"robbery":109.9,"aggAssault":210,"burglary":285.4,"mvTheft":575.7,"larceny":1644.3,"violentTotal":348.4,"propertyTotal":2505.3,"total":2853.7},"population":80947,"housing":{"homeValue":431900,"rent":1791,"income":82523},"education":{"hsPlus":70.9,"bachPlus":11.6,"gradPlus":3.3}}},{"type":"Feature","geometry":{"type":"Point","coordinates":[-118.83091346294576,35.19983774382146]},"properties":{"name":"Arvin","population":19796,"housing":{"homeValue":247800,"rent":1089,"income":49984},"education":{"hsPlus":45.3,"bachPlus":4.3,"gradPlus":1.1}}},{"type":"Feature","geometry":{"type":"Point","coordinates":[-117.65839674956493,35.63222296092851]},"properties":{"name":"Ridgecrest","crime":{"homicide":0,"rape":56.5,"robbery":49.5,"aggAssault":452.2,"burglary":310.9,"mvTheft":173.1,"larceny":501.6,"violentTotal":558.2,"propertyTotal":985.6,"total":1543.8},"population":28307,"housing":{"homeValue":235800,"rent":1178,"income":88107},"education":{"hsPlus":91.8,"bachPlus":31.7,"gradPlus":9.9}}},{"type":"Feature","geometry":{"type":"Point","coordinates":[-118.44194179921234,35.13207235138647]},"properties":{"name":"Tehachapi","crime":{"homicide":0,"rape":62.9,"robbery":125.9,"aggAssault":278.7,"burglary":269.7,"mvTheft":278.7,"larceny":1906.1,"violentTotal":467.5,"propertyTotal":2454.6,"total":2922.1},"population":11122,"housing":{"homeValue":344700,"rent":1278,"income":67785},"education":{"hsPlus":78.7,"bachPlus":14.5,"gradPlus":5.8}}},{"type":"Feature","geometry":{"type":"Point","coordinates":[-121.7224666254955,37.940450563631835]},"properties":{"name":"Brentwood","crime":{"homicide":1.5,"rape":23,"robbery":90.3,"aggAssault":154.5,"burglary":299.9,"mvTheft":278.5,"larceny":1658.7,"violentTotal":269.3,"propertyTotal":2237.1,"total":2506.4},"population":65353,"housing":{"homeValue":791600,"rent":2509,"income":139567},"education":{"hsPlus":92.1,"bachPlus":38.8,"gradPlus":13.1}}},{"type":"Feature","geometry":{"type":"Point","coordinates":[-122.2063168833427,37.52641921975892]},"properties":{"name":"Redwood City","crime":{"homicide":1.2,"rape":65.4,"robbery":162.3,"aggAssault":238.7,"burglary":289.5,"mvTheft":358.6,"larceny":1456.2,"violentTotal":467.6,"propertyTotal":2104.3,"total":2571.9},"population":82546,"housing":{"homeValue":1838800,"rent":2959,"income":150840},"education":{"hsPlus":87.9,"bachPlus":54.4,"gradPlus":26.8}}},{"type":"Feature","geometry":{"type":"Point","coordinates":[-122.48712433575535,37.95966446124048]},"properties":{"name":"San Rafael","crime":{"homicide":0,"rape":71.8,"robbery":131.8,"aggAssault":308.8,"burglary":255.4,"mvTheft":731,"larceny":1764.1,"violentTotal":512.4,"propertyTotal":2750.5,"total":3262.8},"population":59917,"housing":{"homeValue":1246200,"rent":2346,"income":109317},"education":{"hsPlus":84.3,"bachPlus":49.4,"gradPlus":21.6}}},{"type":"Feature","geometry":{"type":"Point","coordinates":[-121.92272037574374,36.552967890071216]},"properties":{"name":"Carmel-by-the-Sea","crime":{"homicide":0,"rape":32.7,"robbery":0,"aggAssault":98.2,"burglary":490.8,"mvTheft":32.7,"larceny":1341.6,"violentTotal":130.9,"propertyTotal":1865.2,"total":1996.1},"population":3056,"housing":{"homeValue":2000001,"rent":2933,"income":115729},"education":{"hsPlus":95.8,"bachPlus":76,"gradPlus":27.7}}},{"type":"Feature","geometry":{"type":"Point","coordinates":[-121.8287169865867,36.592869953020454]},"properties":{"name":"Del Rey Oaks","crime":{"homicide":0,"rape":128.9,"robbery":0,"aggAssault":257.9,"burglary":386.8,"mvTheft":64.5,"larceny":2450,"violentTotal":386.8,"propertyTotal":2901.4,"total":3288.2},"population":1551,"housing":{"homeValue":844000,"rent":3162,"income":130909},"education":{"hsPlus":96,"bachPlus":42.3,"gradPlus":20.6}}},{"type":"Feature","geometry":{"type":"Point","coordinates":[-120.09832467020357,36.2037270166366]},"properties":{"name":"Huron","crime":{"homicide":0,"rape":15.6,"robbery":140.2,"aggAssault":918.9,"burglary":46.7,"mvTheft":93.4,"larceny":202.5,"violentTotal":1074.6,"propertyTotal":342.6,"total":1417.2},"population":6421,"housing":{"homeValue":236500,"rent":1060,"income":44784},"education":{"hsPlus":39.2,"bachPlus":2.5,"gradPlus":0.3}}},{"type":"Feature","geometry":{"type":"Point","coordinates":[-121.43997867214696,36.509460607259065]},"properties":{"name":"Gonzales","crime":{"homicide":11.8,"rape":23.6,"robbery":59.1,"aggAssault":130,"burglary":153.7,"mvTheft":59.1,"larceny":413.8,"violentTotal":224.6,"propertyTotal":626.6,"total":851.2},"population":8459,"housing":{"homeValue":593900,"rent":1570,"income":76060},"education":{"hsPlus":62.3,"bachPlus":9.2,"gradPlus":4.8}}},{"type":"Feature","geometry":{"type":"Point","coordinates":[-121.24278125649805,36.32118408794278]},"properties":{"name":"Greenfield","crime":{"homicide":4.9,"rape":63.3,"robbery":68.1,"aggAssault":608.5,"burglary":150.9,"mvTheft":185,"larceny":593.9,"violentTotal":744.8,"propertyTotal":929.8,"total":1674.5},"population":20543,"housing":{"homeValue":462400,"rent":1690,"income":78946},"education":{"hsPlus":50.6,"bachPlus":8.9,"gradPlus":1.2}}},{"type":"Feature","geometry":{"type":"Point","coordinates":[-122.2359967284323,40.157729020132564]},"properties":{"name":"Red Bluff","crime":{"homicide":0,"rape":159.2,"robbery":242.2,"aggAssault":802.8,"burglary":595.2,"mvTheft":595.2,"larceny":4650.5,"violentTotal":1204.2,"propertyTotal":5840.8,"total":7045},"population":14450,"housing":{"homeValue":271100,"rent":1068,"income":50216},"education":{"hsPlus":86.6,"bachPlus":12.9,"gradPlus":3.7}}},{"type":"Feature","geometry":{"type":"Point","coordinates":[-121.7263181819423,38.550070345980814]},"properties":{"name":"Davis","crime":{"homicide":3,"rape":28.9,"robbery":53.3,"aggAssault":120.2,"burglary":286.1,"mvTheft":245,"larceny":2276.7,"violentTotal":205.5,"propertyTotal":2807.9,"total":3013.3},"population":65708,"housing":{"homeValue":829000,"rent":2043,"income":87421},"education":{"hsPlus":96.8,"bachPlus":75.1,"gradPlus":43.1}}},{"type":"Feature","geometry":{"type":"Point","coordinates":[-121.55122606960164,38.555079863707356]},"properties":{"name":"West Sacramento","crime":{"homicide":0,"rape":29.1,"robbery":54.6,"aggAssault":134.7,"burglary":274.9,"mvTheft":156.5,"larceny":784.5,"violentTotal":218.4,"propertyTotal":1215.9,"total":1434.3},"population":54938,"housing":{"homeValue":497100,"rent":1568,"income":90791},"education":{"hsPlus":86.2,"bachPlus":33.8,"gradPlus":12.7}}},{"type":"Feature","geometry":{"type":"Point","coordinates":[-121.97490853651792,38.5264987872354]},"properties":{"name":"Winters","crime":{"homicide":0,"rape":39,"robbery":0,"aggAssault":39,"burglary":77.9,"mvTheft":103.9,"larceny":441.4,"violentTotal":77.9,"propertyTotal":623.2,"total":701.1},"population":7702,"housing":{"homeValue":598700,"rent":1664,"income":132650},"education":{"hsPlus":87.2,"bachPlus":29.8,"gradPlus":11.9}}},{"type":"Feature","geometry":{"type":"Point","coordinates":[-121.75275772722205,38.68143739217775]},"properties":{"name":"Woodland","crime":{"homicide":3.3,"rape":32.6,"robbery":47.2,"aggAssault":307.8,"burglary":193.8,"mvTheft":438.1,"larceny":1451,"violentTotal":390.8,"propertyTotal":2082.9,"total":2473.7},"population":61406,"housing":{"homeValue":505200,"rent":1500,"income":87880},"education":{"hsPlus":84.4,"bachPlus":30.2,"gradPlus":12}}},{"type":"Feature","geometry":{"type":"Point","coordinates":[-122.04515508304496,38.27245973082245]},"properties":{"name":"Fairfield","crime":{"homicide":5.8,"rape":52.2,"robbery":135.1,"aggAssault":373.9,"burglary":306.8,"mvTheft":369,"larceny":1504.9,"violentTotal":567.1,"propertyTotal":2180.6,"total":2747.7},"population":120609,"housing":{"homeValue":592500,"rent":2191,"income":102321},"education":{"hsPlus":87.1,"bachPlus":26.7,"gradPlus":8.9}}},{"type":"Feature","geometry":{"type":"Point","coordinates":[-121.96326649067346,38.34889200518637]},"properties":{"name":"Vacaville","crime":{"homicide":1.9,"rape":44.5,"robbery":68.7,"aggAssault":231.3,"burglary":175.2,"mvTheft":222.6,"larceny":1652,"violentTotal":346.5,"propertyTotal":2049.8,"total":2396.3},"population":103328,"housing":{"homeValue":596700,"rent":2227,"income":108580},"education":{"hsPlus":91.5,"bachPlus":27.6,"gradPlus":8.7}}},{"type":"Feature","geometry":{"type":"Point","coordinates":[-121.91673271106632,41.96492284191268]},"properties":{"name":"Dorris","crime":{"homicide":0,"rape":0,"robbery":0,"aggAssault":716.8,"burglary":0,"mvTheft":0,"larceny":477.9,"violentTotal":716.8,"propertyTotal":477.9,"total":1194.7},"population":837,"housing":{"homeValue":120100,"rent":822,"income":33879},"education":{"hsPlus":75.5,"bachPlus":11.1,"gradPlus":5.4}}},{"type":"Feature","geometry":{"type":"Point","coordinates":[-122.31294004384638,41.315582619483294]},"properties":{"name":"Mount Shasta","crime":{"homicide":0,"rape":31.2,"robbery":0,"aggAssault":374.8,"burglary":31.2,"mvTheft":218.6,"larceny":281.1,"violentTotal":406,"propertyTotal":530.9,"total":936.9},"population":3202,"housing":{"homeValue":283100,"rent":1477,"income":48157},"education":{"hsPlus":96,"bachPlus":30.2,"gradPlus":5.9}}},{"type":"Feature","geometry":{"type":"Point","coordinates":[-123.20720678337044,39.14705744749976]},"properties":{"name":"Ukiah","crime":{"homicide":0,"rape":67.8,"robbery":147.9,"aggAssault":375.9,"burglary":271.2,"mvTheft":431.4,"larceny":776.5,"violentTotal":591.6,"propertyTotal":1479,"total":2070.6},"population":16227,"housing":{"homeValue":448100,"rent":1330,"income":67122},"education":{"hsPlus":84.4,"bachPlus":22.9,"gradPlus":11}}},{"type":"Feature","geometry":{"type":"Point","coordinates":[-122.92152328430181,39.039939103849576]},"properties":{"name":"Lakeport","crime":{"homicide":0,"rape":0,"robbery":19.7,"aggAssault":39.5,"burglary":78.9,"mvTheft":19.7,"larceny":177.5,"violentTotal":59.2,"propertyTotal":276.2,"total":335.4},"population":5069,"housing":{"homeValue":327600,"rent":976,"income":59294},"education":{"hsPlus":96,"bachPlus":25.8,"gradPlus":11.7}}},{"type":"Feature","geometry":{"type":"Point","coordinates":[-117.17133662098746,32.64032019515119]},"properties":{"name":"Coronado","crime":{"homicide":4.6,"rape":36.7,"robbery":32.1,"aggAssault":197.1,"burglary":201.7,"mvTheft":366.8,"larceny":1169.1,"violentTotal":270.5,"propertyTotal":1737.6,"total":2008.1},"population":21812,"housing":{"homeValue":1998900,"rent":3250,"income":135056},"education":{"hsPlus":97.6,"bachPlus":66.2,"gradPlus":31.7}}},{"type":"Feature","geometry":{"type":"Point","coordinates":[-117.06087742678895,33.142495293635186]},"properties":{"name":"Escondido","crime":{"homicide":1.3,"rape":21.8,"robbery":86.5,"aggAssault":268.2,"burglary":231.9,"mvTheft":239.8,"larceny":1103.1,"violentTotal":377.8,"propertyTotal":1574.8,"total":1952.6},"population":151386,"housing":{"homeValue":663500,"rent":1922,"income":84477},"education":{"hsPlus":80.4,"bachPlus":27.8,"gradPlus":9.5}}},{"type":"Feature","geometry":{"type":"Point","coordinates":[-117.11826480226908,32.57323196056981]},"properties":{"name":"Imperial Beach","crime":{"homicide":0,"rape":15.1,"robbery":60.5,"aggAssault":272.1,"burglary":68,"mvTheft":396.8,"larceny":427,"violentTotal":347.7,"propertyTotal":891.8,"total":1239.5},"population":26462,"housing":{"homeValue":811000,"rent":1914,"income":79071},"education":{"hsPlus":85.3,"bachPlus":23.7,"gradPlus":7.4}}},{"type":"Feature","geometry":{"type":"Point","coordinates":[-119.24558843700838,35.77137329698856]},"properties":{"name":"Delano","crime":{"homicide":11.3,"rape":37.8,"robbery":60.4,"aggAssault":215.2,"burglary":188.8,"mvTheft":451.2,"larceny":940.2,"violentTotal":324.7,"propertyTotal":1580.3,"total":1905},"population":52966,"housing":{"homeValue":270300,"rent":1111,"income":61817},"education":{"hsPlus":63.1,"bachPlus":8.2,"gradPlus":1.7}}},{"type":"Feature","geometry":{"type":"Point","coordinates":[-119.2266937809152,35.663509221756414]},"properties":{"name":"McFarland","crime":{"homicide":0,"rape":21.6,"robbery":86.3,"aggAssault":460.4,"burglary":201.4,"mvTheft":345.3,"larceny":640.2,"violentTotal":568.3,"propertyTotal":1186.9,"total":1755.1},"population":13902,"housing":{"homeValue":245500,"rent":1067,"income":51801},"education":{"hsPlus":57.8,"bachPlus":4.1,"gradPlus":0.4}}},{"type":"Feature","geometry":{"type":"Point","coordinates":[-119.40790684595835,35.04571376262888]},"properties":{"name":"Maricopa","population":1018,"housing":{"homeValue":121800,"rent":943,"income":38676},"education":{"hsPlus":70.3,"bachPlus":6.1,"gradPlus":0}}},{"type":"Feature","geometry":{"type":"Point","coordinates":[-121.7942178094108,36.679597932441496]},"properties":{"name":"Marina","crime":{"homicide":0,"rape":48.2,"robbery":56.9,"aggAssault":284.7,"burglary":214.6,"mvTheft":100.7,"larceny":1222,"violentTotal":389.8,"propertyTotal":1537.4,"total":1927.2},"population":22831,"housing":{"homeValue":760800,"rent":2105,"income":88518},"education":{"hsPlus":89.2,"bachPlus":36.1,"gradPlus":16.2}}},{"type":"Feature","geometry":{"type":"Point","coordinates":[-121.85896491671022,36.62729388016727]},"properties":{"name":"Sand City","crime":{"homicide":0,"rape":0,"robbery":1069.5,"aggAssault":2941.2,"burglary":2139,"mvTheft":1604.3,"larceny":53475.9,"violentTotal":4010.7,"propertyTotal":57219.3,"total":61229.9},"population":374,"housing":{"homeValue":986100,"rent":1964,"income":78250},"education":{"hsPlus":84.2,"bachPlus":41.6,"gradPlus":13.7}}},{"type":"Feature","geometry":{"type":"Point","coordinates":[-121.82099553554878,36.61898628936276]},"properties":{"name":"Seaside","crime":{"homicide":6.6,"rape":26.4,"robbery":46.2,"aggAssault":353.1,"burglary":102.3,"mvTheft":125.4,"larceny":600.7,"violentTotal":432.4,"propertyTotal":828.4,"total":1260.8},"population":30299,"housing":{"homeValue":692600,"rent":2314,"income":82303},"education":{"hsPlus":81.1,"bachPlus":27.5,"gradPlus":10.1}}},{"type":"Feature","geometry":{"type":"Point","coordinates":[-121.32199776233352,36.43192195755039]},"properties":{"name":"Soledad","crime":{"homicide":0,"rape":26.1,"robbery":18.6,"aggAssault":205,"burglary":55.9,"mvTheft":70.8,"larceny":335.4,"violentTotal":249.7,"propertyTotal":462.2,"total":711.9},"population":26831,"housing":{"homeValue":571600,"rent":1604,"income":93204},"education":{"hsPlus":58,"bachPlus":6.9,"gradPlus":2.7}}},{"type":"Feature","geometry":{"type":"Point","coordinates":[-120.95359470487165,39.097657465946185]},"properties":{"name":"Colfax","population":2026,"housing":{"homeValue":397100,"rent":1633,"income":74583},"education":{"hsPlus":94.2,"bachPlus":19.5,"gradPlus":4.2}}},{"type":"Feature","geometry":{"type":"Point","coordinates":[-122.29748158514737,40.453852955358066]},"properties":{"name":"Anderson","crime":{"homicide":0,"rape":181,"robbery":63.4,"aggAssault":362.1,"burglary":452.6,"mvTheft":235.3,"larceny":2118,"violentTotal":606.4,"propertyTotal":2805.9,"total":3412.4},"population":11048,"housing":{"homeValue":272000,"rent":985,"income":50306},"education":{"hsPlus":88.4,"bachPlus":15.1,"gradPlus":3.2}}},{"type":"Feature","geometry":{"type":"Point","coordinates":[-122.64174793552554,41.728734380162635]},"properties":{"name":"Yreka","crime":{"homicide":12.8,"rape":12.8,"robbery":51.1,"aggAssault":268.2,"burglary":127.7,"mvTheft":178.8,"larceny":817.5,"violentTotal":344.9,"propertyTotal":1124,"total":1468.9},"population":7829,"housing":{"homeValue":245100,"rent":962,"income":42664},"education":{"hsPlus":89,"bachPlus":19.4,"gradPlus":5.5}}},{"type":"Feature","geometry":{"type":"Point","coordinates":[-118.99148765370478,37.62691010384921]},"properties":{"name":"Mammoth Lakes","crime":{"homicide":0,"rape":70,"robbery":28,"aggAssault":307.9,"burglary":70,"mvTheft":28,"larceny":1077.7,"violentTotal":405.9,"propertyTotal":1175.6,"total":1581.5},"population":7145,"housing":{"homeValue":657000,"rent":1637,"income":87121},"education":{"hsPlus":90,"bachPlus":26.9,"gradPlus":14.9}}},{"type":"Feature","geometry":{"type":"Point","coordinates":[-122.19268392455668,37.77295517669188]},"properties":{"name":"Oakland","crime":{"homicide":28.1,"rape":87.7,"robbery":903,"aggAssault":2632.7,"burglary":916,"mvTheft":3891.7,"larceny":5339.5,"violentTotal":3651.5,"propertyTotal":10147.2,"total":13798.7},"population":424235,"housing":{"homeValue":924700,"rent":1917,"income":97369},"education":{"hsPlus":84.8,"bachPlus":47.9,"gradPlus":21.4}}},{"type":"Feature","geometry":{"type":"Point","coordinates":[-118.25929299736664,33.835335643421054]},"properties":{"name":"Carson","crime":{"homicide":5.4,"rape":27.2,"robbery":111.2,"aggAssault":293.2,"burglary":390.2,"mvTheft":858.9,"larceny":1468.1,"violentTotal":437.1,"propertyTotal":2717.2,"total":3154.3},"population":91749,"housing":{"homeValue":645600,"rent":1914,"income":107391},"education":{"hsPlus":83.5,"bachPlus":29.1,"gradPlus":7.9}}},{"type":"Feature","geometry":{"type":"Point","coordinates":[-117.03400558289906,32.73321553074001]},"properties":{"name":"Lemon Grove","crime":{"homicide":7.2,"rape":7.2,"robbery":107.5,"aggAssault":451.6,"burglary":200.7,"mvTheft":426.5,"larceny":863.7,"violentTotal":573.4,"propertyTotal":1490.9,"total":2064.3},"population":27903,"housing":{"homeValue":640600,"rent":1769,"income":79278},"education":{"hsPlus":89.1,"bachPlus":20.3,"gradPlus":7.9}}},{"type":"Feature","geometry":{"type":"Point","coordinates":[-116.97194589393143,32.62920278200008]},"properties":{"name":"Chula Vista","crime":{"homicide":1.8,"rape":15,"robbery":69.4,"aggAssault":259.9,"burglary":130.3,"mvTheft":408.8,"larceny":736.7,"violentTotal":346.1,"propertyTotal":1275.8,"total":1621.9},"population":280840,"housing":{"homeValue":697400,"rent":2122,"income":105173},"education":{"hsPlus":85.7,"bachPlus":32.3,"gradPlus":10.4}}},{"type":"Feature","geometry":{"type":"Point","coordinates":[-117.15340725323227,32.80154377553855]},"properties":{"name":"San Diego","crime":{"homicide":2.9,"rape":21.3,"robbery":86.4,"aggAssault":302.6,"burglary":199.2,"mvTheft":485.8,"larceny":1105.8,"violentTotal":413.1,"propertyTotal":1790.8,"total":2203.9},"population":1394317,"housing":{"homeValue":848500,"rent":2223,"income":104321},"education":{"hsPlus":90.2,"bachPlus":49.9,"gradPlus":21.1}}},{"type":"Feature","geometry":{"type":"Point","coordinates":[-119.18893248478832,35.477813892747506]},"properties":{"name":"Shafter","crime":{"homicide":0,"rape":22.3,"robbery":13.4,"aggAssault":272.3,"burglary":245.5,"mvTheft":629.5,"larceny":1357.2,"violentTotal":308,"propertyTotal":2232.2,"total":2540.3},"population":22399,"housing":{"homeValue":306800,"rent":1140,"income":67989},"education":{"hsPlus":72.3,"bachPlus":10.7,"gradPlus":3.5}}},{"type":"Feature","geometry":{"type":"Point","coordinates":[-119.34598721148643,35.59511000339625]},"properties":{"name":"Wasco","population":27221,"housing":{"homeValue":251900,"rent":991,"income":55521},"education":{"hsPlus":62.3,"bachPlus":7.4,"gradPlus":1.8}}},{"type":"Feature","geometry":{"type":"Point","coordinates":[-122.49279917025814,37.85855986423495]},"properties":{"name":"Sausalito","crime":{"homicide":0,"rape":0,"robbery":28.8,"aggAssault":72.1,"burglary":389.3,"mvTheft":201.8,"larceny":1254.3,"violentTotal":100.9,"propertyTotal":1845.4,"total":1946.4},"population":6936,"housing":{"homeValue":1858900,"rent":3408,"income":173030},"education":{"hsPlus":97.2,"bachPlus":74.5,"gradPlus":36.6}}},{"type":"Feature","geometry":{"type":"Point","coordinates":[-122.18556895133682,37.90025690388411]},"properties":{"name":"Orinda","crime":{"homicide":0,"rape":10.3,"robbery":30.9,"aggAssault":46.4,"burglary":118.6,"mvTheft":82.5,"larceny":556.8,"violentTotal":87.7,"propertyTotal":757.9,"total":845.6},"population":19395,"housing":{"homeValue":1804400,"rent":2407,"income":250001},"education":{"hsPlus":98.1,"bachPlus":85.4,"gradPlus":46}}},{"type":"Feature","geometry":{"type":"Point","coordinates":[-122.33146484930766,38.01665289315394]},"properties":{"name":"Pinole","crime":{"homicide":0,"rape":16.4,"robbery":125.4,"aggAssault":201.7,"burglary":267.1,"mvTheft":354.3,"larceny":1728.1,"violentTotal":343.4,"propertyTotal":2349.5,"total":2693},"population":18344,"housing":{"homeValue":697100,"rent":2738,"income":120833},"education":{"hsPlus":89.8,"bachPlus":38.7,"gradPlus":13.2}}},{"type":"Feature","geometry":{"type":"Point","coordinates":[-122.36755036741793,37.91967229596632]},"properties":{"name":"Richmond","crime":{"homicide":7,"rape":27.2,"robbery":257.3,"aggAssault":771.9,"burglary":326.7,"mvTheft":1088.1,"larceny":1735.3,"violentTotal":1063.5,"propertyTotal":3150,"total":4213.5},"population":113872,"housing":{"homeValue":650100,"rent":1895,"income":90038},"education":{"hsPlus":79.2,"bachPlus":32.5,"gradPlus":12.4}}},{"type":"Feature","geometry":{"type":"Point","coordinates":[-122.34730089636594,37.96512162150118]},"properties":{"name":"San Pablo","crime":{"homicide":3.2,"rape":35,"robbery":260.7,"aggAssault":203.5,"burglary":283,"mvTheft":1370.4,"larceny":1325.9,"violentTotal":502.4,"propertyTotal":2979.3,"total":3481.7},"population":31450,"housing":{"homeValue":516000,"rent":1890,"income":78215},"education":{"hsPlus":74.2,"bachPlus":15,"gradPlus":3.6}}},{"type":"Feature","geometry":{"type":"Point","coordinates":[-122.12180496745033,37.891395357820116]},"properties":{"name":"Lafayette","crime":{"homicide":0,"rape":4,"robbery":35.9,"aggAssault":39.9,"burglary":87.7,"mvTheft":99.7,"larceny":1048.9,"violentTotal":79.8,"propertyTotal":1236.4,"total":1316.2},"population":25073,"housing":{"homeValue":2000001,"rent":2855,"income":222393},"education":{"hsPlus":99.1,"bachPlus":77,"gradPlus":38}}},{"type":"Feature","geometry":{"type":"Point","coordinates":[-117.25040161290616,34.048133335033285]},"properties":{"name":"Loma Linda","crime":{"homicide":0,"rape":7.9,"robbery":3.9,"aggAssault":90.7,"burglary":256.2,"mvTheft":169.5,"larceny":599.2,"violentTotal":102.5,"propertyTotal":1024.9,"total":1127.4},"population":25369,"housing":{"homeValue":557800,"rent":1759,"income":82824},"education":{"hsPlus":90.5,"bachPlus":51.9,"gradPlus":24.8}}},{"type":"Feature","geometry":{"type":"Point","coordinates":[-117.6964855747676,34.07398279223442]},"properties":{"name":"Montclair","crime":{"homicide":13.3,"rape":26.5,"robbery":209.7,"aggAssault":520.3,"burglary":910.5,"mvTheft":1072.5,"larceny":2296.3,"violentTotal":769.8,"propertyTotal":4279.3,"total":5049.1},"population":37670,"housing":{"homeValue":549600,"rent":1759,"income":76338},"education":{"hsPlus":73.3,"bachPlus":17.8,"gradPlus":6}}},{"type":"Feature","geometry":{"type":"Point","coordinates":[-114.6112773621391,34.810224833326174]},"properties":{"name":"Needles","crime":{"homicide":0,"rape":0,"robbery":103.8,"aggAssault":332.2,"burglary":352.9,"mvTheft":456.7,"larceny":290.6,"violentTotal":436,"propertyTotal":1100.3,"total":1536.2},"population":4817,"housing":{"homeValue":134400,"rent":742,"income":39876},"education":{"hsPlus":78.3,"bachPlus":9.2,"gradPlus":2}}},{"type":"Feature","geometry":{"type":"Point","coordinates":[-117.96804820458972,34.156153550709774]},"properties":{"name":"Bradbury","crime":{"homicide":0,"rape":0,"robbery":0,"aggAssault":0,"burglary":1229.1,"mvTheft":0,"larceny":223.5,"violentTotal":0,"propertyTotal":1452.5,"total":1452.5},"population":895,"housing":{"homeValue":1914100,"rent":3501,"income":158750},"education":{"hsPlus":93.1,"bachPlus":60,"gradPlus":27.2}}},{"type":"Feature","geometry":{"type":"Point","coordinates":[-117.60493951365805,34.031311660591115]},"properties":{"name":"Ontario","crime":{"homicide":1.6,"rape":48.1,"robbery":85.9,"aggAssault":200.7,"burglary":359.3,"mvTheft":663.8,"larceny":1253.3,"violentTotal":336.3,"propertyTotal":2276.4,"total":2612.7},"population":182875,"housing":{"homeValue":568000,"rent":1916,"income":82806},"education":{"hsPlus":77.9,"bachPlus":20.7,"gradPlus":5.6}}},{"type":"Feature","geometry":{"type":"Point","coordinates":[-122.8648305575791,38.61657635324677]},"properties":{"name":"Healdsburg","crime":{"homicide":0,"rape":9.1,"robbery":9.1,"aggAssault":345.1,"burglary":99.9,"mvTheft":109,"larceny":1407.8,"violentTotal":363.3,"propertyTotal":1616.7,"total":1980},"population":11010,"housing":{"homeValue":946900,"rent":2202,"income":100082},"education":{"hsPlus":85.7,"bachPlus":39.5,"gradPlus":15.6}}},{"type":"Feature","geometry":{"type":"Point","coordinates":[-122.80864191743925,38.54676144615679]},"properties":{"name":"Windsor","crime":{"homicide":0,"rape":54.5,"robbery":46.7,"aggAssault":77.9,"burglary":101.3,"mvTheft":42.9,"larceny":576.6,"violentTotal":179.2,"propertyTotal":720.7,"total":899.9},"population":25669,"housing":{"homeValue":763200,"rent":2087,"income":129004},"education":{"hsPlus":88,"bachPlus":34.3,"gradPlus":11.3}}},{"type":"Feature","geometry":{"type":"Point","coordinates":[-123.8030630671126,39.441016105611965]},"properties":{"name":"Fort Bragg","crime":{"homicide":0,"rape":55.6,"robbery":152.9,"aggAssault":458.7,"burglary":375.3,"mvTheft":264.1,"larceny":1973.9,"violentTotal":667.2,"propertyTotal":2613.3,"total":3280.5},"population":7194,"housing":{"homeValue":481200,"rent":1264,"income":53580},"education":{"hsPlus":80.8,"bachPlus":25.7,"gradPlus":9.8}}},{"type":"Feature","geometry":{"type":"Point","coordinates":[-120.06032143422942,36.72583082208571]},"properties":{"name":"Kerman","crime":{"homicide":5.7,"rape":17.2,"robbery":17.2,"aggAssault":379.2,"burglary":149.4,"mvTheft":229.8,"larceny":982.6,"violentTotal":419.5,"propertyTotal":1361.8,"total":1781.3},"population":17403,"housing":{"homeValue":331500,"rent":1181,"income":57556},"education":{"hsPlus":60.3,"bachPlus":14.5,"gradPlus":3.6}}},{"type":"Feature","geometry":{"type":"Point","coordinates":[-118.39716205984492,37.36732571876128]},"properties":{"name":"Bishop","crime":{"homicide":0,"rape":129.7,"robbery":0,"aggAssault":622.7,"burglary":285.4,"mvTheft":233.5,"larceny":2698.5,"violentTotal":752.5,"propertyTotal":3217.4,"total":3969.9},"population":3854,"housing":{"homeValue":405700,"rent":1431,"income":82205},"education":{"hsPlus":97.2,"bachPlus":41.7,"gradPlus":16.3}}},{"type":"Feature","geometry":{"type":"Point","coordinates":[-116.96607105203509,32.793540105721156]},"properties":{"name":"El Cajon","crime":{"homicide":0,"rape":35.1,"robbery":97.7,"aggAssault":327.2,"burglary":203,"mvTheft":280.8,"larceny":1006.4,"violentTotal":460,"propertyTotal":1490.1,"total":1950.1},"population":105429,"housing":{"homeValue":632800,"rent":1790,"income":66478},"education":{"hsPlus":84.4,"bachPlus":22.2,"gradPlus":6.9}}},{"type":"Feature","geometry":{"type":"Point","coordinates":[-117.26797145207333,33.04225392101546]},"properties":{"name":"Encinitas","crime":{"homicide":0,"rape":4.9,"robbery":45.3,"aggAssault":164.9,"burglary":166.5,"mvTheft":137.4,"larceny":881.1,"violentTotal":215,"propertyTotal":1185.1,"total":1400.1},"population":61851,"housing":{"homeValue":1466000,"rent":2730,"income":150471},"education":{"hsPlus":95.3,"bachPlus":67.1,"gradPlus":28.1}}},{"type":"Feature","geometry":{"type":"Point","coordinates":[-117.02042124890724,32.77241074631755]},"properties":{"name":"La Mesa","crime":{"homicide":3.3,"rape":24.6,"robbery":95,"aggAssault":248.9,"burglary":284.9,"mvTheft":319.3,"larceny":1026.7,"violentTotal":371.7,"propertyTotal":1630.9,"total":2002.6},"population":61072,"housing":{"homeValue":738800,"rent":1958,"income":84337},"education":{"hsPlus":94.2,"bachPlus":38.4,"gradPlus":14.1}}},{"type":"Feature","geometry":{"type":"Point","coordinates":[-117.30848778507752,33.22499864480908]},"properties":{"name":"Oceanside","crime":{"homicide":1.7,"rape":30.5,"robbery":63.4,"aggAssault":329.6,"burglary":279.4,"mvTheft":224.1,"larceny":1249.6,"violentTotal":425.2,"propertyTotal":1753.2,"total":2178.4},"population":173569,"housing":{"homeValue":702000,"rent":2207,"income":93724},"education":{"hsPlus":86.5,"bachPlus":34.3,"gradPlus":12.2}}},{"type":"Feature","geometry":{"type":"Point","coordinates":[-117.02502858571795,32.98547101499719]},"properties":{"name":"Poway","crime":{"homicide":0,"rape":4,"robbery":20,"aggAssault":136.1,"burglary":160.2,"mvTheft":90.1,"larceny":542.6,"violentTotal":160.2,"propertyTotal":792.8,"total":953},"population":49948,"housing":{"homeValue":971500,"rent":2261,"income":143825},"education":{"hsPlus":93.8,"bachPlus":53.4,"gradPlus":22.1}}},{"type":"Feature","geometry":{"type":"Point","coordinates":[-117.16750541043899,33.14241653091112]},"properties":{"name":"San Marcos","crime":{"homicide":3.1,"rape":8.2,"robbery":47.3,"aggAssault":150.1,"burglary":108,"mvTheft":139.8,"larceny":527.4,"violentTotal":208.7,"propertyTotal":775.2,"total":984},"population":97261,"housing":{"homeValue":792400,"rent":2191,"income":105286},"education":{"hsPlus":88.1,"bachPlus":42.7,"gradPlus":14.4}}},{"type":"Feature","geometry":{"type":"Point","coordinates":[-122.27029587093753,37.753425425341106]},"properties":{"name":"Alameda","crime":{"homicide":0,"rape":20.2,"robbery":155.4,"aggAssault":149,"burglary":474.9,"mvTheft":1616.7,"larceny":3282.7,"violentTotal":324.6,"propertyTotal":5374.4,"total":5699},"population":79172,"housing":{"homeValue":1203900,"rent":2394,"income":132015},"education":{"hsPlus":93.4,"bachPlus":60.3,"gradPlus":25.4}}},{"type":"Feature","geometry":{"type":"Point","coordinates":[-122.32905873827684,37.88538643719044]},"properties":{"name":"Albany","crime":{"homicide":4.9,"rape":0,"robbery":107.2,"aggAssault":68.2,"burglary":409.4,"mvTheft":463,"larceny":1773.9,"violentTotal":180.3,"propertyTotal":2646.2,"total":2826.5},"population":20520,"housing":{"homeValue":1188600,"rent":2389,"income":135927},"education":{"hsPlus":97.4,"bachPlus":76.4,"gradPlus":42.1}}},{"type":"Feature","geometry":{"type":"Point","coordinates":[-122.2999465110757,37.86520032916284]},"properties":{"name":"Berkeley","crime":{"homicide":3.2,"rape":80.5,"robbery":299.2,"aggAssault":241.6,"burglary":899.1,"mvTheft":1079.9,"larceny":3561.1,"violentTotal":624.4,"propertyTotal":5540.1,"total":6164.5},"population":126676,"housing":{"homeValue":1351100,"rent":2127,"income":108558},"education":{"hsPlus":96.1,"bachPlus":75.1,"gradPlus":41.6}}},{"type":"Feature","geometry":{"type":"Point","coordinates":[-121.89090742166299,37.7185182083594]},"properties":{"name":"Dublin","crime":{"homicide":1.4,"rape":8.1,"robbery":46.1,"aggAssault":89.4,"burglary":123.3,"mvTheft":158.5,"larceny":1397.8,"violentTotal":144.9,"propertyTotal":1679.5,"total":1824.4},"population":73832,"housing":{"homeValue":1224100,"rent":3174,"income":205046},"education":{"hsPlus":95.5,"bachPlus":69.5,"gradPlus":31.6}}},{"type":"Feature","geometry":{"type":"Point","coordinates":[-122.29502952941742,37.8396711483427]},"properties":{"name":"Emeryville","crime":{"homicide":7.4,"rape":44.4,"robbery":947.5,"aggAssault":444.1,"burglary":836.5,"mvTheft":3375.5,"larceny":12295.5,"violentTotal":1443.5,"propertyTotal":16507.5,"total":17951},"population":13509,"housing":{"homeValue":598300,"rent":2833,"income":120302},"education":{"hsPlus":97.8,"bachPlus":74.9,"gradPlus":34.7}}},{"type":"Feature","geometry":{"type":"Point","coordinates":[-117.24185611922371,33.20105305586395]},"properties":{"name":"Vista","crime":{"homicide":4.9,"rape":12.8,"robbery":58,"aggAssault":281.1,"burglary":212.3,"mvTheft":264.4,"larceny":674.3,"violentTotal":356.8,"propertyTotal":1151,"total":1507.8},"population":101740,"housing":{"homeValue":674400,"rent":2148,"income":91854},"education":{"hsPlus":81.3,"bachPlus":27.2,"gradPlus":8.9}}},{"type":"Feature","geometry":{"type":"Point","coordinates":[-122.03134239890741,37.51924366261133]},"properties":{"name":"Newark","crime":{"homicide":0,"rape":20.7,"robbery":121.9,"aggAssault":163.3,"burglary":438.2,"mvTheft":849.5,"larceny":2236.4,"violentTotal":305.9,"propertyTotal":3524,"total":3829.9},"population":48382,"housing":{"homeValue":1094200,"rent":2730,"income":164909},"education":{"hsPlus":89.5,"bachPlus":47.1,"gradPlus":22.4}}},{"type":"Feature","geometry":{"type":"Point","coordinates":[-122.16222048391822,37.70213447953491]},"properties":{"name":"San Leandro","crime":{"homicide":6.8,"rape":22.7,"robbery":423.3,"aggAssault":196.3,"burglary":571.9,"mvTheft":2246.8,"larceny":2937.9,"violentTotal":649.1,"propertyTotal":5756.7,"total":6405.7},"population":88124,"housing":{"homeValue":813600,"rent":2115,"income":98063},"education":{"hsPlus":83.7,"bachPlus":33.7,"gradPlus":10.4}}},{"type":"Feature","geometry":{"type":"Point","coordinates":[-122.00574979334844,37.60697507960245]},"properties":{"name":"Union City","crime":{"homicide":4.5,"rape":19.4,"robbery":174.9,"aggAssault":279.5,"burglary":340.8,"mvTheft":822.1,"larceny":1938.8,"violentTotal":478.3,"propertyTotal":3101.7,"total":3580.1},"population":66898,"housing":{"homeValue":1058200,"rent":2713,"income":137194},"education":{"hsPlus":87.4,"bachPlus":45.3,"gradPlus":17.6}}},{"type":"Feature","geometry":{"type":"Point","coordinates":[-121.94387259569362,37.51272266683334]},"properties":{"name":"Fremont","crime":{"homicide":2.6,"rape":9.5,"robbery":73.2,"aggAssault":119.3,"burglary":501.2,"mvTheft":568.8,"larceny":1649.6,"violentTotal":204.5,"propertyTotal":2719.6,"total":2924.1},"population":232241,"housing":{"homeValue":1289400,"rent":2905,"income":176350},"education":{"hsPlus":93,"bachPlus":62.7,"gradPlus":30.2}}},{"type":"Feature","geometry":{"type":"Point","coordinates":[-122.28937842664378,38.29350886709794]},"properties":{"name":"Napa","crime":{"homicide":0,"rape":54.2,"robbery":45.1,"aggAssault":276.1,"burglary":174.1,"mvTheft":188.3,"larceny":1402.2,"violentTotal":375.4,"propertyTotal":1764.7,"total":2140.1},"population":77520,"housing":{"homeValue":824500,"rent":2165,"income":102231},"education":{"hsPlus":84.2,"bachPlus":36.7,"gradPlus":13.5}}},{"type":"Feature","geometry":{"type":"Point","coordinates":[-122.46998898888393,38.502881275079304]},"properties":{"name":"St. Helena","crime":{"homicide":0,"rape":18.7,"robbery":0,"aggAssault":168,"burglary":93.4,"mvTheft":149.4,"larceny":597.5,"violentTotal":186.7,"propertyTotal":840.2,"total":1026.9},"population":5356,"housing":{"homeValue":1964300,"rent":2391,"income":158218},"education":{"hsPlus":88.6,"bachPlus":58.3,"gradPlus":23.6}}},{"type":"Feature","geometry":{"type":"Point","coordinates":[-121.12714923719285,36.21277157337367]},"properties":{"name":"King City","crime":{"homicide":0,"rape":49.3,"robbery":35.2,"aggAssault":239.6,"burglary":190.3,"mvTheft":211.4,"larceny":620.2,"violentTotal":324.2,"propertyTotal":1021.9,"total":1346.1},"population":14189,"housing":{"homeValue":395800,"rent":1527,"income":63090},"education":{"hsPlus":50.8,"bachPlus":12.9,"gradPlus":4.5}}},{"type":"Feature","geometry":{"type":"Point","coordinates":[-119.10098709574619,36.41638696726323]},"properties":{"name":"Woodlake","crime":{"homicide":0,"rape":51.3,"robbery":12.8,"aggAssault":718.6,"burglary":192.5,"mvTheft":192.5,"larceny":692.9,"violentTotal":782.8,"propertyTotal":1077.9,"total":1860.6},"population":7793,"housing":{"homeValue":263700,"rent":966,"income":46607},"education":{"hsPlus":55,"bachPlus":10.9,"gradPlus":4.7}}},{"type":"Feature","geometry":{"type":"Point","coordinates":[-116.03844596501472,34.15303092937141]},"properties":{"name":"Twentynine Palms","crime":{"homicide":0,"rape":4,"robbery":8.1,"aggAssault":96.9,"burglary":121.1,"mvTheft":64.6,"larceny":161.4,"violentTotal":109,"propertyTotal":347.1,"total":456.1},"population":24776,"housing":{"homeValue":238400,"rent":1271,"income":56000},"education":{"hsPlus":93.1,"bachPlus":24.7,"gradPlus":6.9}}},{"type":"Feature","geometry":{"type":"Point","coordinates":[-117.66119195369289,34.11718838329859]},"properties":{"name":"Upland","crime":{"homicide":2.5,"rape":26.5,"robbery":102.1,"aggAssault":225.7,"burglary":418.5,"mvTheft":353,"larceny":1261.9,"violentTotal":356.8,"propertyTotal":2033.4,"total":2390.1},"population":79326,"housing":{"homeValue":688800,"rent":1976,"income":101407},"education":{"hsPlus":90.5,"bachPlus":35.7,"gradPlus":13.7}}},{"type":"Feature","geometry":{"type":"Point","coordinates":[-117.03624855183799,34.03179444477953]},"properties":{"name":"Yucaipa","crime":{"homicide":0,"rape":5.5,"robbery":12.8,"aggAssault":84.3,"burglary":95.3,"mvTheft":97.1,"larceny":370.2,"violentTotal":102.6,"propertyTotal":562.7,"total":665.3},"population":54561,"housing":{"homeValue":466000,"rent":1661,"income":92401},"education":{"hsPlus":89.2,"bachPlus":26.2,"gradPlus":11.3}}},{"type":"Feature","geometry":{"type":"Point","coordinates":[-116.4158450973935,34.121158019951906]},"properties":{"name":"Yucca Valley","crime":{"homicide":0,"rape":13.6,"robbery":18.2,"aggAssault":249.8,"burglary":208.9,"mvTheft":90.8,"larceny":349.7,"violentTotal":281.5,"propertyTotal":649.4,"total":930.9},"population":22021,"housing":{"homeValue":321300,"rent":1341,"income":55302},"education":{"hsPlus":89.6,"bachPlus":20.9,"gradPlus":7}}},{"type":"Feature","geometry":{"type":"Point","coordinates":[-121.60631479179085,39.755889474430894]},"properties":{"name":"Paradise","crime":{"homicide":0,"rape":19.4,"robbery":9.7,"aggAssault":282,"burglary":301.5,"mvTheft":155.6,"larceny":437.6,"violentTotal":311.2,"propertyTotal":894.7,"total":1205.9},"population":10283,"housing":{"homeValue":680600,"rent":null,"income":106250},"education":{"hsPlus":97.5,"bachPlus":54,"gradPlus":23}}},{"type":"Feature","geometry":{"type":"Point","coordinates":[-119.56611335789373,36.09865462556303]},"properties":{"name":"Corcoran","crime":{"homicide":4.6,"rape":55.1,"robbery":23,"aggAssault":519.2,"burglary":220.5,"mvTheft":188.4,"larceny":748.9,"violentTotal":601.9,"propertyTotal":1157.8,"total":1759.7},"population":21765,"housing":{"homeValue":220500,"rent":1012,"income":55909},"education":{"hsPlus":59.1,"bachPlus":3.2,"gradPlus":1.1}}},{"type":"Feature","geometry":{"type":"Point","coordinates":[-117.43868353331294,34.574288542637404]},"properties":{"name":"Adelanto","crime":{"homicide":0,"rape":19.1,"robbery":38.2,"aggAssault":270.3,"burglary":79.2,"mvTheft":207.5,"larceny":215.7,"violentTotal":327.6,"propertyTotal":502.3,"total":829.9},"population":36629,"housing":{"homeValue":318300,"rent":1389,"income":68419},"education":{"hsPlus":73.5,"bachPlus":7.8,"gradPlus":2.4}}},{"type":"Feature","geometry":{"type":"Point","coordinates":[-117.17440281062458,34.042820638794794]},"properties":{"name":"Redlands","crime":{"homicide":0,"rape":68.1,"robbery":98.1,"aggAssault":196.1,"burglary":336.4,"mvTheft":377.3,"larceny":2129,"violentTotal":362.3,"propertyTotal":2842.7,"total":3205},"population":73416,"housing":{"homeValue":583000,"rent":1883,"income":99158},"education":{"hsPlus":91.9,"bachPlus":43.7,"gradPlus":23.4}}},{"type":"Feature","geometry":{"type":"Point","coordinates":[-117.28845818461862,33.12151659035506]},"properties":{"name":"Carlsbad","crime":{"homicide":0,"rape":14.6,"robbery":40.3,"aggAssault":138.9,"burglary":232.3,"mvTheft":130.3,"larceny":1222.4,"violentTotal":193.7,"propertyTotal":1585.1,"total":1778.8},"population":116652,"housing":{"homeValue":1156900,"rent":2678,"income":139326},"education":{"hsPlus":96.1,"bachPlus":61.4,"gradPlus":24.6}}},{"type":"Feature","geometry":{"type":"Point","coordinates":[-117.10868876120085,32.66621892520341]},"properties":{"name":"National City","crime":{"homicide":1.7,"rape":33.9,"robbery":195.2,"aggAssault":390.3,"burglary":237.6,"mvTheft":594,"larceny":1148.9,"violentTotal":621.1,"propertyTotal":1980.5,"total":2601.7},"population":58924,"housing":{"homeValue":580900,"rent":1619,"income":64248},"education":{"hsPlus":76.5,"bachPlus":16.9,"gradPlus":3.9}}},{"type":"Feature","geometry":{"type":"Point","coordinates":[-116.98588446925204,32.85578801542118]},"properties":{"name":"Santee","crime":{"homicide":0,"rape":3.3,"robbery":66.7,"aggAssault":215.3,"burglary":113.5,"mvTheft":138.5,"larceny":684.2,"violentTotal":285.3,"propertyTotal":936.1,"total":1221.5},"population":59928,"housing":{"homeValue":653400,"rent":2197,"income":105613},"education":{"hsPlus":92.8,"bachPlus":32.9,"gradPlus":10}}},{"type":"Feature","geometry":{"type":"Point","coordinates":[-117.9807040020454,35.13465001596417]},"properties":{"name":"California City","crime":{"homicide":7.6,"rape":53.1,"robbery":91,"aggAssault":523.2,"burglary":583.8,"mvTheft":538.3,"larceny":849.2,"violentTotal":674.8,"propertyTotal":1971.3,"total":2646.1},"population":13189,"housing":{"homeValue":239600,"rent":1016,"income":55271},"education":{"hsPlus":79.5,"bachPlus":11.1,"gradPlus":3.5}}},{"type":"Feature","geometry":{"type":"Point","coordinates":[-119.4000509742836,35.115355844712326]},"properties":{"name":"Taft","crime":{"homicide":14.1,"rape":42.3,"robbery":98.7,"aggAssault":352.7,"burglary":479.6,"mvTheft":677.1,"larceny":2017.2,"violentTotal":507.8,"propertyTotal":3173.9,"total":3681.8},"population":7089,"housing":{"homeValue":246400,"rent":989,"income":64479},"education":{"hsPlus":84.3,"bachPlus":11,"gradPlus":4.7}}},{"type":"Feature","geometry":{"type":"Point","coordinates":[-117.58585330337571,33.95744145852778]},"properties":{"name":"Eastvale","crime":{"homicide":0,"rape":12.8,"robbery":41.3,"aggAssault":79.7,"burglary":202.1,"mvTheft":284.6,"larceny":1324.8,"violentTotal":133.8,"propertyTotal":1811.5,"total":1945.2},"population":70274,"housing":{"homeValue":752000,"rent":3065,"income":161322},"education":{"hsPlus":88.6,"bachPlus":42.3,"gradPlus":12.8}}},{"type":"Feature","geometry":{"type":"Point","coordinates":[-116.89115468271872,34.24471758554739]},"properties":{"name":"Big Bear Lake","population":4977,"housing":{"homeValue":517900,"rent":1278,"income":74728},"education":{"hsPlus":91.3,"bachPlus":34.9,"gradPlus":13.3}}},{"type":"Feature","geometry":{"type":"Point","coordinates":[-117.45895491634212,34.13357478196288]},"properties":{"name":"Fontana","crime":{"homicide":3.7,"rape":24.4,"robbery":75.1,"aggAssault":174.6,"burglary":199.9,"mvTheft":298,"larceny":849.9,"violentTotal":277.8,"propertyTotal":1347.9,"total":1625.6},"population":217084,"housing":{"homeValue":558500,"rent":1733,"income":98187},"education":{"hsPlus":79,"bachPlus":20.4,"gradPlus":5.7}}},{"type":"Feature","geometry":{"type":"Point","coordinates":[-117.38186232313404,34.10505052275336]},"properties":{"name":"Rialto","crime":{"homicide":1.9,"rape":50.8,"robbery":140.8,"aggAssault":357.2,"burglary":354.3,"mvTheft":448.2,"larceny":1939.2,"violentTotal":550.6,"propertyTotal":2741.7,"total":3292.3},"population":104426,"housing":{"homeValue":454400,"rent":1641,"income":85521},"education":{"hsPlus":75.7,"bachPlus":12.5,"gradPlus":3.3}}},{"type":"Feature","geometry":{"type":"Point","coordinates":[-117.25748291511925,32.99343368802788]},"properties":{"name":"Solana Beach","crime":{"homicide":0,"rape":7.7,"robbery":23,"aggAssault":130.2,"burglary":467.3,"mvTheft":91.9,"larceny":911.6,"violentTotal":160.9,"propertyTotal":1470.8,"total":1631.7},"population":13054,"housing":{"homeValue":1934700,"rent":3022,"income":150820},"education":{"hsPlus":97.2,"bachPlus":71.8,"gradPlus":28.8}}},{"type":"Feature","geometry":{"type":"Point","coordinates":[-117.19067599209873,33.56848650845683]},"properties":{"name":"Murrieta","crime":{"homicide":0,"rape":26.1,"robbery":28.8,"aggAssault":115.9,"burglary":226.4,"mvTheft":142,"larceny":893.1,"violentTotal":170.7,"propertyTotal":1261.5,"total":1432.2},"population":111299,"housing":{"homeValue":606900,"rent":2330,"income":109780},"education":{"hsPlus":93.2,"bachPlus":31.8,"gradPlus":11.3}}},{"type":"Feature","geometry":{"type":"Point","coordinates":[-120.80410300969453,38.38999322623821]},"properties":{"name":"Sutter Creek","crime":{"homicide":0,"rape":155,"robbery":0,"aggAssault":193.8,"burglary":0,"mvTheft":38.8,"larceny":736.4,"violentTotal":348.8,"propertyTotal":775.2,"total":1124},"population":2580,"housing":{"homeValue":499600,"rent":1248,"income":68148},"education":{"hsPlus":99.7,"bachPlus":35.5,"gradPlus":11.7}}},{"type":"Feature","geometry":{"type":"Point","coordinates":[-120.69003943376202,35.48384341927205]},"properties":{"name":"Atascadero","crime":{"homicide":0,"rape":23.1,"robbery":62.6,"aggAssault":128.5,"burglary":112,"mvTheft":75.8,"larceny":810.5,"violentTotal":214.2,"propertyTotal":998.3,"total":1212.5},"population":30351,"housing":{"homeValue":673400,"rent":1855,"income":88830},"education":{"hsPlus":92.8,"bachPlus":30.2,"gradPlus":9.9}}},{"type":"Feature","geometry":{"type":"Point","coordinates":[-120.61851375755954,35.12118463530018]},"properties":{"name":"Grover Beach","crime":{"homicide":0,"rape":48.2,"robbery":16.1,"aggAssault":136.5,"burglary":256.9,"mvTheft":152.5,"larceny":1164.2,"violentTotal":200.7,"propertyTotal":1573.7,"total":1774.4},"population":12455,"housing":{"homeValue":691900,"rent":1921,"income":82534},"education":{"hsPlus":83.1,"bachPlus":26.9,"gradPlus":11.6}}},{"type":"Feature","geometry":{"type":"Point","coordinates":[-120.68206244829973,35.1401977285387]},"properties":{"name":"Pismo Beach","crime":{"homicide":12.7,"rape":101.8,"robbery":63.6,"aggAssault":572.7,"burglary":241.8,"mvTheft":140,"larceny":2608.8,"violentTotal":750.8,"propertyTotal":2990.6,"total":3741.4},"population":7858,"housing":{"homeValue":992900,"rent":2298,"income":112913},"education":{"hsPlus":97.6,"bachPlus":50.1,"gradPlus":20.8}}},{"type":"Feature","geometry":{"type":"Point","coordinates":[-120.58652410155369,35.1266286691801]},"properties":{"name":"Arroyo Grande","crime":{"homicide":0,"rape":27.7,"robbery":27.7,"aggAssault":405,"burglary":238.6,"mvTheft":88.8,"larceny":871,"violentTotal":460.5,"propertyTotal":1198.3,"total":1658.8},"population":18025,"housing":{"homeValue":758100,"rent":1890,"income":103258},"education":{"hsPlus":94.8,"bachPlus":44.5,"gradPlus":16}}},{"type":"Feature","geometry":{"type":"Point","coordinates":[-119.98802309727003,38.93285302654985]},"properties":{"name":"South Lake Tahoe","crime":{"homicide":0,"rape":57.1,"robbery":47.5,"aggAssault":551.5,"burglary":213.9,"mvTheft":137.9,"larceny":1041.2,"violentTotal":656.1,"propertyTotal":1393,"total":2049.2},"population":21033,"housing":{"homeValue":630200,"rent":1467,"income":73940},"education":{"hsPlus":89,"bachPlus":34,"gradPlus":10.2}}}]}