{"type":"FeatureCollection","features":[{"type":"Feature","geometry":{"type":"LineString","coordinates":[[-122.38607,37.60069],[-122.38651,37.60113],[-122.38696,37.60156],[-122.38742,37.60198],[-122.3879,37.60239],[-122.38835,37.60279],[-122.38879,37.6032],[-122.38922,37.60361],[-122.38965,37.60404],[-122.39009,37.60446],[-122.39052,37.6049],[-122.39098,37.60533],[-122.39143,37.60574],[-122.39186,37.60615],[-122.39228,37.60658],[-122.39271,37.607],[-122.39313,37.60745],[-122.39356,37.60787],[-122.39398,37.6083],[-122.39442,37.60874],[-122.39487,37.60917],[-122.39529,37.60958],[-122.39572,37.61002],[-122.39617,37.61045],[-122.39659,37.61087],[-122.39701,37.6113],[-122.39746,37.61173],[-122.39787,37.61215],[-122.39827,37.61257],[-122.39862,37.61298],[-122.39888,37.61337],[-122.39903,37.61374],[-122.39903,37.61407],[-122.39889,37.61437],[-122.39863,37.61463],[-122.39828,37.6148],[-122.39783,37.61489],[-122.39724,37.61492],[-122.39657,37.61493],[-122.39588,37.61493],[-122.39518,37.61494],[-122.39446,37.61496],[-122.39369,37.615],[-122.39292,37.61515],[-122.39222,37.61533],[-122.39205,37.61539],[-122.39213,37.61536],[-122.39282,37.61518],[-122.39359,37.61502],[-122.39437,37.61496],[-122.3951,37.61495],[-122.3958,37.61495],[-122.3965,37.61495],[-122.3972,37.61496],[-122.39788,37.61497],[-122.39859,37.61497],[-122.39931,37.61499],[-122.4001,37.61505],[-122.4009,37.61523],[-122.40166,37.61551],[-122.40232,37.61587],[-122.40293,37.61629],[-122.40344,37.61677],[-122.40389,37.61727],[-122.40425,37.61778],[-122.40457,37.61826],[-122.40491,37.61871],[-122.40527,37.61918],[-122.40564,37.61965],[-122.40599,37.62013],[-122.40634,37.62059],[-122.40669,37.62105],[-122.40707,37.62152],[-122.40742,37.62201],[-122.40777,37.62247],[-122.40813,37.62294],[-122.40848,37.62341],[-122.40884,37.62389],[-122.40921,37.62439],[-122.40953,37.62489],[-122.40985,37.6254],[-122.41014,37.6259],[-122.41043,37.6264],[-122.41072,37.6269],[-122.41101,37.6274],[-122.4113,37.6279],[-122.4116,37.6284],[-122.41188,37.6289],[-122.41217,37.6294],[-122.41245,37.6299],[-122.41273,37.6304],[-122.41302,37.6309],[-122.41331,37.6314],[-122.4136,37.63188],[-122.4139,37.63237],[-122.41421,37.63286],[-122.41452,37.63334],[-122.41483,37.63381],[-122.41516,37.6343],[-122.4155,37.63478],[-122.41583,37.63528],[-122.41614,37.63579],[-122.41644,37.63629],[-122.41673,37.63679],[-122.41701,37.63729],[-122.4173,37.63779],[-122.41759,37.63829],[-122.41788,37.63878],[-122.41818,37.63927],[-122.41848,37.63977],[-122.41877,37.64026],[-122.41907,37.64076],[-122.41936,37.64127],[-122.41965,37.64177],[-122.41994,37.64226],[-122.42023,37.64274],[-122.42053,37.64321],[-122.42085,37.64366],[-122.42122,37.64409],[-122.4216,37.64454],[-122.42199,37.64498],[-122.42239,37.64542],[-122.4228,37.64587],[-122.42319,37.64632],[-122.4236,37.64676],[-122.42401,37.64721],[-122.42441,37.64767],[-122.4248,37.64812],[-122.4252,37.64856],[-122.42559,37.64901],[-122.42599,37.64944],[-122.42639,37.64987],[-122.42679,37.65028],[-122.42722,37.65066],[-122.42768,37.65104],[-122.42816,37.65138],[-122.42866,37.65171],[-122.42919,37.65203],[-122.42974,37.65234],[-122.43029,37.65266],[-122.43085,37.65296],[-122.43142,37.65327],[-122.43199,37.65358],[-122.43256,37.65389],[-122.43314,37.65421],[-122.43371,37.65454],[-122.43428,37.65487],[-122.43485,37.65521],[-122.43541,37.65558],[-122.43596,37.65598],[-122.43647,37.65641],[-122.43695,37.65685],[-122.4374,37.65731],[-122.43781,37.65778],[-122.4382,37.65824],[-122.43859,37.65872],[-122.43896,37.65917],[-122.43933,37.65963],[-122.4397,37.66008],[-122.44008,37.6605],[-122.44049,37.66091],[-122.44091,37.6613],[-122.44136,37.66167],[-122.44184,37.66204],[-122.44233,37.66238],[-122.44284,37.66272],[-122.44338,37.66307],[-122.44391,37.66342],[-122.44445,37.66375],[-122.44499,37.6641],[-122.44552,37.66445],[-122.44605,37.66478],[-122.44661,37.66511],[-122.44717,37.66548],[-122.44771,37.66585],[-122.44825,37.66624],[-122.44877,37.66667],[-122.44924,37.66712],[-122.44968,37.66759],[-122.45009,37.66807],[-122.45046,37.66858],[-122.4508,37.66908],[-122.45113,37.66958],[-122.45143,37.67009],[-122.45173,37.67058],[-122.45202,37.67108],[-122.45232,37.67156],[-122.45262,37.67204],[-122.45293,37.6725],[-122.45326,37.67292],[-122.45364,37.67332],[-122.45405,37.6737],[-122.45449,37.67406],[-122.45498,37.67439],[-122.45549,37.67472],[-122.45605,37.67505],[-122.4566,37.67541],[-122.45716,37.67577],[-122.45771,37.67617],[-122.45821,37.67659],[-122.4587,37.67704],[-122.45913,37.6775],[-122.45954,37.67796],[-122.45994,37.6784],[-122.46035,37.67884],[-122.46075,37.67928],[-122.46117,37.67972],[-122.46159,37.68016],[-122.46199,37.68059],[-122.46239,37.681],[-122.4628,37.68137],[-122.46327,37.68173],[-122.46377,37.68209],[-122.46428,37.68246],[-122.4648,37.68281],[-122.46533,37.68318],[-122.46585,37.68355],[-122.46634,37.68392],[-122.46686,37.68427],[-122.46739,37.68461],[-122.46795,37.685],[-122.4685,37.68548],[-122.46895,37.68601],[-122.46929,37.68655],[-122.46958,37.68708],[-122.46984,37.68759],[-122.47013,37.68809],[-122.4704,37.68866],[-122.4706,37.68928],[-122.47068,37.6899],[-122.47069,37.69049],[-122.47068,37.69104],[-122.47069,37.69158],[-122.47071,37.69213],[-122.47072,37.69268],[-122.47073,37.69323],[-122.47074,37.69378],[-122.47076,37.6943],[-122.47081,37.69478],[-122.47094,37.69526],[-122.47112,37.69576],[-122.47132,37.69627],[-122.47153,37.69681],[-122.47175,37.69739],[-122.47187,37.698],[-122.47193,37.6986],[-122.47196,37.69916],[-122.472,37.69971],[-122.47205,37.70024],[-122.47213,37.70079],[-122.47221,37.70135],[-122.47231,37.7019],[-122.47241,37.70247],[-122.47249,37.70312],[-122.47243,37.70388],[-122.47218,37.70463],[-122.47184,37.70527],[-122.47151,37.70582],[-122.47122,37.70631],[-122.47095,37.7068],[-122.47066,37.7073],[-122.47035,37.70779],[-122.47005,37.70827],[-122.4697,37.7088],[-122.46933,37.70929],[-122.46898,37.70975],[-122.46846,37.71038],[-122.46766,37.71104],[-122.46669,37.71157],[-122.46557,37.71195],[-122.46444,37.71213],[-122.46349,37.71216],[-122.46273,37.71215],[-122.46204,37.71214],[-122.46134,37.71213],[-122.46065,37.71212],[-122.45999,37.71211],[-122.45932,37.71211],[-122.4587,37.71211],[-122.45815,37.71213],[-122.45765,37.71218],[-122.45726,37.71224],[-122.45687,37.71235],[-122.45651,37.71248],[-122.45617,37.71265],[-122.4558,37.71287],[-122.45541,37.71315],[-122.45495,37.71351],[-122.45448,37.71389],[-122.454,37.71428],[-122.45351,37.71467],[-122.45307,37.71502],[-122.45265,37.71539],[-122.45225,37.71576],[-122.45187,37.71613],[-122.45156,37.71646],[-122.4513,37.7168],[-122.45107,37.71712],[-122.45092,37.71744],[-122.45078,37.7178],[-122.45069,37.71818],[-122.45062,37.71863],[-122.45055,37.71915],[-122.45048,37.71974],[-122.45037,37.72034],[-122.45025,37.72092],[-122.45013,37.72146],[-122.45002,37.722],[-122.4499,37.72255],[-122.44977,37.7231],[-122.44963,37.7237],[-122.44944,37.72434],[-122.44919,37.725],[-122.44887,37.72565],[-122.44849,37.72628],[-122.44807,37.72688],[-122.44757,37.72747],[-122.44703,37.72802],[-122.44645,37.72853],[-122.44582,37.72902],[-122.44515,37.72946],[-122.44447,37.72985],[-122.44377,37.7302],[-122.44308,37.73052],[-122.44237,37.73082],[-122.44165,37.73108],[-122.44104,37.7313],[-122.44051,37.7315],[-122.44005,37.7317],[-122.4396,37.73193],[-122.43914,37.73219],[-122.43866,37.73249],[-122.43815,37.73283],[-122.43761,37.73318],[-122.43708,37.73353],[-122.43654,37.73388],[-122.43604,37.73421],[-122.43551,37.73457],[-122.43494,37.73495],[-122.43441,37.73528],[-122.43389,37.73563],[-122.43335,37.73598],[-122.43283,37.73632],[-122.4323,37.73667],[-122.43178,37.73701],[-122.43125,37.73737],[-122.43072,37.73772],[-122.43019,37.73808],[-122.42965,37.73844],[-122.42911,37.7388],[-122.42855,37.73916],[-122.42802,37.7395],[-122.42753,37.73982],[-122.42707,37.74014],[-122.42663,37.74046],[-122.42625,37.74077],[-122.4259,37.7411],[-122.42556,37.74144],[-122.42526,37.74181],[-122.42496,37.7422],[-122.42466,37.74264],[-122.42434,37.7431],[-122.42403,37.74357],[-122.42371,37.74406],[-122.42339,37.74454],[-122.42307,37.74503],[-122.42275,37.74552],[-122.42243,37.746],[-122.42212,37.74648],[-122.42182,37.74695],[-122.42151,37.74744],[-122.42123,37.74788],[-122.42102,37.74826],[-122.42088,37.74859],[-122.4208,37.74887],[-122.42078,37.7492],[-122.42079,37.74963],[-122.42081,37.75014],[-122.42085,37.75065],[-122.42091,37.75116],[-122.42097,37.7517],[-122.42103,37.75227],[-122.42108,37.75282],[-122.42114,37.75337],[-122.42119,37.75392],[-122.42124,37.75448],[-122.42129,37.75503],[-122.42134,37.75557],[-122.42139,37.7561],[-122.42145,37.75665],[-122.4215,37.75722],[-122.42155,37.75776],[-122.4216,37.75829],[-122.42166,37.75884],[-122.42171,37.75941],[-122.42176,37.75994],[-122.42182,37.76049],[-122.42187,37.76104],[-122.42192,37.76158],[-122.42198,37.76213],[-122.42203,37.76268],[-122.42209,37.76322],[-122.42214,37.76377],[-122.4222,37.76432],[-122.42225,37.76488],[-122.4223,37.76541],[-122.42236,37.76596],[-122.42241,37.76651],[-122.42247,37.76706],[-122.42252,37.76758],[-122.42259,37.76812],[-122.42265,37.76868],[-122.42271,37.76922],[-122.42277,37.76979],[-122.42282,37.77037],[-122.42286,37.77093],[-122.4229,37.77151],[-122.42293,37.77218],[-122.42287,37.77293],[-122.4227,37.77368],[-122.42243,37.77443],[-122.42206,37.77514],[-122.42159,37.77582],[-122.42104,37.77644],[-122.42048,37.77695],[-122.41996,37.7774],[-122.41946,37.77781],[-122.419,37.7782],[-122.4185,37.77862],[-122.41798,37.77902],[-122.41748,37.77942],[-122.41699,37.7798],[-122.41649,37.7802],[-122.41598,37.78059],[-122.41551,37.78095],[-122.41506,37.78132],[-122.41458,37.78172],[-122.41405,37.78213],[-122.41356,37.78251],[-122.41309,37.78289],[-122.41263,37.78327],[-122.41213,37.78368],[-122.41161,37.78408],[-122.41112,37.78446],[-122.41064,37.78484],[-122.41016,37.78523],[-122.40968,37.78562],[-122.40918,37.78601],[-122.40869,37.7864],[-122.40821,37.78679],[-122.40773,37.78718],[-122.40723,37.78757],[-122.40672,37.78798],[-122.40622,37.78836],[-122.40574,37.78874],[-122.40525,37.78912],[-122.40477,37.7895],[-122.40428,37.78989],[-122.4038,37.79028],[-122.40332,37.79067],[-122.40282,37.79106],[-122.40233,37.79145],[-122.40184,37.79184],[-122.40135,37.79223],[-122.40085,37.79263],[-122.40036,37.79301],[-122.39986,37.79341],[-122.39936,37.79379],[-122.3989,37.79416],[-122.39839,37.79456],[-122.39787,37.79497],[-122.39731,37.79539],[-122.39666,37.79583],[-122.39596,37.79623],[-122.39531,37.79657],[-122.39467,37.79688],[-122.39404,37.79718],[-122.39343,37.79746],[-122.39283,37.79774],[-122.39221,37.79802],[-122.3916,37.79829],[-122.39101,37.79856],[-122.3904,37.79883],[-122.38977,37.79911],[-122.38917,37.79937],[-122.38858,37.79963],[-122.38796,37.79991],[-122.38735,37.80017],[-122.38677,37.80043],[-122.38616,37.8007],[-122.38557,37.80097],[-122.38494,37.80125],[-122.38433,37.80151],[-122.38375,37.80177],[-122.38314,37.80204],[-122.38252,37.80232],[-122.38191,37.80258],[-122.38131,37.80285],[-122.3807,37.80311],[-122.38013,37.80337],[-122.37949,37.80365],[-122.3788,37.80394],[-122.37812,37.80421],[-122.3774,37.80447],[-122.37668,37.80469],[-122.37599,37.80491],[-122.37525,37.80511],[-122.37451,37.80529],[-122.37377,37.80545],[-122.37306,37.80559],[-122.37235,37.80573],[-122.37166,37.80585],[-122.37098,37.80597],[-122.37031,37.80609],[-122.36961,37.80622],[-122.36894,37.80633],[-122.36826,37.80645],[-122.36758,37.80656],[-122.3669,37.80668],[-122.36623,37.80679],[-122.36555,37.80691],[-122.36487,37.80702],[-122.3642,37.80714],[-122.36352,37.80725],[-122.36284,37.80737],[-122.36217,37.80748],[-122.36151,37.80759],[-122.36083,37.80771],[-122.36014,37.80784],[-122.35946,37.80795],[-122.35878,37.80807],[-122.35811,37.80818],[-122.35743,37.8083],[-122.35675,37.80841],[-122.3561,37.80852],[-122.3554,37.80865],[-122.35472,37.80876],[-122.35405,37.80888],[-122.35337,37.80899],[-122.35269,37.80911],[-122.35202,37.80922],[-122.35136,37.80933],[-122.35066,37.80946],[-122.34999,37.80957],[-122.34933,37.80968],[-122.34863,37.80981],[-122.34796,37.80992],[-122.34728,37.81004],[-122.3466,37.81015],[-122.34593,37.81027],[-122.34525,37.81038],[-122.34459,37.81049],[-122.3439,37.81062],[-122.34322,37.81073],[-122.34256,37.81084],[-122.34187,37.81097],[-122.34114,37.81108],[-122.34042,37.81119],[-122.33971,37.81128],[-122.339,37.81138],[-122.33829,37.81146],[-122.33758,37.81154],[-122.33686,37.81162],[-122.33612,37.81168],[-122.3354,37.81173],[-122.33469,37.81178],[-122.33398,37.81183],[-122.33326,37.81187],[-122.33255,37.8119],[-122.33184,37.81193],[-122.33109,37.81195],[-122.33033,37.81196],[-122.32957,37.81195],[-122.32886,37.81193],[-122.32812,37.81191],[-122.32738,37.81187],[-122.32669,37.81183],[-122.32598,37.81178],[-122.32524,37.81173],[-122.32451,37.81167],[-122.32379,37.81159],[-122.32312,37.81153],[-122.32247,37.81147],[-122.32176,37.81141],[-122.32107,37.81134],[-122.3204,37.81128],[-122.31968,37.81122],[-122.319,37.81115],[-122.31832,37.81109],[-122.3176,37.81101],[-122.31692,37.81094],[-122.31623,37.81087],[-122.31554,37.8108],[-122.31488,37.81074],[-122.3142,37.81068],[-122.31348,37.8106],[-122.31279,37.81053],[-122.31216,37.81047],[-122.31149,37.81042],[-122.31076,37.81036],[-122.31004,37.81028],[-122.30934,37.81021],[-122.30863,37.81013],[-122.30795,37.81005],[-122.30723,37.80997],[-122.3065,37.80987],[-122.30578,37.80976],[-122.30501,37.80964],[-122.30427,37.80948],[-122.3036,37.80934],[-122.30293,37.8092],[-122.30223,37.80906],[-122.30155,37.8089],[-122.3009,37.80876],[-122.30023,37.80862],[-122.29955,37.80846],[-122.29886,37.80831],[-122.29817,37.80814],[-122.29742,37.80796],[-122.29663,37.80772],[-122.2959,37.80746],[-122.29522,37.8072],[-122.29455,37.80693],[-122.29394,37.80667],[-122.29335,37.80643],[-122.29272,37.80618],[-122.29211,37.80593],[-122.2915,37.80568],[-122.2909,37.80544],[-122.29031,37.80521],[-122.28979,37.80502],[-122.28929,37.80486],[-122.28872,37.80472],[-122.28811,37.80457],[-122.28746,37.80442],[-122.2868,37.80427],[-122.28613,37.80412],[-122.28546,37.80397],[-122.28477,37.80382],[-122.28402,37.80363],[-122.28321,37.8034],[-122.28242,37.80311],[-122.28169,37.8028],[-122.28104,37.8025],[-122.28045,37.80222],[-122.27984,37.80195],[-122.27922,37.80166],[-122.27859,37.80135],[-122.27795,37.80104],[-122.27747,37.80078],[-122.27719,37.80066],[-122.27698,37.80061],[-122.27664,37.80059],[-122.27631,37.80057],[-122.27632,37.80055],[-122.2764,37.80051],[-122.27634,37.80054],[-122.27621,37.80063],[-122.27602,37.80091],[-122.2757,37.80141],[-122.27531,37.80196],[-122.27492,37.80247],[-122.27451,37.80297],[-122.2741,37.80342],[-122.27375,37.80383],[-122.27344,37.80421],[-122.27311,37.80463],[-122.27275,37.8051],[-122.27241,37.80557],[-122.27205,37.80607],[-122.2717,37.80654],[-122.27138,37.80702],[-122.27106,37.80749],[-122.27074,37.80798],[-122.27043,37.80847],[-122.27012,37.80898],[-122.26981,37.80945],[-122.26959,37.80983],[-122.26948,37.81005],[-122.26948,37.8101],[-122.26955,37.8102],[-122.26983,37.81043],[-122.27027,37.8108],[-122.2708,37.81122],[-122.27137,37.81177],[-122.27185,37.8124],[-122.27222,37.81306],[-122.27248,37.81378],[-122.2726,37.81451],[-122.27259,37.81524],[-122.27248,37.81592],[-122.27231,37.81654],[-122.27212,37.81709],[-122.27196,37.81761],[-122.2718,37.81812],[-122.27166,37.81865],[-122.27151,37.81917],[-122.27137,37.8197],[-122.27123,37.82025],[-122.27107,37.82082],[-122.2709,37.82136],[-122.27075,37.82186],[-122.27061,37.82239],[-122.27046,37.82294],[-122.27031,37.82347],[-122.27015,37.82403],[-122.26997,37.82459],[-122.26979,37.82512],[-122.26962,37.82564],[-122.26946,37.82616],[-122.26932,37.82666],[-122.26918,37.82718],[-122.26906,37.82769],[-122.26895,37.82821],[-122.26885,37.82874],[-122.26874,37.8293],[-122.26862,37.82986],[-122.2685,37.83039],[-122.26838,37.83093],[-122.26825,37.83147],[-122.26812,37.83201],[-122.26799,37.83254],[-122.26785,37.83306],[-122.26771,37.8336],[-122.26755,37.83413],[-122.26739,37.83466],[-122.26722,37.8352],[-122.26703,37.83572],[-122.26685,37.83625],[-122.26666,37.8368],[-122.26643,37.83736],[-122.26617,37.83792],[-122.26584,37.83848],[-122.26544,37.839],[-122.26499,37.83948],[-122.26449,37.83991],[-122.26393,37.8403],[-122.26334,37.84064],[-122.26273,37.84093],[-122.2621,37.84117],[-122.26145,37.84137],[-122.2608,37.84157],[-122.26015,37.84176],[-122.2595,37.84196],[-122.25885,37.84215],[-122.25821,37.84235],[-122.25756,37.84255],[-122.25691,37.84274],[-122.25627,37.84294],[-122.25563,37.84315],[-122.25498,37.84336],[-122.25435,37.84357],[-122.25372,37.8438],[-122.25309,37.84404],[-122.25247,37.84428],[-122.25185,37.84452],[-122.25123,37.84477],[-122.25061,37.84501],[-122.24999,37.84525],[-122.24936,37.84549],[-122.24874,37.84574],[-122.24813,37.84599],[-122.24752,37.84625],[-122.24693,37.84653],[-122.24635,37.84683],[-122.24578,37.84715],[-122.24522,37.84747],[-122.24465,37.84779],[-122.24408,37.8481],[-122.24352,37.84842],[-122.24295,37.84873],[-122.24239,37.84906],[-122.24182,37.84937],[-122.24125,37.84969],[-122.24069,37.85],[-122.24013,37.85032],[-122.23956,37.85064],[-122.23899,37.85095],[-122.23841,37.85125],[-122.23781,37.85153],[-122.23722,37.85181],[-122.23663,37.85211],[-122.23604,37.85239],[-122.23545,37.85267],[-122.23485,37.85295],[-122.23425,37.85323],[-122.23365,37.85351],[-122.23306,37.85378],[-122.23246,37.85406],[-122.23186,37.85434],[-122.23126,37.85461],[-122.23066,37.85489],[-122.23006,37.85516],[-122.22946,37.85543],[-122.22886,37.85571],[-122.22826,37.85598],[-122.22766,37.85626],[-122.22706,37.85653],[-122.22646,37.8568],[-122.22585,37.85708],[-122.22525,37.85735],[-122.22465,37.85762],[-122.22405,37.8579],[-122.22345,37.85817],[-122.22285,37.85844],[-122.22225,37.85871],[-122.22164,37.85899],[-122.22104,37.85926],[-122.22044,37.85953],[-122.21984,37.8598],[-122.21924,37.86007],[-122.21863,37.86034],[-122.21803,37.86061],[-122.21742,37.86088],[-122.21682,37.86115],[-122.21621,37.86141],[-122.21561,37.86168],[-122.215,37.86195],[-122.2144,37.86222],[-122.2138,37.86249],[-122.21319,37.86276],[-122.21259,37.86303],[-122.21199,37.8633],[-122.21138,37.86357],[-122.21078,37.86384],[-122.21018,37.86411],[-122.20958,37.86438],[-122.20897,37.86465],[-122.20837,37.86492],[-122.20777,37.86519],[-122.20716,37.86547],[-122.20656,37.86574],[-122.20596,37.86601],[-122.20536,37.86628],[-122.20475,37.86655],[-122.20415,37.86682],[-122.20355,37.86709],[-122.20295,37.86737],[-122.20235,37.86764],[-122.20175,37.86791],[-122.20115,37.86819],[-122.20055,37.86846],[-122.19995,37.86874],[-122.19935,37.86901],[-122.19875,37.86929],[-122.19815,37.86957],[-122.19755,37.86984],[-122.19695,37.87012],[-122.19635,37.87039],[-122.19574,37.87065],[-122.19514,37.87092],[-122.19454,37.87119],[-122.19393,37.87147],[-122.19333,37.87174],[-122.19273,37.87201],[-122.19214,37.87229],[-122.19154,37.87258],[-122.19095,37.87286],[-122.19037,37.87316],[-122.18979,37.87346],[-122.18922,37.87377],[-122.18866,37.8741],[-122.18811,37.87444],[-122.18758,37.87479],[-122.18706,37.87515],[-122.18652,37.8755],[-122.18601,37.87586],[-122.18553,37.87626],[-122.1851,37.87669],[-122.18471,37.87715],[-122.18434,37.87761],[-122.18398,37.87808],[-122.18363,37.87855],[-122.18326,37.87902],[-122.18291,37.87949],[-122.18256,37.87997],[-122.1822,37.88044],[-122.18184,37.88091],[-122.18149,37.88138],[-122.18113,37.88185],[-122.18077,37.88232],[-122.18044,37.8828],[-122.18012,37.88329],[-122.17981,37.88378],[-122.17951,37.88427],[-122.17921,37.88477],[-122.17891,37.88526],[-122.17859,37.88575],[-122.17829,37.88625],[-122.17798,37.88674],[-122.17763,37.88721],[-122.17725,37.88767],[-122.17684,37.88811],[-122.17641,37.88854],[-122.17595,37.88895],[-122.17546,37.88935],[-122.17495,37.88972],[-122.17442,37.89007],[-122.17387,37.8904],[-122.1733,37.89071],[-122.1727,37.891],[-122.17209,37.89126],[-122.17147,37.8915],[-122.17084,37.89172],[-122.17019,37.89192],[-122.16954,37.8921],[-122.16888,37.89227],[-122.16821,37.89242],[-122.16754,37.89255],[-122.16686,37.89267],[-122.16618,37.89277],[-122.16549,37.89285],[-122.16481,37.89291],[-122.16411,37.89295],[-122.16342,37.89298],[-122.16273,37.89298],[-122.16204,37.89297],[-122.16134,37.89294],[-122.16065,37.89289],[-122.15997,37.89283],[-122.15928,37.89274],[-122.1586,37.89265],[-122.15792,37.89255],[-122.15723,37.89245],[-122.15655,37.89235],[-122.15587,37.89224],[-122.15519,37.89214],[-122.15451,37.89203],[-122.15383,37.89192],[-122.15315,37.89181],[-122.15247,37.89171],[-122.15179,37.8916],[-122.15111,37.8915],[-122.15043,37.8914],[-122.14975,37.89131],[-122.14906,37.89124],[-122.14837,37.89119],[-122.14768,37.89118],[-122.14699,37.8912],[-122.14629,37.89125],[-122.14561,37.89132],[-122.14492,37.89138],[-122.14423,37.89143],[-122.14354,37.89146],[-122.14284,37.89146],[-122.14215,37.89142],[-122.14147,37.89134],[-122.14078,37.89124],[-122.14011,37.89112],[-122.13943,37.89099],[-122.13876,37.89087],[-122.13808,37.89076],[-122.13739,37.89068],[-122.1367,37.89063],[-122.13601,37.89063],[-122.13532,37.89068],[-122.13464,37.89077],[-122.13396,37.8909],[-122.1333,37.89105],[-122.13263,37.8912],[-122.13197,37.89136],[-122.13131,37.89153],[-122.13065,37.89169],[-122.12998,37.89186],[-122.12933,37.89203],[-122.12867,37.8922],[-122.12801,37.89236],[-122.12735,37.89253],[-122.12668,37.89269],[-122.12602,37.89286],[-122.12536,37.89301],[-122.1247,37.89317],[-122.12404,37.89335],[-122.12338,37.89351],[-122.12271,37.89367],[-122.12204,37.89381],[-122.12137,37.89393],[-122.12069,37.89405],[-122.12001,37.89416],[-122.11933,37.89427],[-122.11865,37.89437],[-122.11797,37.89448],[-122.11729,37.89459],[-122.11661,37.89471],[-122.11594,37.89482],[-122.11526,37.89493],[-122.11458,37.89504],[-122.1139,37.89515],[-122.11322,37.89526],[-122.11254,37.89535],[-122.11186,37.89546],[-122.11118,37.89557],[-122.1105,37.89568],[-122.10982,37.89579],[-122.10914,37.8959],[-122.10846,37.89601],[-122.10778,37.89613],[-122.10711,37.89624],[-122.10643,37.89635],[-122.10575,37.89647],[-122.10507,37.89658],[-122.10439,37.89669],[-122.10371,37.8968],[-122.10304,37.89692],[-122.10236,37.89703],[-122.10168,37.89714],[-122.101,37.89724],[-122.10032,37.89735],[-122.09964,37.89745],[-122.09895,37.89754],[-122.09827,37.89761],[-122.09758,37.89766],[-122.09688,37.8977],[-122.09619,37.89773],[-122.0955,37.89776],[-122.09481,37.89778],[-122.09411,37.8978],[-122.09342,37.89783],[-122.09273,37.89785],[-122.09204,37.89787],[-122.09134,37.89789],[-122.09065,37.89791],[-122.08996,37.89793],[-122.08927,37.89794],[-122.08857,37.89796],[-122.08788,37.89798],[-122.08719,37.89799],[-122.08649,37.89801],[-122.0858,37.89802],[-122.08511,37.89802],[-122.08442,37.898],[-122.08372,37.89796],[-122.08304,37.8979],[-122.08235,37.89783],[-122.08167,37.89773],[-122.08098,37.89763],[-122.0803,37.89754],[-122.07962,37.89746],[-122.07892,37.89742],[-122.07823,37.89741],[-122.07754,37.89745],[-122.07685,37.89752],[-122.07617,37.89763],[-122.07551,37.89778],[-122.07486,37.89797],[-122.07422,37.89819],[-122.07361,37.89846],[-122.07303,37.89875],[-122.07247,37.89907],[-122.07194,37.89943],[-122.07145,37.89981],[-122.07099,37.90023],[-122.07057,37.90066],[-122.07019,37.90112],[-122.06985,37.9016],[-122.06954,37.90209],[-122.06924,37.90259],[-122.06894,37.90308],[-122.06865,37.90358],[-122.06836,37.90408],[-122.06807,37.90458],[-122.06778,37.90508],[-122.06748,37.90557],[-122.06718,37.90607],[-122.06689,37.90657],[-122.06659,37.90706],[-122.06629,37.90756],[-122.06599,37.90805],[-122.0657,37.90855],[-122.06541,37.90905],[-122.06512,37.90955],[-122.06484,37.91005],[-122.06458,37.91056],[-122.06435,37.91108],[-122.06416,37.91161],[-122.06401,37.91214],[-122.0639,37.91269],[-122.06381,37.91323],[-122.06375,37.91378],[-122.06369,37.91432],[-122.06362,37.91487],[-122.06354,37.91542],[-122.06344,37.91596],[-122.0633,37.9165],[-122.06312,37.91703],[-122.0629,37.91755],[-122.06266,37.91806],[-122.0624,37.91857],[-122.06214,37.91908],[-122.06188,37.91959],[-122.06166,37.92011],[-122.06145,37.92064],[-122.06126,37.92116],[-122.06108,37.92169],[-122.0609,37.92222],[-122.06071,37.92275],[-122.06052,37.92328],[-122.06032,37.92381],[-122.06009,37.92433],[-122.05982,37.92483],[-122.05949,37.92532],[-122.05912,37.92578],[-122.0587,37.92621],[-122.05824,37.92663],[-122.05776,37.92703],[-122.05728,37.92742],[-122.05679,37.92781],[-122.05629,37.92819],[-122.0558,37.92858],[-122.05531,37.92897],[-122.05483,37.92936],[-122.05433,37.92975],[-122.05384,37.93013],[-122.05333,37.93051],[-122.05281,37.93087],[-122.05227,37.93121],[-122.05171,37.93154],[-122.05114,37.93185],[-122.05056,37.93215],[-122.04998,37.93245],[-122.0494,37.93275],[-122.04882,37.93305],[-122.04823,37.93335],[-122.04765,37.93364],[-122.04707,37.93394],[-122.04649,37.93424],[-122.04591,37.93454],[-122.04532,37.93484],[-122.04474,37.93514],[-122.04416,37.93544],[-122.04358,37.93574],[-122.043,37.93604],[-122.04242,37.93634],[-122.04184,37.93664],[-122.04126,37.93694],[-122.04068,37.93724],[-122.04009,37.93754],[-122.03951,37.93784],[-122.03893,37.93813],[-122.03835,37.93843],[-122.03776,37.93873],[-122.03718,37.93903],[-122.0366,37.93933],[-122.03602,37.93962],[-122.03543,37.93992],[-122.03485,37.94022],[-122.03427,37.94052],[-122.03369,37.94082],[-122.03311,37.94112],[-122.03253,37.94142],[-122.03194,37.94172],[-122.03136,37.94202],[-122.03078,37.94232],[-122.0302,37.94262],[-122.02962,37.94292],[-122.02905,37.94322],[-122.02847,37.94353],[-122.0279,37.94385],[-122.02736,37.94419],[-122.02686,37.94457],[-122.02641,37.94498],[-122.02601,37.94543],[-122.02566,37.94591],[-122.02538,37.94641],[-122.02516,37.94693],[-122.025,37.94746],[-122.02491,37.94801],[-122.02488,37.94856],[-122.02492,37.94911],[-122.02503,37.94965],[-122.02519,37.95018],[-122.02539,37.95071],[-122.02559,37.95123],[-122.0258,37.95176],[-122.02602,37.95228],[-122.02624,37.9528],[-122.02646,37.95332],[-122.02669,37.95384],[-122.02691,37.95436],[-122.02714,37.95488],[-122.02736,37.9554],[-122.02757,37.95592],[-122.02779,37.95644],[-122.028,37.95697],[-122.02821,37.95749],[-122.02842,37.95801],[-122.02862,37.95854],[-122.02883,37.95906],[-122.02904,37.95959],[-122.02924,37.96011],[-122.02945,37.96064],[-122.02966,37.96116],[-122.02987,37.96168],[-122.03008,37.96221],[-122.03028,37.96273],[-122.03048,37.96326],[-122.0307,37.96378],[-122.03091,37.9643],[-122.0311,37.96483],[-122.03125,37.96537],[-122.03136,37.96591],[-122.03142,37.96646],[-122.03143,37.96701],[-122.0314,37.96755],[-122.03133,37.9681],[-122.03122,37.96864],[-122.03105,37.96917],[-122.03086,37.9697],[-122.03064,37.97022],[-122.03042,37.97074],[-122.03021,37.97127],[-122.02996,37.97178],[-122.02974,37.9723],[-122.02951,37.97282],[-122.02927,37.97333],[-122.02906,37.97386],[-122.02884,37.97438],[-122.0286,37.97489],[-122.0284,37.97542],[-122.02829,37.97596],[-122.02832,37.97651],[-122.02843,37.97705],[-122.02867,37.97757],[-122.029,37.97805],[-122.02935,37.97852],[-122.0297,37.979],[-122.03002,37.97948],[-122.0303,37.97999],[-122.03054,37.9805],[-122.03076,37.98102],[-122.03099,37.98154],[-122.0312,37.98206],[-122.03142,37.98259],[-122.03164,37.98311],[-122.03186,37.98363],[-122.03209,37.98415],[-122.03231,37.98467],[-122.03253,37.98519],[-122.03275,37.98571],[-122.03297,37.98623],[-122.03317,37.98675],[-122.03335,37.98728],[-122.03349,37.98782],[-122.03358,37.98837],[-122.03362,37.98892],[-122.03362,37.98946],[-122.03356,37.99001],[-122.03346,37.99056],[-122.03331,37.99109],[-122.03311,37.99162],[-122.03287,37.99213],[-122.03258,37.99263],[-122.03225,37.99312],[-122.03191,37.99359],[-122.03156,37.99407],[-122.03121,37.99454],[-122.03087,37.99502],[-122.03053,37.9955],[-122.03018,37.99597],[-122.02983,37.99645],[-122.02949,37.99692],[-122.02914,37.9974],[-122.0288,37.99788],[-122.02846,37.99836],[-122.02812,37.99884],[-122.02777,37.99931],[-122.02743,37.99979],[-122.02708,38.00026],[-122.02671,38.00073],[-122.02634,38.0012],[-122.02596,38.00165],[-122.02559,38.00212],[-122.0252,38.00258],[-122.02482,38.00303],[-122.02444,38.00349],[-122.02407,38.00396],[-122.0237,38.00442],[-122.02331,38.00487],[-122.02294,38.00534],[-122.02255,38.0058],[-122.02218,38.00626],[-122.0218,38.00672],[-122.02143,38.00719],[-122.02106,38.00765],[-122.02069,38.00811],[-122.02031,38.00857],[-122.01991,38.00902],[-122.01945,38.00943],[-122.01893,38.00979],[-122.01835,38.0101],[-122.01774,38.01035],[-122.01708,38.01054],[-122.01641,38.01067],[-122.01573,38.01079],[-122.01505,38.0109],[-122.01437,38.01102],[-122.01369,38.01112],[-122.01301,38.01123],[-122.01233,38.01133],[-122.01165,38.01144],[-122.01097,38.01154],[-122.01028,38.01164],[-122.0096,38.01174],[-122.00892,38.01183],[-122.00823,38.01193],[-122.00755,38.01203],[-122.00687,38.01213],[-122.00619,38.01223],[-122.0055,38.01233],[-122.00482,38.01243],[-122.00414,38.01253],[-122.00346,38.01264],[-122.00278,38.01274],[-122.00209,38.01284],[-122.00141,38.01295],[-122.00073,38.01306],[-122.00005,38.01317],[-121.99937,38.01329],[-121.9987,38.01342],[-121.99803,38.01357],[-121.99738,38.01375],[-121.99673,38.01395],[-121.99609,38.01417],[-121.99547,38.01441],[-121.99486,38.01467],[-121.99426,38.01494],[-121.99367,38.01524],[-121.9931,38.01555],[-121.99255,38.01589],[-121.99201,38.01623],[-121.99147,38.01658],[-121.99093,38.01693],[-121.99039,38.01727],[-121.98984,38.01761],[-121.98928,38.01793],[-121.9887,38.01823],[-121.98811,38.01852],[-121.9875,38.01879],[-121.9869,38.01905],[-121.98629,38.01932],[-121.98568,38.01958],[-121.98507,38.01985],[-121.98447,38.02012],[-121.98386,38.02038],[-121.98324,38.02064],[-121.98264,38.0209],[-121.98203,38.02117],[-121.98143,38.02144],[-121.98082,38.0217],[-121.98021,38.02197],[-121.9796,38.02223],[-121.97899,38.02249],[-121.97837,38.02274],[-121.97774,38.02297],[-121.97709,38.02317],[-121.97643,38.02335],[-121.97577,38.0235],[-121.97509,38.02362],[-121.97441,38.02372],[-121.97372,38.02379],[-121.97303,38.02383],[-121.97233,38.02385],[-121.97164,38.02384],[-121.97095,38.0238],[-121.97026,38.02373],[-121.96957,38.02364],[-121.96889,38.02352],[-121.96822,38.0234],[-121.96754,38.02328],[-121.96686,38.02315],[-121.96619,38.02302],[-121.96551,38.0229],[-121.96484,38.02277],[-121.96416,38.02264],[-121.96349,38.02252],[-121.96281,38.02239],[-121.96214,38.02226],[-121.96146,38.02213],[-121.96079,38.022],[-121.96011,38.02188],[-121.95944,38.02175],[-121.95876,38.02162],[-121.95809,38.02149],[-121.95741,38.02135],[-121.95674,38.02122],[-121.95607,38.02109],[-121.9554,38.02095],[-121.95473,38.02079],[-121.95407,38.02062],[-121.95341,38.02044],[-121.95276,38.02025],[-121.95212,38.02005],[-121.95147,38.01984],[-121.95083,38.01964],[-121.95018,38.01945],[-121.94952,38.01927],[-121.94885,38.01912],[-121.94817,38.01902],[-121.94748,38.01896],[-121.94679,38.01892],[-121.94609,38.01891],[-121.9454,38.01891],[-121.94471,38.01891],[-121.94401,38.01892],[-121.94332,38.01892],[-121.94262,38.01892],[-121.94193,38.01892],[-121.94123,38.01892],[-121.94054,38.01892],[-121.93985,38.01893],[-121.93915,38.01894],[-121.93846,38.01894],[-121.93776,38.01894],[-121.93707,38.01894],[-121.93637,38.01893],[-121.93568,38.01893],[-121.93499,38.01894],[-121.93429,38.01894],[-121.9336,38.01893],[-121.9329,38.01894],[-121.93221,38.01894],[-121.93151,38.01894],[-121.93082,38.01894],[-121.93013,38.01895],[-121.92943,38.01896],[-121.92874,38.01899],[-121.92805,38.01904],[-121.92736,38.01911],[-121.92667,38.01919],[-121.92599,38.01929],[-121.92531,38.01941],[-121.92463,38.01952],[-121.92395,38.01964],[-121.92327,38.01975],[-121.92259,38.01985],[-121.92191,38.01994],[-121.92122,38.02001],[-121.92053,38.02006],[-121.91983,38.02009],[-121.91914,38.0201],[-121.91844,38.0201],[-121.91775,38.0201],[-121.91706,38.0201],[-121.91636,38.0201],[-121.91567,38.02009],[-121.91497,38.02009],[-121.91428,38.02008],[-121.91358,38.02007],[-121.91289,38.02006],[-121.9122,38.02005],[-121.9115,38.02006],[-121.91081,38.02006],[-121.91011,38.02005],[-121.90942,38.02005],[-121.90872,38.02004],[-121.90803,38.02004],[-121.90734,38.02003],[-121.90664,38.02002],[-121.90595,38.02001],[-121.90525,38.02],[-121.90456,38.01999],[-121.90387,38.01997],[-121.90317,38.01994],[-121.90248,38.01989],[-121.90179,38.01983],[-121.9011,38.01975],[-121.90042,38.01966],[-121.89974,38.01955],[-121.89906,38.01942],[-121.89839,38.01928],[-121.89773,38.01912],[-121.89707,38.01895],[-121.89641,38.01877],[-121.89576,38.01859],[-121.8951,38.0184],[-121.89445,38.01822],[-121.8938,38.01804],[-121.89314,38.01786],[-121.89248,38.01769],[-121.89182,38.01752],[-121.89115,38.01736],[-121.89049,38.0172],[-121.88983,38.01704],[-121.88916,38.01687],[-121.8885,38.01671],[-121.88783,38.01656],[-121.88717,38.0164],[-121.88651,38.01623],[-121.88584,38.01607],[-121.88518,38.01592],[-121.88451,38.01576],[-121.88385,38.0156],[-121.88319,38.01543],[-121.88252,38.01528],[-121.88185,38.01512],[-121.88119,38.01496],[-121.88052,38.01481],[-121.87986,38.01465],[-121.8792,38.01448],[-121.87853,38.01432],[-121.87787,38.01418],[-121.8772,38.01402],[-121.87654,38.01386],[-121.87587,38.01371],[-121.8752,38.01356],[-121.87453,38.01342],[-121.87386,38.01328],[-121.87319,38.01314],[-121.87252,38.013],[-121.87184,38.01286],[-121.87117,38.01273],[-121.8705,38.01259],[-121.86983,38.01245],[-121.86916,38.0123],[-121.86849,38.01215],[-121.86783,38.01199],[-121.86716,38.01183],[-121.8665,38.01167],[-121.86583,38.01151],[-121.86517,38.01135],[-121.86451,38.01119],[-121.86384,38.01104],[-121.86317,38.01088],[-121.86251,38.01073],[-121.86184,38.01057],[-121.86118,38.01041],[-121.86052,38.01024],[-121.85986,38.01007],[-121.8592,38.0099],[-121.85854,38.00972],[-121.85789,38.00954],[-121.85723,38.00936],[-121.85657,38.00918],[-121.85592,38.009],[-121.85526,38.00882],[-121.85461,38.00864],[-121.85395,38.00845],[-121.8533,38.00827],[-121.85265,38.00809],[-121.85199,38.0079],[-121.85134,38.00772],[-121.85068,38.00754],[-121.85002,38.00736],[-121.84937,38.00719],[-121.84871,38.00701],[-121.84805,38.00683],[-121.8474,38.00665],[-121.84674,38.00647],[-121.84609,38.00628],[-121.84543,38.0061],[-121.84478,38.00592],[-121.84413,38.00573],[-121.84347,38.00555],[-121.84282,38.00536],[-121.84217,38.00518],[-121.84151,38.00499],[-121.84086,38.00481],[-121.84021,38.00462],[-121.83955,38.00443],[-121.8389,38.00425],[-121.83825,38.00406],[-121.83759,38.00388],[-121.83694,38.00369],[-121.83629,38.00351],[-121.83563,38.00333],[-121.83498,38.00314],[-121.83432,38.00296],[-121.83367,38.00278],[-121.83301,38.0026],[-121.83236,38.00242],[-121.8317,38.00224],[-121.83104,38.00206],[-121.83039,38.00188],[-121.82973,38.00171],[-121.82907,38.00154],[-121.82841,38.00136],[-121.82775,38.00118],[-121.8271,38.001],[-121.82644,38.00082],[-121.82579,38.00064],[-121.82513,38.00046],[-121.82448,38.00028],[-121.82382,38.0001],[-121.82317,37.99991],[-121.82252,37.99973],[-121.82186,37.99954],[-121.82121,37.99935],[-121.82056,37.99916],[-121.81991,37.99898],[-121.81925,37.9988],[-121.81858,37.99864],[-121.81791,37.99851],[-121.81723,37.9984],[-121.81654,37.99832],[-121.81585,37.99827],[-121.81516,37.99825],[-121.81446,37.99824],[-121.81377,37.99823],[-121.81308,37.99823],[-121.81238,37.99823],[-121.81169,37.99823],[-121.81099,37.99823],[-121.8103,37.99823],[-121.80961,37.99823],[-121.80891,37.99824],[-121.80822,37.99824],[-121.80752,37.99824],[-121.80683,37.99824],[-121.80614,37.99825],[-121.80544,37.99825],[-121.80475,37.99825],[-121.80405,37.99825],[-121.80336,37.99826],[-121.80267,37.99826],[-121.80197,37.99826],[-121.80128,37.99826],[-121.80058,37.99826],[-121.79989,37.99825],[-121.7992,37.99825],[-121.7985,37.99824],[-121.79781,37.99821],[-121.79712,37.99816],[-121.79643,37.99808],[-121.79575,37.99798],[-121.79507,37.99787],[-121.79439,37.99776],[-121.79371,37.99765],[-121.79303,37.99754],[-121.79235,37.99742],[-121.79167,37.99731],[-121.79099,37.99719],[-121.79032,37.99707],[-121.78964,37.99695],[-121.78896,37.99683],[-121.78828,37.99671],[-121.78761,37.99659],[-121.78693,37.99648],[-121.78625,37.99636],[-121.78557,37.99624],[-121.78489,37.99612],[-121.78421,37.99601],[-121.78353,37.99591],[-121.78285,37.99581],[-121.78217,37.99569],[-121.78149,37.99558],[-121.78082,37.99546],[-121.78043,37.99539]]},"properties":{"routeId":"2","name":"Millbrae/SF Int'l SFO to Antioch","shortName":"Yellow-N","color":"#FFFF33","textColor":"#000000","system":"bart"}},{"type":"Feature","geometry":{"type":"LineString","coordinates":[[-122.21223,37.71325],[-122.21183,37.7137],[-122.21143,37.71415],[-122.21102,37.71459],[-122.2106,37.71502],[-122.21012,37.71542],[-122.20958,37.71577],[-122.209,37.71606],[-122.20837,37.71629],[-122.20773,37.71649],[-122.20708,37.71669],[-122.20644,37.7169],[-122.2058,37.71711],[-122.20517,37.71733],[-122.20454,37.71755],[-122.20394,37.71782],[-122.20337,37.71814],[-122.20286,37.71851],[-122.20239,37.71891],[-122.20196,37.71934],[-122.20155,37.71978],[-122.2012,37.72025],[-122.2009,37.72075],[-122.20065,37.72126],[-122.20047,37.72179],[-122.20037,37.72234],[-122.20035,37.72288],[-122.20039,37.72343],[-122.20036,37.72398],[-122.20017,37.72451],[-122.1998,37.72497],[-122.19952,37.72547],[-122.19955,37.72601],[-122.1997,37.72655],[-122.19988,37.72708],[-122.19998,37.72762],[-122.20003,37.72817],[-122.20005,37.72872],[-122.20005,37.72927],[-122.2,37.72982],[-122.19982,37.73034],[-122.19954,37.73085],[-122.19925,37.73135],[-122.19899,37.73185],[-122.19875,37.73237],[-122.19852,37.73289],[-122.19828,37.7334],[-122.19804,37.73392],[-122.1978,37.73443],[-122.19758,37.73495],[-122.19734,37.73547],[-122.1971,37.73599],[-122.19692,37.73651],[-122.19682,37.73706],[-122.19675,37.7376],[-122.1967,37.73815],[-122.19683,37.73869],[-122.19705,37.73921],[-122.19705,37.73975],[-122.19699,37.7403],[-122.19695,37.74085],[-122.19692,37.7414],[-122.19687,37.74195],[-122.19675,37.74249],[-122.19654,37.74301],[-122.19635,37.74354],[-122.19619,37.74407],[-122.19607,37.74461],[-122.19604,37.74516],[-122.19604,37.74571],[-122.196,37.74626],[-122.196,37.74681],[-122.19601,37.74737],[-122.19607,37.74791],[-122.1961,37.74847],[-122.19621,37.74903],[-122.19645,37.74954],[-122.19653,37.75007],[-122.19659,37.75061],[-122.19663,37.7511],[-122.19649,37.75153],[-122.19614,37.75189],[-122.1956,37.75233],[-122.19549,37.75306],[-122.19605,37.7536],[-122.19634,37.75387]]},"properties":{"routeId":"19","name":"Oakland Int'l Airport OAK to Coliseum","shortName":"Grey-N","color":"#B0BEC7","textColor":"#000000","system":"bart"}},{"type":"Feature","geometry":{"type":"LineString","coordinates":[[-122.35378,37.93643],[-122.3537,37.93632],[-122.35329,37.93588],[-122.35288,37.93542],[-122.35244,37.93497],[-122.35199,37.93453],[-122.35151,37.9341],[-122.35101,37.93368],[-122.35052,37.93329],[-122.35002,37.93289],[-122.3495,37.9325],[-122.34895,37.9321],[-122.34835,37.93174],[-122.34769,37.9314],[-122.34698,37.93113],[-122.34622,37.93092],[-122.34543,37.93079],[-122.34467,37.93075],[-122.34395,37.93073],[-122.34324,37.93073],[-122.34254,37.93073],[-122.34184,37.93073],[-122.34115,37.93074],[-122.34046,37.93074],[-122.33976,37.93074],[-122.33907,37.93075],[-122.33837,37.93075],[-122.33768,37.93076],[-122.33699,37.93076],[-122.33629,37.93077],[-122.33561,37.93077],[-122.33492,37.93077],[-122.33422,37.93077],[-122.33353,37.93077],[-122.33285,37.93077],[-122.33216,37.93076],[-122.33147,37.93075],[-122.33078,37.93074],[-122.33008,37.93073],[-122.32941,37.93071],[-122.32872,37.93068],[-122.32801,37.93066],[-122.32733,37.93064],[-122.32665,37.93061],[-122.32597,37.93058],[-122.32532,37.93053],[-122.32469,37.93046],[-122.32408,37.93034],[-122.3235,37.93019],[-122.32293,37.93],[-122.32239,37.92977],[-122.32188,37.9295],[-122.3214,37.92919],[-122.32097,37.92885],[-122.32056,37.92847],[-122.32018,37.92807],[-122.31982,37.92763],[-122.31945,37.92717],[-122.31909,37.92671],[-122.31873,37.92624],[-122.31836,37.92578],[-122.318,37.92531],[-122.31764,37.92484],[-122.31728,37.92437],[-122.3169,37.92389],[-122.31654,37.92344],[-122.31618,37.92297],[-122.31581,37.9225],[-122.31545,37.92204],[-122.31508,37.92157],[-122.31472,37.9211],[-122.31435,37.92064],[-122.31399,37.92017],[-122.31362,37.9197],[-122.31326,37.91923],[-122.3129,37.91877],[-122.31253,37.9183],[-122.31217,37.91783],[-122.3118,37.91736],[-122.31144,37.9169],[-122.31107,37.91643],[-122.31071,37.91596],[-122.31034,37.9155],[-122.30998,37.91503],[-122.3096,37.91455],[-122.30923,37.91409],[-122.30886,37.91362],[-122.30849,37.91316],[-122.30812,37.9127],[-122.30775,37.91223],[-122.30737,37.91177],[-122.307,37.91131],[-122.30662,37.91085],[-122.30625,37.91039],[-122.30587,37.90992],[-122.30549,37.90945],[-122.30511,37.909],[-122.30474,37.90854],[-122.30436,37.90807],[-122.30398,37.90762],[-122.30361,37.90716],[-122.30324,37.9067],[-122.30286,37.90623],[-122.30249,37.90577],[-122.30211,37.9053],[-122.30173,37.90484],[-122.30135,37.90439],[-122.30098,37.90393],[-122.3006,37.90347],[-122.30024,37.90301],[-122.29988,37.90254],[-122.2995,37.90207],[-122.29912,37.90161],[-122.29875,37.90115],[-122.29839,37.90069],[-122.29803,37.90023],[-122.2977,37.89977],[-122.2974,37.89932],[-122.29712,37.89884],[-122.29688,37.89836],[-122.29665,37.89788],[-122.29646,37.89738],[-122.29628,37.89686],[-122.29611,37.89633],[-122.29594,37.8958],[-122.29577,37.89528],[-122.2956,37.89474],[-122.29543,37.8942],[-122.29526,37.89368],[-122.2951,37.89314],[-122.29493,37.89261],[-122.29477,37.89208],[-122.2946,37.89154],[-122.29443,37.891],[-122.29426,37.89047],[-122.29409,37.88995],[-122.29392,37.88941],[-122.29375,37.88887],[-122.29358,37.88834],[-122.29341,37.88782],[-122.29324,37.88728],[-122.29307,37.88674],[-122.29288,37.88621],[-122.2927,37.88568],[-122.29252,37.88514],[-122.29233,37.88459],[-122.2921,37.88405],[-122.29186,37.88352],[-122.29162,37.88301],[-122.29138,37.88249],[-122.29116,37.88199],[-122.29093,37.88147],[-122.2907,37.88095],[-122.29047,37.88043],[-122.29024,37.87991],[-122.29001,37.87939],[-122.28977,37.87887],[-122.28953,37.87835],[-122.2893,37.87783],[-122.28906,37.87732],[-122.28881,37.87678],[-122.28852,37.87623],[-122.28811,37.87567],[-122.28757,37.87516],[-122.28695,37.87473],[-122.28628,37.8744],[-122.28565,37.87413],[-122.28504,37.87387],[-122.28443,37.87361],[-122.28382,37.87335],[-122.2832,37.87308],[-122.28257,37.87283],[-122.28192,37.87257],[-122.28121,37.87233],[-122.28042,37.87216],[-122.2796,37.87209],[-122.27881,37.87211],[-122.27807,37.87218],[-122.27739,37.87226],[-122.27669,37.87234],[-122.276,37.87244],[-122.27532,37.87253],[-122.27463,37.87262],[-122.27395,37.87271],[-122.27326,37.8728],[-122.27257,37.8729],[-122.27191,37.87298],[-122.27126,37.87306],[-122.27072,37.87309],[-122.27025,37.87302],[-122.26986,37.87287],[-122.26953,37.87263],[-122.26931,37.87231],[-122.26919,37.87191],[-122.26912,37.87142],[-122.26906,37.87088],[-122.269,37.87034],[-122.26895,37.8698],[-122.26889,37.86924],[-122.26883,37.86869],[-122.26876,37.86814],[-122.2687,37.8676],[-122.26863,37.86704],[-122.26856,37.86649],[-122.26849,37.86595],[-122.26842,37.8654],[-122.26834,37.86485],[-122.26826,37.86431],[-122.26819,37.86376],[-122.26812,37.86323],[-122.26806,37.86269],[-122.26801,37.86215],[-122.26798,37.86163],[-122.26799,37.86112],[-122.26804,37.86062],[-122.26812,37.86011],[-122.26824,37.85961],[-122.26841,37.8591],[-122.26858,37.85858],[-122.26878,37.85806],[-122.26897,37.85754],[-122.26917,37.85701],[-122.26937,37.85648],[-122.26957,37.85596],[-122.26977,37.85543],[-122.26997,37.85491],[-122.27017,37.85438],[-122.27037,37.85387],[-122.27058,37.85334],[-122.27078,37.85282],[-122.27099,37.85229],[-122.27119,37.85177],[-122.2714,37.85123],[-122.27159,37.85071],[-122.27179,37.85015],[-122.27195,37.84958],[-122.27207,37.84899],[-122.27213,37.84839],[-122.27213,37.84779],[-122.27209,37.8472],[-122.272,37.84663],[-122.27189,37.84607],[-122.27178,37.84552],[-122.27167,37.84499],[-122.27157,37.84444],[-122.27145,37.84389],[-122.27134,37.84335],[-122.27123,37.84281],[-122.27112,37.84227],[-122.27099,37.84173],[-122.27087,37.84119],[-122.27074,37.84064],[-122.2706,37.8401],[-122.27044,37.83955],[-122.27026,37.839],[-122.27003,37.83844],[-122.26974,37.83789],[-122.26938,37.83736],[-122.26895,37.83688],[-122.2685,37.83644],[-122.26804,37.83601],[-122.26761,37.8356],[-122.26722,37.83518],[-122.26691,37.83472],[-122.26667,37.83423],[-122.2665,37.83371],[-122.2664,37.83319],[-122.26642,37.83265],[-122.26652,37.83211],[-122.2666,37.83157],[-122.2667,37.83102],[-122.26679,37.83047],[-122.26689,37.82993],[-122.26701,37.82939],[-122.26711,37.82885],[-122.26721,37.8283],[-122.26732,37.82776],[-122.26744,37.82722],[-122.26757,37.82668],[-122.26772,37.82614],[-122.26787,37.82561],[-122.26804,37.82508],[-122.26822,37.82455],[-122.26839,37.82401],[-122.26855,37.82348],[-122.26871,37.82294],[-122.26885,37.82241],[-122.269,37.82187],[-122.26915,37.82133],[-122.26932,37.8208],[-122.26948,37.82027],[-122.26962,37.81973],[-122.26976,37.81919],[-122.26991,37.81866],[-122.27006,37.81812],[-122.27021,37.81758],[-122.27037,37.81705],[-122.27055,37.81652],[-122.27072,37.81599],[-122.27085,37.81545],[-122.2709,37.8149],[-122.27087,37.81435],[-122.27074,37.81381],[-122.27051,37.81329],[-122.27019,37.81281],[-122.2698,37.81236],[-122.26933,37.81195],[-122.26884,37.81157],[-122.26836,37.81116],[-122.26797,37.81072],[-122.26777,37.81019],[-122.26786,37.80965],[-122.26811,37.80914],[-122.26841,37.80864],[-122.26873,37.80816],[-122.26902,37.80766],[-122.26931,37.80716],[-122.2696,37.80666],[-122.26989,37.80615],[-122.27016,37.80565],[-122.27043,37.80515],[-122.27069,37.80464],[-122.27094,37.80412],[-122.27117,37.8036],[-122.27137,37.80307],[-122.2716,37.80253],[-122.27181,37.80205],[-122.27184,37.80166],[-122.27171,37.80136],[-122.27147,37.80116],[-122.27114,37.80103],[-122.27064,37.80091],[-122.27001,37.80077],[-122.26934,37.80058],[-122.26867,37.80039],[-122.268,37.80017],[-122.26734,37.79992],[-122.26665,37.79965],[-122.266,37.79933],[-122.26541,37.79902],[-122.26484,37.79872],[-122.26426,37.79841],[-122.26377,37.79815],[-122.26319,37.79783],[-122.26261,37.79751],[-122.26201,37.79716],[-122.26141,37.79678],[-122.26083,37.79639],[-122.26028,37.79598],[-122.25976,37.79556],[-122.25928,37.79517],[-122.2588,37.79479],[-122.25832,37.79441],[-122.25786,37.79405],[-122.25739,37.79371],[-122.25692,37.79339],[-122.25644,37.7931],[-122.25594,37.79283],[-122.25542,37.79258],[-122.2549,37.79235],[-122.25434,37.79214],[-122.25377,37.79195],[-122.25314,37.79175],[-122.2525,37.79155],[-122.25182,37.79134],[-122.25112,37.7911],[-122.25045,37.79084],[-122.2498,37.79057],[-122.24918,37.7903],[-122.24858,37.79004],[-122.24797,37.78979],[-122.24736,37.78953],[-122.24675,37.78927],[-122.24613,37.789],[-122.24551,37.78873],[-122.2449,37.78846],[-122.24427,37.78817],[-122.24366,37.78788],[-122.24304,37.78758],[-122.24248,37.7873],[-122.2419,37.78702],[-122.24129,37.78673],[-122.24068,37.78643],[-122.24009,37.78613],[-122.23948,37.78582],[-122.23888,37.78549],[-122.23829,37.78516],[-122.23771,37.78482],[-122.23717,37.78449],[-122.23661,37.78416],[-122.23605,37.78382],[-122.2355,37.78349],[-122.23494,37.78316],[-122.23436,37.7828],[-122.23379,37.78242],[-122.23323,37.78203],[-122.23268,37.78162],[-122.23218,37.78121],[-122.2317,37.78082],[-122.23125,37.78047],[-122.23078,37.78014],[-122.23032,37.77983],[-122.22983,37.77955],[-122.22929,37.77926],[-122.22873,37.77897],[-122.22816,37.77868],[-122.22757,37.77839],[-122.22699,37.77808],[-122.22641,37.77779],[-122.2258,37.77748],[-122.2252,37.77715],[-122.22461,37.77682],[-122.22404,37.77649],[-122.22348,37.77616],[-122.22293,37.77583],[-122.22237,37.77552],[-122.22181,37.77519],[-122.22128,37.77488],[-122.22074,37.77459],[-122.22019,37.77431],[-122.21963,37.77403],[-122.21906,37.77376],[-122.21846,37.77348],[-122.21785,37.77319],[-122.2172,37.77287],[-122.21657,37.77251],[-122.21595,37.77212],[-122.21536,37.77171],[-122.2148,37.77127],[-122.21427,37.7708],[-122.2138,37.77034],[-122.21336,37.76989],[-122.21293,37.76945],[-122.21251,37.76902],[-122.2121,37.76858],[-122.21171,37.76819],[-122.21129,37.76781],[-122.21084,37.76741],[-122.21038,37.76701],[-122.20993,37.76662],[-122.20945,37.76622],[-122.20898,37.76582],[-122.20851,37.76543],[-122.20803,37.76504],[-122.20754,37.76464],[-122.20707,37.76424],[-122.20658,37.76385],[-122.20611,37.76344],[-122.20564,37.76305],[-122.20516,37.76266],[-122.20467,37.76225],[-122.2042,37.76185],[-122.20373,37.76146],[-122.20324,37.76107],[-122.20276,37.76067],[-122.20228,37.76028],[-122.20178,37.75988],[-122.2013,37.75949],[-122.2008,37.7591],[-122.20031,37.75872],[-122.19981,37.75834],[-122.19931,37.75797],[-122.19879,37.75758],[-122.19828,37.7572],[-122.19776,37.7568],[-122.19727,37.75641],[-122.19681,37.75607],[-122.19632,37.7557],[-122.1958,37.7553],[-122.19532,37.75491],[-122.19484,37.75452],[-122.19436,37.75411],[-122.19389,37.7537],[-122.19347,37.7533],[-122.19302,37.75291],[-122.19257,37.75249],[-122.1921,37.75207],[-122.19165,37.75164],[-122.1912,37.75123],[-122.19074,37.75079],[-122.1903,37.75037],[-122.18984,37.74995],[-122.18939,37.74953],[-122.18893,37.74912],[-122.18847,37.74871],[-122.188,37.7483],[-122.18753,37.74789],[-122.18707,37.7475],[-122.1866,37.74709],[-122.18612,37.74669],[-122.18566,37.74629],[-122.18518,37.74589],[-122.1847,37.74549],[-122.18424,37.74509],[-122.18376,37.74469],[-122.18329,37.74429],[-122.18281,37.74389],[-122.18234,37.74349],[-122.18186,37.74309],[-122.18139,37.74269],[-122.18092,37.7423],[-122.18045,37.74191],[-122.17996,37.74151],[-122.17948,37.7411],[-122.17901,37.7407],[-122.17854,37.74031],[-122.17806,37.73992],[-122.17758,37.73952],[-122.17712,37.73914],[-122.17662,37.73875],[-122.17613,37.73834],[-122.17567,37.73796],[-122.17516,37.73756],[-122.17468,37.73715],[-122.1742,37.73676],[-122.17373,37.73636],[-122.17325,37.73597],[-122.17277,37.73556],[-122.17229,37.73516],[-122.17182,37.73476],[-122.17134,37.73436],[-122.17087,37.73396],[-122.17039,37.73356],[-122.16992,37.73316],[-122.16945,37.73277],[-122.16898,37.73238],[-122.16849,37.73197],[-122.16802,37.73157],[-122.16754,37.73117],[-122.16707,37.73077],[-122.16659,37.73037],[-122.16611,37.72997],[-122.16565,37.72957],[-122.16517,37.72917],[-122.16469,37.72877],[-122.16421,37.72836],[-122.16374,37.72795],[-122.16325,37.72752],[-122.16276,37.72706],[-122.16229,37.72657],[-122.16185,37.72608],[-122.16144,37.72557],[-122.16107,37.72506],[-122.16072,37.72456],[-122.16038,37.72407],[-122.16006,37.7236],[-122.15971,37.72311],[-122.15938,37.72261],[-122.15906,37.72214],[-122.15873,37.72166],[-122.15841,37.72119],[-122.15809,37.72074],[-122.15779,37.72035],[-122.15747,37.72002],[-122.15711,37.71971],[-122.15665,37.71938],[-122.15616,37.71902],[-122.15565,37.71868],[-122.15511,37.71832],[-122.15459,37.71795],[-122.15407,37.71759],[-122.15355,37.71723],[-122.15303,37.71688],[-122.1525,37.71652],[-122.15198,37.71615],[-122.15146,37.7158],[-122.15093,37.71544],[-122.15041,37.71507],[-122.1499,37.71472],[-122.14937,37.71437],[-122.14884,37.71401],[-122.14831,37.71365],[-122.14779,37.71329],[-122.14726,37.71293],[-122.14675,37.71257],[-122.14623,37.71222],[-122.14569,37.71186],[-122.14517,37.71149],[-122.14465,37.71114],[-122.14412,37.71078],[-122.1436,37.71041],[-122.14308,37.71005],[-122.14256,37.70969],[-122.14204,37.70934],[-122.14151,37.70898],[-122.14099,37.70861],[-122.14047,37.70825],[-122.13995,37.70789],[-122.13943,37.70753],[-122.13891,37.70718],[-122.13838,37.70681],[-122.13785,37.70644],[-122.13734,37.70608],[-122.13682,37.70572],[-122.1363,37.70536],[-122.13578,37.705],[-122.13526,37.70465],[-122.13473,37.70429],[-122.13421,37.70392],[-122.13369,37.70356],[-122.13317,37.70321],[-122.13264,37.70285],[-122.13212,37.70248],[-122.1316,37.70212],[-122.13109,37.70177],[-122.13056,37.70142],[-122.13003,37.70106],[-122.1295,37.7007],[-122.12899,37.70034],[-122.12848,37.7],[-122.12797,37.69967],[-122.12744,37.69934],[-122.12686,37.69897],[-122.12631,37.6986],[-122.12578,37.69823],[-122.12526,37.69787],[-122.12475,37.69751],[-122.12425,37.69717],[-122.12369,37.69681],[-122.12316,37.69642],[-122.12267,37.69608],[-122.12214,37.69573],[-122.12159,37.69535],[-122.12108,37.69498],[-122.12058,37.69464],[-122.12007,37.69429],[-122.11953,37.69393],[-122.11899,37.69356],[-122.11847,37.69318],[-122.11798,37.69284],[-122.11746,37.69248],[-122.11693,37.6921],[-122.11643,37.69174],[-122.11591,37.69136],[-122.11542,37.69098],[-122.11488,37.69058],[-122.11439,37.69014],[-122.11395,37.68976],[-122.11349,37.68937],[-122.11302,37.68898],[-122.11254,37.68859],[-122.11205,37.68819],[-122.11157,37.68778],[-122.11109,37.6874],[-122.11061,37.687],[-122.11011,37.68661],[-122.10962,37.68622],[-122.10913,37.68584],[-122.10863,37.68546],[-122.10812,37.68509],[-122.10762,37.68472],[-122.1071,37.68435],[-122.10659,37.68397],[-122.10608,37.68361],[-122.10556,37.68325],[-122.10504,37.68289],[-122.10452,37.68253],[-122.104,37.68217],[-122.10348,37.68181],[-122.10296,37.68145],[-122.10243,37.68109],[-122.10191,37.68073],[-122.10139,37.68037],[-122.10087,37.68001],[-122.10035,37.67965],[-122.09982,37.67929],[-122.0993,37.67893],[-122.09878,37.67857],[-122.09825,37.67821],[-122.09773,37.67785],[-122.09722,37.67749],[-122.09669,37.67714],[-122.09616,37.67678],[-122.09563,37.67642],[-122.09512,37.67606],[-122.09459,37.67571],[-122.09407,37.67535],[-122.09354,37.675],[-122.093,37.67464],[-122.09249,37.67428],[-122.09196,37.67393],[-122.09143,37.67357],[-122.09091,37.67323],[-122.09038,37.67287],[-122.08986,37.67252],[-122.08933,37.67218],[-122.08878,37.67183],[-122.08824,37.67147],[-122.08771,37.67111],[-122.08719,37.67075],[-122.08666,37.67039],[-122.08615,37.67003],[-122.08562,37.66968],[-122.08509,37.66932],[-122.08457,37.66896],[-122.08405,37.66859],[-122.08351,37.66822],[-122.083,37.66783],[-122.08247,37.66742],[-122.08199,37.66697],[-122.08154,37.66651],[-122.08111,37.66603],[-122.08073,37.66556],[-122.08036,37.6651],[-122.07999,37.66463],[-122.07962,37.66417],[-122.07925,37.6637],[-122.07889,37.66324],[-122.07851,37.66276],[-122.07816,37.6623],[-122.07779,37.66184],[-122.07743,37.66137],[-122.07706,37.66091],[-122.07669,37.66043],[-122.07633,37.65997],[-122.07596,37.65951],[-122.0756,37.65903],[-122.07523,37.65857],[-122.07487,37.65811],[-122.0745,37.65763],[-122.07413,37.65716],[-122.07378,37.65671],[-122.07341,37.65624],[-122.07305,37.65578],[-122.07268,37.6553],[-122.07232,37.65484],[-122.07195,37.65438],[-122.07159,37.6539],[-122.07122,37.65344],[-122.07086,37.65298],[-122.07049,37.6525],[-122.07013,37.65204],[-122.06976,37.65158],[-122.0694,37.6511],[-122.06903,37.65064],[-122.06867,37.65018],[-122.0683,37.64971],[-122.06794,37.64925],[-122.06757,37.64877],[-122.06721,37.64831],[-122.06684,37.64785],[-122.06648,37.64738],[-122.06611,37.64692],[-122.06574,37.64644],[-122.06538,37.64598],[-122.06501,37.64552],[-122.06465,37.64505],[-122.06428,37.64459],[-122.06392,37.64411],[-122.06355,37.64365],[-122.06318,37.64319],[-122.06282,37.64272],[-122.06245,37.64226],[-122.06208,37.64179],[-122.06172,37.64133],[-122.06135,37.64086],[-122.06098,37.6404],[-122.06061,37.63993],[-122.06025,37.63947],[-122.05988,37.639],[-122.05951,37.63855],[-122.05913,37.63808],[-122.05876,37.63761],[-122.05839,37.63715],[-122.05802,37.63669],[-122.05765,37.63621],[-122.05729,37.63575],[-122.05692,37.63529],[-122.05656,37.63481],[-122.05619,37.63435],[-122.05583,37.63389],[-122.05546,37.63342],[-122.05509,37.63296],[-122.05473,37.63249],[-122.05436,37.63203],[-122.05399,37.63155],[-122.05363,37.63108],[-122.05327,37.6306],[-122.05291,37.6301],[-122.05258,37.62958],[-122.05228,37.62906],[-122.052,37.62855],[-122.05174,37.62803],[-122.05149,37.62751],[-122.05124,37.627],[-122.05099,37.62648],[-122.05073,37.62597],[-122.05049,37.62546],[-122.05025,37.62494],[-122.05,37.62443],[-122.04975,37.62392],[-122.0495,37.62341],[-122.04925,37.62291],[-122.04899,37.62242],[-122.04871,37.62194],[-122.04842,37.62148],[-122.0481,37.62105],[-122.04774,37.62061],[-122.04736,37.62019],[-122.04695,37.61979],[-122.04651,37.61938],[-122.04606,37.61899],[-122.04559,37.61858],[-122.04512,37.61817],[-122.04466,37.61776],[-122.04421,37.61735],[-122.04374,37.61695],[-122.04328,37.61654],[-122.04281,37.61613],[-122.04235,37.61573],[-122.04188,37.61533],[-122.04142,37.61493],[-122.04094,37.61452],[-122.04048,37.61411],[-122.04001,37.61371],[-122.03955,37.6133],[-122.03908,37.61289],[-122.03862,37.61249],[-122.03815,37.61208],[-122.03769,37.61167],[-122.03723,37.61125],[-122.03677,37.61083],[-122.03632,37.6104],[-122.03587,37.60997],[-122.03543,37.60954],[-122.035,37.60911],[-122.03458,37.60868],[-122.03415,37.60825],[-122.03372,37.6078],[-122.03329,37.60737],[-122.03287,37.60693],[-122.03245,37.6065],[-122.03203,37.60606],[-122.03161,37.60562],[-122.0312,37.60519],[-122.03078,37.60474],[-122.03037,37.6043],[-122.02995,37.60386],[-122.02954,37.60342],[-122.02912,37.60298],[-122.02871,37.60254],[-122.0283,37.6021],[-122.02788,37.60167],[-122.02746,37.60123],[-122.02705,37.6008],[-122.02664,37.60036],[-122.02622,37.59994],[-122.02579,37.59954],[-122.02534,37.59914],[-122.02489,37.59873],[-122.02442,37.59833],[-122.02395,37.59792],[-122.02348,37.5975],[-122.02303,37.59709],[-122.02256,37.59665],[-122.02211,37.59619],[-122.0217,37.59572],[-122.0213,37.59527],[-122.02092,37.59481],[-122.02055,37.59437],[-122.02016,37.59396],[-122.01975,37.59357],[-122.0193,37.59319],[-122.01883,37.59281],[-122.01834,37.59243],[-122.01785,37.59206],[-122.01735,37.5917],[-122.01683,37.59133],[-122.01632,37.59097],[-122.0158,37.59058],[-122.0153,37.59021],[-122.01479,37.58983],[-122.01429,37.58945],[-122.01379,37.58908],[-122.01328,37.5887],[-122.01278,37.58831],[-122.01229,37.58793],[-122.01179,37.58756],[-122.01129,37.58718],[-122.01079,37.5868],[-122.01029,37.58641],[-122.0098,37.58603],[-122.0093,37.58565],[-122.0088,37.58526],[-122.0083,37.58488],[-122.00781,37.5845],[-122.00731,37.58413],[-122.00681,37.58374],[-122.00632,37.58336],[-122.00582,37.58299],[-122.00532,37.58261],[-122.00482,37.58222],[-122.00433,37.58184],[-122.00383,37.58147],[-122.00333,37.58109],[-122.00283,37.58071],[-122.00233,37.58032],[-122.00183,37.57994],[-122.00134,37.57955],[-122.00084,37.57917],[-122.00035,37.57879],[-121.99985,37.57841],[-121.99935,37.57803],[-121.99885,37.57764],[-121.99837,37.57726],[-121.99787,37.57688],[-121.99737,37.5765],[-121.99688,37.57611],[-121.99638,37.57573],[-121.99589,37.57535],[-121.99539,37.57498],[-121.99489,37.5746],[-121.99439,37.57422],[-121.99389,37.57383],[-121.99339,37.57345],[-121.99289,37.57306],[-121.99241,37.57268],[-121.99191,37.57231],[-121.99141,37.57193],[-121.99091,37.57154],[-121.9904,37.57115],[-121.98991,37.57074],[-121.98942,37.57033],[-121.98896,37.56989],[-121.98851,37.56946],[-121.98807,37.569],[-121.98766,37.56853],[-121.98727,37.56806],[-121.98689,37.56761],[-121.98651,37.56715],[-121.98612,37.56668],[-121.98576,37.56622],[-121.98538,37.56578],[-121.985,37.56532],[-121.98462,37.56489],[-121.98422,37.56448],[-121.98379,37.56407],[-121.98335,37.56367],[-121.98289,37.56327],[-121.98242,37.56285],[-121.98197,37.56244],[-121.98151,37.56204],[-121.98105,37.56163],[-121.98059,37.56124],[-121.98012,37.56085],[-121.97966,37.56049],[-121.97916,37.56013],[-121.97865,37.55976],[-121.97814,37.5594],[-121.97762,37.55903],[-121.97711,37.55868],[-121.97659,37.55833],[-121.97605,37.55797],[-121.97553,37.55761],[-121.975,37.55725],[-121.97449,37.55689],[-121.974,37.55656],[-121.97349,37.55627],[-121.97296,37.55601],[-121.97241,37.5558],[-121.97185,37.55562],[-121.97125,37.5555],[-121.97063,37.55541],[-121.96998,37.55534],[-121.9693,37.55528],[-121.96863,37.55523],[-121.96793,37.55518],[-121.96722,37.55511],[-121.96652,37.55504],[-121.96578,37.55493],[-121.96506,37.55477],[-121.96433,37.55458],[-121.96364,37.55432],[-121.96299,37.55404],[-121.96235,37.55373],[-121.96174,37.55336],[-121.96118,37.55295],[-121.96066,37.55253],[-121.96019,37.5521],[-121.95974,37.55167],[-121.9593,37.55124],[-121.95886,37.55081],[-121.95843,37.55038],[-121.95799,37.54996],[-121.95755,37.54953],[-121.95713,37.54909],[-121.95668,37.54862],[-121.95628,37.54811],[-121.95592,37.54759],[-121.95561,37.54705],[-121.95534,37.5465],[-121.95512,37.54594],[-121.95494,37.54536],[-121.95481,37.54481],[-121.95468,37.54427],[-121.95454,37.54372],[-121.95442,37.54318],[-121.9543,37.54264],[-121.95418,37.54211],[-121.95405,37.54157],[-121.95392,37.54103],[-121.95379,37.5405],[-121.95365,37.53995],[-121.95353,37.53939],[-121.95342,37.53884],[-121.95333,37.53828],[-121.95325,37.53771],[-121.9532,37.53714],[-121.95316,37.5366],[-121.95312,37.53604],[-121.95309,37.53549],[-121.95305,37.53494],[-121.95302,37.53439],[-121.95299,37.53384],[-121.95296,37.53329],[-121.95292,37.53275],[-121.95289,37.53221],[-121.95284,37.53166],[-121.9528,37.53112],[-121.95274,37.53058],[-121.95269,37.53005],[-121.9526,37.52955],[-121.95247,37.52907],[-121.95229,37.52858],[-121.95207,37.52809],[-121.95182,37.52759],[-121.95156,37.52708],[-121.9513,37.52657],[-121.95105,37.52606],[-121.95079,37.52555],[-121.95053,37.52504],[-121.95028,37.52453],[-121.95002,37.52402],[-121.94976,37.52351],[-121.9495,37.52301],[-121.94924,37.5225],[-121.94898,37.52199],[-121.94872,37.52148],[-121.94846,37.52097],[-121.9482,37.52046],[-121.94795,37.51996],[-121.94768,37.51946],[-121.94741,37.51894],[-121.94715,37.51843],[-121.94689,37.51792],[-121.94663,37.51741],[-121.94638,37.51691],[-121.94611,37.51641],[-121.94584,37.51589],[-121.94558,37.51539],[-121.94532,37.51488],[-121.94506,37.51438],[-121.94478,37.51387],[-121.94453,37.51336],[-121.94426,37.51286],[-121.94399,37.51235],[-121.94372,37.51184],[-121.94347,37.51133],[-121.9432,37.51083],[-121.94292,37.51032],[-121.94267,37.50981],[-121.9424,37.50931],[-121.94213,37.5088],[-121.94186,37.5083],[-121.94159,37.50779],[-121.94132,37.5073],[-121.94105,37.5068],[-121.94076,37.50632],[-121.94047,37.50583],[-121.94016,37.50534],[-121.93984,37.50484],[-121.93954,37.50432],[-121.93927,37.50381],[-121.93899,37.5033],[-121.93873,37.50278],[-121.93847,37.50227],[-121.93821,37.50176],[-121.93795,37.50126],[-121.93769,37.50076],[-121.93742,37.50025],[-121.93717,37.49974],[-121.9369,37.49924],[-121.93664,37.49873],[-121.93637,37.49823],[-121.93609,37.49772],[-121.93583,37.4972],[-121.93557,37.49669],[-121.93532,37.49617],[-121.93507,37.49566],[-121.93482,37.49513],[-121.93458,37.49462],[-121.93435,37.49411],[-121.9341,37.49361],[-121.93384,37.49311],[-121.93357,37.49262],[-121.9333,37.49211],[-121.93303,37.49161],[-121.93275,37.49111],[-121.93248,37.49059],[-121.93221,37.49009],[-121.93194,37.48958],[-121.93167,37.48909],[-121.93139,37.48858],[-121.93112,37.48807],[-121.93085,37.48756],[-121.93058,37.48707],[-121.9303,37.48656],[-121.93003,37.48605],[-121.92976,37.48554],[-121.92949,37.48503],[-121.92923,37.48452],[-121.92898,37.484],[-121.92873,37.48348],[-121.92848,37.48297],[-121.92823,37.48246],[-121.92798,37.48195],[-121.92773,37.48144],[-121.92748,37.48092],[-121.92723,37.48041],[-121.92698,37.4799],[-121.92673,37.47939],[-121.92648,37.47888],[-121.92623,37.47836],[-121.92598,37.47785],[-121.92573,37.47734],[-121.92548,37.47683],[-121.92523,37.47632],[-121.92498,37.4758],[-121.92473,37.47529],[-121.92448,37.47478],[-121.92423,37.47427],[-121.92398,37.47376],[-121.92373,37.47325],[-121.92348,37.47273],[-121.92323,37.47222],[-121.92298,37.47171],[-121.92273,37.4712],[-121.92248,37.4707],[-121.92222,37.47019],[-121.92196,37.46968],[-121.9217,37.46917],[-121.92145,37.46867],[-121.92118,37.46816],[-121.92091,37.46765],[-121.92065,37.46714],[-121.92039,37.46663],[-121.92013,37.46612],[-121.91987,37.46561],[-121.91961,37.4651],[-121.91935,37.4646],[-121.91909,37.46409],[-121.91883,37.46358],[-121.91858,37.46308],[-121.91831,37.46257],[-121.91804,37.46205],[-121.91778,37.46155],[-121.91752,37.46104],[-121.91726,37.46053],[-121.917,37.46002],[-121.91674,37.45951],[-121.91648,37.459],[-121.91622,37.4585],[-121.91596,37.45799],[-121.9157,37.45748],[-121.91544,37.45697],[-121.91518,37.45646],[-121.91493,37.45596],[-121.91466,37.45545],[-121.91439,37.45494],[-121.91413,37.45443],[-121.91387,37.45392],[-121.91361,37.45341],[-121.91335,37.4529],[-121.91309,37.45239],[-121.91284,37.4519],[-121.91257,37.45139],[-121.9123,37.45089],[-121.91203,37.45038],[-121.91176,37.44987],[-121.91149,37.44935],[-121.91123,37.44885],[-121.91097,37.44834],[-121.91071,37.44783],[-121.91045,37.44732],[-121.9102,37.44682],[-121.90993,37.44631],[-121.90966,37.4458],[-121.9094,37.44529],[-121.90914,37.44478],[-121.90888,37.44427],[-121.90862,37.44376],[-121.90836,37.44325],[-121.9081,37.44275],[-121.90784,37.44224],[-121.90758,37.44173],[-121.90733,37.44123],[-121.90706,37.44072],[-121.90679,37.44023],[-121.90651,37.43973],[-121.90623,37.43922],[-121.90595,37.43872],[-121.90567,37.43822],[-121.90539,37.43772],[-121.90511,37.43722],[-121.90484,37.43671],[-121.90456,37.43621],[-121.90428,37.43571],[-121.904,37.43521],[-121.90372,37.4347],[-121.90344,37.4342],[-121.90316,37.4337],[-121.90288,37.4332],[-121.9026,37.4327],[-121.90233,37.43219],[-121.90205,37.43169],[-121.90177,37.43119],[-121.90149,37.43069],[-121.90121,37.43018],[-121.90093,37.42968],[-121.90065,37.42918],[-121.90037,37.42868],[-121.9001,37.42817],[-121.89982,37.42767],[-121.89954,37.42717],[-121.89926,37.42667],[-121.89898,37.42617],[-121.8987,37.42566],[-121.89842,37.42516],[-121.89814,37.42466],[-121.89787,37.42416],[-121.89759,37.42365],[-121.89731,37.42315],[-121.89703,37.42265],[-121.89675,37.42215],[-121.89647,37.42164],[-121.89619,37.42114],[-121.89591,37.42064],[-121.89564,37.42014],[-121.89536,37.41964],[-121.89508,37.41913],[-121.8948,37.41863],[-121.89452,37.41813],[-121.89425,37.41763],[-121.89397,37.41712],[-121.89369,37.41662],[-121.89341,37.41612],[-121.89313,37.41562],[-121.89285,37.41511],[-121.89258,37.41461],[-121.8923,37.41411],[-121.89202,37.41361],[-121.89174,37.4131],[-121.89146,37.4126],[-121.89118,37.4121],[-121.89091,37.4116],[-121.89063,37.41109],[-121.89036,37.41059],[-121.89008,37.41009],[-121.88979,37.40959],[-121.88951,37.40908],[-121.88924,37.40858],[-121.88897,37.40809],[-121.88868,37.40759],[-121.8884,37.40708],[-121.88811,37.40658],[-121.88783,37.40607],[-121.88756,37.40557],[-121.88729,37.40507],[-121.887,37.40457],[-121.88672,37.40406],[-121.88645,37.40356],[-121.88617,37.40306],[-121.88589,37.40255],[-121.88562,37.40205],[-121.88534,37.40155],[-121.88506,37.40105],[-121.88477,37.40054],[-121.8845,37.40001],[-121.88425,37.39948],[-121.88402,37.39893],[-121.88381,37.3984],[-121.88363,37.39786],[-121.88345,37.39733],[-121.88327,37.39679],[-121.8831,37.39626],[-121.88292,37.39573],[-121.88274,37.39519],[-121.88257,37.39466],[-121.88239,37.39413],[-121.88222,37.3936],[-121.88204,37.39307],[-121.88187,37.39254],[-121.88169,37.39201],[-121.88152,37.39148],[-121.88134,37.39094],[-121.88116,37.39041],[-121.88099,37.38988],[-121.88081,37.38936],[-121.88063,37.38882],[-121.88046,37.38829],[-121.88028,37.38777],[-121.8801,37.38723],[-121.87993,37.3867],[-121.87975,37.38618],[-121.87957,37.38564],[-121.8794,37.38511],[-121.87922,37.38457],[-121.87904,37.38404],[-121.87887,37.38351],[-121.87869,37.38299],[-121.87851,37.38246],[-121.87833,37.38192],[-121.87816,37.38139],[-121.87798,37.38087],[-121.8778,37.38033],[-121.87763,37.3798],[-121.87745,37.37928],[-121.87727,37.37875],[-121.87709,37.37821],[-121.87691,37.37767],[-121.87674,37.37714],[-121.87656,37.37662],[-121.87638,37.37609],[-121.8762,37.37556],[-121.87601,37.37503],[-121.87583,37.37451],[-121.87565,37.37396],[-121.87547,37.37343],[-121.8753,37.3729],[-121.87512,37.37237],[-121.87495,37.37184],[-121.87477,37.37131],[-121.8746,37.37078],[-121.87442,37.37026],[-121.87424,37.36972],[-121.87407,37.36919],[-121.87389,37.36865]]},"properties":{"routeId":"3","name":"Berryessa/North San Jose to Richmond","shortName":"Orange-N","color":"#FF9933","textColor":"#000000","system":"bart"}},{"type":"Feature","geometry":{"type":"LineString","coordinates":[[-122.38739,37.59984],[-122.38771,37.60015],[-122.38814,37.60058],[-122.38858,37.60098],[-122.38903,37.60138],[-122.38951,37.60178],[-122.38997,37.60222],[-122.39042,37.60265],[-122.39086,37.60308],[-122.39129,37.60351],[-122.39172,37.60393],[-122.39215,37.60435],[-122.3926,37.60475],[-122.39305,37.60518],[-122.39351,37.60562],[-122.39394,37.60606],[-122.39435,37.6065],[-122.39478,37.60692],[-122.39521,37.60736],[-122.39563,37.60779],[-122.39605,37.6082],[-122.39651,37.60863],[-122.39694,37.60906],[-122.39736,37.60949],[-122.3978,37.60991],[-122.39824,37.61034],[-122.39866,37.61077],[-122.39911,37.61121],[-122.39954,37.61167],[-122.39996,37.61215],[-122.40036,37.61269],[-122.40067,37.61334],[-122.40074,37.6141],[-122.4005,37.61484],[-122.39996,37.61548],[-122.3992,37.61595],[-122.39832,37.6162],[-122.3975,37.61626],[-122.39677,37.61627],[-122.39607,37.61627],[-122.3954,37.61627],[-122.39472,37.61629],[-122.39411,37.61631],[-122.39355,37.61641],[-122.39293,37.61656],[-122.39305,37.61654],[-122.39366,37.61639],[-122.39424,37.61631],[-122.39486,37.61629],[-122.39553,37.61629],[-122.39622,37.61629],[-122.39689,37.61629],[-122.39758,37.61631],[-122.39828,37.61631],[-122.39895,37.61632],[-122.39956,37.61635],[-122.40011,37.61644],[-122.40062,37.6166],[-122.40111,37.61682],[-122.40154,37.6171],[-122.40195,37.61745],[-122.40232,37.61782],[-122.40263,37.61824],[-122.40295,37.61872],[-122.40331,37.61923],[-122.40369,37.6197],[-122.40404,37.62016],[-122.40439,37.62062],[-122.40474,37.6211],[-122.4051,37.62158],[-122.40546,37.62204],[-122.40582,37.6225],[-122.40617,37.62299],[-122.40653,37.62345],[-122.40688,37.62392],[-122.40724,37.6244],[-122.40758,37.62485],[-122.4079,37.62531],[-122.4082,37.62579],[-122.40849,37.62628],[-122.40878,37.62677],[-122.40907,37.62726],[-122.40936,37.62776],[-122.40964,37.62826],[-122.40992,37.62876],[-122.41021,37.62926],[-122.41049,37.62976],[-122.41079,37.63026],[-122.41107,37.63076],[-122.41135,37.63126],[-122.41165,37.63177],[-122.41195,37.63227],[-122.41225,37.63276],[-122.41256,37.63326],[-122.41288,37.63376],[-122.41319,37.63425],[-122.41353,37.63475],[-122.41386,37.63523],[-122.41419,37.6357],[-122.41449,37.63618],[-122.41478,37.63667],[-122.41506,37.63716],[-122.41535,37.63766],[-122.41565,37.63816],[-122.41594,37.63865],[-122.41623,37.63915],[-122.41652,37.63966],[-122.41682,37.64015],[-122.41712,37.64065],[-122.41741,37.64114],[-122.4177,37.64163],[-122.41799,37.64213],[-122.41828,37.64264],[-122.41859,37.64315],[-122.41891,37.64365],[-122.41925,37.64416],[-122.41964,37.64466],[-122.42004,37.64512],[-122.42044,37.64558],[-122.42084,37.64603],[-122.42125,37.64648],[-122.42165,37.64692],[-122.42206,37.64737],[-122.42246,37.64781],[-122.42285,37.64826],[-122.42325,37.6487],[-122.42364,37.64915],[-122.42404,37.64961],[-122.42445,37.65006],[-122.42487,37.65051],[-122.42531,37.65097],[-122.42579,37.65141],[-122.42628,37.65183],[-122.42682,37.65224],[-122.42737,37.65262],[-122.42794,37.65298],[-122.42852,37.65332],[-122.42909,37.65363],[-122.42966,37.65395],[-122.43024,37.65427],[-122.43081,37.65458],[-122.43138,37.65488],[-122.43194,37.65519],[-122.43249,37.6555],[-122.43304,37.65582],[-122.43358,37.65614],[-122.43409,37.65647],[-122.43458,37.6568],[-122.43503,37.65716],[-122.43546,37.65755],[-122.43587,37.65794],[-122.43625,37.65836],[-122.43663,37.6588],[-122.437,37.65925],[-122.43737,37.65972],[-122.43776,37.66019],[-122.43814,37.66065],[-122.43855,37.66112],[-122.43899,37.66159],[-122.43945,37.66203],[-122.43995,37.66247],[-122.44048,37.66287],[-122.441,37.66325],[-122.44154,37.66362],[-122.44208,37.66398],[-122.44263,37.66433],[-122.44317,37.66466],[-122.44371,37.66501],[-122.44425,37.66536],[-122.44479,37.6657],[-122.44533,37.66604],[-122.44588,37.66637],[-122.44638,37.66671],[-122.44686,37.66706],[-122.44732,37.66742],[-122.44775,37.6678],[-122.44815,37.6682],[-122.44851,37.66862],[-122.44885,37.66906],[-122.44917,37.66951],[-122.44947,37.66999],[-122.44977,37.67048],[-122.45007,37.67097],[-122.45037,37.67146],[-122.45067,37.67196],[-122.45098,37.67246],[-122.45131,37.67298],[-122.45169,37.67349],[-122.45213,37.67397],[-122.4526,37.67444],[-122.45312,37.67488],[-122.45366,37.67528],[-122.45423,37.67565],[-122.45479,37.67598],[-122.45532,37.67631],[-122.45584,37.67665],[-122.45633,37.67699],[-122.45678,37.67734],[-122.4572,37.67773],[-122.4576,37.67814],[-122.458,37.67856],[-122.4584,37.67901],[-122.4588,37.67946],[-122.45923,37.67991],[-122.45964,37.68035],[-122.46005,37.68078],[-122.46045,37.68123],[-122.4609,37.68169],[-122.46138,37.68213],[-122.46189,37.68256],[-122.46243,37.68295],[-122.46296,37.68332],[-122.46348,37.68367],[-122.46399,37.68404],[-122.46449,37.68441],[-122.46501,37.68478],[-122.46554,37.68515],[-122.46607,37.68551],[-122.4666,37.68584],[-122.46702,37.68616],[-122.46735,37.68652],[-122.46763,37.68696],[-122.46792,37.68742],[-122.46817,37.68791],[-122.46845,37.68841],[-122.4687,37.68889],[-122.46887,37.68933],[-122.46896,37.6898],[-122.46899,37.69028],[-122.46898,37.69082],[-122.46898,37.69138],[-122.469,37.69194],[-122.46902,37.69248],[-122.46903,37.69302],[-122.46903,37.69358],[-122.46905,37.69414],[-122.46908,37.69474],[-122.46922,37.69536],[-122.46941,37.69593],[-122.46962,37.69646],[-122.46983,37.69698],[-122.47001,37.69748],[-122.47014,37.69794],[-122.4702,37.69843],[-122.47023,37.69896],[-122.47026,37.6995],[-122.47031,37.70006],[-122.47036,37.70061],[-122.47043,37.70116],[-122.47052,37.70171],[-122.47061,37.70224],[-122.47071,37.70277],[-122.47074,37.70329],[-122.47066,37.70381],[-122.47044,37.70433],[-122.47017,37.70484],[-122.46987,37.70534],[-122.46958,37.70584],[-122.46929,37.70635],[-122.46899,37.70685],[-122.46869,37.70734],[-122.46838,37.70783],[-122.46804,37.70833],[-122.46769,37.7088],[-122.46732,37.7093],[-122.46682,37.7098],[-122.46616,37.71025],[-122.4654,37.71057],[-122.46458,37.71075],[-122.46377,37.71081],[-122.46304,37.7108],[-122.46234,37.7108],[-122.46165,37.71078],[-122.46096,37.71077],[-122.46027,37.71076],[-122.45959,37.71076],[-122.45892,37.71076],[-122.45826,37.71078],[-122.45762,37.71082],[-122.45703,37.7109],[-122.45646,37.71103],[-122.45591,37.71121],[-122.45539,37.71144],[-122.45489,37.71172],[-122.45441,37.71204],[-122.45394,37.7124],[-122.45346,37.71278],[-122.45298,37.71317],[-122.45249,37.71356],[-122.45202,37.71395],[-122.45155,37.71435],[-122.4511,37.71473],[-122.45069,37.71514],[-122.45029,37.71554],[-122.44995,37.71596],[-122.44963,37.7164],[-122.44938,37.71683],[-122.44919,37.7173],[-122.44905,37.71777],[-122.44896,37.71827],[-122.44889,37.7188],[-122.44882,37.71936],[-122.44872,37.71991],[-122.44862,37.72048],[-122.4485,37.72103],[-122.44838,37.72156],[-122.44827,37.7221],[-122.44815,37.72265],[-122.44802,37.7232],[-122.44787,37.72377],[-122.44766,37.72435],[-122.44741,37.7249],[-122.44711,37.72545],[-122.44676,37.72598],[-122.44636,37.72649],[-122.44591,37.72697],[-122.44542,37.72742],[-122.4449,37.72785],[-122.44433,37.72824],[-122.44374,37.7286],[-122.44313,37.72894],[-122.4425,37.72924],[-122.44186,37.72951],[-122.44121,37.72976],[-122.44057,37.72998],[-122.43997,37.7302],[-122.43939,37.73045],[-122.43884,37.73071],[-122.43832,37.73099],[-122.4378,37.73132],[-122.43727,37.73165],[-122.43673,37.732],[-122.4362,37.73235],[-122.43566,37.7327],[-122.43514,37.73305],[-122.43462,37.73339],[-122.43409,37.73376],[-122.43354,37.73411],[-122.43301,37.73446],[-122.43247,37.7348],[-122.43195,37.73515],[-122.43142,37.73549],[-122.43089,37.73586],[-122.43035,37.73621],[-122.42983,37.73655],[-122.4293,37.73691],[-122.42877,37.73727],[-122.42823,37.73762],[-122.42769,37.73797],[-122.42715,37.73831],[-122.42663,37.73865],[-122.42612,37.739],[-122.42563,37.73936],[-122.42516,37.73973],[-122.42473,37.7401],[-122.42433,37.74049],[-122.42396,37.74091],[-122.42361,37.74135],[-122.42329,37.74181],[-122.42296,37.74228],[-122.42264,37.74277],[-122.42231,37.74325],[-122.422,37.74373],[-122.42168,37.74422],[-122.42136,37.7447],[-122.42105,37.74519],[-122.42073,37.74568],[-122.42041,37.74617],[-122.4201,37.74665],[-122.4198,37.74713],[-122.41952,37.74761],[-122.41929,37.74805],[-122.41916,37.7485],[-122.41908,37.74898],[-122.41907,37.74946],[-122.4191,37.74999],[-122.41914,37.75053],[-122.41918,37.75107],[-122.41924,37.75161],[-122.41931,37.75215],[-122.41936,37.75271],[-122.41942,37.75326],[-122.41947,37.75381],[-122.41952,37.75435],[-122.41957,37.7549],[-122.41962,37.75545],[-122.41967,37.756],[-122.41972,37.75655],[-122.41978,37.75709],[-122.41983,37.75764],[-122.41988,37.75819],[-122.41994,37.75874],[-122.41999,37.75928],[-122.42004,37.75983],[-122.4201,37.76038],[-122.42015,37.76093],[-122.4202,37.76147],[-122.42026,37.76202],[-122.42031,37.76257],[-122.42037,37.76312],[-122.42042,37.76366],[-122.42048,37.76421],[-122.42053,37.76476],[-122.42058,37.76531],[-122.42064,37.76585],[-122.42069,37.7664],[-122.42074,37.76695],[-122.4208,37.76749],[-122.42086,37.76803],[-122.42092,37.76858],[-122.42099,37.76913],[-122.42104,37.76969],[-122.4211,37.77023],[-122.42115,37.77079],[-122.42119,37.77135],[-122.42122,37.77193],[-122.4212,37.77253],[-122.42111,37.77314],[-122.42092,37.77375],[-122.42065,37.77433],[-122.4203,37.7749],[-122.41987,37.77541],[-122.4194,37.77589],[-122.41891,37.77632],[-122.41843,37.77672],[-122.41794,37.77712],[-122.41746,37.77752],[-122.41697,37.77791],[-122.41649,37.7783],[-122.41599,37.7787],[-122.41549,37.77908],[-122.415,37.77947],[-122.4145,37.77985],[-122.41402,37.78023],[-122.41354,37.78062],[-122.41304,37.78101],[-122.41255,37.7814],[-122.41207,37.78179],[-122.41159,37.78218],[-122.4111,37.78257],[-122.41062,37.78296],[-122.41012,37.78335],[-122.40963,37.78374],[-122.40914,37.78413],[-122.40865,37.78452],[-122.40817,37.78491],[-122.40769,37.7853],[-122.40719,37.78569],[-122.4067,37.78609],[-122.40621,37.78647],[-122.40572,37.78685],[-122.40523,37.78724],[-122.40474,37.78764],[-122.40424,37.78802],[-122.40375,37.7884],[-122.40327,37.78879],[-122.40279,37.78918],[-122.40229,37.78957],[-122.4018,37.78996],[-122.40131,37.79035],[-122.40082,37.79075],[-122.40034,37.79113],[-122.39985,37.79152],[-122.39935,37.79191],[-122.39886,37.7923],[-122.39837,37.79268],[-122.39788,37.79307],[-122.39738,37.79345],[-122.3969,37.79384],[-122.39638,37.79423],[-122.39583,37.79462],[-122.39524,37.79499],[-122.39462,37.79533],[-122.39401,37.79561],[-122.39342,37.79591],[-122.39281,37.79618],[-122.39222,37.79646],[-122.3916,37.79674],[-122.391,37.79701],[-122.3904,37.79728],[-122.3898,37.79755],[-122.38919,37.79782],[-122.38859,37.79809],[-122.38797,37.79836],[-122.38737,37.79862],[-122.38677,37.79889],[-122.38616,37.79916],[-122.38555,37.79942],[-122.38496,37.79969],[-122.38436,37.79996],[-122.38374,37.80023],[-122.38314,37.80049],[-122.38254,37.80076],[-122.38194,37.80103],[-122.38132,37.8013],[-122.38072,37.80156],[-122.38012,37.80183],[-122.37952,37.8021],[-122.3789,37.80237],[-122.37829,37.80264],[-122.37764,37.8029],[-122.37698,37.80314],[-122.37632,37.80335],[-122.37566,37.80356],[-122.37499,37.80376],[-122.3743,37.80393],[-122.37361,37.80409],[-122.37292,37.80423],[-122.37224,37.80437],[-122.37156,37.80449],[-122.37088,37.80461],[-122.37021,37.80473],[-122.36953,37.80485],[-122.36884,37.80497],[-122.36817,37.80508],[-122.36749,37.8052],[-122.36681,37.80531],[-122.36613,37.80543],[-122.36546,37.80554],[-122.36478,37.80566],[-122.3641,37.80577],[-122.36343,37.80589],[-122.36275,37.806],[-122.36208,37.80612],[-122.3614,37.80624],[-122.36072,37.80635],[-122.36005,37.80647],[-122.35937,37.80659],[-122.35869,37.8067],[-122.35801,37.80682],[-122.35734,37.80693],[-122.35666,37.80705],[-122.35598,37.80716],[-122.35532,37.80728],[-122.35463,37.8074],[-122.35395,37.80751],[-122.35328,37.80763],[-122.3526,37.80774],[-122.35192,37.80786],[-122.35125,37.80797],[-122.35058,37.80809],[-122.34989,37.80821],[-122.34922,37.80832],[-122.34855,37.80844],[-122.34786,37.80856],[-122.34719,37.80867],[-122.34651,37.80879],[-122.34583,37.8089],[-122.34517,37.80902],[-122.34448,37.80914],[-122.3438,37.80925],[-122.34313,37.80937],[-122.34245,37.80948],[-122.34177,37.8096],[-122.34109,37.80971],[-122.3404,37.80982],[-122.33971,37.80992],[-122.339,37.81002],[-122.33831,37.8101],[-122.33762,37.81018],[-122.33692,37.81025],[-122.33622,37.81031],[-122.33553,37.81037],[-122.33482,37.81042],[-122.33412,37.81046],[-122.33343,37.8105],[-122.33273,37.81054],[-122.33203,37.81057],[-122.33133,37.81059],[-122.33063,37.81061],[-122.32989,37.81061],[-122.32919,37.81059],[-122.32849,37.81057],[-122.32779,37.81054],[-122.32709,37.8105],[-122.32639,37.81046],[-122.32568,37.81041],[-122.32499,37.81035],[-122.32429,37.81029],[-122.32359,37.81022],[-122.32292,37.81015],[-122.32224,37.81009],[-122.32155,37.81003],[-122.32085,37.80997],[-122.32017,37.8099],[-122.31949,37.80984],[-122.31879,37.80978],[-122.31809,37.80971],[-122.3174,37.80964],[-122.31671,37.80956],[-122.31604,37.80949],[-122.31536,37.80943],[-122.31467,37.80936],[-122.31398,37.8093],[-122.31329,37.80923],[-122.31262,37.80916],[-122.31193,37.80911],[-122.31123,37.80904],[-122.31054,37.80898],[-122.30984,37.8089],[-122.30915,37.80883],[-122.30847,37.80875],[-122.30778,37.80867],[-122.30708,37.80858],[-122.30638,37.80848],[-122.30568,37.80837],[-122.30498,37.80824],[-122.30429,37.8081],[-122.30362,37.80796],[-122.30295,37.80781],[-122.30228,37.80767],[-122.30161,37.80752],[-122.30095,37.80738],[-122.30028,37.80723],[-122.2996,37.80708],[-122.29893,37.80691],[-122.29826,37.80675],[-122.29756,37.80656],[-122.29688,37.80633],[-122.29623,37.80609],[-122.29559,37.80584],[-122.29497,37.80558],[-122.29436,37.80533],[-122.29375,37.80508],[-122.29313,37.80483],[-122.29251,37.80458],[-122.2919,37.80433],[-122.29129,37.80408],[-122.2907,37.80385],[-122.29011,37.80366],[-122.28949,37.80349],[-122.28885,37.80334],[-122.2882,37.80319],[-122.28753,37.80304],[-122.28686,37.80289],[-122.2862,37.80274],[-122.28553,37.80259],[-122.28484,37.80243],[-122.28413,37.80224],[-122.28344,37.802],[-122.28279,37.80173],[-122.28216,37.80145],[-122.28156,37.80117],[-122.28097,37.80088],[-122.28036,37.8006],[-122.27977,37.80029],[-122.27918,37.79999],[-122.27863,37.79966],[-122.27813,37.79938],[-122.27763,37.79917],[-122.27707,37.79904],[-122.27644,37.79894],[-122.27586,37.79887],[-122.2753,37.79895],[-122.27474,37.79917],[-122.2742,37.79949],[-122.27376,37.79992],[-122.27335,37.80038],[-122.27291,37.80082],[-122.27246,37.80126],[-122.27202,37.80167],[-122.27154,37.80209],[-122.27108,37.80253],[-122.27064,37.803],[-122.27032,37.80331],[-122.26993,37.80376],[-122.26955,37.80422],[-122.26918,37.80469],[-122.26883,37.80515],[-122.26848,37.80563],[-122.26813,37.80612],[-122.26781,37.80661],[-122.26749,37.8071],[-122.26718,37.80759],[-122.26687,37.80808],[-122.26653,37.80863],[-122.26619,37.80937],[-122.26608,37.81035],[-122.26646,37.81134],[-122.26707,37.81203],[-122.26763,37.81252],[-122.26812,37.8129],[-122.26848,37.81321],[-122.26873,37.81351],[-122.26895,37.81384],[-122.26909,37.81418],[-122.26918,37.81454],[-122.26919,37.81491],[-122.26916,37.81528],[-122.26905,37.81571],[-122.26889,37.81621],[-122.26871,37.81675],[-122.26854,37.81731],[-122.26838,37.81786],[-122.26823,37.81839],[-122.26808,37.81895],[-122.26795,37.81949],[-122.26781,37.81999],[-122.26765,37.82051],[-122.26748,37.82106],[-122.26733,37.82162],[-122.26718,37.82214],[-122.26703,37.82268],[-122.26689,37.8232],[-122.26673,37.82371],[-122.26656,37.82423],[-122.26638,37.82477],[-122.26621,37.82533],[-122.26605,37.82587],[-122.26589,37.82644],[-122.26575,37.82701],[-122.26563,37.82757],[-122.26551,37.82813],[-122.26542,37.82867],[-122.26531,37.82921],[-122.26521,37.82974],[-122.2651,37.83029],[-122.26501,37.83084],[-122.26492,37.83137],[-122.26482,37.83192],[-122.26473,37.83251],[-122.26469,37.83321],[-122.26481,37.83392],[-122.26502,37.83458],[-122.26532,37.83523],[-122.26574,37.83583],[-122.2662,37.83635],[-122.26667,37.83681],[-122.26712,37.83723],[-122.26753,37.83762],[-122.26788,37.83801],[-122.26817,37.83843],[-122.26841,37.83886],[-122.26861,37.83933],[-122.26877,37.83984],[-122.26892,37.84037],[-122.26906,37.8409],[-122.26919,37.84143],[-122.26932,37.84197],[-122.26943,37.84252],[-122.26955,37.84306],[-122.26967,37.8436],[-122.26978,37.84414],[-122.26989,37.84468],[-122.27,37.84523],[-122.27011,37.84576],[-122.27021,37.8463],[-122.2703,37.84684],[-122.27039,37.84735],[-122.27043,37.84786],[-122.27043,37.84836],[-122.27036,37.84884],[-122.27026,37.84935],[-122.27012,37.84984],[-122.26994,37.85036],[-122.26975,37.85088],[-122.26954,37.85139],[-122.26934,37.85192],[-122.26913,37.85244],[-122.26893,37.85297],[-122.26872,37.85349],[-122.26852,37.85403],[-122.26832,37.85455],[-122.26812,37.85508],[-122.26792,37.8556],[-122.26772,37.85613],[-122.26752,37.85666],[-122.26732,37.85718],[-122.26713,37.85771],[-122.26693,37.85825],[-122.26674,37.85879],[-122.26657,37.85935],[-122.26644,37.85993],[-122.26634,37.8605],[-122.26629,37.86109],[-122.26628,37.86168],[-122.26631,37.86226],[-122.26636,37.86283],[-122.26643,37.86338],[-122.2665,37.86393],[-122.26657,37.86448],[-122.26664,37.86502],[-122.26672,37.86557],[-122.26679,37.86611],[-122.26686,37.86666],[-122.26693,37.86721],[-122.267,37.86775],[-122.26707,37.86829],[-122.26713,37.86884],[-122.26719,37.86939],[-122.26725,37.86993],[-122.26731,37.87047],[-122.26736,37.87102],[-122.26742,37.87158],[-122.26751,37.87219],[-122.26775,37.87285],[-122.26822,37.87348],[-122.26891,37.87399],[-122.26976,37.87431],[-122.27065,37.87443],[-122.27148,37.8744],[-122.27221,37.87431],[-122.27291,37.87421],[-122.27359,37.87412],[-122.27427,37.87402],[-122.27494,37.87394],[-122.27562,37.87386],[-122.27631,37.87376],[-122.277,37.87367],[-122.27767,37.87359],[-122.27834,37.87351],[-122.27898,37.87345],[-122.27958,37.87343],[-122.28012,37.87348],[-122.28066,37.87361],[-122.28123,37.87381],[-122.28184,37.87404],[-122.28242,37.87428],[-122.28303,37.87455],[-122.28365,37.87481],[-122.28425,37.87506],[-122.28486,37.87532],[-122.28544,37.87558],[-122.28595,37.87583],[-122.28638,37.87612],[-122.28672,37.87645],[-122.28699,37.87684],[-122.28724,37.87731],[-122.28747,37.8778],[-122.28771,37.87832],[-122.28795,37.87884],[-122.28817,37.87934],[-122.28841,37.87987],[-122.28865,37.88039],[-122.28887,37.8809],[-122.2891,37.88141],[-122.28932,37.88193],[-122.28955,37.88245],[-122.28979,37.88298],[-122.29003,37.88349],[-122.29027,37.88401],[-122.29049,37.88452],[-122.2907,37.88502],[-122.29089,37.88553],[-122.29107,37.88605],[-122.29125,37.88658],[-122.29142,37.88711],[-122.29159,37.88764],[-122.29176,37.88816],[-122.29193,37.8887],[-122.2921,37.88924],[-122.29227,37.88977],[-122.29244,37.89029],[-122.29261,37.89083],[-122.29278,37.89137],[-122.29295,37.89189],[-122.29311,37.89242],[-122.29328,37.89296],[-122.29344,37.89349],[-122.29361,37.89402],[-122.29378,37.89456],[-122.29395,37.8951],[-122.29412,37.89563],[-122.29429,37.89615],[-122.29446,37.8967],[-122.29465,37.89723],[-122.29483,37.89778],[-122.29504,37.89832],[-122.29529,37.89887],[-122.29557,37.89941],[-122.29588,37.89994],[-122.29623,37.90045],[-122.29659,37.90093],[-122.29695,37.90141],[-122.29733,37.90189],[-122.2977,37.90235],[-122.29808,37.90281],[-122.29844,37.90327],[-122.2988,37.90373],[-122.29918,37.90421],[-122.29955,37.90467],[-122.29993,37.90514],[-122.30031,37.9056],[-122.30069,37.90606],[-122.30107,37.90651],[-122.30144,37.90698],[-122.30182,37.90744],[-122.30219,37.9079],[-122.30256,37.90836],[-122.30294,37.90884],[-122.30332,37.90929],[-122.30369,37.90975],[-122.30407,37.91022],[-122.30445,37.91068],[-122.30483,37.91113],[-122.3052,37.91159],[-122.30558,37.91205],[-122.30595,37.91251],[-122.30633,37.91298],[-122.3067,37.91344],[-122.30707,37.9139],[-122.30744,37.91437],[-122.30781,37.91483],[-122.30818,37.9153],[-122.30854,37.91575],[-122.3089,37.91622],[-122.30927,37.91669],[-122.30963,37.91715],[-122.31,37.91762],[-122.31036,37.91809],[-122.31073,37.91856],[-122.31109,37.91902],[-122.31145,37.91949],[-122.31182,37.91996],[-122.31218,37.92043],[-122.31255,37.92089],[-122.31291,37.92136],[-122.31328,37.92183],[-122.31364,37.92229],[-122.31401,37.92276],[-122.31437,37.92323],[-122.31474,37.92369],[-122.3151,37.92416],[-122.31547,37.92463],[-122.31583,37.92509],[-122.3162,37.92556],[-122.31656,37.92603],[-122.31692,37.9265],[-122.31728,37.92697],[-122.31766,37.92744],[-122.31803,37.92791],[-122.3184,37.92837],[-122.3188,37.92885],[-122.31924,37.92933],[-122.31974,37.92979],[-122.32029,37.93021],[-122.32089,37.9306],[-122.32154,37.93094],[-122.32222,37.93123],[-122.32293,37.93146],[-122.32366,37.93165],[-122.3244,37.93178],[-122.32515,37.93187],[-122.32588,37.93192],[-122.32658,37.93195],[-122.32729,37.93198],[-122.32799,37.932],[-122.32867,37.93202],[-122.32936,37.93205],[-122.33008,37.93207],[-122.33077,37.93208],[-122.33146,37.9321],[-122.33217,37.9321],[-122.33286,37.93211],[-122.33356,37.93211],[-122.33426,37.93211],[-122.33495,37.93211],[-122.33564,37.93211],[-122.33635,37.93211],[-122.33704,37.9321],[-122.33773,37.9321],[-122.33843,37.93209],[-122.33912,37.93209],[-122.33981,37.93208],[-122.3405,37.93208],[-122.3412,37.93208],[-122.34189,37.93207],[-122.34258,37.93207],[-122.34327,37.93207],[-122.34395,37.93207],[-122.34461,37.93209],[-122.34522,37.93214],[-122.3458,37.93223],[-122.34634,37.93238],[-122.34688,37.9326],[-122.34739,37.93285],[-122.34788,37.93315],[-122.34835,37.9335],[-122.34884,37.93387],[-122.34933,37.93425],[-122.3498,37.93464],[-122.35027,37.93502],[-122.3507,37.93541],[-122.35111,37.93582],[-122.35152,37.93625],[-122.35193,37.93668],[-122.35232,37.93713]]},"properties":{"routeId":"7","name":"Richmond to SF Int'l Airport SFO/Millbrae","shortName":"Red-S","color":"#FF0000","textColor":"#FFFFFF","system":"bart"}},{"type":"Feature","geometry":{"type":"LineString","coordinates":[[-122.46819,37.70589],[-122.4678,37.70634],[-122.46743,37.70682],[-122.46707,37.70727],[-122.46669,37.70772],[-122.46629,37.70818],[-122.46594,37.7086],[-122.46558,37.70893],[-122.46517,37.70917],[-122.46471,37.70934],[-122.46419,37.70944],[-122.4636,37.70947],[-122.46295,37.70946],[-122.46226,37.70945],[-122.46157,37.70944],[-122.46088,37.70943],[-122.46018,37.70942],[-122.45948,37.70942],[-122.45876,37.70942],[-122.45804,37.70944],[-122.45728,37.70949],[-122.45652,37.70961],[-122.45577,37.7098],[-122.45505,37.71004],[-122.45437,37.71036],[-122.45374,37.71073],[-122.45318,37.71111],[-122.45266,37.71151],[-122.45216,37.71191],[-122.45168,37.7123],[-122.45119,37.71269],[-122.4507,37.7131],[-122.45022,37.71351],[-122.44974,37.71393],[-122.44928,37.71437],[-122.44883,37.71485],[-122.44843,37.71534],[-122.44806,37.71587],[-122.44775,37.71644],[-122.44752,37.71703],[-122.44735,37.71761],[-122.44725,37.7182],[-122.44718,37.71875],[-122.44711,37.71929],[-122.44703,37.71982],[-122.44692,37.72035],[-122.4468,37.72088],[-122.44668,37.72143],[-122.44657,37.72197],[-122.44645,37.7225],[-122.44633,37.72302],[-122.44618,37.72354],[-122.44601,37.72402],[-122.44579,37.72448],[-122.44553,37.72494],[-122.44522,37.72538],[-122.44489,37.72581],[-122.44451,37.72619],[-122.44409,37.72658],[-122.44364,37.72693],[-122.44316,37.72726],[-122.44265,37.72756],[-122.44211,37.72785],[-122.44156,37.72811],[-122.44099,37.72835],[-122.44038,37.72858],[-122.43976,37.7288],[-122.4391,37.72904],[-122.43844,37.72932],[-122.43781,37.72963],[-122.43721,37.72997],[-122.43664,37.73031],[-122.4361,37.73067],[-122.43556,37.73102],[-122.43503,37.73137],[-122.43449,37.73172],[-122.43395,37.73208],[-122.43343,37.73244],[-122.4329,37.73278],[-122.43237,37.73313],[-122.43184,37.73347],[-122.4313,37.73382],[-122.43076,37.73417],[-122.43023,37.73453],[-122.4297,37.73489],[-122.42917,37.73523],[-122.42864,37.73559],[-122.42811,37.73595],[-122.42758,37.73629],[-122.42706,37.73664],[-122.42652,37.73699],[-122.42598,37.73733],[-122.42544,37.73769],[-122.4249,37.73806],[-122.42437,37.73844],[-122.42385,37.73886],[-122.42335,37.7393],[-122.42289,37.73976],[-122.42247,37.74024],[-122.42208,37.74074],[-122.42173,37.74124],[-122.42141,37.74172],[-122.42108,37.74222],[-122.42075,37.74271],[-122.42043,37.74319],[-122.42011,37.74368],[-122.41979,37.74417],[-122.41947,37.74465],[-122.41916,37.74514],[-122.41884,37.74563],[-122.41853,37.74613],[-122.41821,37.74663],[-122.4179,37.74716],[-122.41763,37.74775],[-122.41745,37.74836],[-122.41738,37.74899],[-122.41738,37.74958],[-122.4174,37.75015],[-122.41744,37.7507],[-122.41749,37.75126],[-122.41755,37.75182],[-122.41762,37.75237],[-122.41767,37.7529],[-122.41772,37.75345],[-122.41778,37.754],[-122.41783,37.75455],[-122.41788,37.7551],[-122.41793,37.75564],[-122.41798,37.75619],[-122.41803,37.75674],[-122.41809,37.75729],[-122.41814,37.75783],[-122.41819,37.75838],[-122.41824,37.75893],[-122.4183,37.75948],[-122.41835,37.76002],[-122.4184,37.76057],[-122.41846,37.76112],[-122.41851,37.76167],[-122.41857,37.76221],[-122.41862,37.76276],[-122.41868,37.76331],[-122.41873,37.76386],[-122.41879,37.7644],[-122.41884,37.76495],[-122.41889,37.7655],[-122.41894,37.76605],[-122.419,37.7666],[-122.41905,37.76714],[-122.41911,37.7677],[-122.41917,37.76825],[-122.41923,37.76879],[-122.4193,37.76934],[-122.41935,37.76988],[-122.41941,37.77043],[-122.41945,37.77096],[-122.41949,37.7715],[-122.41952,37.77202],[-122.41949,37.77251],[-122.41941,37.77298],[-122.41926,37.77343],[-122.41904,37.77388],[-122.41877,37.77429],[-122.41843,37.7747],[-122.41803,37.77508],[-122.41757,37.77547],[-122.41711,37.77587],[-122.41664,37.77625],[-122.41616,37.77665],[-122.41568,37.77704],[-122.41519,37.77743],[-122.4147,37.77781],[-122.41422,37.77819],[-122.41372,37.77856],[-122.41321,37.77896],[-122.41272,37.77936],[-122.41223,37.77975],[-122.41175,37.78014],[-122.41127,37.78053],[-122.41078,37.78092],[-122.41028,37.78131],[-122.4098,37.7817],[-122.40932,37.78209],[-122.40883,37.78248],[-122.40834,37.78286],[-122.40785,37.78324],[-122.40736,37.78364],[-122.40688,37.78403],[-122.40639,37.78442],[-122.40589,37.78481],[-122.40541,37.7852],[-122.40493,37.78559],[-122.40444,37.78597],[-122.40394,37.78636],[-122.40345,37.78674],[-122.40296,37.78714],[-122.40247,37.78752],[-122.40198,37.7879],[-122.40149,37.7883],[-122.40099,37.78869],[-122.40051,37.78908],[-122.40003,37.78947],[-122.39954,37.78986],[-122.39905,37.79025],[-122.39856,37.79064],[-122.39807,37.79102],[-122.39758,37.7914],[-122.39709,37.79179],[-122.39659,37.79217],[-122.39609,37.79257],[-122.39561,37.79295],[-122.39513,37.79331],[-122.39465,37.79365],[-122.39414,37.79395],[-122.3936,37.79424],[-122.39303,37.79451],[-122.39244,37.79479],[-122.39185,37.79507],[-122.39125,37.79535],[-122.39066,37.79561],[-122.39006,37.79588],[-122.38946,37.79615],[-122.38885,37.79642],[-122.38825,37.79669],[-122.38766,37.79695],[-122.38704,37.79722],[-122.38644,37.79749],[-122.38584,37.79776],[-122.38524,37.79802],[-122.38462,37.79829],[-122.38402,37.79856],[-122.38342,37.79883],[-122.38282,37.79909],[-122.3822,37.79936],[-122.3816,37.79963],[-122.381,37.7999],[-122.3804,37.80016],[-122.37979,37.80043],[-122.37919,37.80069],[-122.37857,37.80096],[-122.37797,37.80123],[-122.37738,37.80149],[-122.37679,37.80172],[-122.37619,37.80194],[-122.37557,37.80215],[-122.37495,37.80234],[-122.37433,37.80251],[-122.37369,37.80268],[-122.37305,37.80282],[-122.3724,37.80295],[-122.37174,37.80307],[-122.37106,37.80319],[-122.37039,37.80331],[-122.36971,37.80343],[-122.36903,37.80355],[-122.36837,37.80367],[-122.36769,37.80378],[-122.36701,37.8039],[-122.36635,37.80401],[-122.36566,37.80412],[-122.36497,37.80424],[-122.36431,37.80436],[-122.36363,37.80447],[-122.36295,37.80459],[-122.36228,37.8047],[-122.36159,37.80482],[-122.36092,37.80494],[-122.36025,37.80505],[-122.35956,37.80517],[-122.35889,37.80529],[-122.35822,37.8054],[-122.35754,37.80552],[-122.35686,37.80563],[-122.35619,37.80575],[-122.35551,37.80586],[-122.35482,37.80598],[-122.35416,37.8061],[-122.35348,37.80621],[-122.3528,37.80633],[-122.35213,37.80644],[-122.35145,37.80656],[-122.35077,37.80667],[-122.35009,37.80679],[-122.34942,37.80691],[-122.34874,37.80702],[-122.34806,37.80714],[-122.34739,37.80726],[-122.34671,37.80737],[-122.34604,37.80749],[-122.34536,37.8076],[-122.34467,37.80772],[-122.34401,37.80784],[-122.34333,37.80795],[-122.34265,37.80807],[-122.34198,37.80818],[-122.3413,37.8083],[-122.34063,37.80841],[-122.33996,37.80852],[-122.3393,37.80861],[-122.33862,37.8087],[-122.33795,37.80878],[-122.33728,37.80885],[-122.3366,37.80892],[-122.33592,37.80898],[-122.33523,37.80904],[-122.33456,37.80909],[-122.33388,37.80913],[-122.3332,37.80917],[-122.33251,37.8092],[-122.33182,37.80923],[-122.33115,37.80926],[-122.33049,37.80927],[-122.32982,37.80926],[-122.32913,37.80925],[-122.32846,37.80922],[-122.32777,37.80919],[-122.32709,37.80915],[-122.32641,37.80911],[-122.32574,37.80906],[-122.32506,37.809],[-122.32438,37.80893],[-122.32369,37.80887],[-122.323,37.8088],[-122.3223,37.80874],[-122.32161,37.80868],[-122.32094,37.80862],[-122.32025,37.80855],[-122.31956,37.80849],[-122.31888,37.80842],[-122.3182,37.80835],[-122.31751,37.80828],[-122.31682,37.80821],[-122.31613,37.80814],[-122.31544,37.80808],[-122.31475,37.80801],[-122.31407,37.80795],[-122.3134,37.80788],[-122.31268,37.8078],[-122.31199,37.80776],[-122.31133,37.80769],[-122.31064,37.80762],[-122.30995,37.80755],[-122.30928,37.80748],[-122.30859,37.8074],[-122.30792,37.80732],[-122.30724,37.80724],[-122.30658,37.80715],[-122.30593,37.80703],[-122.30527,37.80692],[-122.30463,37.80678],[-122.30396,37.80663],[-122.30329,37.80649],[-122.30263,37.80634],[-122.30196,37.8062],[-122.30129,37.80605],[-122.30063,37.8059],[-122.29996,37.80575],[-122.29932,37.80561],[-122.29867,37.80544],[-122.29806,37.80527],[-122.29748,37.80507],[-122.29688,37.80484],[-122.29628,37.80459],[-122.29566,37.80433],[-122.29503,37.80409],[-122.29442,37.80384],[-122.2938,37.80359],[-122.29319,37.80334],[-122.29257,37.80309],[-122.29194,37.80283],[-122.29128,37.80259],[-122.2906,37.80237],[-122.2899,37.80218],[-122.28922,37.80202],[-122.28855,37.80186],[-122.28788,37.80171],[-122.28721,37.80157],[-122.28654,37.80142],[-122.28589,37.80127],[-122.28526,37.80112],[-122.28465,37.80094],[-122.28407,37.80074],[-122.2835,37.80051],[-122.28292,37.80024],[-122.28232,37.79997],[-122.28174,37.79969],[-122.28116,37.7994],[-122.28057,37.79911],[-122.28001,37.79882],[-122.27943,37.7985],[-122.27874,37.79818],[-122.27795,37.79794],[-122.27713,37.79783],[-122.27634,37.79779],[-122.27544,37.79786],[-122.27457,37.79818],[-122.27395,37.79861],[-122.27349,37.79898],[-122.27307,37.79925],[-122.27262,37.79942],[-122.27208,37.79948],[-122.27148,37.79947],[-122.27084,37.79941],[-122.27021,37.79929],[-122.26958,37.79912],[-122.26895,37.79892],[-122.26831,37.7987],[-122.26769,37.79847],[-122.26709,37.7982],[-122.2665,37.79792],[-122.26592,37.79762],[-122.26533,37.79732],[-122.26475,37.79702],[-122.26418,37.79672],[-122.2636,37.79641],[-122.26304,37.79609],[-122.2625,37.79575],[-122.26198,37.79539],[-122.26147,37.79501],[-122.26098,37.79462],[-122.2605,37.79423],[-122.26001,37.79384],[-122.25952,37.79345],[-122.25903,37.79307],[-122.25852,37.7927],[-122.25799,37.79234],[-122.25744,37.79201],[-122.25687,37.7917],[-122.25628,37.79141],[-122.25567,37.79115],[-122.25504,37.79091],[-122.25441,37.7907],[-122.25376,37.7905],[-122.25312,37.7903],[-122.25247,37.7901],[-122.25184,37.78988],[-122.25122,37.78964],[-122.2506,37.78938],[-122.24999,37.78912],[-122.24939,37.78886],[-122.24878,37.7886],[-122.24817,37.78834],[-122.24756,37.78808],[-122.24695,37.78782],[-122.24634,37.78755],[-122.24574,37.78729],[-122.24514,37.78701],[-122.24454,37.78673],[-122.24395,37.78644],[-122.24337,37.78615],[-122.24278,37.78587],[-122.24218,37.78558],[-122.24159,37.78529],[-122.24101,37.785],[-122.24043,37.7847],[-122.23986,37.78439],[-122.2393,37.78407],[-122.23874,37.78374],[-122.23819,37.78341],[-122.23763,37.78308],[-122.23708,37.78275],[-122.23653,37.78242],[-122.23598,37.78209],[-122.23543,37.78175],[-122.2349,37.7814],[-122.23438,37.78104],[-122.23388,37.78066],[-122.2334,37.78027],[-122.23291,37.77987],[-122.23242,37.77949],[-122.2319,37.77912],[-122.23137,37.77877],[-122.23081,37.77845],[-122.23024,37.77814],[-122.22966,37.77784],[-122.22908,37.77754],[-122.22849,37.77725],[-122.22791,37.77695],[-122.22733,37.77666],[-122.22675,37.77636],[-122.22618,37.77605],[-122.22561,37.77573],[-122.22505,37.7754],[-122.22449,37.77508],[-122.22394,37.77475],[-122.22338,37.77443],[-122.22282,37.7741],[-122.22226,37.77378],[-122.22169,37.77347],[-122.22111,37.77317],[-122.22052,37.77288],[-122.21993,37.7726],[-122.21933,37.77232],[-122.21874,37.77204],[-122.21815,37.77175],[-122.21759,37.77143],[-122.21704,37.77109],[-122.21653,37.77073],[-122.21604,37.77034],[-122.21557,37.76993],[-122.21514,37.7695],[-122.21471,37.76907],[-122.21429,37.76863],[-122.21387,37.7682],[-122.21345,37.76776],[-122.21302,37.76733],[-122.21257,37.76692],[-122.21211,37.76651],[-122.21164,37.7661],[-122.21117,37.7657],[-122.21069,37.7653],[-122.21022,37.7649],[-122.20974,37.7645],[-122.20926,37.76411],[-122.20878,37.76371],[-122.2083,37.76331],[-122.20782,37.76292],[-122.20735,37.76252],[-122.20687,37.76212],[-122.20639,37.76173],[-122.20591,37.76133],[-122.20544,37.76093],[-122.20496,37.76053],[-122.20448,37.76014],[-122.20402,37.75973],[-122.20355,37.75933],[-122.20308,37.75892],[-122.20262,37.75851],[-122.20216,37.7581],[-122.20171,37.75768],[-122.20125,37.75726],[-122.20081,37.75685],[-122.20036,37.75642],[-122.19993,37.756],[-122.19951,37.75557],[-122.19908,37.75513],[-122.19863,37.7547],[-122.19817,37.75429],[-122.19772,37.75388],[-122.19726,37.75347],[-122.19678,37.75307],[-122.1963,37.75267],[-122.19582,37.75228],[-122.19532,37.75189],[-122.19481,37.75152],[-122.1943,37.75115],[-122.19378,37.75079],[-122.19327,37.75041],[-122.19275,37.75005],[-122.19224,37.74967],[-122.19174,37.74929],[-122.19124,37.74891],[-122.19075,37.74853],[-122.19025,37.74814],[-122.18977,37.74775],[-122.18928,37.74736],[-122.1888,37.74696],[-122.18832,37.74657],[-122.18784,37.74617],[-122.18737,37.74577],[-122.1869,37.74537],[-122.18642,37.74497],[-122.18595,37.74457],[-122.18548,37.74417],[-122.185,37.74377],[-122.18453,37.74337],[-122.18405,37.74297],[-122.18358,37.74257],[-122.1831,37.74217],[-122.18263,37.74177],[-122.18215,37.74137],[-122.18168,37.74098],[-122.1812,37.74058],[-122.18072,37.74018],[-122.18025,37.73978],[-122.17977,37.73938],[-122.17929,37.73899],[-122.17881,37.73859],[-122.17833,37.7382],[-122.17784,37.73781],[-122.17736,37.73741],[-122.17688,37.73702],[-122.17639,37.73663],[-122.17592,37.73623],[-122.17544,37.73583],[-122.17496,37.73543],[-122.17448,37.73504],[-122.17401,37.73464],[-122.17353,37.73424],[-122.17306,37.73384],[-122.17258,37.73344],[-122.17211,37.73304],[-122.17163,37.73264],[-122.17116,37.73224],[-122.17068,37.73184],[-122.17021,37.73145],[-122.16973,37.73105],[-122.16926,37.73065],[-122.16878,37.73025],[-122.16831,37.72985],[-122.16783,37.72945],[-122.16736,37.72905],[-122.16689,37.72865],[-122.16641,37.72825],[-122.16594,37.72785],[-122.16547,37.72745],[-122.165,37.72704],[-122.16453,37.72663],[-122.16409,37.72622],[-122.16367,37.72578],[-122.16327,37.72533],[-122.1629,37.72487],[-122.16255,37.72439],[-122.16221,37.72391],[-122.16188,37.72343],[-122.16155,37.72295],[-122.16121,37.72247],[-122.16089,37.72198],[-122.16056,37.7215],[-122.16023,37.72102],[-122.1599,37.72054],[-122.15956,37.72006],[-122.1592,37.71959],[-122.15878,37.71915],[-122.15831,37.71875],[-122.1578,37.71838],[-122.15728,37.71801],[-122.15676,37.71766],[-122.15623,37.7173],[-122.15571,37.71694],[-122.15519,37.71658],[-122.15467,37.71622],[-122.15415,37.71586],[-122.15362,37.7155],[-122.1531,37.71514],[-122.15258,37.71478],[-122.15205,37.71442],[-122.15153,37.71406],[-122.15101,37.7137],[-122.15048,37.71335],[-122.14996,37.71299],[-122.14943,37.71263],[-122.14891,37.71227],[-122.14838,37.71191],[-122.14786,37.71155],[-122.14734,37.7112],[-122.14681,37.71084],[-122.14629,37.71048],[-122.14577,37.71012],[-122.14524,37.70976],[-122.14472,37.7094],[-122.1442,37.70904],[-122.14368,37.70868],[-122.14316,37.70832],[-122.14263,37.70796],[-122.14211,37.7076],[-122.14159,37.70724],[-122.14107,37.70688],[-122.14055,37.70652],[-122.14003,37.70616],[-122.1395,37.7058],[-122.13898,37.70543],[-122.13846,37.70507],[-122.13794,37.70471],[-122.13742,37.70435],[-122.1369,37.70399],[-122.13638,37.70363],[-122.13585,37.70327],[-122.13533,37.70291],[-122.13481,37.70255],[-122.13429,37.70219],[-122.13376,37.70183],[-122.13324,37.70147],[-122.13272,37.70111],[-122.1322,37.70075],[-122.13167,37.7004],[-122.13115,37.70004],[-122.13062,37.69968],[-122.1301,37.69932],[-122.12957,37.69897],[-122.12904,37.69862],[-122.12849,37.69828],[-122.12795,37.69794],[-122.12743,37.69758],[-122.1269,37.69722],[-122.12639,37.69686],[-122.12587,37.6965],[-122.12535,37.69614],[-122.12481,37.69579],[-122.1243,37.69542],[-122.12378,37.69506],[-122.12325,37.69471],[-122.12273,37.69435],[-122.12222,37.69398],[-122.1217,37.69362],[-122.12117,37.69326],[-122.12064,37.69291],[-122.12012,37.69255],[-122.1196,37.69218],[-122.11909,37.69181],[-122.11856,37.69146],[-122.11805,37.69109],[-122.11755,37.69072],[-122.11703,37.69034],[-122.11654,37.68997],[-122.11604,37.68959],[-122.11558,37.68918],[-122.11511,37.68878],[-122.11463,37.68837],[-122.11414,37.68797],[-122.11366,37.68757],[-122.11318,37.68718],[-122.1127,37.68678],[-122.11221,37.68638],[-122.11173,37.68599],[-122.11124,37.6856],[-122.11075,37.68521],[-122.11025,37.68483],[-122.10975,37.68445],[-122.10925,37.68407],[-122.10874,37.6837],[-122.10823,37.68334],[-122.10772,37.68296],[-122.1072,37.6826],[-122.10668,37.68223],[-122.10616,37.68187],[-122.10564,37.68151],[-122.10512,37.68115],[-122.1046,37.68079],[-122.10408,37.68043],[-122.10355,37.68007],[-122.10303,37.67971],[-122.10251,37.67935],[-122.10199,37.67899],[-122.10147,37.67863],[-122.10094,37.67827],[-122.10042,37.67791],[-122.0999,37.67755],[-122.09937,37.67719],[-122.09885,37.67683],[-122.09832,37.67647],[-122.09779,37.67612],[-122.09728,37.67576],[-122.09675,37.6754],[-122.09622,37.67504],[-122.09569,37.67469],[-122.09517,37.67433],[-122.09464,37.67398],[-122.09412,37.67362],[-122.09359,37.67326],[-122.09306,37.67291],[-122.09253,37.67255],[-122.09201,37.67219],[-122.09148,37.67185],[-122.09094,37.67148],[-122.09039,37.67114],[-122.08986,37.67079],[-122.08934,37.67045],[-122.08883,37.67009],[-122.08831,37.66973],[-122.08778,37.66937],[-122.08725,37.66901],[-122.08672,37.66866],[-122.08621,37.6683],[-122.08569,37.66794],[-122.08517,37.66759],[-122.08467,37.66722],[-122.08418,37.66687],[-122.08373,37.6665],[-122.08331,37.66611],[-122.0829,37.66571],[-122.08253,37.66529],[-122.08217,37.66484],[-122.0818,37.66438],[-122.08143,37.66391],[-122.08106,37.66345],[-122.08069,37.66298],[-122.08033,37.66252],[-122.07997,37.66206],[-122.0796,37.66158],[-122.07923,37.66112],[-122.07887,37.66065],[-122.0785,37.66019],[-122.07813,37.65973],[-122.07777,37.65925],[-122.0774,37.65879],[-122.07704,37.65833],[-122.07667,37.65785],[-122.07631,37.65739],[-122.07594,37.65693],[-122.07559,37.65646],[-122.07522,37.65599],[-122.07485,37.65552],[-122.07449,37.65506],[-122.07412,37.6546],[-122.07376,37.65412],[-122.07339,37.65366],[-122.07303,37.6532],[-122.07266,37.65272],[-122.0723,37.65226],[-122.07193,37.6518],[-122.07157,37.65132],[-122.0712,37.65086],[-122.07084,37.6504],[-122.07047,37.64992],[-122.07011,37.64946],[-122.06974,37.64899],[-122.06938,37.64853],[-122.06901,37.64807],[-122.06865,37.64759],[-122.06828,37.64713],[-122.06792,37.64666],[-122.06755,37.6462],[-122.06718,37.64574],[-122.06682,37.64526],[-122.06645,37.6448],[-122.06609,37.64433],[-122.06572,37.64387],[-122.06536,37.64341],[-122.06499,37.64293],[-122.06462,37.64247],[-122.06426,37.642],[-122.06389,37.64154],[-122.06352,37.64107],[-122.06316,37.64061],[-122.06279,37.64014],[-122.06242,37.63968],[-122.06205,37.63921],[-122.06169,37.63875],[-122.06132,37.63828],[-122.06093,37.63781],[-122.06057,37.63736],[-122.0602,37.63689],[-122.05983,37.63643],[-122.05946,37.63597],[-122.05909,37.63551],[-122.05873,37.63503],[-122.05836,37.63457],[-122.058,37.63411],[-122.05763,37.63363],[-122.05727,37.63317],[-122.0569,37.6327],[-122.05653,37.63224],[-122.05617,37.63177],[-122.0558,37.63131],[-122.05545,37.63085],[-122.05509,37.63038],[-122.05473,37.62992],[-122.05441,37.62946],[-122.05412,37.629],[-122.05384,37.62852],[-122.05358,37.62803],[-122.05332,37.62753],[-122.05307,37.62703],[-122.05282,37.62652],[-122.05257,37.626],[-122.05233,37.62549],[-122.05209,37.62498],[-122.05183,37.62446],[-122.05158,37.62395],[-122.05133,37.62344],[-122.05108,37.62293],[-122.05083,37.62241],[-122.05055,37.62188],[-122.05025,37.62136],[-122.04992,37.62084],[-122.04954,37.62033],[-122.04914,37.61985],[-122.04872,37.61937],[-122.04825,37.61893],[-122.04779,37.6185],[-122.04732,37.61809],[-122.04685,37.61768],[-122.0464,37.61727],[-122.04594,37.61686],[-122.04547,37.61645],[-122.045,37.61605],[-122.04454,37.61564],[-122.04407,37.61523],[-122.04361,37.61483],[-122.04314,37.61441],[-122.04266,37.61401],[-122.0422,37.61362],[-122.04174,37.61321],[-122.04127,37.61281],[-122.04081,37.6124],[-122.04034,37.61199],[-122.03988,37.61159],[-122.03943,37.61118],[-122.03897,37.61077],[-122.03851,37.61037],[-122.03807,37.60995],[-122.03762,37.60954],[-122.03719,37.60913],[-122.03677,37.6087],[-122.03634,37.60827],[-122.03592,37.60784],[-122.03549,37.60741],[-122.03506,37.60698],[-122.03465,37.60655],[-122.03423,37.60611],[-122.03381,37.60568],[-122.03339,37.60524],[-122.03297,37.6048],[-122.03256,37.60437],[-122.03214,37.60394],[-122.03173,37.6035],[-122.03131,37.60306],[-122.0309,37.60262],[-122.03048,37.60218],[-122.03007,37.60174],[-122.02966,37.6013],[-122.02924,37.60085],[-122.02882,37.60041],[-122.02841,37.59998],[-122.02798,37.59954],[-122.02754,37.5991],[-122.02709,37.59866],[-122.02662,37.59824],[-122.02615,37.59783],[-122.02568,37.59741],[-122.02521,37.59702],[-122.02476,37.59662],[-122.02431,37.59621],[-122.02388,37.59581],[-122.02349,37.59539],[-122.0231,37.59496],[-122.02272,37.59451],[-122.02234,37.59405],[-122.02193,37.59359],[-122.0215,37.59312],[-122.02103,37.59267],[-122.02052,37.59225],[-122.02003,37.59185],[-122.01952,37.59145],[-122.01901,37.59108],[-122.01849,37.5907],[-122.01797,37.59033],[-122.01746,37.58997],[-122.01696,37.5896],[-122.01646,37.58923],[-122.01597,37.58885],[-122.01545,37.58847],[-122.01495,37.5881],[-122.01446,37.58772],[-122.01396,37.58735],[-122.01347,37.58697],[-122.01297,37.58658],[-122.01247,37.5862],[-122.01197,37.58582],[-122.01147,37.58545],[-122.01098,37.58507],[-122.01048,37.58469],[-122.00998,37.5843],[-122.00948,37.58392],[-122.00899,37.58354],[-122.00849,37.58315],[-122.00799,37.58278],[-122.0075,37.5824],[-122.007,37.58201],[-122.0065,37.58163],[-122.006,37.58126],[-122.00551,37.58088],[-122.00501,37.58049],[-122.00451,37.58011],[-122.00401,37.57973],[-122.00351,37.57936],[-122.00303,37.57898],[-122.00252,37.57859],[-122.00202,37.57821],[-122.00153,37.57783],[-122.00103,37.57745],[-122.00055,37.57707],[-122.00005,37.57668],[-121.99955,37.5763],[-121.99905,37.57592],[-121.99857,37.57554],[-121.99806,37.57515],[-121.99756,37.57477],[-121.99707,37.57439],[-121.99657,37.574],[-121.99607,37.57362],[-121.99557,37.57324],[-121.99507,37.57287],[-121.99459,37.57249],[-121.99409,37.5721],[-121.99359,37.57172],[-121.99309,37.57133],[-121.99259,37.57095],[-121.99209,37.57058],[-121.99162,37.57021],[-121.99115,37.56982],[-121.9907,37.56943],[-121.99026,37.56903],[-121.98985,37.56862],[-121.98945,37.5682],[-121.98906,37.56777],[-121.98869,37.56732],[-121.98831,37.56687],[-121.98793,37.56641],[-121.98756,37.56596],[-121.98718,37.56548],[-121.9868,37.56502],[-121.9864,37.56456],[-121.98598,37.56409],[-121.98554,37.56364],[-121.98509,37.56321],[-121.98463,37.56277],[-121.98415,37.56237],[-121.9837,37.56197],[-121.98325,37.56154],[-121.98277,37.56114],[-121.98231,37.56073],[-121.98183,37.56032],[-121.98134,37.55991],[-121.98082,37.55951],[-121.9803,37.55913],[-121.97979,37.55876],[-121.97926,37.5584],[-121.97874,37.55803],[-121.97821,37.55766],[-121.97769,37.55731],[-121.97717,37.55695],[-121.97665,37.55659],[-121.97612,37.55623],[-121.97559,37.55587],[-121.97504,37.5555],[-121.97443,37.55515],[-121.97378,37.55483],[-121.97309,37.55456],[-121.97237,37.55434],[-121.97163,37.55418],[-121.97089,37.55407],[-121.97018,37.554],[-121.96948,37.55394],[-121.96879,37.55389],[-121.96811,37.55384],[-121.96744,37.55377],[-121.96678,37.5537],[-121.96616,37.55361],[-121.96556,37.55349],[-121.96497,37.55332],[-121.9644,37.55312],[-121.96385,37.55288],[-121.96331,37.55261],[-121.96282,37.55232],[-121.96236,37.55199],[-121.96192,37.55163],[-121.96149,37.55122],[-121.96104,37.55081],[-121.96062,37.5504],[-121.96018,37.54997],[-121.95975,37.54954],[-121.95931,37.54912],[-121.95889,37.54869],[-121.95847,37.54827],[-121.95808,37.54786],[-121.95774,37.54743],[-121.95744,37.54699],[-121.95717,37.54653],[-121.95694,37.54606],[-121.95676,37.54558],[-121.9566,37.54508],[-121.95647,37.54455],[-121.95634,37.54401],[-121.95622,37.54348],[-121.9561,37.54294],[-121.95598,37.5424],[-121.95584,37.54185],[-121.95571,37.54131],[-121.95558,37.54077],[-121.95545,37.54024],[-121.95533,37.53971],[-121.95521,37.53917],[-121.9551,37.53864],[-121.95501,37.53812],[-121.95495,37.53759],[-121.9549,37.53706],[-121.95486,37.53652],[-121.95482,37.53598],[-121.95479,37.53543],[-121.95475,37.53488],[-121.95472,37.53433],[-121.95469,37.53378],[-121.95466,37.53323],[-121.95462,37.53269],[-121.95459,37.53213],[-121.95454,37.53158],[-121.9545,37.53102],[-121.95444,37.53046],[-121.95437,37.52991],[-121.95428,37.52931],[-121.95411,37.52873],[-121.95391,37.52816],[-121.95365,37.52761],[-121.9534,37.52709],[-121.95314,37.52658],[-121.95288,37.52607],[-121.95263,37.52556],[-121.95237,37.52505],[-121.95211,37.52454],[-121.95186,37.52403],[-121.9516,37.52352],[-121.95134,37.52301],[-121.95108,37.52251],[-121.95082,37.522],[-121.95056,37.52149],[-121.9503,37.52098],[-121.95004,37.52047],[-121.94978,37.51996],[-121.94951,37.51944],[-121.94924,37.51894],[-121.94899,37.51844],[-121.94873,37.51793],[-121.94847,37.51742],[-121.94821,37.51691],[-121.94794,37.51639],[-121.94767,37.51589],[-121.94742,37.51539],[-121.94716,37.51487],[-121.94688,37.51436],[-121.94662,37.51386],[-121.94636,37.51335],[-121.94609,37.51284],[-121.94582,37.51234],[-121.94557,37.51183],[-121.9453,37.51132],[-121.94503,37.51081],[-121.94476,37.51031],[-121.9445,37.5098],[-121.94423,37.50929],[-121.94396,37.50879],[-121.94369,37.50828],[-121.94342,37.50778],[-121.94315,37.50727],[-121.94288,37.50676],[-121.94259,37.50624],[-121.9423,37.50574],[-121.94199,37.50523],[-121.94168,37.50474],[-121.94138,37.50426],[-121.9411,37.50378],[-121.94083,37.50329],[-121.94057,37.50278],[-121.94031,37.50228],[-121.94005,37.50177],[-121.93979,37.50126],[-121.93953,37.50076],[-121.93927,37.50024],[-121.939,37.49973],[-121.93873,37.49922],[-121.93846,37.49872],[-121.9382,37.49821],[-121.93793,37.49771],[-121.93767,37.4972],[-121.93741,37.4967],[-121.93715,37.49619],[-121.9369,37.49569],[-121.93665,37.49518],[-121.93642,37.49467],[-121.93618,37.49416],[-121.93593,37.49363],[-121.93568,37.49311],[-121.9354,37.49259],[-121.93513,37.49208],[-121.93486,37.49159],[-121.93459,37.49107],[-121.93431,37.49057],[-121.93404,37.49007],[-121.93377,37.48957],[-121.9335,37.48906],[-121.93323,37.48855],[-121.93295,37.48804],[-121.93268,37.48755],[-121.93241,37.48704],[-121.93214,37.48653],[-121.93186,37.48602],[-121.93159,37.48553],[-121.93132,37.48502],[-121.93107,37.48453],[-121.93081,37.48402],[-121.93056,37.48352],[-121.93031,37.483],[-121.93006,37.48249],[-121.92981,37.48198],[-121.92956,37.48147],[-121.92931,37.48096],[-121.92906,37.48044],[-121.92881,37.47993],[-121.92856,37.47942],[-121.92831,37.47891],[-121.92806,37.4784],[-121.92781,37.47788],[-121.92756,37.47737],[-121.92731,37.47686],[-121.92706,37.47635],[-121.92681,37.47584],[-121.92656,37.47532],[-121.92631,37.47481],[-121.92606,37.4743],[-121.92581,37.47379],[-121.92556,37.47328],[-121.92531,37.47277],[-121.92506,37.47225],[-121.92481,37.47174],[-121.92456,37.47123],[-121.92431,37.47072],[-121.92406,37.4702],[-121.9238,37.46969],[-121.92354,37.46918],[-121.92328,37.46867],[-121.92301,37.46815],[-121.92274,37.46764],[-121.92249,37.46715],[-121.92223,37.46664],[-121.92197,37.46613],[-121.92171,37.46562],[-121.92145,37.46511],[-121.92119,37.4646],[-121.92093,37.4641],[-121.92067,37.46359],[-121.92041,37.46308],[-121.92014,37.46256],[-121.91987,37.46205],[-121.91962,37.46155],[-121.91936,37.46105],[-121.9191,37.46054],[-121.91884,37.46003],[-121.91858,37.45952],[-121.91832,37.45901],[-121.91806,37.4585],[-121.9178,37.458],[-121.91754,37.45749],[-121.91728,37.45698],[-121.91702,37.45647],[-121.91676,37.45596],[-121.91649,37.45544],[-121.91622,37.45493],[-121.91597,37.45444],[-121.91571,37.45393],[-121.91545,37.45342],[-121.91519,37.45291],[-121.91493,37.4524],[-121.91467,37.45189],[-121.9144,37.45138],[-121.91413,37.45087],[-121.91386,37.45037],[-121.91359,37.44986],[-121.91332,37.44935],[-121.91307,37.44885],[-121.91281,37.44835],[-121.91255,37.44784],[-121.91229,37.44733],[-121.91203,37.44682],[-121.91176,37.4463],[-121.91149,37.44579],[-121.91124,37.4453],[-121.91098,37.44479],[-121.91072,37.44428],[-121.91046,37.44377],[-121.9102,37.44326],[-121.90994,37.44275],[-121.90968,37.44225],[-121.90942,37.44174],[-121.90916,37.44123],[-121.90889,37.44071],[-121.90862,37.4402],[-121.90835,37.43969],[-121.90807,37.43919],[-121.90779,37.43868],[-121.90751,37.43818],[-121.90723,37.43768],[-121.90695,37.43718],[-121.90667,37.43668],[-121.9064,37.43617],[-121.90612,37.43567],[-121.90584,37.43517],[-121.90556,37.43467],[-121.90528,37.43416],[-121.905,37.43366],[-121.90472,37.43316],[-121.90444,37.43266],[-121.90416,37.43216],[-121.90389,37.43165],[-121.90361,37.43115],[-121.90333,37.43065],[-121.90305,37.43015],[-121.90277,37.42964],[-121.90249,37.42914],[-121.90221,37.42864],[-121.90193,37.42814],[-121.90166,37.42763],[-121.90138,37.42713],[-121.9011,37.42663],[-121.90082,37.42613],[-121.90054,37.42563],[-121.90026,37.42512],[-121.89998,37.42462],[-121.8997,37.42412],[-121.89943,37.42362],[-121.89915,37.42311],[-121.89887,37.42261],[-121.89859,37.42211],[-121.89831,37.42161],[-121.89803,37.4211],[-121.89775,37.4206],[-121.89747,37.4201],[-121.8972,37.4196],[-121.89692,37.4191],[-121.89664,37.41859],[-121.89636,37.41809],[-121.89608,37.41759],[-121.89581,37.41709],[-121.89553,37.41658],[-121.89525,37.41608],[-121.89497,37.41558],[-121.89469,37.41508],[-121.89441,37.41457],[-121.89414,37.41407],[-121.89386,37.41357],[-121.89358,37.41307],[-121.8933,37.41256],[-121.89302,37.41206],[-121.89274,37.41156],[-121.89247,37.41106],[-121.89219,37.41055],[-121.8919,37.41005],[-121.89162,37.40955],[-121.89135,37.40905],[-121.89107,37.40854],[-121.8908,37.40804],[-121.89051,37.40753],[-121.89022,37.40703],[-121.88994,37.40654],[-121.88967,37.40604],[-121.88939,37.40553],[-121.88912,37.40503],[-121.88883,37.40453],[-121.88856,37.40403],[-121.88828,37.40352],[-121.88801,37.40302],[-121.88773,37.40252],[-121.88745,37.40201],[-121.88716,37.40151],[-121.88688,37.40101],[-121.8866,37.40051],[-121.88633,37.40002],[-121.88608,37.39953],[-121.88585,37.39904],[-121.88564,37.39853],[-121.88545,37.39802],[-121.88527,37.3975],[-121.88509,37.39697],[-121.88491,37.39645],[-121.88474,37.39592],[-121.88456,37.39539],[-121.88438,37.39485],[-121.88421,37.39432],[-121.88403,37.39379],[-121.88386,37.39326],[-121.88368,37.39273],[-121.88351,37.3922],[-121.88333,37.39167],[-121.88316,37.39114],[-121.88298,37.3906],[-121.8828,37.39007],[-121.88263,37.38954],[-121.88245,37.389],[-121.88227,37.38848],[-121.8821,37.38795],[-121.88192,37.38741],[-121.88174,37.38689],[-121.88157,37.38636],[-121.88139,37.38582],[-121.88121,37.3853],[-121.88104,37.38477],[-121.88086,37.38423],[-121.88068,37.3837],[-121.88051,37.38317],[-121.88033,37.38263],[-121.88015,37.3821],[-121.87997,37.38158],[-121.8798,37.38105],[-121.87962,37.38051],[-121.87944,37.37999],[-121.87927,37.37946],[-121.87909,37.37892],[-121.87891,37.37839],[-121.87873,37.37787],[-121.87855,37.37733],[-121.87838,37.3768],[-121.8782,37.37626],[-121.87802,37.37573],[-121.87784,37.3752],[-121.87765,37.37467],[-121.87747,37.37415],[-121.87729,37.37362],[-121.87711,37.37309],[-121.87694,37.37256],[-121.87676,37.37203],[-121.87659,37.3715],[-121.87641,37.37097],[-121.87624,37.37044],[-121.87606,37.3699],[-121.87588,37.36938],[-121.87571,37.36885],[-121.87553,37.36831]]},"properties":{"routeId":"5","name":"Berryessa/North San Jose to Daly City","shortName":"Green-S","color":"#339933","textColor":"#FFFFFF","system":"bart"}},{"type":"Feature","geometry":{"type":"LineString","coordinates":[[-122.46677,37.70514],[-122.46661,37.70534],[-122.46621,37.70582],[-122.46583,37.7063],[-122.4655,37.70672],[-122.4651,37.70717],[-122.46474,37.70761],[-122.46453,37.70785],[-122.46436,37.70797],[-122.46424,37.70804],[-122.46406,37.70808],[-122.46379,37.70812],[-122.46333,37.70812],[-122.46269,37.70811],[-122.462,37.7081],[-122.4613,37.70809],[-122.46061,37.70808],[-122.45989,37.70807],[-122.45916,37.70807],[-122.4584,37.70808],[-122.45757,37.70812],[-122.45667,37.70821],[-122.45571,37.70838],[-122.45477,37.70866],[-122.45391,37.709],[-122.45309,37.70941],[-122.45237,37.70988],[-122.45179,37.7103],[-122.45126,37.71071],[-122.45073,37.71113],[-122.45025,37.71153],[-122.44975,37.71193],[-122.44925,37.71235],[-122.44875,37.71278],[-122.44823,37.71325],[-122.44772,37.71376],[-122.44723,37.71431],[-122.44677,37.71491],[-122.44636,37.71557],[-122.44602,37.71628],[-122.44578,37.71699],[-122.44562,37.71768],[-122.44553,37.71829],[-122.44546,37.71884],[-122.44539,37.71934],[-122.44529,37.71985],[-122.44519,37.72035],[-122.44507,37.72088],[-122.44495,37.72143],[-122.44484,37.72196],[-122.44472,37.72247],[-122.4446,37.72297],[-122.44448,37.72338],[-122.44432,37.72375],[-122.44413,37.72413],[-122.44391,37.72448],[-122.44364,37.72484],[-122.44335,37.72518],[-122.44305,37.72548],[-122.4427,37.72578],[-122.4423,37.72607],[-122.44191,37.72633],[-122.44148,37.72657],[-122.44101,37.72681],[-122.44053,37.72702],[-122.44,37.72722],[-122.4394,37.72744],[-122.43874,37.72768],[-122.43803,37.72796],[-122.43729,37.7283],[-122.43657,37.72867],[-122.43593,37.72905],[-122.43533,37.72942],[-122.43478,37.72978],[-122.43424,37.73013],[-122.4337,37.73049],[-122.43317,37.73084],[-122.43263,37.7312],[-122.4321,37.73156],[-122.4316,37.73188],[-122.43106,37.73222],[-122.43052,37.73258],[-122.42998,37.73293],[-122.42944,37.73329],[-122.4289,37.73365],[-122.42837,37.73401],[-122.42785,37.73435],[-122.42731,37.73471],[-122.42678,37.73507],[-122.42626,37.73541],[-122.42574,37.73575],[-122.42522,37.73609],[-122.42465,37.73645],[-122.42409,37.73684],[-122.42352,37.73723],[-122.42295,37.73767],[-122.42238,37.73813],[-122.42182,37.73866],[-122.42132,37.73919],[-122.42085,37.73974],[-122.42044,37.7403],[-122.42009,37.74082],[-122.41976,37.7413],[-122.41943,37.74179],[-122.4191,37.74229],[-122.41878,37.74278],[-122.41846,37.74327],[-122.41814,37.74377],[-122.41783,37.74425],[-122.4175,37.74474],[-122.41718,37.74525],[-122.41687,37.74574],[-122.41653,37.7463],[-122.41618,37.74694],[-122.41588,37.74769],[-122.41572,37.74848],[-122.41566,37.74922],[-122.41569,37.74987],[-122.41572,37.75045],[-122.41576,37.75104],[-122.41582,37.75163],[-122.41588,37.75217],[-122.41594,37.75271],[-122.416,37.75325],[-122.41605,37.75379],[-122.4161,37.75433],[-122.41615,37.75487],[-122.4162,37.75542],[-122.41625,37.75598],[-122.4163,37.75653],[-122.41636,37.75708],[-122.41641,37.75761],[-122.41646,37.75816],[-122.41651,37.75873],[-122.41657,37.75927],[-122.41662,37.7598],[-122.41667,37.76037],[-122.41673,37.76092],[-122.41678,37.76146],[-122.41684,37.76201],[-122.41689,37.76254],[-122.41694,37.76311],[-122.417,37.76365],[-122.41705,37.7642],[-122.41711,37.76475],[-122.41716,37.76529],[-122.41721,37.76584],[-122.41727,37.76639],[-122.41732,37.76694],[-122.41738,37.76751],[-122.41744,37.76805],[-122.4175,37.76859],[-122.41756,37.76914],[-122.41762,37.7697],[-122.41768,37.77022],[-122.41773,37.77074],[-122.41777,37.77128],[-122.4178,37.77178],[-122.41781,37.77219],[-122.41778,37.77252],[-122.4177,37.77285],[-122.41758,37.77316],[-122.41742,37.77345],[-122.41721,37.77373],[-122.41693,37.77402],[-122.41657,37.77435],[-122.41615,37.77471],[-122.41568,37.77509],[-122.4152,37.77549],[-122.41472,37.77587],[-122.41425,37.77626],[-122.41379,37.77663],[-122.4133,37.77701],[-122.41282,37.77738],[-122.41231,37.77777],[-122.4118,37.77818],[-122.4113,37.77857],[-122.41082,37.77896],[-122.41034,37.77935],[-122.40985,37.77974],[-122.40935,37.78013],[-122.40885,37.78053],[-122.40837,37.78092],[-122.40791,37.7813],[-122.40742,37.78168],[-122.40691,37.78208],[-122.40643,37.78247],[-122.40595,37.78286],[-122.40546,37.78325],[-122.40496,37.78364],[-122.40448,37.78403],[-122.404,37.78442],[-122.40352,37.7848],[-122.40304,37.78517],[-122.40252,37.78557],[-122.40204,37.78596],[-122.40155,37.78634],[-122.40105,37.78674],[-122.40056,37.78713],[-122.40006,37.78752],[-122.39958,37.78791],[-122.3991,37.7883],[-122.39861,37.78869],[-122.39812,37.78908],[-122.39764,37.78946],[-122.39715,37.78984],[-122.39664,37.79024],[-122.39618,37.79061],[-122.39568,37.79099],[-122.39516,37.7914],[-122.3947,37.79178],[-122.39425,37.79212],[-122.39379,37.79245],[-122.39339,37.79272],[-122.39297,37.79295],[-122.39246,37.79321],[-122.3919,37.79348],[-122.39132,37.79375],[-122.39075,37.79402],[-122.39017,37.79428],[-122.38956,37.79455],[-122.38895,37.79482],[-122.38835,37.79509],[-122.38776,37.79536],[-122.38715,37.79563],[-122.38655,37.7959],[-122.38596,37.79616],[-122.38536,37.79642],[-122.38473,37.7967],[-122.38415,37.79696],[-122.38354,37.79722],[-122.38291,37.7975],[-122.38232,37.79777],[-122.38174,37.79803],[-122.38112,37.79829],[-122.38049,37.79857],[-122.37992,37.79883],[-122.37932,37.79909],[-122.37868,37.79937],[-122.37807,37.79964],[-122.37748,37.79991],[-122.37692,37.80016],[-122.37638,37.80038],[-122.37582,37.8006],[-122.37525,37.80079],[-122.37469,37.80098],[-122.37412,37.80114],[-122.37355,37.80129],[-122.37293,37.80144],[-122.37234,37.80158],[-122.37173,37.80169],[-122.37108,37.80181],[-122.37038,37.80193],[-122.36973,37.80206],[-122.36907,37.80216],[-122.36838,37.80229],[-122.36772,37.8024],[-122.36707,37.80251],[-122.36636,37.80262],[-122.36569,37.80274],[-122.36501,37.80285],[-122.36431,37.80298],[-122.36366,37.80309],[-122.36298,37.8032],[-122.3623,37.80332],[-122.36163,37.80343],[-122.36093,37.80356],[-122.36027,37.80367],[-122.3596,37.80378],[-122.35892,37.8039],[-122.35824,37.80401],[-122.35755,37.80414],[-122.35689,37.80425],[-122.35621,37.80436],[-122.35554,37.80448],[-122.35486,37.80459],[-122.35418,37.80471],[-122.35351,37.80482],[-122.35281,37.80495],[-122.35215,37.80506],[-122.35148,37.80517],[-122.35078,37.8053],[-122.35012,37.80541],[-122.34945,37.80552],[-122.34877,37.80564],[-122.34809,37.80575],[-122.3474,37.80588],[-122.34674,37.80599],[-122.34606,37.8061],[-122.34539,37.80622],[-122.34471,37.80633],[-122.34401,37.80646],[-122.34336,37.80657],[-122.34268,37.80668],[-122.342,37.8068],[-122.34133,37.80691],[-122.34065,37.80703],[-122.34002,37.80714],[-122.33938,37.80723],[-122.33873,37.80732],[-122.33807,37.8074],[-122.33743,37.80748],[-122.33676,37.80755],[-122.3361,37.80761],[-122.33546,37.80767],[-122.3348,37.80772],[-122.33413,37.80777],[-122.33346,37.8078],[-122.3328,37.80784],[-122.33215,37.80787],[-122.33146,37.80789],[-122.33081,37.80792],[-122.33021,37.80792],[-122.32957,37.80791],[-122.32893,37.80789],[-122.32826,37.80786],[-122.32759,37.80783],[-122.32695,37.8078],[-122.32631,37.80775],[-122.32564,37.80769],[-122.32495,37.80763],[-122.32428,37.80757],[-122.3236,37.8075],[-122.32292,37.80744],[-122.32222,37.80737],[-122.32151,37.80731],[-122.32085,37.80725],[-122.32017,37.80718],[-122.31947,37.80712],[-122.31881,37.80706],[-122.31812,37.80699],[-122.31744,37.80692],[-122.31675,37.80685],[-122.31604,37.80677],[-122.31533,37.80671],[-122.31466,37.80665],[-122.31402,37.80659],[-122.31332,37.80651],[-122.31256,37.80644],[-122.31189,37.80639],[-122.31125,37.80633],[-122.31057,37.80626],[-122.30988,37.80619],[-122.30921,37.80612],[-122.30858,37.80604],[-122.30791,37.80596],[-122.30726,37.80587],[-122.30665,37.80578],[-122.30604,37.80567],[-122.30541,37.80555],[-122.3048,37.80542],[-122.30413,37.80527],[-122.30346,37.80513],[-122.30281,37.80499],[-122.30213,37.80483],[-122.30146,37.80469],[-122.30083,37.80455],[-122.30017,37.80439],[-122.29953,37.80425],[-122.299,37.80411],[-122.29848,37.80395],[-122.29795,37.80375],[-122.2974,37.80354],[-122.29681,37.80329],[-122.29617,37.80303],[-122.29556,37.80278],[-122.29493,37.80253],[-122.29432,37.80228],[-122.29371,37.80203],[-122.29306,37.80177],[-122.2924,37.80151],[-122.29165,37.80124],[-122.29084,37.80101],[-122.29011,37.80083],[-122.28942,37.80066],[-122.28873,37.80051],[-122.28806,37.80036],[-122.2874,37.80021],[-122.28673,37.80006],[-122.28612,37.79992],[-122.28557,37.79978],[-122.28507,37.79962],[-122.28461,37.79945],[-122.28409,37.79922],[-122.28352,37.79896],[-122.28295,37.79869],[-122.28237,37.79841],[-122.28181,37.79813],[-122.28125,37.79785],[-122.28073,37.79756],[-122.28005,37.79719],[-122.27903,37.79678],[-122.27791,37.79653],[-122.27693,37.79643],[-122.27581,37.79642],[-122.2744,37.79668],[-122.27321,37.79723],[-122.27256,37.79772],[-122.27231,37.79794],[-122.27227,37.79801],[-122.27228,37.79805],[-122.27203,37.79808],[-122.27157,37.79807],[-122.27114,37.79804],[-122.27069,37.79796],[-122.27012,37.79779],[-122.26949,37.7976],[-122.26892,37.79742],[-122.26837,37.7972],[-122.26781,37.79695],[-122.26724,37.79667],[-122.26665,37.79637],[-122.26605,37.79608],[-122.26548,37.79579],[-122.26492,37.79549],[-122.26437,37.79518],[-122.26386,37.79489],[-122.26339,37.79458],[-122.26294,37.79425],[-122.26246,37.79388],[-122.26199,37.79352],[-122.26151,37.79312],[-122.261,37.79271],[-122.2605,37.79232],[-122.25997,37.79192],[-122.25939,37.79151],[-122.25879,37.79113],[-122.25817,37.79077],[-122.25751,37.79042],[-122.25684,37.79012],[-122.25615,37.78983],[-122.25544,37.78958],[-122.25477,37.78936],[-122.2541,37.78915],[-122.25346,37.78897],[-122.25288,37.78878],[-122.25232,37.78857],[-122.25174,37.78834],[-122.25115,37.78808],[-122.25054,37.78783],[-122.24994,37.78757],[-122.24933,37.7873],[-122.24872,37.78704],[-122.24812,37.78679],[-122.24751,37.78652],[-122.24691,37.78626],[-122.24634,37.786],[-122.24575,37.78573],[-122.24518,37.78546],[-122.2446,37.78518],[-122.244,37.78488],[-122.24341,37.7846],[-122.24283,37.78432],[-122.24225,37.78403],[-122.24169,37.78375],[-122.24116,37.78347],[-122.24062,37.78316],[-122.24007,37.78284],[-122.23953,37.78252],[-122.23898,37.7822],[-122.23842,37.78186],[-122.23787,37.78154],[-122.23735,37.78122],[-122.2368,37.78088],[-122.23627,37.78055],[-122.2358,37.78024],[-122.23535,37.77991],[-122.23488,37.77954],[-122.23441,37.77916],[-122.2339,37.77875],[-122.23335,37.77834],[-122.23277,37.77793],[-122.23215,37.77755],[-122.23154,37.7772],[-122.23092,37.77688],[-122.23034,37.77658],[-122.22975,37.77627],[-122.22915,37.77598],[-122.22858,37.7757],[-122.22802,37.77541],[-122.22746,37.77511],[-122.22691,37.77481],[-122.22637,37.7745],[-122.22582,37.77419],[-122.22528,37.77386],[-122.22471,37.77352],[-122.22414,37.7732],[-122.22358,37.77288],[-122.223,37.77255],[-122.22239,37.77222],[-122.22176,37.7719],[-122.22114,37.7716],[-122.22054,37.77132],[-122.21996,37.77104],[-122.21941,37.77078],[-122.21889,37.77051],[-122.2184,37.77023],[-122.21796,37.76994],[-122.21752,37.7696],[-122.2171,37.76926],[-122.2167,37.76889],[-122.21629,37.76848],[-122.21589,37.76807],[-122.21547,37.76764],[-122.21505,37.76719],[-122.21461,37.76674],[-122.21413,37.76628],[-122.21365,37.76585],[-122.21317,37.76542],[-122.21269,37.76501],[-122.21221,37.76461],[-122.21173,37.7642],[-122.21125,37.76381],[-122.21078,37.7634],[-122.21029,37.76301],[-122.20982,37.76261],[-122.20933,37.76221],[-122.20885,37.76182],[-122.20837,37.76142],[-122.2079,37.76103],[-122.20743,37.76064],[-122.20695,37.76023],[-122.20647,37.75984],[-122.206,37.75943],[-122.20551,37.75903],[-122.20505,37.75864],[-122.20459,37.75824],[-122.20411,37.75782],[-122.20365,37.75742],[-122.2032,37.75701],[-122.20274,37.75659],[-122.20229,37.75617],[-122.20184,37.75575],[-122.20141,37.75534],[-122.20099,37.75493],[-122.20057,37.75451],[-122.20012,37.75406],[-122.19963,37.75361],[-122.19918,37.75321],[-122.19873,37.75281],[-122.19825,37.75239],[-122.19778,37.752],[-122.19731,37.75161],[-122.19682,37.75122],[-122.1963,37.75082],[-122.19578,37.75044],[-122.19525,37.75006],[-122.19475,37.74971],[-122.19425,37.74934],[-122.19375,37.74898],[-122.19325,37.7486],[-122.19275,37.74822],[-122.19226,37.74784],[-122.19176,37.74745],[-122.19128,37.74706],[-122.19079,37.74667],[-122.19032,37.74628],[-122.18984,37.74587],[-122.18935,37.74548],[-122.18889,37.74508],[-122.18841,37.74468],[-122.18793,37.74428],[-122.18747,37.74388],[-122.18699,37.74348],[-122.18651,37.74308],[-122.18604,37.74268],[-122.18556,37.74228],[-122.18509,37.74188],[-122.18461,37.74148],[-122.18414,37.74108],[-122.18366,37.74068],[-122.18319,37.74028],[-122.1827,37.73987],[-122.18223,37.73948],[-122.18176,37.73908],[-122.18128,37.73868],[-122.18079,37.73828],[-122.18031,37.73789],[-122.17983,37.73749],[-122.17934,37.73709],[-122.17885,37.7367],[-122.17837,37.73631],[-122.1779,37.73592],[-122.17742,37.73553],[-122.17695,37.73513],[-122.17647,37.73474],[-122.17599,37.73433],[-122.17551,37.73394],[-122.17505,37.73355],[-122.17457,37.73314],[-122.17409,37.73275],[-122.17362,37.73235],[-122.17314,37.73195],[-122.17267,37.73155],[-122.17219,37.73115],[-122.17172,37.73075],[-122.17123,37.73034],[-122.17076,37.72995],[-122.17029,37.72956],[-122.16983,37.72916],[-122.16935,37.72876],[-122.16887,37.72836],[-122.1684,37.72796],[-122.16792,37.72756],[-122.16746,37.72716],[-122.167,37.72677],[-122.16653,37.72636],[-122.16606,37.72596],[-122.16564,37.72559],[-122.16525,37.72521],[-122.16489,37.72482],[-122.16455,37.72441],[-122.16422,37.72398],[-122.16389,37.72353],[-122.16356,37.72306],[-122.16323,37.72258],[-122.16289,37.72209],[-122.16257,37.72162],[-122.16226,37.72115],[-122.16192,37.72065],[-122.16158,37.72016],[-122.16123,37.71967],[-122.16086,37.71916],[-122.16041,37.71861],[-122.15984,37.71806],[-122.15926,37.71761],[-122.15872,37.71722],[-122.15818,37.71684],[-122.15765,37.71648],[-122.15713,37.71613],[-122.15661,37.71577],[-122.15609,37.7154],[-122.15556,37.71504],[-122.15504,37.71469],[-122.15452,37.71433],[-122.15399,37.71396],[-122.15346,37.71361],[-122.15295,37.71326],[-122.15243,37.71289],[-122.1519,37.71253],[-122.15138,37.71217],[-122.15084,37.71181],[-122.15032,37.71146],[-122.1498,37.7111],[-122.14928,37.71075],[-122.14876,37.71038],[-122.14823,37.71002],[-122.14771,37.70967],[-122.14719,37.7093],[-122.14665,37.70894],[-122.14613,37.70859],[-122.14562,37.70824],[-122.1451,37.70787],[-122.14457,37.70751],[-122.14406,37.70716],[-122.14354,37.70679],[-122.14301,37.70643],[-122.14249,37.70607],[-122.14197,37.70571],[-122.14145,37.70534],[-122.14092,37.70498],[-122.1404,37.70463],[-122.13988,37.70427],[-122.13936,37.70391],[-122.13884,37.70355],[-122.13832,37.70318],[-122.13779,37.70282],[-122.13727,37.70247],[-122.13675,37.70211],[-122.13623,37.70175],[-122.13571,37.70138],[-122.13518,37.70102],[-122.13466,37.70067],[-122.13414,37.70031],[-122.13362,37.69994],[-122.13309,37.69958],[-122.13257,37.69922],[-122.13203,37.69886],[-122.13151,37.69851],[-122.13097,37.69814],[-122.13043,37.69779],[-122.12988,37.69742],[-122.12932,37.69708],[-122.12882,37.69676],[-122.12832,37.69641],[-122.12781,37.69606],[-122.12729,37.69569],[-122.12675,37.69532],[-122.12622,37.69497],[-122.12573,37.69463],[-122.1252,37.69425],[-122.12465,37.69388],[-122.12414,37.69353],[-122.12364,37.69319],[-122.12313,37.69282],[-122.12259,37.69245],[-122.12205,37.69207],[-122.1215,37.69171],[-122.12099,37.69138],[-122.12046,37.69102],[-122.11993,37.69067],[-122.11941,37.69033],[-122.11887,37.68998],[-122.11832,37.68963],[-122.11777,37.6893],[-122.11722,37.68897],[-122.1166,37.68861],[-122.11587,37.68828],[-122.11508,37.688],[-122.11424,37.68782],[-122.11339,37.68775],[-122.11258,37.68777],[-122.11182,37.68785],[-122.11109,37.68795],[-122.11037,37.68809],[-122.10968,37.68825],[-122.10901,37.6884],[-122.10833,37.68855],[-122.10766,37.6887],[-122.10699,37.68883],[-122.10631,37.68896],[-122.10563,37.68908],[-122.10496,37.68918],[-122.10427,37.68928],[-122.1036,37.68937],[-122.10291,37.68946],[-122.10223,37.68954],[-122.10154,37.68962],[-122.10086,37.6897],[-122.10018,37.68978],[-122.09949,37.68986],[-122.09881,37.68994],[-122.09812,37.69002],[-122.09744,37.6901],[-122.09676,37.69019],[-122.09607,37.69026],[-122.09539,37.69034],[-122.0947,37.6904],[-122.09401,37.69046],[-122.09333,37.6905],[-122.09264,37.69055],[-122.09195,37.69058],[-122.09126,37.69061],[-122.09057,37.69063],[-122.08987,37.69064],[-122.08918,37.69065],[-122.08849,37.69066],[-122.0878,37.69067],[-122.08711,37.69067],[-122.08642,37.69067],[-122.08573,37.69067],[-122.08504,37.69067],[-122.08435,37.69067],[-122.08365,37.69067],[-122.08296,37.69068],[-122.08227,37.69068],[-122.08158,37.69069],[-122.08089,37.69069],[-122.0802,37.6907],[-122.07951,37.69071],[-122.07882,37.69073],[-122.07813,37.69074],[-122.07743,37.69075],[-122.07674,37.69075],[-122.07605,37.69075],[-122.07536,37.69075],[-122.07467,37.69074],[-122.07398,37.69075],[-122.07329,37.69075],[-122.0726,37.69077],[-122.07191,37.69079],[-122.07122,37.69083],[-122.07053,37.69088],[-122.06984,37.69096],[-122.06916,37.69105],[-122.06849,37.69117],[-122.06782,37.6913],[-122.06715,37.69144],[-122.06649,37.69161],[-122.06584,37.69179],[-122.06519,37.69197],[-122.06454,37.69216],[-122.06389,37.69235],[-122.06323,37.69253],[-122.06258,37.69272],[-122.06193,37.6929],[-122.06128,37.69308],[-122.06062,37.69326],[-122.05996,37.69342],[-122.0593,37.69356],[-122.05862,37.69366],[-122.05793,37.69373],[-122.05724,37.69376],[-122.05655,37.69376],[-122.05586,37.69372],[-122.05517,37.69366],[-122.05449,37.69358],[-122.05381,37.6935],[-122.05312,37.69343],[-122.05243,37.6934],[-122.05174,37.69341],[-122.05105,37.69344],[-122.05036,37.69352],[-122.04969,37.69363],[-122.04902,37.69377],[-122.04837,37.69395],[-122.04773,37.69417],[-122.04712,37.69442],[-122.04652,37.69469],[-122.04595,37.695],[-122.04541,37.69534],[-122.04489,37.69571],[-122.04441,37.6961],[-122.04394,37.69651],[-122.04349,37.69692],[-122.04304,37.69734],[-122.04259,37.69776],[-122.04215,37.69818],[-122.0417,37.6986],[-122.04125,37.69902],[-122.04079,37.69943],[-122.04031,37.69982],[-122.0398,37.70019],[-122.03925,37.70053],[-122.03868,37.70084],[-122.03809,37.70112],[-122.03747,37.70137],[-122.03684,37.70159],[-122.03619,37.70177],[-122.03552,37.70192],[-122.03485,37.70203],[-122.03416,37.70211],[-122.03347,37.70215],[-122.03278,37.70216],[-122.03209,37.70213],[-122.0314,37.70206],[-122.03073,37.70195],[-122.03006,37.70182],[-122.0294,37.70165],[-122.02875,37.70147],[-122.02809,37.70129],[-122.02743,37.70113],[-122.02676,37.701],[-122.02608,37.70091],[-122.02539,37.70085],[-122.0247,37.70084],[-122.02401,37.70086],[-122.02332,37.70091],[-122.02264,37.701],[-122.02197,37.70112],[-122.02131,37.70128],[-122.02066,37.70148],[-122.02003,37.7017],[-122.0194,37.70194],[-122.01878,37.70217],[-122.01814,37.70239],[-122.01749,37.70257],[-122.01682,37.70272],[-122.01615,37.70282],[-122.01546,37.7029],[-122.01477,37.70294],[-122.01408,37.70298],[-122.01339,37.70301],[-122.0127,37.70305],[-122.01201,37.70308],[-122.01132,37.70311],[-122.01063,37.70314],[-122.00994,37.70317],[-122.00925,37.7032],[-122.00856,37.70324],[-122.00787,37.70327],[-122.00718,37.70331],[-122.00649,37.70334],[-122.0058,37.70337],[-122.00511,37.7034],[-122.00442,37.70343],[-122.00373,37.70347],[-122.00304,37.7035],[-122.00235,37.70353],[-122.00166,37.70354],[-122.00097,37.70353],[-122.00028,37.7035],[-121.99959,37.70346],[-121.9989,37.70339],[-121.99822,37.7033],[-121.99754,37.70319],[-121.99687,37.70306],[-121.99621,37.70291],[-121.99555,37.70275],[-121.99489,37.70257],[-121.99425,37.70236],[-121.99362,37.70214],[-121.993,37.70189],[-121.99239,37.70163],[-121.99179,37.70137],[-121.99118,37.70111],[-121.99057,37.70085],[-121.98997,37.70057],[-121.98935,37.70033],[-121.98872,37.70011],[-121.98807,37.69993],[-121.9874,37.69978],[-121.98672,37.69967],[-121.98604,37.69959],[-121.98535,37.69952],[-121.98467,37.69945],[-121.98399,37.69937],[-121.9833,37.69928],[-121.98262,37.69919],[-121.98194,37.69909],[-121.98126,37.69898],[-121.98059,37.69887],[-121.97991,37.69875],[-121.97924,37.69863],[-121.97856,37.6985],[-121.97789,37.69838],[-121.97722,37.69826],[-121.97654,37.69814],[-121.97586,37.69804],[-121.97519,37.69792],[-121.97451,37.6978],[-121.97384,37.69769],[-121.97316,37.69758],[-121.97248,37.69749],[-121.97179,37.69741],[-121.97111,37.69735],[-121.97042,37.6973],[-121.96973,37.69726],[-121.96904,37.69723],[-121.96835,37.69722],[-121.96765,37.69723],[-121.96696,37.69724],[-121.96627,37.69727],[-121.96559,37.69732],[-121.9649,37.69738],[-121.96421,37.69745],[-121.96353,37.69753],[-121.96285,37.69763],[-121.96217,37.69774],[-121.9615,37.69786],[-121.96082,37.69798],[-121.96015,37.69811],[-121.95947,37.69822],[-121.95879,37.69832],[-121.95811,37.69839],[-121.95742,37.69842],[-121.95673,37.69843],[-121.95604,37.69844],[-121.95535,37.69844],[-121.95465,37.69843],[-121.95396,37.69843],[-121.95327,37.69842],[-121.95258,37.69842],[-121.95189,37.69841],[-121.9512,37.6984],[-121.95051,37.69839],[-121.94982,37.69839],[-121.94912,37.69838],[-121.94843,37.69837],[-121.94774,37.69837],[-121.94705,37.69837],[-121.94636,37.69836],[-121.94567,37.69836],[-121.94498,37.69836],[-121.94429,37.69835],[-121.94359,37.69835],[-121.9429,37.69834],[-121.94221,37.69833],[-121.94152,37.69833],[-121.94083,37.69832],[-121.94014,37.69831],[-121.93945,37.6983],[-121.93876,37.69829],[-121.93806,37.69829],[-121.93737,37.69828],[-121.93668,37.69828],[-121.93599,37.6983],[-121.9353,37.69832],[-121.93461,37.69838],[-121.93393,37.69847],[-121.93326,37.69858],[-121.93259,37.69872],[-121.93192,37.69888],[-121.93127,37.69905],[-121.9306,37.69921],[-121.92994,37.69936],[-121.92928,37.69951],[-121.92861,37.69966],[-121.92794,37.69981],[-121.92728,37.69996],[-121.92662,37.70012],[-121.92595,37.70027],[-121.92529,37.70042],[-121.92462,37.70057],[-121.92396,37.70072],[-121.92329,37.70087],[-121.92263,37.70101],[-121.92196,37.70115],[-121.92129,37.7013],[-121.92062,37.70143],[-121.91995,37.70156],[-121.91927,37.70168],[-121.91859,37.70177],[-121.9179,37.70183],[-121.91721,37.70186],[-121.91652,37.70187],[-121.91583,37.70187],[-121.91514,37.70187],[-121.91445,37.70186],[-121.91376,37.70185],[-121.91307,37.70184],[-121.91238,37.70183],[-121.91168,37.70181],[-121.91099,37.7018],[-121.9103,37.70179],[-121.90961,37.70178],[-121.90892,37.70177],[-121.90823,37.70176],[-121.90754,37.70175],[-121.90685,37.70174],[-121.90615,37.70173],[-121.90546,37.70172],[-121.90477,37.70172],[-121.90408,37.70171],[-121.90339,37.7017],[-121.9027,37.70169],[-121.90201,37.70168],[-121.90132,37.70167],[-121.90063,37.70166],[-121.89993,37.70166],[-121.89924,37.70165]]},"properties":{"routeId":"11","name":"Dublin/Pleasanton to Daly City","shortName":"Blue-S","color":"#0099CC","textColor":"#FFFFFF","system":"bart"}}]}