{"type":"FeatureCollection","features":[{"type":"Feature","geometry":{"type":"LineString","coordinates":[[-118.23451,34.05438],[-118.23389,34.05719],[-118.2336,34.05848],[-118.23348,34.05878],[-118.23225,34.06102],[-118.23194,34.06134],[-118.23183,34.06146],[-118.23163,34.06159],[-118.23153,34.06163],[-118.23136,34.0617],[-118.23122,34.06176],[-118.2311,34.06178],[-118.22889,34.06212],[-118.22804,34.06225],[-118.22774,34.06239],[-118.22766,34.06245],[-118.22746,34.0626],[-118.22735,34.06269],[-118.22728,34.06278],[-118.22717,34.06293],[-118.22711,34.06301],[-118.22693,34.06337],[-118.22668,34.06386],[-118.22503,34.06802],[-118.22493,34.06836],[-118.22491,34.06849],[-118.22488,34.0688],[-118.22486,34.06894],[-118.2249,34.06931],[-118.22549,34.07197],[-118.22566,34.07308],[-118.2258,34.07383],[-118.22627,34.07623],[-118.2268,34.07814],[-118.22694,34.07892],[-118.22696,34.07993],[-118.22678,34.08252],[-118.22667,34.0831],[-118.22617,34.08501],[-118.22608,34.08567],[-118.22606,34.08629],[-118.22613,34.08704],[-118.22615,34.08726],[-118.22621,34.08749],[-118.22634,34.08801],[-118.22638,34.0882],[-118.22645,34.08836],[-118.22665,34.08884],[-118.22676,34.08912],[-118.22687,34.08931],[-118.22729,34.09001],[-118.22775,34.09062],[-118.22894,34.09201],[-118.22946,34.09251],[-118.22999,34.09292],[-118.23056,34.09329],[-118.23116,34.09361],[-118.23402,34.09481],[-118.23482,34.09521],[-118.23578,34.09585],[-118.23658,34.09659],[-118.23908,34.09955],[-118.23946,34.10005],[-118.23976,34.10056],[-118.24005,34.10118],[-118.24132,34.10452],[-118.24173,34.10532],[-118.24226,34.10607],[-118.2447,34.10877],[-118.24515,34.10934],[-118.24558,34.11003],[-118.24648,34.11182],[-118.24707,34.11268],[-118.24759,34.11324],[-118.25577,34.12027],[-118.25709,34.12147],[-118.25796,34.12232],[-118.25907,34.12351],[-118.26063,34.12543],[-118.26199,34.12742],[-118.26314,34.12938],[-118.27561,34.15354],[-118.2764,34.15484],[-118.27723,34.15604],[-118.27821,34.15727],[-118.27924,34.1584],[-118.28034,34.15946],[-118.28168,34.16061],[-118.28292,34.16154],[-118.28457,34.16263],[-118.2861,34.16352],[-118.30513,34.17408],[-118.30785,34.17567],[-118.30973,34.17685],[-118.31178,34.17829],[-118.31358,34.17967],[-118.31521,34.18103],[-118.32044,34.18567],[-118.32126,34.18631],[-118.32172,34.18654],[-118.32226,34.18672],[-118.32882,34.18803],[-118.42671,34.20739],[-118.42918,34.20788],[-118.43453,34.20883],[-118.44878,34.21168],[-118.45124,34.21213],[-118.47257,34.21628],[-118.48048,34.2179],[-118.48181,34.2182],[-118.4867,34.21917],[-118.58907,34.23933],[-118.5907,34.23968],[-118.5915,34.23991],[-118.59291,34.24047],[-118.59394,34.24099],[-118.59516,34.24177],[-118.59622,34.24264],[-118.59692,34.24334],[-118.59776,34.2444],[-118.59843,34.24549],[-118.59889,34.2465],[-118.59907,34.24702],[-118.59927,34.24777],[-118.5994,34.24851],[-118.59949,34.24995],[-118.59951,34.26746],[-118.59955,34.26968],[-118.59962,34.27006],[-118.59975,34.27045],[-118.59996,34.27082],[-118.60022,34.27114],[-118.60051,34.2714],[-118.60088,34.27166],[-118.60129,34.27187],[-118.6017,34.27201],[-118.60227,34.27212],[-118.60359,34.27215],[-118.60928,34.2719],[-118.61004,34.27179],[-118.61077,34.27155],[-118.61123,34.27129],[-118.61162,34.27097],[-118.61192,34.27064],[-118.61216,34.27024],[-118.61239,34.26961],[-118.61329,34.26637],[-118.6136,34.26576],[-118.61405,34.26527],[-118.61462,34.26488],[-118.61531,34.26461],[-118.62022,34.26335],[-118.62127,34.26321],[-118.62227,34.26326],[-118.64691,34.26614],[-118.64797,34.26618],[-118.64911,34.26603],[-118.64958,34.26588],[-118.65045,34.26543],[-118.65124,34.26485],[-118.65273,34.26336],[-118.6533,34.26285],[-118.65414,34.26229],[-118.65507,34.26187],[-118.65579,34.26165],[-118.65706,34.26142],[-118.66129,34.26096],[-118.66195,34.26092],[-118.66269,34.26095],[-118.66371,34.2611],[-118.66473,34.2614],[-118.67294,34.26479],[-118.67382,34.26508],[-118.67447,34.26525],[-118.6755,34.26542],[-118.6766,34.26551],[-118.68487,34.26574],[-118.68638,34.26594],[-118.68789,34.26629],[-118.68946,34.26685],[-118.69058,34.26739],[-118.69627,34.27076],[-118.6971,34.27121],[-118.69821,34.27164],[-118.69888,34.2718],[-118.69953,34.2719],[-118.70078,34.27196],[-118.70873,34.27197],[-118.76178,34.27196],[-118.76294,34.27201],[-118.76402,34.27215],[-118.76636,34.27271],[-118.77964,34.27618],[-118.78099,34.27672],[-118.7852,34.27874],[-118.78634,34.27935],[-118.78711,34.2797],[-118.78818,34.2801],[-118.78884,34.28028],[-118.79,34.2805],[-118.79078,34.28058],[-118.79776,34.28086],[-118.79905,34.28106],[-118.79977,34.28126],[-118.80087,34.2817],[-118.80186,34.28227],[-118.8026,34.28285],[-118.80469,34.28461],[-118.8051,34.28493],[-118.80606,34.28554],[-118.80725,34.2861],[-118.80846,34.2865],[-118.80932,34.28668],[-118.81072,34.28686],[-118.81251,34.28691],[-118.82322,34.28752],[-118.82411,34.2876],[-118.82505,34.28776],[-118.82659,34.28817],[-118.82978,34.2891],[-118.83006,34.2892],[-118.83121,34.28961],[-118.83248,34.29027],[-118.83542,34.29211],[-118.8364,34.29256],[-118.83697,34.29273],[-118.83758,34.29284],[-118.8383,34.29288],[-118.83901,34.29283],[-118.83966,34.29271],[-118.84044,34.29248],[-118.85717,34.28701],[-118.85885,34.28659],[-118.86612,34.28503],[-118.8671,34.28494],[-118.86808,34.28491],[-118.89267,34.28489],[-118.89392,34.28481],[-118.89519,34.2846],[-118.9174,34.28006],[-118.91907,34.27965],[-118.9197,34.27943],[-118.92078,34.27896],[-118.93198,34.27349],[-118.933,34.27308],[-118.9342,34.27274],[-118.94524,34.27027],[-118.97614,34.2655],[-118.97694,34.26535],[-118.97771,34.26514],[-118.97844,34.26489],[-118.97913,34.26459],[-118.97984,34.26423],[-118.98064,34.26374],[-119.00529,34.24793],[-119.00621,34.24727],[-119.00695,34.2466],[-119.00743,34.24608],[-119.00785,34.24554],[-119.01514,34.23534],[-119.01586,34.23442],[-119.01691,34.23336],[-119.03044,34.22025],[-119.03172,34.21886],[-119.03836,34.21035],[-119.03929,34.20905],[-119.04007,34.20765],[-119.0437,34.20016],[-119.04402,34.19955],[-119.04438,34.19898],[-119.04499,34.19827],[-119.04578,34.19762],[-119.04666,34.19711],[-119.04772,34.19671],[-119.04841,34.19655],[-119.04901,34.19646],[-119.05054,34.19641],[-119.1703,34.19734],[-119.17175,34.19742],[-119.17278,34.19764],[-119.17334,34.19783],[-119.17421,34.19823],[-119.17506,34.1988],[-119.17584,34.19954],[-119.17645,34.20038],[-119.17678,34.20116],[-119.17695,34.20182],[-119.17701,34.20226],[-119.17702,34.20323],[-119.17682,34.21889],[-119.1766,34.2285],[-119.1767,34.22948],[-119.17686,34.23003],[-119.17707,34.23053],[-119.17743,34.23115],[-119.17776,34.2316],[-119.17819,34.23205],[-119.17879,34.23255],[-119.19299,34.24245],[-119.1944,34.24339],[-119.19541,34.24396],[-119.20325,34.24799],[-119.20431,34.24845],[-119.20524,34.24878],[-119.20626,34.24907],[-119.20727,34.24927],[-119.20817,34.2494],[-119.20923,34.24947],[-119.21024,34.24947],[-119.21121,34.24941],[-119.21302,34.24917],[-119.22222,34.24776],[-119.2233,34.24764],[-119.22409,34.24763],[-119.22493,34.24771],[-119.22569,34.24787],[-119.22625,34.24805],[-119.22782,34.24873],[-119.26783,34.26753],[-119.26834,34.26779],[-119.26947,34.26858],[-119.2728,34.27151],[-119.27372,34.27213],[-119.27464,34.27262],[-119.27531,34.27291],[-119.27614,34.27319],[-119.2879,34.27674],[-119.28887,34.27695],[-119.28985,34.27701],[-119.30953,34.27696],[-119.31059,34.27708],[-119.31143,34.27736],[-119.3123,34.27788],[-119.31943,34.28298],[-119.32077,34.28379],[-119.32226,34.28447],[-119.33417,34.28922],[-119.33537,34.28981],[-119.33649,34.29054],[-119.33739,34.2913],[-119.33823,34.2922],[-119.34444,34.29996],[-119.34573,34.30151],[-119.34736,34.30324],[-119.34879,34.30456],[-119.35345,34.30839],[-119.36422,34.31655],[-119.36572,34.31755],[-119.37045,34.32032],[-119.37168,34.32087],[-119.37311,34.3213],[-119.37456,34.32152],[-119.37581,34.32158],[-119.37716,34.32146],[-119.37847,34.32121],[-119.38645,34.31906],[-119.38763,34.31881],[-119.38845,34.31876],[-119.38931,34.31886],[-119.38999,34.31908],[-119.39068,34.31943],[-119.39116,34.3198],[-119.39173,34.32041],[-119.39693,34.32711],[-119.39971,34.33051],[-119.40052,34.33138],[-119.40101,34.3318],[-119.40168,34.33228],[-119.41017,34.33762],[-119.41102,34.33822],[-119.41181,34.33882],[-119.41285,34.33975],[-119.42524,34.3519],[-119.4265,34.35303],[-119.42834,34.35455],[-119.42945,34.35538],[-119.4305,34.35606],[-119.43142,34.35651],[-119.43233,34.35681],[-119.43289,34.35689],[-119.43348,34.35691],[-119.43589,34.35662],[-119.43901,34.35652],[-119.43997,34.35653],[-119.44077,34.35662],[-119.44139,34.35677],[-119.44209,34.35705],[-119.44271,34.3574],[-119.44319,34.35778],[-119.44375,34.35832],[-119.45044,34.36557],[-119.45291,34.36864],[-119.45386,34.36968],[-119.4571,34.37261],[-119.45802,34.37328],[-119.45961,34.37424],[-119.4603,34.37457],[-119.46105,34.37481],[-119.46434,34.37555],[-119.46677,34.37623],[-119.46847,34.37655],[-119.46976,34.37667],[-119.47111,34.37667],[-119.47194,34.37659],[-119.47387,34.37631],[-119.4746,34.37627],[-119.47558,34.37633],[-119.4765,34.37651],[-119.47745,34.37683],[-119.47844,34.37733],[-119.47895,34.37768],[-119.48082,34.37916],[-119.48182,34.37975],[-119.49261,34.38435],[-119.49394,34.38486],[-119.49522,34.3852],[-119.4965,34.38539],[-119.49755,34.38544],[-119.50041,34.38539],[-119.50154,34.38548],[-119.50263,34.38564],[-119.51461,34.38858],[-119.51576,34.38891],[-119.5163,34.38915],[-119.51676,34.38942],[-119.51758,34.39009],[-119.52416,34.39789],[-119.52463,34.39837],[-119.52515,34.39881],[-119.52625,34.39956],[-119.52772,34.4003],[-119.53648,34.40443],[-119.53733,34.40479],[-119.53819,34.40509],[-119.53917,34.40533],[-119.54035,34.4055],[-119.54617,34.40565],[-119.54707,34.40576],[-119.54782,34.40597],[-119.54849,34.40627],[-119.54917,34.40671],[-119.5498,34.40721],[-119.55877,34.41483],[-119.55933,34.41522],[-119.55988,34.4155],[-119.56049,34.41572],[-119.56116,34.41588],[-119.56204,34.41599],[-119.56549,34.41634],[-119.56699,34.41639],[-119.5683,34.41628],[-119.57546,34.41528],[-119.57744,34.41521],[-119.57936,34.41534],[-119.58458,34.41612],[-119.58585,34.41637],[-119.58691,34.41668],[-119.59163,34.41821],[-119.60021,34.4205],[-119.60116,34.42071],[-119.60186,34.42077],[-119.60245,34.42076],[-119.60306,34.42069],[-119.60568,34.42023],[-119.6068,34.42018],[-119.60792,34.42029],[-119.61056,34.42085],[-119.61245,34.4211],[-119.61532,34.42121],[-119.6169,34.42119],[-119.6186,34.42104],[-119.63662,34.41888],[-119.63766,34.4188],[-119.63883,34.41876],[-119.64062,34.41883],[-119.64227,34.41902],[-119.64375,34.41929],[-119.65636,34.42248],[-119.65745,34.42268],[-119.65835,34.42275],[-119.659,34.42274],[-119.66031,34.42258],[-119.66103,34.42241],[-119.69877,34.41176],[-119.69952,34.41159],[-119.69995,34.41154],[-119.7002,34.41154],[-119.70091,34.41157],[-119.70147,34.41169],[-119.70213,34.41193],[-119.7026,34.41218],[-119.7179,34.42333],[-119.71959,34.42432],[-119.72137,34.42514],[-119.72317,34.42576],[-119.72501,34.42622],[-119.72645,34.42646],[-119.73653,34.42781],[-119.73805,34.42813],[-119.73845,34.42822],[-119.73897,34.42838],[-119.74036,34.4288],[-119.74192,34.42945],[-119.74317,34.43007],[-119.7472,34.43249],[-119.74795,34.43303],[-119.75005,34.43486],[-119.75084,34.43545],[-119.7517,34.43599],[-119.75254,34.43645],[-119.75363,34.43696],[-119.75494,34.43743],[-119.7553,34.43756],[-119.75568,34.43766],[-119.75701,34.438],[-119.7743,34.44139],[-119.77578,34.44164],[-119.77737,34.44179],[-119.77949,34.44183],[-119.79281,34.44146],[-119.81063,34.44096],[-119.81125,34.44092],[-119.81245,34.44084],[-119.81304,34.4408],[-119.85687,34.43645],[-119.85836,34.43627],[-119.86032,34.43597],[-119.86222,34.4356],[-119.87548,34.43264],[-119.87876,34.43213],[-119.88095,34.43192],[-119.88254,34.43184],[-119.88477,34.4318],[-119.90749,34.43167],[-119.90918,34.43172],[-119.90988,34.43184],[-119.91061,34.43205],[-119.91927,34.43518],[-119.92012,34.43545],[-119.92098,34.43565],[-119.92236,34.43584],[-119.94882,34.43839],[-119.95068,34.43861],[-119.95183,34.43883],[-119.95309,34.43913],[-119.96593,34.44262],[-119.9672,34.44306],[-119.96857,34.44369],[-120.00236,34.4598],[-120.00315,34.46013],[-120.00406,34.46045],[-120.00573,34.46086],[-120.00694,34.46104],[-120.01574,34.46211],[-120.03655,34.46395],[-120.03795,34.46404],[-120.0391,34.46402],[-120.04019,34.46391],[-120.05676,34.46185],[-120.05749,34.46179],[-120.05826,34.46181],[-120.06327,34.46248],[-120.06449,34.46271],[-120.0652,34.46293],[-120.06583,34.4632],[-120.06796,34.46433],[-120.06852,34.46458],[-120.06915,34.46477],[-120.06982,34.46484],[-120.07039,34.4648],[-120.07091,34.4647],[-120.07141,34.46451],[-120.0719,34.46424],[-120.07225,34.46397],[-120.07255,34.46365],[-120.07366,34.46218],[-120.07414,34.46164],[-120.07481,34.46118],[-120.07527,34.46098],[-120.07571,34.46085],[-120.07629,34.46078],[-120.07693,34.46078],[-120.08292,34.46133],[-120.08389,34.46137],[-120.08484,34.46133],[-120.08835,34.46095],[-120.0892,34.46093],[-120.09012,34.46098],[-120.09156,34.4612],[-120.09753,34.46263],[-120.09838,34.46296],[-120.10021,34.46399],[-120.10088,34.46429],[-120.10152,34.46448],[-120.10412,34.46506],[-120.10543,34.46547],[-120.1086,34.46677],[-120.11798,34.47121],[-120.11868,34.47151],[-120.11926,34.4717],[-120.11983,34.47182],[-120.12055,34.47191],[-120.12522,34.47216],[-120.12788,34.47239],[-120.13057,34.47277],[-120.13312,34.47331],[-120.13489,34.47358],[-120.14342,34.474],[-120.14463,34.47403],[-120.1512,34.47397],[-120.15283,34.47386],[-120.16654,34.47138],[-120.16751,34.47124],[-120.16842,34.47118],[-120.22963,34.47136],[-120.23052,34.47129],[-120.23114,34.47118],[-120.23913,34.46947],[-120.24024,34.46931],[-120.24135,34.46921],[-120.2536,34.46835],[-120.25896,34.4682],[-120.26028,34.46823],[-120.26219,34.46837],[-120.26684,34.46892],[-120.26854,34.46907],[-120.26992,34.46914],[-120.27308,34.4692],[-120.27368,34.46913],[-120.27427,34.46898],[-120.27599,34.4682],[-120.27653,34.468],[-120.27708,34.46788],[-120.27755,34.46784],[-120.27825,34.46789],[-120.27898,34.46805],[-120.285,34.46973],[-120.29237,34.47168],[-120.29379,34.47191],[-120.2952,34.47193],[-120.30345,34.47091],[-120.30437,34.47075],[-120.30519,34.47052],[-120.30676,34.46988],[-120.31888,34.46446],[-120.31957,34.46418],[-120.32022,34.46398],[-120.32106,34.46381],[-120.32186,34.46374],[-120.33103,34.46356],[-120.33199,34.46349],[-120.33277,34.46337],[-120.33352,34.46319],[-120.33437,34.46289],[-120.34288,34.45952],[-120.34372,34.45926],[-120.34459,34.45909],[-120.34541,34.45903],[-120.34637,34.45906],[-120.35306,34.45958],[-120.35421,34.4596],[-120.35565,34.45954],[-120.37622,34.45764],[-120.38076,34.4574],[-120.38201,34.45716],[-120.38554,34.45621],[-120.38626,34.45608],[-120.38695,34.45602],[-120.38802,34.45602],[-120.40129,34.45659],[-120.40241,34.45658],[-120.40314,34.45651],[-120.40395,34.45637],[-120.41147,34.45469],[-120.4137,34.45424],[-120.41675,34.45376],[-120.41836,34.45356],[-120.419,34.4535],[-120.42205,34.45324],[-120.42401,34.45316],[-120.43555,34.45293],[-120.43748,34.45284],[-120.4394,34.45268],[-120.45054,34.45146],[-120.45139,34.45147],[-120.45208,34.45156],[-120.45278,34.45174],[-120.4535,34.45204],[-120.45699,34.45399],[-120.45832,34.45478],[-120.45873,34.45507],[-120.45894,34.45526],[-120.45947,34.45571],[-120.45972,34.45594],[-120.46015,34.45641],[-120.46072,34.45714],[-120.4629,34.46014],[-120.47671,34.47911],[-120.47733,34.47987],[-120.47905,34.48149],[-120.48018,34.48281],[-120.48066,34.48325],[-120.48269,34.48454],[-120.48475,34.48561],[-120.48532,34.48595],[-120.48676,34.48704],[-120.48726,34.48751],[-120.48769,34.48799],[-120.48812,34.48859],[-120.48851,34.48926],[-120.48922,34.49107],[-120.48957,34.4917],[-120.49,34.4922],[-120.49208,34.49417],[-120.49254,34.49472],[-120.49298,34.49535],[-120.49905,34.50618],[-120.49935,34.50701],[-120.49943,34.50781],[-120.49937,34.50847],[-120.49905,34.51018],[-120.49902,34.51061],[-120.49906,34.511],[-120.4992,34.51158],[-120.49981,34.51334],[-120.50021,34.51418],[-120.50056,34.51464],[-120.50109,34.51517],[-120.51213,34.52551],[-120.5128,34.52612],[-120.51308,34.52632],[-120.51356,34.52668],[-120.51369,34.52678],[-120.51405,34.52697],[-120.51476,34.52726],[-120.51864,34.52827],[-120.51914,34.52844],[-120.51961,34.52865],[-120.52026,34.52908],[-120.5225,34.53103],[-120.52329,34.53157],[-120.53635,34.53835],[-120.53768,34.53899],[-120.53877,34.53942],[-120.53986,34.5398],[-120.55095,34.54306],[-120.55204,34.54344],[-120.55292,34.54383],[-120.58064,34.55921],[-120.5821,34.55992],[-120.58345,34.56041],[-120.58459,34.56071],[-120.58575,34.56092],[-120.58695,34.56103],[-120.58819,34.56106],[-120.58993,34.56092],[-120.59525,34.55996],[-120.59644,34.5598],[-120.59767,34.55971],[-120.59897,34.55968],[-120.60001,34.55971],[-120.60591,34.56016],[-120.60703,34.56021],[-120.60845,34.56016],[-120.61158,34.55984],[-120.61282,34.55983],[-120.61359,34.55988],[-120.61457,34.56],[-120.6263,34.56141],[-120.62713,34.56156],[-120.62803,34.56179],[-120.62877,34.56203],[-120.62919,34.56221],[-120.62982,34.56248],[-120.63007,34.56259],[-120.63074,34.56296],[-120.63167,34.56358],[-120.63252,34.56428],[-120.6327,34.56447],[-120.63291,34.5647],[-120.63309,34.56489],[-120.63342,34.56536],[-120.63369,34.56583],[-120.63482,34.56842],[-120.63541,34.56951],[-120.63602,34.57037],[-120.63847,34.5733],[-120.63901,34.57405],[-120.63934,34.57472],[-120.63958,34.57553],[-120.63967,34.57619],[-120.63974,34.57789],[-120.63983,34.57842],[-120.63998,34.57893],[-120.64041,34.57984],[-120.64208,34.58259],[-120.64234,34.58321],[-120.64241,34.58352],[-120.64241,34.58365],[-120.64243,34.58426],[-120.64234,34.58473],[-120.642,34.58546],[-120.6415,34.58614],[-120.63941,34.58854],[-120.63901,34.58922],[-120.63874,34.58994],[-120.6381,34.59256],[-120.63797,34.59341],[-120.63801,34.60021],[-120.63789,34.60161],[-120.63764,34.60293],[-120.63725,34.60423],[-120.63207,34.61921],[-120.63158,34.62056],[-120.63095,34.62207],[-120.63032,34.62336],[-120.62956,34.6248],[-120.62775,34.62756],[-120.62537,34.63195],[-120.62494,34.63295],[-120.62412,34.63546],[-120.62306,34.63806],[-120.61585,34.64925],[-120.61555,34.64975],[-120.61543,34.65],[-120.61524,34.65041],[-120.61513,34.65062],[-120.61495,34.65114],[-120.61474,34.65212],[-120.61467,34.65291],[-120.61455,34.65677],[-120.61438,34.65755],[-120.61427,34.65786],[-120.61416,34.65804],[-120.61398,34.65836],[-120.6139,34.6585],[-120.61367,34.6588],[-120.61307,34.6594],[-120.60611,34.66547],[-120.60568,34.66594],[-120.60542,34.66629],[-120.60502,34.667],[-120.60485,34.66744],[-120.60471,34.66806],[-120.60463,34.66855],[-120.60464,34.66872],[-120.60466,34.66923],[-120.60466,34.6693],[-120.60467,34.66936],[-120.60483,34.67033],[-120.6049,34.67073],[-120.60589,34.67554],[-120.60609,34.67652],[-120.60612,34.67676],[-120.60623,34.67771],[-120.60621,34.67847],[-120.6061,34.67923],[-120.60556,34.68119],[-120.60533,34.68205],[-120.60525,34.68228],[-120.60481,34.68363],[-120.60409,34.68519],[-120.59666,34.6975],[-120.59626,34.69835],[-120.59609,34.69905],[-120.59604,34.69923],[-120.59603,34.69943],[-120.596,34.70004],[-120.59612,34.70095],[-120.59955,34.71768],[-120.59984,34.71841],[-120.6002,34.71896],[-120.60073,34.7195],[-120.60231,34.72079],[-120.60287,34.72132],[-120.60339,34.72201],[-120.60375,34.72275],[-120.60388,34.72322],[-120.60397,34.72374],[-120.60452,34.72872],[-120.60473,34.72999],[-120.60513,34.73143],[-120.60637,34.73475],[-120.60687,34.73571],[-120.60721,34.73617],[-120.60765,34.73664],[-120.60844,34.73727],[-120.61101,34.739],[-120.61153,34.73943],[-120.61196,34.73991],[-120.61256,34.74079],[-120.61369,34.74271],[-120.61438,34.74401],[-120.61464,34.74454],[-120.61482,34.7451],[-120.61493,34.7456],[-120.61491,34.74622],[-120.61482,34.74677],[-120.61452,34.74754],[-120.61357,34.74949],[-120.61125,34.754],[-120.60879,34.75908],[-120.60845,34.76001],[-120.60831,34.76092],[-120.60833,34.76148],[-120.60844,34.76223],[-120.60953,34.76658],[-120.60977,34.76725],[-120.61013,34.76801],[-120.61067,34.76885],[-120.6111,34.76939],[-120.61237,34.77078],[-120.61274,34.77126],[-120.61305,34.77193],[-120.61317,34.77259],[-120.61316,34.77306],[-120.61306,34.77394],[-120.61076,34.79139],[-120.61061,34.79227],[-120.61049,34.79266],[-120.61043,34.7928],[-120.61013,34.79345],[-120.6097,34.79413],[-120.59861,34.80995],[-120.59796,34.81101],[-120.59741,34.81212],[-120.59697,34.81323],[-120.59666,34.81427],[-120.5912,34.83591],[-120.59105,34.83637],[-120.59087,34.83672],[-120.59062,34.83707],[-120.5903,34.83738],[-120.58991,34.83766],[-120.58948,34.83788],[-120.58894,34.83806],[-120.58839,34.83815],[-120.58766,34.83816],[-120.58553,34.83798],[-120.58436,34.83797],[-120.58265,34.83811],[-120.58056,34.83849],[-120.57974,34.8386],[-120.57864,34.83859],[-120.57775,34.83844],[-120.57622,34.83792],[-120.5661,34.83382],[-120.56505,34.83327],[-120.5617,34.83114],[-120.5609,34.83072],[-120.55992,34.83029],[-120.55906,34.82999],[-120.55646,34.82921],[-120.55271,34.82785],[-120.55176,34.82763],[-120.55083,34.82756],[-120.54993,34.82764],[-120.54861,34.82791],[-120.54701,34.82838],[-120.54605,34.82875],[-120.54561,34.82899],[-120.54515,34.82931],[-120.5436,34.83072],[-120.54262,34.83138],[-120.54206,34.83166],[-120.54149,34.83188],[-120.53852,34.83269],[-120.53744,34.83311],[-120.53648,34.83368],[-120.53402,34.83547],[-120.53333,34.83585],[-120.53268,34.83613],[-120.53193,34.83636],[-120.53116,34.83652],[-120.52253,34.83798],[-120.5218,34.83816],[-120.52122,34.83837],[-120.52079,34.8386],[-120.52034,34.83892],[-120.51997,34.83928],[-120.51966,34.8397],[-120.51944,34.84014],[-120.5193,34.84061],[-120.51925,34.84098],[-120.51926,34.84145],[-120.51949,34.84239],[-120.52176,34.84872],[-120.52201,34.84964],[-120.5221,34.85044],[-120.52204,34.8512],[-120.52184,34.85198],[-120.52136,34.85297],[-120.52032,34.85471],[-120.52008,34.85518],[-120.51993,34.85572],[-120.51991,34.85622],[-120.52008,34.8569],[-120.52043,34.85748],[-120.5208,34.85789],[-120.52275,34.85968],[-120.52313,34.86029],[-120.52325,34.86065],[-120.5233,34.86098],[-120.52325,34.86167],[-120.52316,34.86198],[-120.52254,34.86346],[-120.52236,34.86412],[-120.52234,34.8648],[-120.5226,34.86619],[-120.52258,34.86679],[-120.52251,34.86711],[-120.52226,34.86772],[-120.52205,34.86805],[-120.5215,34.86862],[-120.52116,34.86887],[-120.52043,34.86927],[-120.51741,34.87073],[-120.51694,34.87102],[-120.51654,34.87137],[-120.51618,34.87179],[-120.51582,34.87237],[-120.51437,34.87499],[-120.51413,34.87552],[-120.51403,34.8759],[-120.514,34.87638],[-120.51408,34.87695],[-120.51489,34.88022],[-120.51507,34.88074],[-120.51552,34.8816],[-120.51585,34.88205],[-120.51632,34.88256],[-120.51688,34.88306],[-120.51745,34.88352],[-120.5182,34.88403],[-120.53199,34.89227],[-120.53979,34.89801],[-120.54199,34.89979],[-120.56205,34.91691],[-120.56277,34.91756],[-120.56321,34.91809],[-120.5635,34.91861],[-120.5636,34.91891],[-120.56363,34.91906],[-120.56368,34.91933],[-120.5637,34.91947],[-120.56369,34.91959],[-120.56366,34.92013],[-120.56354,34.92064],[-120.56249,34.92363],[-120.56226,34.92471],[-120.5622,34.92545],[-120.56224,34.92631],[-120.56241,34.92715],[-120.56263,34.92778],[-120.56287,34.92826],[-120.56315,34.92869],[-120.56348,34.92911],[-120.56389,34.92952],[-120.56458,34.93008],[-120.56709,34.93183],[-120.56772,34.93239],[-120.56833,34.93305],[-120.56896,34.93393],[-120.57174,34.93824],[-120.57226,34.93913],[-120.57274,34.94013],[-120.57313,34.94115],[-120.57322,34.94141],[-120.5733,34.94167],[-120.57348,34.94233],[-120.57357,34.94268],[-120.57369,34.94331],[-120.57379,34.94402],[-120.57387,34.94525],[-120.57381,34.95153],[-120.57331,34.96382],[-120.57323,34.96475],[-120.57298,34.96578],[-120.57275,34.96639],[-120.57251,34.9669],[-120.56895,34.97258],[-120.56856,34.97332],[-120.56827,34.97405],[-120.56626,34.98085],[-120.56608,34.98152],[-120.56602,34.98183],[-120.56591,34.98241],[-120.56585,34.98269],[-120.56583,34.98292],[-120.56571,34.9843],[-120.56573,34.98535],[-120.56583,34.98637],[-120.56605,34.98758],[-120.56624,34.98827],[-120.56635,34.9886],[-120.56657,34.98924],[-120.56668,34.98957],[-120.5668,34.9898],[-120.5675,34.99126],[-120.59211,35.03114],[-120.59261,35.03206],[-120.59303,35.03295],[-120.59338,35.03386],[-120.59367,35.03481],[-120.59387,35.03574],[-120.59817,35.06662],[-120.59827,35.06771],[-120.59817,35.06831],[-120.59789,35.0689],[-120.59758,35.06928],[-120.59671,35.07014],[-120.59633,35.07071],[-120.59616,35.07119],[-120.59573,35.073],[-120.59545,35.07371],[-120.5952,35.07416],[-120.5949,35.07453],[-120.59457,35.07483],[-120.5932,35.07565],[-120.59269,35.07603],[-120.59228,35.07647],[-120.59196,35.07702],[-120.59172,35.07777],[-120.59166,35.07814],[-120.59165,35.07866],[-120.59177,35.07989],[-120.59202,35.08095],[-120.59227,35.08167],[-120.59257,35.08234],[-120.59331,35.0836],[-120.59422,35.08474],[-120.59527,35.08575],[-120.59664,35.08678],[-120.61807,35.10222],[-120.61891,35.10288],[-120.6196,35.10349],[-120.6209,35.10484],[-120.62162,35.1057],[-120.62237,35.10675],[-120.62313,35.10818],[-120.6308,35.12473],[-120.63114,35.12554],[-120.63133,35.12614],[-120.63146,35.1268],[-120.63288,35.14432],[-120.63325,35.14947],[-120.63312,35.15028],[-120.6328,35.15103],[-120.63244,35.15156],[-120.63144,35.15271],[-120.63111,35.15327],[-120.6309,35.15397],[-120.63088,35.1547],[-120.63108,35.15806],[-120.63118,35.15875],[-120.63136,35.1592],[-120.63163,35.15961],[-120.63263,35.16061],[-120.63304,35.16111],[-120.63315,35.16135],[-120.6332,35.16163],[-120.63316,35.16214],[-120.63305,35.16239],[-120.63287,35.16266],[-120.63264,35.16289],[-120.63235,35.16309],[-120.62634,35.16626],[-120.62553,35.16674],[-120.62457,35.1675],[-120.62377,35.16842],[-120.62325,35.16927],[-120.61771,35.17955],[-120.61754,35.18],[-120.61744,35.18048],[-120.61727,35.18261],[-120.61712,35.18309],[-120.61688,35.18353],[-120.61613,35.18455],[-120.61558,35.18508],[-120.61486,35.18549],[-120.61326,35.18601],[-120.61272,35.18625],[-120.6121,35.18672],[-120.61184,35.18702],[-120.61164,35.18732],[-120.61146,35.18773],[-120.61129,35.18834],[-120.61041,35.19201],[-120.61031,35.19258],[-120.6103,35.19308],[-120.61037,35.19366],[-120.61053,35.19415],[-120.61072,35.19455],[-120.61473,35.20041],[-120.61519,35.20122],[-120.61554,35.20209],[-120.61581,35.20317],[-120.61736,35.21266],[-120.6176,35.21387],[-120.61802,35.21527],[-120.62002,35.22044],[-120.62029,35.22133],[-120.62039,35.22204],[-120.62083,35.22699],[-120.62085,35.22799],[-120.62076,35.22866],[-120.62058,35.22935],[-120.61947,35.23184],[-120.61928,35.23238],[-120.61916,35.23292],[-120.61908,35.23364],[-120.61908,35.2339],[-120.61909,35.2342],[-120.6191,35.23442],[-120.61921,35.23506],[-120.61942,35.23573],[-120.6197,35.23636],[-120.62009,35.23699],[-120.62053,35.23755],[-120.62108,35.2381],[-120.63233,35.24689],[-120.63329,35.24772],[-120.63407,35.24848],[-120.63502,35.24957],[-120.64716,35.2646],[-120.64753,35.26498],[-120.64799,35.26534],[-120.65102,35.26722],[-120.65152,35.26764],[-120.65506,35.27272],[-120.65532,35.27317],[-120.65546,35.27362],[-120.65547,35.27378],[-120.65549,35.27395],[-120.6555,35.27411],[-120.65545,35.27452],[-120.65524,35.27507],[-120.65481,35.27572],[-120.65437,35.27637],[-120.65411,35.27677],[-120.654,35.27692],[-120.65379,35.27731],[-120.6536,35.27778],[-120.65322,35.27915],[-120.6528,35.28141],[-120.65278,35.28191],[-120.65289,35.28233],[-120.65303,35.2826],[-120.65326,35.28288],[-120.65523,35.28483],[-120.65602,35.28568],[-120.66464,35.29547],[-120.66515,35.29617],[-120.66543,35.29671],[-120.66567,35.29739],[-120.66825,35.30714],[-120.66855,35.30788],[-120.66898,35.30854],[-120.66958,35.30916],[-120.6704,35.30975],[-120.67114,35.31012],[-120.67352,35.31107],[-120.67423,35.31147],[-120.67609,35.31294],[-120.67819,35.3147],[-120.67859,35.31521],[-120.67889,35.31585],[-120.679,35.31632],[-120.67919,35.31767],[-120.67948,35.31839],[-120.67992,35.31902],[-120.68198,35.32164],[-120.68261,35.32231],[-120.68327,35.32275],[-120.68483,35.32356],[-120.6858,35.32391],[-120.6871,35.3242],[-120.68763,35.32443],[-120.68797,35.32471],[-120.6882,35.32503],[-120.68832,35.32532],[-120.68854,35.32624],[-120.68872,35.32655],[-120.68896,35.3268],[-120.68932,35.32704],[-120.68974,35.32721],[-120.69015,35.32728],[-120.69118,35.32735],[-120.69182,35.32755],[-120.69214,35.32776],[-120.69242,35.32804],[-120.69259,35.32832],[-120.6927,35.32866],[-120.69271,35.32905],[-120.69261,35.32942],[-120.69239,35.32976],[-120.69207,35.33006],[-120.69167,35.33029],[-120.6912,35.33042],[-120.69071,35.33045],[-120.69019,35.33037],[-120.68984,35.33024],[-120.68885,35.32965],[-120.68836,35.32925],[-120.68463,35.32542],[-120.68396,35.32481],[-120.68324,35.32425],[-120.68253,35.32377],[-120.68199,35.32354],[-120.6814,35.32345],[-120.68076,35.32352],[-120.68039,35.32366],[-120.67998,35.32389],[-120.67921,35.3245],[-120.67875,35.32504],[-120.67847,35.32566],[-120.67837,35.32625],[-120.67779,35.33268],[-120.67761,35.33317],[-120.67723,35.33359],[-120.67521,35.33487],[-120.6746,35.33512],[-120.67414,35.33519],[-120.67367,35.33517],[-120.67331,35.33507],[-120.67233,35.33471],[-120.67195,35.33465],[-120.67155,35.33465],[-120.6712,35.33471],[-120.67086,35.33483],[-120.66975,35.33541],[-120.66938,35.33551],[-120.66903,35.33554],[-120.66844,35.33548],[-120.66788,35.33525],[-120.6675,35.33496],[-120.66688,35.33425],[-120.66658,35.33404],[-120.66627,35.3339],[-120.66589,35.33379],[-120.66547,35.33375],[-120.66507,35.33379],[-120.66468,35.33389],[-120.66435,35.33405],[-120.6641,35.33422],[-120.66329,35.33516],[-120.66241,35.33576],[-120.66209,35.33605],[-120.66182,35.33654],[-120.66158,35.33756],[-120.66141,35.33785],[-120.66119,35.33809],[-120.66093,35.33829],[-120.66063,35.33844],[-120.65947,35.33882],[-120.659,35.33913],[-120.65867,35.33955],[-120.65838,35.34032],[-120.65823,35.34061],[-120.65801,35.34087],[-120.65778,35.34107],[-120.65749,35.34123],[-120.65713,35.34136],[-120.65675,35.34143],[-120.65633,35.34143],[-120.65568,35.34126],[-120.65536,35.3411],[-120.65512,35.34091],[-120.65436,35.34011],[-120.65413,35.33976],[-120.65401,35.33946],[-120.65397,35.3391],[-120.65404,35.33869],[-120.65497,35.33681],[-120.65511,35.33634],[-120.65515,35.33591],[-120.65506,35.33542],[-120.65484,35.33492],[-120.65447,35.33446],[-120.65392,35.33399],[-120.65344,35.33369],[-120.65288,35.33343],[-120.65189,35.33313],[-120.65101,35.33305],[-120.64932,35.33314],[-120.64865,35.33304],[-120.644,35.33119],[-120.64337,35.33086],[-120.64245,35.33026],[-120.63812,35.32735],[-120.63659,35.32625],[-120.63552,35.32539],[-120.63452,35.32451],[-120.63324,35.3233],[-120.63234,35.32225],[-120.63195,35.32197],[-120.63144,35.32173],[-120.62881,35.32078],[-120.6282,35.32058],[-120.62765,35.32045],[-120.62722,35.32044],[-120.62677,35.32051],[-120.62636,35.32068],[-120.62603,35.32094],[-120.62584,35.3212],[-120.62573,35.32147],[-120.62569,35.32179],[-120.62573,35.32205],[-120.62593,35.32243],[-120.62643,35.32306],[-120.62665,35.32343],[-120.62679,35.32381],[-120.62704,35.32475],[-120.62726,35.32516],[-120.62766,35.32554],[-120.62878,35.32609],[-120.62924,35.32648],[-120.62942,35.32676],[-120.62994,35.32783],[-120.63041,35.3285],[-120.63097,35.32909],[-120.63219,35.33006],[-120.63244,35.33048],[-120.63294,35.33174],[-120.63323,35.33214],[-120.63372,35.33247],[-120.63508,35.33296],[-120.63572,35.3333],[-120.63633,35.33382],[-120.63652,35.3341],[-120.63662,35.33439],[-120.63671,35.3355],[-120.63708,35.33654],[-120.63708,35.33688],[-120.63698,35.33723],[-120.63681,35.33753],[-120.63651,35.33783],[-120.63436,35.33912],[-120.63411,35.33932],[-120.6339,35.33956],[-120.63376,35.33981],[-120.63365,35.34033],[-120.63366,35.34068],[-120.63386,35.34187],[-120.63517,35.35173],[-120.63572,35.35367],[-120.63702,35.35935],[-120.63767,35.36439],[-120.63789,35.36498],[-120.63823,35.36552],[-120.63867,35.36602],[-120.64009,35.36743],[-120.64033,35.36776],[-120.64047,35.36808],[-120.64055,35.36844],[-120.64056,35.36881],[-120.64016,35.37116],[-120.64001,35.37157],[-120.6398,35.37191],[-120.63954,35.37219],[-120.63924,35.3724],[-120.6388,35.37261],[-120.63419,35.37451],[-120.63375,35.37474],[-120.63342,35.37502],[-120.63319,35.37535],[-120.63309,35.37558],[-120.63289,35.37689],[-120.6327,35.37739],[-120.63235,35.37788],[-120.63138,35.37871],[-120.631,35.37918],[-120.63076,35.37972],[-120.63055,35.38098],[-120.63038,35.38146],[-120.63002,35.38199],[-120.62948,35.38241],[-120.62911,35.3826],[-120.6286,35.38277],[-120.62432,35.38371],[-120.61989,35.38474],[-120.61886,35.38502],[-120.61794,35.38536],[-120.61689,35.38587],[-120.606,35.3918],[-120.60556,35.39208],[-120.60522,35.39237],[-120.60492,35.3927],[-120.60468,35.39307],[-120.60442,35.39373],[-120.60433,35.39446],[-120.60519,35.40198],[-120.60505,35.41201],[-120.60492,35.41338],[-120.60425,35.41619],[-120.60415,35.41705],[-120.60399,35.42881],[-120.60402,35.42959],[-120.60409,35.43005],[-120.60422,35.43051],[-120.6046,35.43138],[-120.6115,35.44392],[-120.61196,35.44456],[-120.61272,35.44539],[-120.61473,35.447],[-120.61531,35.44756],[-120.61581,35.44828],[-120.6169,35.4502],[-120.61734,35.45074],[-120.61781,35.45112],[-120.61824,35.45137],[-120.62126,35.45278],[-120.62185,35.45317],[-120.62228,35.45351],[-120.6226,35.45389],[-120.62284,35.45427],[-120.62311,35.45487],[-120.62361,35.45618],[-120.62377,35.45649],[-120.62398,35.45675],[-120.62446,35.45725],[-120.62749,35.45992],[-120.62802,35.46047],[-120.62856,35.46118],[-120.62892,35.46177],[-120.62919,35.4623],[-120.63309,35.47143],[-120.63331,35.47187],[-120.63353,35.47218],[-120.63385,35.47251],[-120.6343,35.47285],[-120.63621,35.47402],[-120.63995,35.47565],[-120.64083,35.47611],[-120.64177,35.47683],[-120.64217,35.47724],[-120.64249,35.47765],[-120.64284,35.47821],[-120.64312,35.4788],[-120.64933,35.49322],[-120.64983,35.49428],[-120.65037,35.49502],[-120.65093,35.49549],[-120.65183,35.49603],[-120.65586,35.49801],[-120.6567,35.49836],[-120.65779,35.49874],[-120.65897,35.49927],[-120.66186,35.50067],[-120.66289,35.50125],[-120.66339,35.50161],[-120.66413,35.50226],[-120.66481,35.50309],[-120.66777,35.50793],[-120.66813,35.50846],[-120.66849,35.50889],[-120.66887,35.50926],[-120.66942,35.5097],[-120.67416,35.51306],[-120.67485,35.51345],[-120.67534,35.51366],[-120.67833,35.51452],[-120.67887,35.51473],[-120.67949,35.51503],[-120.68851,35.5203],[-120.69836,35.5263],[-120.69976,35.52709],[-120.70079,35.5275],[-120.70493,35.52879],[-120.7057,35.52912],[-120.70658,35.52956],[-120.70732,35.53003],[-120.70764,35.53029],[-120.70828,35.53087],[-120.70879,35.53145],[-120.70928,35.53215],[-120.70952,35.5326],[-120.70974,35.53314],[-120.71,35.53393],[-120.71048,35.53706],[-120.71061,35.53833],[-120.71061,35.53879],[-120.71055,35.53925],[-120.71036,35.53991],[-120.7102,35.54025],[-120.7085,35.54318],[-120.70805,35.54389],[-120.70715,35.5451],[-120.70505,35.54778],[-120.70445,35.54843],[-120.70393,35.54888],[-120.70079,35.55124],[-120.70017,35.55183],[-120.69969,35.55239],[-120.69932,35.55291],[-120.69882,35.55374],[-120.6957,35.55914],[-120.6953,35.56],[-120.69504,35.56104],[-120.69499,35.56166],[-120.69489,35.56473],[-120.69472,35.56584],[-120.69438,35.56695],[-120.69275,35.57156],[-120.69237,35.57229],[-120.69187,35.57286],[-120.69122,35.57333],[-120.68991,35.57396],[-120.68942,35.57426],[-120.68886,35.57476],[-120.68847,35.57531],[-120.68832,35.57559],[-120.68812,35.5763],[-120.68761,35.58028],[-120.68764,35.58083],[-120.68781,35.5814],[-120.6891,35.58385],[-120.68962,35.58462],[-120.69126,35.58652],[-120.69166,35.5871],[-120.69202,35.58777],[-120.69232,35.58852],[-120.69254,35.58933],[-120.69264,35.58999],[-120.69267,35.59087],[-120.69202,35.60497],[-120.69194,35.60592],[-120.69182,35.60657],[-120.69162,35.60723],[-120.6907,35.60924],[-120.69048,35.60994],[-120.6904,35.61053],[-120.6904,35.61254],[-120.6903,35.61316],[-120.69013,35.61378],[-120.68981,35.61454],[-120.68824,35.61742],[-120.68794,35.61816],[-120.68774,35.6189],[-120.68765,35.61955],[-120.68762,35.62022],[-120.68765,35.62762],[-120.6877,35.62845],[-120.68789,35.62946],[-120.6886,35.63182],[-120.68874,35.63266],[-120.68979,35.64649],[-120.6899,35.64735],[-120.6901,35.64817],[-120.69036,35.64892],[-120.69065,35.64959],[-120.69101,35.65026],[-120.69146,35.65096],[-120.69214,35.65182],[-120.69513,35.65533],[-120.6958,35.65624],[-120.69609,35.65681],[-120.6963,35.65738],[-120.69642,35.65795],[-120.69647,35.65859],[-120.69635,35.66178],[-120.6963,35.66242],[-120.69619,35.66306],[-120.69587,35.664],[-120.69404,35.66859],[-120.69386,35.66922],[-120.69376,35.66987],[-120.69361,35.673],[-120.69366,35.67403],[-120.69382,35.67511],[-120.69412,35.67643],[-120.69451,35.67757],[-120.69489,35.67845],[-120.69578,35.68022],[-120.69598,35.68069],[-120.69616,35.68146],[-120.69616,35.68186],[-120.69608,35.68239],[-120.69596,35.68277],[-120.69499,35.68458],[-120.69458,35.68562],[-120.69249,35.69221],[-120.69224,35.69321],[-120.69202,35.69443],[-120.69187,35.69626],[-120.69186,35.69726],[-120.69191,35.69823],[-120.69208,35.69961],[-120.69276,35.70325],[-120.69288,35.70439],[-120.69291,35.70539],[-120.69286,35.70621],[-120.69273,35.70699],[-120.69203,35.70966],[-120.69196,35.7102],[-120.69198,35.71081],[-120.69226,35.71224],[-120.69262,35.71325],[-120.69593,35.7191],[-120.69648,35.72022],[-120.69665,35.72073],[-120.69728,35.72324],[-120.69753,35.72396],[-120.6979,35.72468],[-120.69997,35.72824],[-120.70037,35.72909],[-120.70065,35.72995],[-120.70083,35.73081],[-120.70111,35.7337],[-120.70111,35.73414],[-120.70106,35.73471],[-120.7008,35.73562],[-120.69722,35.74304],[-120.69694,35.7438],[-120.69673,35.7447],[-120.69505,35.75519],[-120.69493,35.7561],[-120.6948,35.75772],[-120.69477,35.75956],[-120.69487,35.76089],[-120.69513,35.76219],[-120.69529,35.76274],[-120.69555,35.76341],[-120.69592,35.76407],[-120.69634,35.76461],[-120.6969,35.76517],[-120.69834,35.76626],[-120.7056,35.77157],[-120.71417,35.77712],[-120.71598,35.77807],[-120.72248,35.78125],[-120.72343,35.78181],[-120.72425,35.78243],[-120.72493,35.78307],[-120.72553,35.78377],[-120.73144,35.79168],[-120.73222,35.79259],[-120.73276,35.79309],[-120.73335,35.79355],[-120.73972,35.79826],[-120.7413,35.79933],[-120.74448,35.80135],[-120.74494,35.80173],[-120.74536,35.80216],[-120.74583,35.80276],[-120.75052,35.80945],[-120.75101,35.81027],[-120.7514,35.81119],[-120.75312,35.81681],[-120.75339,35.81802],[-120.75344,35.81864],[-120.75343,35.81921],[-120.75328,35.82028],[-120.7531,35.82089],[-120.75289,35.82145],[-120.75247,35.82229],[-120.7501,35.82675],[-120.7499,35.82727],[-120.7497,35.828],[-120.74957,35.82884],[-120.74956,35.82959],[-120.74964,35.83037],[-120.75005,35.83243],[-120.75283,35.84564],[-120.75312,35.84673],[-120.75354,35.84767],[-120.75412,35.84859],[-120.7566,35.85159],[-120.75751,35.85259],[-120.75826,35.85331],[-120.76385,35.85827],[-120.76469,35.85898],[-120.76549,35.85956],[-120.76806,35.86128],[-120.76871,35.86166],[-120.76939,35.86197],[-120.77,35.86217],[-120.77064,35.86233],[-120.77207,35.86247],[-120.78909,35.86258],[-120.79073,35.86264],[-120.79202,35.86276],[-120.79818,35.86357],[-120.80018,35.86395],[-120.80217,35.86452],[-120.80317,35.86489],[-120.80504,35.86574],[-120.81447,35.87072],[-120.82424,35.87603],[-120.8249,35.87646],[-120.82538,35.87684],[-120.82691,35.87817],[-120.82773,35.87872],[-120.82821,35.87893],[-120.82871,35.87909],[-120.83097,35.8795],[-120.83139,35.87966],[-120.83178,35.87989],[-120.83224,35.88033],[-120.83258,35.8808],[-120.83389,35.88338],[-120.83431,35.88457],[-120.83474,35.88608],[-120.83489,35.8868],[-120.83492,35.8877],[-120.83477,35.88939],[-120.83419,35.89274],[-120.83409,35.8939],[-120.8341,35.89614],[-120.83415,35.89718],[-120.83431,35.8984],[-120.83455,35.89957],[-120.8349,35.90082],[-120.83531,35.90192],[-120.83578,35.90298],[-120.83695,35.90536],[-120.83914,35.91106],[-120.83945,35.91162],[-120.83983,35.91217],[-120.84029,35.91269],[-120.84302,35.91537],[-120.84398,35.91622],[-120.84453,35.91664],[-120.84616,35.91765],[-120.84731,35.91823],[-120.85358,35.92103],[-120.8545,35.92147],[-120.85808,35.92334],[-120.85861,35.92365],[-120.8595,35.92437],[-120.86013,35.9251],[-120.8604,35.92552],[-120.86404,35.9329],[-120.86442,35.93393],[-120.86456,35.93457],[-120.86464,35.93524],[-120.86462,35.93682],[-120.8645,35.93863],[-120.86432,35.93935],[-120.86328,35.94162],[-120.86304,35.94223],[-120.86285,35.94297],[-120.86219,35.94609],[-120.86189,35.94834],[-120.86184,35.94913],[-120.86195,35.94989],[-120.86209,35.95028],[-120.86243,35.95103],[-120.86637,35.95897],[-120.8674,35.96088],[-120.87828,35.97779],[-120.87871,35.97855],[-120.87901,35.9794],[-120.87914,35.98026],[-120.87912,35.981],[-120.8789,35.98415],[-120.87892,35.98478],[-120.87904,35.98537],[-120.87923,35.98593],[-120.8797,35.98695],[-120.88198,35.99164],[-120.8828,35.99312],[-120.91752,36.04564],[-120.91827,36.04689],[-120.91895,36.04816],[-120.92314,36.05681],[-120.92392,36.05809],[-120.92475,36.0592],[-120.92618,36.06078],[-120.94489,36.08075],[-120.95039,36.08611],[-120.95127,36.08689],[-120.95223,36.08763],[-120.97396,36.10227],[-120.9747,36.10273],[-120.97545,36.10314],[-120.97627,36.10349],[-120.97709,36.10377],[-120.97807,36.10403],[-120.97924,36.10427],[-120.98068,36.10446],[-120.98607,36.10492],[-120.9872,36.10508],[-120.98825,36.1053],[-120.98918,36.10554],[-120.99024,36.1059],[-120.99213,36.10675],[-120.99378,36.10777],[-120.99435,36.10821],[-120.99541,36.10913],[-120.99603,36.10979],[-120.99656,36.11044],[-120.9972,36.11137],[-121.00215,36.11913],[-121.00258,36.11974],[-121.00307,36.12036],[-121.00374,36.12111],[-121.00464,36.12194],[-121.00566,36.12273],[-121.00673,36.12341],[-121.00763,36.1239],[-121.00854,36.12432],[-121.0164,36.12767],[-121.01844,36.12829],[-121.02379,36.12955],[-121.02474,36.12983],[-121.02561,36.13015],[-121.02671,36.13065],[-121.02775,36.13124],[-121.02862,36.13183],[-121.02952,36.13257],[-121.0305,36.13359],[-121.0313,36.13465],[-121.04678,36.15702],[-121.04807,36.15861],[-121.05823,36.17019],[-121.05886,36.17099],[-121.05913,36.17151],[-121.0593,36.17212],[-121.05935,36.17244],[-121.05955,36.17542],[-121.05971,36.17616],[-121.06029,36.17819],[-121.06045,36.17995],[-121.06064,36.1807],[-121.06081,36.18109],[-121.06112,36.18161],[-121.06361,36.18512],[-121.06418,36.18582],[-121.06472,36.18631],[-121.06554,36.18682],[-121.06678,36.1873],[-121.10504,36.19943],[-121.10789,36.20037],[-121.10911,36.20087],[-121.11008,36.20134],[-121.11115,36.20192],[-121.11212,36.20253],[-121.11305,36.2032],[-121.11389,36.20388],[-121.11554,36.20548],[-121.11726,36.20742],[-121.12571,36.21785],[-121.1263,36.21866],[-121.12683,36.21951],[-121.12758,36.22101],[-121.14575,36.26945],[-121.14622,36.27083],[-121.14811,36.2773],[-121.14839,36.27813],[-121.14879,36.27909],[-121.1528,36.28759],[-121.15311,36.28839],[-121.15516,36.29438],[-121.15552,36.29521],[-121.15603,36.29605],[-121.1568,36.29702],[-121.17066,36.31332],[-121.1715,36.31423],[-121.17218,36.31483],[-121.17298,36.31542],[-121.18053,36.3204],[-121.18137,36.32107],[-121.18201,36.32172],[-121.18249,36.32233],[-121.18292,36.32298],[-121.18781,36.33174],[-121.1882,36.33232],[-121.1888,36.33299],[-121.18968,36.33373],[-121.19073,36.33436],[-121.19737,36.33708],[-121.19821,36.33756],[-121.19881,36.33809],[-121.19925,36.33872],[-121.1996,36.33956],[-121.20244,36.34868],[-121.20286,36.34947],[-121.20314,36.34983],[-121.20351,36.3502],[-121.20412,36.35066],[-121.20496,36.35114],[-121.22333,36.36029],[-121.22402,36.36057],[-121.22496,36.36083],[-121.22578,36.36096],[-121.22815,36.36123],[-121.22901,36.36141],[-121.22982,36.36164],[-121.23079,36.36201],[-121.23172,36.36247],[-121.23234,36.36287],[-121.23287,36.36335],[-121.23345,36.36406],[-121.23832,36.37062],[-121.23897,36.37159],[-121.23922,36.37217],[-121.23939,36.37269],[-121.24044,36.37726],[-121.24072,36.37797],[-121.24114,36.3787],[-121.24154,36.37924],[-121.242,36.37973],[-121.24431,36.38182],[-121.24495,36.38248],[-121.24793,36.38625],[-121.24832,36.38681],[-121.24853,36.38725],[-121.24866,36.38769],[-121.24916,36.39103],[-121.24928,36.39152],[-121.24947,36.392],[-121.24993,36.39278],[-121.25115,36.39425],[-121.2516,36.39488],[-121.25198,36.39562],[-121.25318,36.39852],[-121.25357,36.3991],[-121.25407,36.39963],[-121.25493,36.40037],[-121.25545,36.40076],[-121.25605,36.40111],[-121.25877,36.40248],[-121.25937,36.4029],[-121.2605,36.40383],[-121.26113,36.40425],[-121.26488,36.40609],[-121.26657,36.40676],[-121.26747,36.40703],[-121.26862,36.40729],[-121.29802,36.41339],[-121.29927,36.41368],[-121.30147,36.41436],[-121.31819,36.41987],[-121.31961,36.4204],[-121.32109,36.42109],[-121.32197,36.42157],[-121.3234,36.42246],[-121.3542,36.44237],[-121.4158,36.48208],[-121.41818,36.48381],[-121.42014,36.48538],[-121.50021,36.55164],[-121.50252,36.5536],[-121.50446,36.55535],[-121.50618,36.55697],[-121.55042,36.59976],[-121.55174,36.60097],[-121.55297,36.60198],[-121.55958,36.60686],[-121.63599,36.66259],[-121.63684,36.66327],[-121.63803,36.6643],[-121.63963,36.66583],[-121.64087,36.66718],[-121.64743,36.67476],[-121.64831,36.67558],[-121.64956,36.6765],[-121.65025,36.67692],[-121.65125,36.67744],[-121.65242,36.67792],[-121.68808,36.69049],[-121.6901,36.69124],[-121.69246,36.69225],[-121.69495,36.69351],[-121.69708,36.69477],[-121.69897,36.69604],[-121.70004,36.69684],[-121.70135,36.6979],[-121.70247,36.6989],[-121.70352,36.69991],[-121.73265,36.72992],[-121.73337,36.7307],[-121.7347,36.73233],[-121.73578,36.73394],[-121.7363,36.73482],[-121.73719,36.73662],[-121.73785,36.73835],[-121.75439,36.79208],[-121.75461,36.79294],[-121.75469,36.79358],[-121.75469,36.79436],[-121.75457,36.79509],[-121.75433,36.79582],[-121.754,36.7965],[-121.75319,36.79767],[-121.74907,36.80307],[-121.74855,36.80391],[-121.7481,36.80486],[-121.73909,36.82919],[-121.73874,36.83039],[-121.73855,36.83164],[-121.73853,36.83253],[-121.73861,36.83346],[-121.73871,36.83408],[-121.73902,36.83519],[-121.73934,36.83599],[-121.73979,36.83687],[-121.74032,36.83768],[-121.74095,36.83847],[-121.7417,36.83925],[-121.74251,36.83995],[-121.74343,36.8406],[-121.7444,36.84117],[-121.74535,36.84163],[-121.74627,36.84199],[-121.75007,36.84318],[-121.75096,36.8435],[-121.75205,36.84405],[-121.75299,36.84472],[-121.75364,36.84533],[-121.7542,36.84603],[-121.75655,36.85],[-121.75678,36.85045],[-121.75699,36.851],[-121.75712,36.85153],[-121.75717,36.85203],[-121.75716,36.85264],[-121.75705,36.85324],[-121.75528,36.85882],[-121.75496,36.85956],[-121.75457,36.86026],[-121.75388,36.86122],[-121.75312,36.86206],[-121.74854,36.86599],[-121.7477,36.86681],[-121.74717,36.86749],[-121.74671,36.86823],[-121.74639,36.86893],[-121.74612,36.86974],[-121.74596,36.87058],[-121.74553,36.87346],[-121.74547,36.87446],[-121.74562,36.87533],[-121.74654,36.87835],[-121.74671,36.87912],[-121.74671,36.87973],[-121.74648,36.88186],[-121.74645,36.88273],[-121.74696,36.88972],[-121.74688,36.89083],[-121.74679,36.89133],[-121.74656,36.89209],[-121.74626,36.89274],[-121.74591,36.89332],[-121.74546,36.89388],[-121.74499,36.89437],[-121.7444,36.89485],[-121.74387,36.8952],[-121.74327,36.8955],[-121.74243,36.89583],[-121.74069,36.89634],[-121.71565,36.9012],[-121.7142,36.9014],[-121.71237,36.90145],[-121.7103,36.90135],[-121.70817,36.90105],[-121.65542,36.89107],[-121.65484,36.89099],[-121.65412,36.89094],[-121.65289,36.89094],[-121.65188,36.89103],[-121.64116,36.89236],[-121.6405,36.89246],[-121.63939,36.89273],[-121.63897,36.89288],[-121.63812,36.89329],[-121.63771,36.89354],[-121.63702,36.89407],[-121.63639,36.89473],[-121.63614,36.89508],[-121.63589,36.89549],[-121.63537,36.89655],[-121.63494,36.89771],[-121.63477,36.89826],[-121.63454,36.89927],[-121.63439,36.90027],[-121.63425,36.90282],[-121.63419,36.90343],[-121.63399,36.90422],[-121.63368,36.90498],[-121.63316,36.90583],[-121.62978,36.91033],[-121.62942,36.91069],[-121.62912,36.9109],[-121.62868,36.91111],[-121.62821,36.91123],[-121.62781,36.91127],[-121.62742,36.91125],[-121.62673,36.91107],[-121.62612,36.91074],[-121.62487,36.90987],[-121.62448,36.90969],[-121.62403,36.90956],[-121.62326,36.90951],[-121.62013,36.90968],[-121.61965,36.90966],[-121.61916,36.90957],[-121.61833,36.90934],[-121.61789,36.90915],[-121.61742,36.90887],[-121.61277,36.90559],[-121.61192,36.90503],[-121.61127,36.90468],[-121.60968,36.904],[-121.60337,36.90183],[-121.60246,36.90156],[-121.60166,36.90138],[-121.60025,36.9012],[-121.59893,36.90118],[-121.59778,36.90129],[-121.59336,36.90192],[-121.5925,36.90201],[-121.59171,36.90203],[-121.5896,36.90187],[-121.58776,36.90199],[-121.58705,36.90198],[-121.58589,36.90179],[-121.58222,36.90069],[-121.58123,36.90028],[-121.57865,36.89891],[-121.5779,36.89866],[-121.5769,36.89847],[-121.57535,36.89832],[-121.56363,36.89762],[-121.56306,36.89765],[-121.56248,36.89778],[-121.56202,36.89797],[-121.56157,36.89825],[-121.56123,36.89857],[-121.56102,36.89885],[-121.56085,36.89917],[-121.56074,36.89953],[-121.56071,36.89993],[-121.56079,36.90099],[-121.56068,36.90224],[-121.56066,36.9038],[-121.56061,36.90427],[-121.56042,36.90495],[-121.55988,36.90609],[-121.55962,36.90681],[-121.55944,36.90775],[-121.55942,36.90905],[-121.55936,36.90952],[-121.55915,36.91012],[-121.55876,36.91085],[-121.55817,36.91175],[-121.55745,36.91269],[-121.55644,36.91373],[-121.55547,36.91457],[-121.55423,36.91543],[-121.55336,36.91591],[-121.55074,36.91718],[-121.55013,36.91756],[-121.5496,36.91798],[-121.549,36.91859],[-121.54861,36.91912],[-121.54827,36.91975],[-121.54804,36.92045],[-121.54793,36.921],[-121.5479,36.9216],[-121.54803,36.92951],[-121.54815,36.9305],[-121.54903,36.93446],[-121.5491,36.9352],[-121.54907,36.93614],[-121.54774,36.9433],[-121.54235,36.97162],[-121.54225,36.97228],[-121.54222,36.97312],[-121.54234,36.97388],[-121.54263,36.97471],[-121.54308,36.97547],[-121.54382,36.97631],[-121.55262,36.98378],[-121.55408,36.98515],[-121.5555,36.98658],[-121.55739,36.98866],[-121.55838,36.98986],[-121.56056,36.99281],[-121.56136,36.99402],[-121.56256,36.99604],[-121.56309,36.99702],[-121.56528,37.00163],[-121.5658,37.00338],[-121.56641,37.00478],[-121.56675,37.00542],[-121.56775,37.00705],[-121.57082,37.0137],[-121.57153,37.01483],[-121.5738,37.01814],[-121.57432,37.01901],[-121.59274,37.05495],[-121.60021,37.06851],[-121.61615,37.09563],[-121.61663,37.09637],[-121.61714,37.097],[-121.61793,37.09779],[-121.73229,37.20945],[-121.73361,37.21066],[-121.74229,37.21814],[-121.7436,37.21938],[-121.74671,37.22259],[-121.74798,37.22375],[-121.74908,37.22466],[-121.751,37.22609],[-121.75273,37.22714],[-121.76668,37.23407],[-121.76982,37.23579],[-121.81441,37.26247],[-121.82104,37.26651],[-121.82259,37.26753],[-121.83001,37.27276],[-121.8314,37.27382],[-121.83238,37.27471],[-121.84276,37.28486],[-121.84325,37.28529],[-121.84427,37.28605],[-121.84534,37.28668],[-121.84601,37.28701],[-121.84724,37.28749],[-121.86571,37.29365],[-121.8669,37.29414],[-121.868,37.29467],[-121.86917,37.29532],[-121.86999,37.29584],[-121.87091,37.2965],[-121.87192,37.29732],[-121.87282,37.29817],[-121.87357,37.29899],[-121.88735,37.31607],[-121.8881,37.31686],[-121.88856,37.3172],[-121.88913,37.31752],[-121.88974,37.31778],[-121.89036,37.31795],[-121.89147,37.3181],[-121.89537,37.31828],[-121.89644,37.31847],[-121.89723,37.31872],[-121.8981,37.31914],[-121.89888,37.31967],[-121.90067,37.32131],[-121.90172,37.32234],[-121.90209,37.32282],[-121.90232,37.32321],[-121.90248,37.32362],[-121.90259,37.32404],[-121.90276,37.32506],[-121.90334,37.33265],[-121.90348,37.33314],[-121.90388,37.33374],[-121.90433,37.33423],[-121.9073,37.33698],[-121.90771,37.33751],[-121.90831,37.33866],[-121.90862,37.33912],[-121.90956,37.34002],[-121.91023,37.34051],[-121.9106,37.34071],[-121.91104,37.3409],[-121.91244,37.34135],[-121.91311,37.34162],[-121.91429,37.34222],[-121.91435,37.34226],[-121.91486,37.34254],[-121.93104,37.35075],[-121.9357,37.35328],[-121.94065,37.3554],[-121.94112,37.35568],[-121.9418,37.35622],[-121.94223,37.35679],[-121.94485,37.3615],[-121.94517,37.36225],[-121.9454,37.363],[-121.94549,37.3635],[-121.94553,37.36411],[-121.94552,37.37081],[-121.94558,37.37227],[-121.94567,37.37297],[-121.94601,37.37452],[-121.94628,37.37535],[-121.94667,37.37618],[-121.94806,37.37869],[-121.94864,37.37963],[-121.97328,37.41618],[-121.97375,37.41682],[-121.97422,37.41738],[-121.97585,37.41904],[-121.97625,37.4195],[-121.97674,37.42026],[-121.97706,37.42104],[-121.97725,37.42202],[-121.97755,37.42612],[-121.97756,37.4348],[-121.97749,37.43546],[-121.97736,37.43609],[-121.97656,37.43841],[-121.97641,37.43901],[-121.97632,37.43965],[-121.97339,37.47738],[-121.9734,37.47819],[-121.97348,37.47875],[-121.97356,37.47906],[-121.97368,37.47955],[-121.97374,37.47975],[-121.97383,37.47996],[-121.974,37.48036],[-121.97411,37.48063],[-121.97446,37.48123],[-121.9748,37.48171],[-121.97522,37.48222],[-121.97582,37.48282],[-121.98113,37.48788],[-122.003,37.50861],[-122.0077,37.51298],[-122.00835,37.51354],[-122.00926,37.51417],[-122.01038,37.51477],[-122.02874,37.52326],[-122.0319,37.52476],[-122.03197,37.5248],[-122.03609,37.52674],[-122.03743,37.52745],[-122.03831,37.52804],[-122.04034,37.52971],[-122.05206,37.5394],[-122.05255,37.53984],[-122.05291,37.54023],[-122.05313,37.54055],[-122.05337,37.54099],[-122.05362,37.54182],[-122.06211,37.58282],[-122.06243,37.58391],[-122.06267,37.58445],[-122.06298,37.585],[-122.06357,37.58581],[-122.06445,37.58678],[-122.0753,37.59767],[-122.11246,37.6299],[-122.11333,37.63071],[-122.16118,37.68204],[-122.16214,37.68311],[-122.16272,37.68382],[-122.16351,37.68494],[-122.18287,37.71421],[-122.18334,37.71503],[-122.18367,37.71582],[-122.18544,37.72205],[-122.18557,37.72296],[-122.18552,37.72383],[-122.18526,37.72473],[-122.18488,37.72545],[-122.17951,37.73379],[-122.17939,37.73408],[-122.17928,37.73463],[-122.17935,37.73528],[-122.17959,37.73585],[-122.18,37.73634],[-122.18088,37.73714],[-122.18127,37.7375],[-122.19222,37.74705],[-122.19352,37.74816],[-122.19487,37.74932],[-122.21033,37.76284],[-122.2122,37.76441],[-122.2138,37.76558],[-122.21421,37.76588],[-122.2388,37.78278],[-122.23976,37.78345],[-122.2412,37.7844],[-122.24271,37.7853],[-122.24428,37.78613],[-122.24629,37.78706],[-122.24884,37.78803],[-122.24949,37.78824],[-122.25131,37.78883],[-122.25309,37.78932],[-122.25487,37.7897],[-122.26153,37.79087],[-122.26565,37.79165],[-122.26993,37.79268],[-122.27008,37.79272],[-122.27038,37.79282],[-122.27075,37.79294],[-122.27271,37.79371],[-122.27393,37.79428],[-122.28031,37.79678],[-122.28428,37.79823],[-122.28536,37.79855],[-122.28821,37.79924],[-122.29702,37.80122],[-122.29884,37.80174],[-122.29908,37.80183],[-122.30019,37.80224],[-122.30168,37.80297],[-122.30236,37.80336],[-122.30295,37.80375],[-122.30353,37.80424],[-122.304,37.80473],[-122.30459,37.80547],[-122.30496,37.80604],[-122.3054,37.80707],[-122.3055,37.80748],[-122.30558,37.80802],[-122.30558,37.80864],[-122.30558,37.80887],[-122.30553,37.80922],[-122.30552,37.80933],[-122.30548,37.80964],[-122.30538,37.81],[-122.3053,37.81022],[-122.30516,37.81056],[-122.30509,37.81075],[-122.30489,37.81114],[-122.30443,37.81183],[-122.30401,37.81232],[-122.30355,37.81277],[-122.29971,37.81599],[-122.29681,37.81827],[-122.29407,37.8205],[-122.2933,37.82132],[-122.29292,37.82184],[-122.29258,37.82236],[-122.29214,37.82339],[-122.29157,37.82543],[-122.29147,37.82578],[-122.29142,37.82612],[-122.29126,37.82709],[-122.29122,37.82734],[-122.29119,37.82762],[-122.29099,37.82953],[-122.2909,37.83141],[-122.2909,37.83235],[-122.29101,37.83418],[-122.29119,37.8357],[-122.29154,37.83764],[-122.29171,37.83837],[-122.29309,37.84291],[-122.29326,37.84347],[-122.29515,37.8493],[-122.29542,37.85001],[-122.30597,37.88282],[-122.3065,37.88464],[-122.30875,37.89334],[-122.30913,37.89424],[-122.30967,37.89522],[-122.31077,37.8967],[-122.32498,37.91429],[-122.32622,37.91564],[-122.32779,37.91711],[-122.32954,37.91853],[-122.34964,37.93331],[-122.35098,37.93432],[-122.35221,37.93539],[-122.35254,37.93568],[-122.35281,37.93596],[-122.35411,37.93734],[-122.35535,37.93885],[-122.35567,37.9393],[-122.35647,37.94042],[-122.3572,37.94161],[-122.35783,37.94277],[-122.35836,37.9439],[-122.35886,37.94513],[-122.3592,37.94611],[-122.35934,37.94666],[-122.35975,37.9482],[-122.35997,37.94939],[-122.3601,37.95043],[-122.36019,37.95156],[-122.36018,37.95359],[-122.35802,37.97788],[-122.35784,37.97977],[-122.35771,37.98074],[-122.35641,37.99506],[-122.3563,37.99577],[-122.35611,37.99651],[-122.35585,37.99719],[-122.35548,37.99789],[-122.35505,37.99851],[-122.3545,37.99918],[-122.35389,37.9998],[-122.35311,38.00041],[-122.3525,38.00081],[-122.35179,38.00119],[-122.35099,38.00155],[-122.35027,38.00181],[-122.34927,38.00208],[-122.34892,38.00214],[-122.34778,38.00232],[-122.34686,38.00239],[-122.3457,38.00237],[-122.34447,38.00222],[-122.33739,38.00076],[-122.33591,38.00055],[-122.33488,38.00051],[-122.3336,38.00058],[-122.3325,38.00074],[-122.33143,38.001],[-122.33051,38.00132],[-122.33025,38.00141],[-122.32998,38.00155],[-122.32917,38.00194],[-122.32492,38.0046],[-122.32338,38.00566],[-122.32272,38.00612],[-122.32148,38.00705],[-122.31767,38.0103],[-122.31728,38.01054],[-122.31684,38.01075],[-122.31664,38.01081],[-122.31617,38.01094],[-122.31592,38.01101],[-122.31571,38.01103],[-122.31501,38.01109],[-122.31413,38.011],[-122.31019,38.00992],[-122.30923,38.00978],[-122.30848,38.00982],[-122.30628,38.01023],[-122.30513,38.01035],[-122.3043,38.01033],[-122.30039,38.01007],[-122.29964,38.01007],[-122.29877,38.01021],[-122.29798,38.0105],[-122.29728,38.01092],[-122.29624,38.01175],[-122.29512,38.01278],[-122.29369,38.0142],[-122.2925,38.01553],[-122.2897,38.01907],[-122.28903,38.01971],[-122.28843,38.02011],[-122.28777,38.02041],[-122.28376,38.02158],[-122.28322,38.02178],[-122.28244,38.02221],[-122.28185,38.02274],[-122.28131,38.02341],[-122.28085,38.02409],[-122.28056,38.02463],[-122.27989,38.02604],[-122.27958,38.0265],[-122.27911,38.02694],[-122.27782,38.0278],[-122.27733,38.02817],[-122.27669,38.02881],[-122.27625,38.02943],[-122.27554,38.0309],[-122.27513,38.03204],[-122.27492,38.03293],[-122.27466,38.0348],[-122.27451,38.03542],[-122.27419,38.03604],[-122.27368,38.03662],[-122.2731,38.03703],[-122.27239,38.03738],[-122.26543,38.03948],[-122.26485,38.03975],[-122.26437,38.04004],[-122.26362,38.04068],[-122.2633,38.04108],[-122.26305,38.04146],[-122.26287,38.04187],[-122.26273,38.04233],[-122.26191,38.04799],[-122.26176,38.04869],[-122.26163,38.04904],[-122.26141,38.04941],[-122.26113,38.04977],[-122.26079,38.05008],[-122.26035,38.0504],[-122.25988,38.05065],[-122.25937,38.05083],[-122.25875,38.05099],[-122.25808,38.05105],[-122.25185,38.05131],[-122.25091,38.05145],[-122.25025,38.05166],[-122.24951,38.05202],[-122.24886,38.0525],[-122.24843,38.05294],[-122.24719,38.05447],[-122.2467,38.05492],[-122.24617,38.05531],[-122.24392,38.05663],[-122.24256,38.05732],[-122.24223,38.05745],[-122.24177,38.05763],[-122.24159,38.05771],[-122.2414,38.05775],[-122.24057,38.05793],[-122.23986,38.05797],[-122.23909,38.05788],[-122.23847,38.05772],[-122.23714,38.05727],[-122.23635,38.05711],[-122.22887,38.05641],[-122.22271,38.05568],[-122.22185,38.05571],[-122.22105,38.05585],[-122.21856,38.05672],[-122.2179,38.05691],[-122.21727,38.05699],[-122.21654,38.05695],[-122.21579,38.05685],[-122.21469,38.05661],[-122.20278,38.05383],[-122.19884,38.053],[-122.19798,38.05286],[-122.19711,38.05278],[-122.1918,38.05255],[-122.19108,38.05243],[-122.19045,38.05223],[-122.18942,38.0517],[-122.18567,38.04955],[-122.18484,38.0489],[-122.18345,38.04755],[-122.18288,38.04706],[-122.18222,38.04661],[-122.18022,38.04546],[-122.17962,38.045],[-122.17913,38.04452],[-122.17849,38.04367],[-122.17677,38.04076],[-122.17636,38.04022],[-122.17545,38.03918],[-122.17513,38.03867],[-122.17498,38.03829],[-122.17489,38.03791],[-122.17451,38.03522],[-122.17435,38.0347],[-122.17407,38.03419],[-122.1737,38.03373],[-122.17333,38.03339],[-122.17182,38.03243],[-122.17129,38.03201],[-122.17086,38.03149],[-122.17014,38.03031],[-122.16985,38.02998],[-122.16954,38.02971],[-122.16936,38.0296],[-122.1689,38.02933],[-122.16866,38.02919],[-122.16171,38.02589],[-122.15871,38.02488],[-122.14814,38.02067],[-122.14425,38.01941],[-122.1441,38.01936],[-122.14348,38.01921],[-122.14331,38.01919],[-122.14303,38.01915],[-122.14266,38.0191],[-122.14244,38.0191],[-122.14143,38.01909],[-122.13922,38.01927],[-122.13914,38.01928],[-122.13899,38.01929],[-122.13874,38.01933],[-122.13736,38.01956],[-122.13556,38.01986],[-122.13542,38.01988],[-122.13525,38.01994],[-122.13381,38.02044],[-122.13374,38.02046],[-122.1337,38.02047],[-122.13367,38.02048],[-122.13365,38.02049],[-122.13297,38.0208],[-122.13048,38.02249],[-122.12945,38.02302],[-122.12831,38.0234],[-122.12331,38.02461],[-122.12226,38.02491],[-122.1216,38.02517],[-122.12095,38.0255],[-122.12039,38.02586],[-122.11987,38.02628],[-122.11933,38.02685],[-122.11885,38.02753],[-122.11854,38.02816],[-122.11833,38.02887],[-122.11776,38.03332],[-122.11779,38.03399],[-122.11792,38.03462],[-122.11804,38.03492],[-122.1183,38.03535],[-122.11904,38.03636],[-122.12816,38.04819],[-122.12849,38.04871],[-122.12869,38.04911],[-122.12892,38.04986],[-122.12898,38.05051],[-122.12893,38.05145],[-122.12893,38.05145],[-122.12883,38.05182],[-122.12859,38.05431],[-122.12843,38.05526],[-122.12799,38.05696],[-122.12678,38.06116],[-122.12656,38.06178],[-122.12607,38.06273],[-122.12546,38.0636],[-122.10745,38.08317],[-122.1068,38.08401],[-122.10622,38.08501],[-122.10592,38.0857],[-122.10502,38.08906],[-122.10435,38.09165],[-122.10421,38.09233],[-122.10423,38.09248],[-122.10167,38.10203],[-122.10127,38.10382],[-122.10099,38.10571],[-122.10085,38.10791],[-122.10087,38.11269],[-122.10112,38.12575],[-122.10112,38.12805],[-122.10104,38.12904],[-122.10085,38.13013],[-122.10053,38.1313],[-122.10015,38.13234],[-122.09953,38.13366],[-122.09457,38.1431],[-122.08907,38.15353],[-122.08841,38.15468],[-122.04382,38.23932],[-122.0425,38.24179],[-122.04167,38.24308],[-122.04065,38.24435],[-122.03924,38.24575],[-122.03767,38.24698],[-122.03623,38.24791],[-121.99782,38.26908],[-121.95978,38.28998],[-121.95832,38.29088],[-121.95694,38.29186],[-121.95558,38.29296],[-121.95455,38.29393],[-121.9538,38.29472],[-121.95313,38.29551],[-121.95227,38.29662],[-121.95177,38.29735],[-121.9428,38.31226],[-121.94166,38.31394],[-121.94001,38.31602],[-121.89529,38.36647],[-121.82554,38.44495],[-121.81862,38.45273],[-121.80749,38.46523],[-121.77571,38.50091],[-121.73968,38.54136],[-121.73877,38.54229],[-121.73832,38.54268],[-121.73813,38.5428],[-121.73735,38.54333],[-121.73668,38.54367],[-121.73561,38.54409],[-121.73443,38.54442],[-121.621,38.57015],[-121.61486,38.57152],[-121.54246,38.58776],[-121.5412,38.58801],[-121.53971,38.58824],[-121.53815,38.58843],[-121.5367,38.58854],[-121.53497,38.5886],[-121.53339,38.58859],[-121.51168,38.58747],[-121.51064,38.58734],[-121.50987,38.58717],[-121.50233,38.58517],[-121.50058,38.58478],[-121.49974,38.58459],[-121.49906,38.58444],[-121.49856,38.5844],[-121.49808,38.58446],[-121.49749,38.58466],[-121.49704,38.58489],[-121.49668,38.58516],[-121.49647,38.58545],[-121.4964,38.58555],[-121.49572,38.58704],[-121.49548,38.58731],[-121.49542,38.58737],[-121.49533,38.58743],[-121.49501,38.58763],[-121.49491,38.5877],[-121.49477,38.58773],[-121.49443,38.58783],[-121.49424,38.58788],[-121.48963,38.58858],[-121.48901,38.58864],[-121.4884,38.58863],[-121.48777,38.58854],[-121.48701,38.58838],[-121.47878,38.58615],[-121.47873,38.58614],[-121.47865,38.58613],[-121.47852,38.58611],[-121.4773,38.5859],[-121.47676,38.58593],[-121.47647,38.58601],[-121.476,38.58627],[-121.4757,38.58659],[-121.47547,38.58699],[-121.47502,38.58827],[-121.47442,38.59062],[-121.47398,38.59182],[-121.46724,38.60731],[-121.46678,38.60868],[-121.46648,38.61008],[-121.46634,38.61146],[-121.46633,38.61232],[-121.46645,38.61369],[-121.4666,38.6146],[-121.47081,38.63679],[-121.52124,38.90188],[-121.53727,38.98563],[-121.54513,39.02638],[-121.56083,39.10748],[-121.56127,39.10908],[-121.56174,39.11025],[-121.5623,39.11135],[-121.56266,39.11194],[-121.56351,39.11314],[-121.56424,39.11402],[-121.56519,39.11499],[-121.5662,39.11587],[-121.5677,39.11697],[-121.5979,39.13753],[-121.59869,39.13818],[-121.59905,39.13859],[-121.59933,39.13903],[-121.5995,39.1394],[-121.59964,39.13984],[-121.59974,39.1404],[-121.60045,39.14549],[-121.60046,39.14579],[-121.60038,39.14638],[-121.60018,39.14698],[-121.5997,39.14776],[-121.59225,39.15569],[-121.59175,39.15629],[-121.59161,39.15654],[-121.59154,39.15677],[-121.59153,39.15728],[-121.59172,39.15779],[-121.5919,39.15802],[-121.59289,39.15886],[-121.59321,39.15907],[-121.59471,39.15996],[-121.59651,39.16084],[-121.59797,39.16144],[-121.5994,39.16194],[-121.60105,39.16243],[-121.60283,39.16286],[-121.60458,39.16319],[-121.60636,39.16342],[-121.60783,39.16355],[-121.60922,39.16361],[-121.61597,39.16364],[-121.61661,39.16369],[-121.61728,39.16379],[-121.61798,39.16396],[-121.61862,39.16417],[-121.61919,39.16442],[-121.61979,39.16474],[-121.62033,39.16511],[-121.62121,39.16591],[-121.62177,39.1667],[-121.62199,39.16715],[-121.66019,39.27063],[-121.69807,39.37304],[-121.72264,39.43941],[-121.75899,39.53736],[-121.81584,39.69018],[-121.81719,39.69372],[-121.8177,39.69485],[-121.81824,39.69592],[-121.81902,39.69727],[-121.8198,39.69849],[-121.82099,39.70012],[-121.82158,39.70084],[-121.82196,39.70121],[-121.8229,39.70228],[-121.82442,39.70379],[-121.83451,39.71279],[-121.84115,39.71865],[-121.84168,39.71917],[-121.85129,39.72766],[-121.85285,39.72896],[-121.8549,39.73051],[-121.85677,39.73182],[-121.85871,39.73306],[-121.86013,39.7339],[-121.86336,39.73564],[-121.86503,39.73645],[-121.8671,39.73738],[-121.93715,39.76721],[-121.94057,39.76871],[-121.94246,39.76961],[-121.94412,39.77046],[-121.94606,39.77155],[-121.94775,39.77257],[-121.94948,39.7737],[-121.95107,39.7748],[-121.95247,39.77585],[-121.95393,39.77702],[-121.9554,39.77827],[-121.95653,39.7793],[-121.95784,39.78058],[-121.95906,39.78185],[-121.96028,39.78323],[-121.96144,39.78463],[-121.96268,39.78628],[-121.96481,39.78948],[-122.04514,39.91458],[-122.04644,39.9166],[-122.04732,39.9181],[-122.04894,39.92115],[-122.06823,39.95862],[-122.08158,39.98442],[-122.10286,40.0258],[-122.10323,40.02649],[-122.10358,40.02702],[-122.10395,40.02747],[-122.10438,40.02788],[-122.10498,40.02834],[-122.10547,40.02864],[-122.106,40.0289],[-122.1068,40.02922],[-122.1075,40.02941],[-122.1086,40.02957],[-122.10961,40.02957],[-122.11049,40.0295],[-122.12831,40.02767],[-122.12952,40.02761],[-122.13029,40.02766],[-122.13116,40.02779],[-122.13197,40.028],[-122.13271,40.02828],[-122.13344,40.02863],[-122.13442,40.02931],[-122.13476,40.02962],[-122.13552,40.03057],[-122.14825,40.0492],[-122.14994,40.05156],[-122.18836,40.10774],[-122.21908,40.15252],[-122.22045,40.15435],[-122.22193,40.15618],[-122.24094,40.17827],[-122.24159,40.17912],[-122.24194,40.17981],[-122.24215,40.18048],[-122.24224,40.18121],[-122.24219,40.18184],[-122.24197,40.18273],[-122.24039,40.18657],[-122.24003,40.18771],[-122.23986,40.18866],[-122.2398,40.18946],[-122.23984,40.19039],[-122.23996,40.19121],[-122.24025,40.19226],[-122.24073,40.1934],[-122.24551,40.20242],[-122.24593,40.20312],[-122.24638,40.20376],[-122.24698,40.20447],[-122.24765,40.20513],[-122.24844,40.2058],[-122.2495,40.20654],[-122.25057,40.20714],[-122.25967,40.21182],[-122.26069,40.21252],[-122.26113,40.21293],[-122.2615,40.21337],[-122.2618,40.2138],[-122.26207,40.21431],[-122.26226,40.21479],[-122.26238,40.21528],[-122.26245,40.21597],[-122.26254,40.21853],[-122.26265,40.2193],[-122.26284,40.2201],[-122.2632,40.22113],[-122.26555,40.22717],[-122.2662,40.2284],[-122.267,40.22952],[-122.2692,40.23219],[-122.2698,40.23285],[-122.27047,40.23348],[-122.27111,40.23398],[-122.27171,40.23437],[-122.27237,40.23474],[-122.27318,40.23511],[-122.30142,40.24622],[-122.3025,40.24669],[-122.30351,40.24724],[-122.30443,40.24785],[-122.30527,40.24852],[-122.30599,40.24922],[-122.30659,40.24993],[-122.30721,40.25085],[-122.30833,40.25288],[-122.30889,40.25379],[-122.30962,40.25477],[-122.31141,40.2569],[-122.31182,40.25754],[-122.31213,40.25823],[-122.31234,40.25897],[-122.31243,40.25975],[-122.31239,40.26375],[-122.31229,40.26526],[-122.31135,40.27455],[-122.31137,40.27568],[-122.31158,40.27675],[-122.31213,40.27831],[-122.31286,40.27998],[-122.31343,40.28101],[-122.31414,40.28201],[-122.31553,40.28354],[-122.31747,40.28545],[-122.32217,40.28943],[-122.32296,40.29016],[-122.32358,40.29086],[-122.32405,40.29149],[-122.32446,40.29217],[-122.32482,40.2929],[-122.32519,40.29402],[-122.32551,40.2957],[-122.32794,40.31177],[-122.3281,40.31327],[-122.32818,40.31473],[-122.32813,40.31685],[-122.32788,40.31902],[-122.32742,40.32124],[-122.32682,40.32327],[-122.32637,40.32447],[-122.3149,40.35313],[-122.31408,40.35467],[-122.3136,40.3554],[-122.31288,40.35635],[-122.31172,40.35763],[-122.31058,40.35865],[-122.30581,40.36223],[-122.27779,40.38298],[-122.27657,40.38379],[-122.27532,40.38456],[-122.24806,40.40023],[-122.24731,40.40068],[-122.24667,40.40115],[-122.24598,40.40181],[-122.24544,40.40249],[-122.245,40.40324],[-122.2447,40.40399],[-122.24453,40.40475],[-122.24448,40.40553],[-122.24455,40.40627],[-122.24474,40.40702],[-122.24523,40.40814],[-122.24595,40.40955],[-122.24711,40.41161],[-122.24804,40.41309],[-122.24872,40.41408],[-122.24925,40.41474],[-122.24993,40.41542],[-122.25067,40.41603],[-122.3004,40.45012],[-122.3743,40.50063],[-122.37509,40.5012],[-122.37599,40.50195],[-122.37671,40.50266],[-122.37734,40.50338],[-122.37814,40.50453],[-122.37882,40.50582],[-122.37921,40.50694],[-122.37951,40.50831],[-122.39229,40.58086],[-122.39252,40.58191],[-122.3928,40.5829],[-122.39312,40.58376],[-122.39348,40.5845],[-122.39399,40.58538],[-122.39428,40.58579],[-122.39549,40.58725],[-122.39826,40.58966],[-122.3986,40.59001],[-122.39913,40.59068],[-122.3995,40.59135],[-122.39962,40.5917],[-122.39979,40.59237],[-122.39984,40.59305],[-122.39976,40.59384],[-122.39951,40.59461],[-122.39914,40.59532],[-122.39858,40.59603],[-122.39758,40.59693],[-122.39097,40.60205],[-122.39025,40.60271],[-122.38971,40.60332],[-122.38934,40.60383],[-122.38876,40.60485],[-122.38839,40.60589],[-122.3882,40.60701],[-122.38861,40.61711],[-122.38871,40.61792],[-122.38891,40.61864],[-122.38924,40.61931],[-122.38973,40.62003],[-122.39433,40.62524],[-122.39501,40.62611],[-122.39559,40.62698],[-122.39642,40.62853],[-122.39782,40.63179],[-122.39813,40.6328],[-122.39826,40.63365],[-122.39825,40.63467],[-122.39791,40.63785],[-122.39773,40.63873],[-122.39744,40.63955],[-122.397,40.6404],[-122.39642,40.64122],[-122.39605,40.64165],[-122.39412,40.64358],[-122.3933,40.64464],[-122.39293,40.6453],[-122.3926,40.6461],[-122.3924,40.6468],[-122.39228,40.64755],[-122.39227,40.64833],[-122.39236,40.64943],[-122.39462,40.6701],[-122.39462,40.67083],[-122.39454,40.67156],[-122.39437,40.67228],[-122.39408,40.67306],[-122.39381,40.6736],[-122.39348,40.67413],[-122.393,40.67477],[-122.39251,40.6753],[-122.39194,40.67582],[-122.39127,40.67633],[-122.39061,40.67676],[-122.38978,40.6772],[-122.38905,40.67751],[-122.38828,40.67778],[-122.38672,40.67817],[-122.38562,40.67832],[-122.38212,40.67858],[-122.38124,40.67873],[-122.38023,40.67896],[-122.37909,40.67934],[-122.37801,40.67982],[-122.37709,40.68032],[-122.37619,40.681],[-122.37564,40.68149],[-122.3749,40.68231],[-122.37412,40.68339],[-122.37327,40.68469],[-122.37284,40.68521],[-122.37221,40.68584],[-122.37158,40.68636],[-122.37092,40.68682],[-122.36705,40.68912],[-122.36599,40.68986],[-122.36507,40.69069],[-122.36433,40.6916],[-122.36381,40.69249],[-122.36344,40.69341],[-122.36093,40.70195],[-122.36069,40.70266],[-122.36048,40.70313],[-122.35988,40.70414],[-122.3594,40.70475],[-122.35886,40.70532],[-122.35832,40.70579],[-122.35775,40.70622],[-122.35649,40.70696],[-122.35553,40.70741],[-122.35029,40.70961],[-122.3489,40.71009],[-122.34751,40.71048],[-122.34163,40.71178],[-122.34066,40.71212],[-122.33985,40.71255],[-122.33933,40.71295],[-122.33892,40.71338],[-122.3386,40.71381],[-122.33836,40.71426],[-122.33813,40.71503],[-122.33785,40.71677],[-122.33772,40.71741],[-122.33743,40.71814],[-122.33701,40.71875],[-122.33646,40.71929],[-122.33575,40.71979],[-122.33498,40.72019],[-122.33315,40.72103],[-122.33239,40.72147],[-122.33168,40.72202],[-122.33118,40.72261],[-122.33077,40.72339],[-122.33061,40.72386],[-122.33011,40.72616],[-122.32985,40.72711],[-122.32714,40.73462],[-122.32654,40.73617],[-122.32619,40.73685],[-122.32567,40.73763],[-122.32404,40.73945],[-122.3236,40.74002],[-122.32314,40.74077],[-122.3228,40.74148],[-122.32077,40.74888],[-122.3203,40.75084],[-122.31957,40.75485],[-122.31907,40.75798],[-122.31863,40.76583],[-122.31865,40.76641],[-122.31883,40.76738],[-122.31962,40.76961],[-122.32006,40.77136],[-122.32031,40.77264],[-122.32034,40.77377],[-122.32025,40.77435],[-122.3201,40.77486],[-122.31985,40.77542],[-122.31954,40.77596],[-122.31904,40.77669],[-122.31855,40.77728],[-122.31804,40.77782],[-122.31292,40.78239],[-122.31256,40.78275],[-122.31223,40.78317],[-122.31193,40.78369],[-122.31171,40.78417],[-122.31154,40.7848],[-122.31147,40.78546],[-122.31155,40.78674],[-122.31171,40.7874],[-122.31196,40.78808],[-122.31224,40.78863],[-122.31261,40.78916],[-122.31312,40.78977],[-122.31385,40.79042],[-122.31553,40.79166],[-122.31627,40.79214],[-122.317,40.79252],[-122.31765,40.7928],[-122.31944,40.79343],[-122.32054,40.79393],[-122.321,40.79423],[-122.32176,40.79493],[-122.32201,40.79527],[-122.32222,40.79564],[-122.32239,40.79604],[-122.32258,40.79699],[-122.32463,40.81153],[-122.32485,40.81225],[-122.32512,40.8128],[-122.32544,40.81334],[-122.32662,40.81474],[-122.32749,40.81591],[-122.32775,40.81635],[-122.32797,40.81683],[-122.32812,40.81728],[-122.32824,40.81825],[-122.3282,40.81888],[-122.32795,40.82011],[-122.3274,40.82198],[-122.32732,40.82256],[-122.32733,40.82309],[-122.32743,40.82367],[-122.3277,40.82429],[-122.32805,40.82481],[-122.32848,40.82525],[-122.329,40.82569],[-122.32955,40.82603],[-122.33013,40.82629],[-122.33082,40.82651],[-122.33163,40.82664],[-122.33289,40.82669],[-122.33399,40.82654],[-122.33458,40.82638],[-122.33522,40.82614],[-122.33586,40.82583],[-122.33832,40.8245],[-122.33954,40.82391],[-122.34066,40.82352],[-122.3412,40.82341],[-122.3421,40.82331],[-122.34256,40.82331],[-122.34317,40.82334],[-122.34393,40.82346],[-122.34503,40.82379],[-122.34556,40.82401],[-122.34609,40.82432],[-122.34661,40.82471],[-122.34706,40.82512],[-122.34736,40.8255],[-122.34783,40.82635],[-122.34799,40.82675],[-122.34809,40.82727],[-122.34811,40.82776],[-122.34806,40.82822],[-122.34742,40.83057],[-122.3473,40.83124],[-122.34727,40.83194],[-122.34729,40.83252],[-122.3474,40.83319],[-122.34785,40.83447],[-122.34814,40.83506],[-122.34841,40.83557],[-122.34873,40.83602],[-122.34917,40.83652],[-122.35684,40.84475],[-122.35744,40.84524],[-122.35793,40.84555],[-122.35861,40.84587],[-122.35922,40.84607],[-122.35996,40.84624],[-122.36296,40.84656],[-122.36409,40.84677],[-122.36463,40.84694],[-122.36524,40.8472],[-122.36632,40.84788],[-122.37066,40.85125],[-122.37179,40.85223],[-122.38098,40.86169],[-122.38174,40.86236],[-122.38216,40.86265],[-122.38439,40.86396],[-122.38518,40.86451],[-122.38677,40.86586],[-122.38918,40.86803],[-122.3896,40.86853],[-122.39007,40.86927],[-122.39031,40.86975],[-122.39045,40.87019],[-122.39056,40.87116],[-122.39055,40.87177],[-122.39029,40.8777],[-122.39012,40.87884],[-122.3898,40.87971],[-122.38938,40.88035],[-122.38901,40.88082],[-122.38656,40.88356],[-122.38603,40.88412],[-122.38545,40.88464],[-122.38471,40.88521],[-122.38394,40.88568],[-122.38184,40.88671],[-122.38071,40.88736],[-122.37964,40.88817],[-122.37875,40.88906],[-122.37829,40.88965],[-122.37792,40.89025],[-122.37453,40.89706],[-122.37431,40.89762],[-122.37418,40.89815],[-122.37411,40.89891],[-122.37421,40.89973],[-122.37446,40.90051],[-122.37484,40.9012],[-122.37545,40.902],[-122.38085,40.90802],[-122.38128,40.90859],[-122.38151,40.90899],[-122.38174,40.90963],[-122.38182,40.91027],[-122.38169,40.91207],[-122.38173,40.91278],[-122.38192,40.91349],[-122.38229,40.91417],[-122.38282,40.91478],[-122.38353,40.91532],[-122.38557,40.91652],[-122.38672,40.91707],[-122.38752,40.91729],[-122.38836,40.91742],[-122.38917,40.91746],[-122.39188,40.91745],[-122.39261,40.9175],[-122.39343,40.91763],[-122.39431,40.91786],[-122.39507,40.91816],[-122.39585,40.91855],[-122.39659,40.91906],[-122.39738,40.9198],[-122.40071,40.92356],[-122.40143,40.92426],[-122.4025,40.92502],[-122.40601,40.92702],[-122.40655,40.92743],[-122.40698,40.92785],[-122.40726,40.92821],[-122.40753,40.92866],[-122.4088,40.93124],[-122.41039,40.93488],[-122.41063,40.93532],[-122.41116,40.93601],[-122.41207,40.93672],[-122.41267,40.93748],[-122.41317,40.93786],[-122.41348,40.93801],[-122.4139,40.93812],[-122.41528,40.93823],[-122.41593,40.93815],[-122.41708,40.93774],[-122.41769,40.93762],[-122.41844,40.93766],[-122.41881,40.93776],[-122.41909,40.93789],[-122.41945,40.93814],[-122.41974,40.93847],[-122.41988,40.93875],[-122.42024,40.93982],[-122.42044,40.94028],[-122.42085,40.9409],[-122.42168,40.94199],[-122.42206,40.94233],[-122.42309,40.94302],[-122.42401,40.94383],[-122.42508,40.94436],[-122.42577,40.94462],[-122.42615,40.94469],[-122.42664,40.9447],[-122.42709,40.94463],[-122.42747,40.9445],[-122.42794,40.94422],[-122.42886,40.94344],[-122.42934,40.94311],[-122.43051,40.94251],[-122.43116,40.94231],[-122.43155,40.94227],[-122.43231,40.94229],[-122.43312,40.94247],[-122.43395,40.94282],[-122.43459,40.94331],[-122.43487,40.9436],[-122.43588,40.94493],[-122.43599,40.94519],[-122.43604,40.94548],[-122.43602,40.94576],[-122.43595,40.946],[-122.43574,40.94643],[-122.43541,40.94693],[-122.4332,40.94914],[-122.43219,40.95063],[-122.43208,40.95117],[-122.43241,40.95286],[-122.43243,40.95329],[-122.43229,40.95377],[-122.43141,40.95542],[-122.43131,40.9559],[-122.43133,40.95616],[-122.43141,40.95644],[-122.43156,40.95672],[-122.4318,40.95703],[-122.43203,40.95725],[-122.43267,40.95764],[-122.43375,40.95805],[-122.43422,40.95839],[-122.43441,40.95861],[-122.43455,40.95888],[-122.43472,40.9596],[-122.43486,40.95992],[-122.43505,40.9602],[-122.43536,40.96048],[-122.43595,40.96076],[-122.4383,40.96142],[-122.43869,40.9616],[-122.43894,40.96177],[-122.43926,40.96212],[-122.43939,40.96238],[-122.43947,40.96282],[-122.43942,40.96317],[-122.43917,40.96367],[-122.4389,40.964],[-122.43858,40.9643],[-122.43831,40.96448],[-122.43779,40.96471],[-122.43574,40.9653],[-122.43511,40.96563],[-122.43465,40.96598],[-122.4344,40.96626],[-122.43422,40.96658],[-122.4338,40.96823],[-122.43365,40.96855],[-122.43345,40.96886],[-122.4318,40.97055],[-122.43146,40.97081],[-122.43035,40.97152],[-122.43005,40.97182],[-122.42982,40.97216],[-122.42968,40.97254],[-122.42965,40.97296],[-122.42974,40.97353],[-122.4299,40.9741],[-122.43006,40.97436],[-122.43032,40.97463],[-122.4306,40.97482],[-122.43139,40.97523],[-122.43181,40.97565],[-122.43199,40.97598],[-122.43207,40.97632],[-122.43205,40.97659],[-122.43196,40.9769],[-122.43176,40.97723],[-122.43144,40.97752],[-122.43098,40.97778],[-122.43018,40.97803],[-122.42975,40.97823],[-122.42939,40.97851],[-122.42912,40.97887],[-122.42901,40.97914],[-122.42897,40.97943],[-122.42907,40.98091],[-122.42903,40.98151],[-122.42847,40.98404],[-122.42812,40.9853],[-122.42781,40.98574],[-122.42731,40.98614],[-122.42655,40.98649],[-122.42544,40.98684],[-122.42506,40.98707],[-122.42475,40.98738],[-122.4246,40.98765],[-122.4245,40.98794],[-122.4243,40.98984],[-122.42419,40.99013],[-122.42395,40.99048],[-122.42351,40.99084],[-122.42295,40.99111],[-122.42176,40.99134],[-122.42115,40.9914],[-122.42053,40.99135],[-122.41993,40.99119],[-122.41835,40.99044],[-122.41777,40.99025],[-122.41729,40.99018],[-122.4169,40.99019],[-122.41648,40.99025],[-122.41608,40.99038],[-122.41563,40.99063],[-122.41529,40.99096],[-122.41494,40.99154],[-122.41469,40.99214],[-122.41468,40.99242],[-122.41473,40.99271],[-122.41524,40.99365],[-122.41534,40.99408],[-122.41532,40.99438],[-122.41523,40.99466],[-122.41491,40.9951],[-122.41446,40.99541],[-122.41382,40.99564],[-122.41042,40.99605],[-122.40986,40.99617],[-122.40948,40.99632],[-122.40916,40.99652],[-122.40888,40.99678],[-122.4087,40.99704],[-122.40856,40.99745],[-122.40857,40.99786],[-122.4087,40.9982],[-122.40913,40.99887],[-122.40925,40.99926],[-122.40924,40.99965],[-122.40911,41.00003],[-122.40885,41.00038],[-122.40845,41.00068],[-122.40812,41.00083],[-122.40716,41.00111],[-122.40664,41.0014],[-122.40642,41.0016],[-122.40623,41.00185],[-122.40606,41.00232],[-122.40609,41.00284],[-122.40656,41.0042],[-122.40665,41.00465],[-122.40684,41.0066],[-122.40689,41.00936],[-122.40698,41.00977],[-122.40713,41.01014],[-122.40772,41.01133],[-122.40798,41.01169],[-122.40855,41.01221],[-122.40885,41.01243],[-122.40923,41.01261],[-122.40989,41.01284],[-122.4103,41.01307],[-122.41069,41.0134],[-122.41106,41.01381],[-122.41125,41.01418],[-122.41132,41.01456],[-122.41127,41.0149],[-122.4111,41.01524],[-122.41085,41.01553],[-122.41054,41.01576],[-122.41011,41.01595],[-122.40965,41.01606],[-122.40896,41.01607],[-122.40753,41.01577],[-122.40668,41.0157],[-122.40408,41.01585],[-122.40372,41.0159],[-122.40335,41.01601],[-122.4028,41.01633],[-122.40158,41.01731],[-122.40129,41.01761],[-122.40008,41.01914],[-122.39965,41.01954],[-122.39906,41.01986],[-122.39757,41.02028],[-122.39721,41.02041],[-122.3968,41.02067],[-122.39653,41.02093],[-122.39633,41.02124],[-122.39618,41.02167],[-122.39611,41.02214],[-122.39606,41.02319],[-122.39584,41.02374],[-122.39557,41.02412],[-122.39534,41.02435],[-122.39406,41.0253],[-122.39368,41.0257],[-122.39157,41.02883],[-122.39134,41.02931],[-122.39131,41.02968],[-122.39137,41.02998],[-122.39153,41.03028],[-122.39174,41.03054],[-122.39205,41.03078],[-122.39239,41.03094],[-122.39385,41.0313],[-122.39439,41.03155],[-122.39474,41.03186],[-122.39493,41.03213],[-122.39503,41.03241],[-122.39505,41.03271],[-122.39498,41.03307],[-122.39481,41.0334],[-122.39343,41.03531],[-122.39327,41.03565],[-122.39311,41.03618],[-122.39282,41.03725],[-122.39276,41.03769],[-122.39283,41.03813],[-122.39312,41.03899],[-122.39315,41.03954],[-122.39279,41.04071],[-122.39255,41.04194],[-122.39242,41.04224],[-122.39221,41.04255],[-122.39176,41.04297],[-122.39078,41.0436],[-122.39003,41.04431],[-122.38976,41.04471],[-122.38953,41.0454],[-122.38939,41.04567],[-122.38913,41.04597],[-122.38875,41.04624],[-122.38819,41.04645],[-122.38743,41.04651],[-122.38585,41.04622],[-122.38533,41.04622],[-122.38483,41.04632],[-122.38452,41.04644],[-122.38421,41.04663],[-122.38332,41.04741],[-122.38262,41.04784],[-122.38179,41.04816],[-122.37983,41.04867],[-122.37933,41.0489],[-122.37879,41.04927],[-122.37776,41.05031],[-122.37757,41.05065],[-122.37749,41.05099],[-122.37749,41.05129],[-122.37756,41.05159],[-122.37816,41.05252],[-122.37831,41.05298],[-122.37831,41.05326],[-122.37824,41.05362],[-122.37811,41.05396],[-122.3779,41.05429],[-122.37745,41.05468],[-122.37716,41.05482],[-122.37679,41.05494],[-122.37622,41.05501],[-122.37452,41.05497],[-122.37398,41.05505],[-122.37347,41.05521],[-122.37296,41.05547],[-122.3717,41.05637],[-122.37039,41.05706],[-122.36994,41.05737],[-122.36967,41.05762],[-122.36943,41.05793],[-122.36914,41.05852],[-122.3687,41.06089],[-122.36858,41.06129],[-122.36826,41.06179],[-122.36778,41.06221],[-122.36743,41.06241],[-122.367,41.06258],[-122.36653,41.06269],[-122.36607,41.06273],[-122.36536,41.06269],[-122.36354,41.06233],[-122.36303,41.06227],[-122.3626,41.06228],[-122.36221,41.06235],[-122.36185,41.06247],[-122.36148,41.06267],[-122.36117,41.06293],[-122.36086,41.06335],[-122.3582,41.06768],[-122.3559,41.07039],[-122.35566,41.0707],[-122.35526,41.07136],[-122.35509,41.07184],[-122.35503,41.07233],[-122.3552,41.0739],[-122.35519,41.07457],[-122.3549,41.07595],[-122.35475,41.07635],[-122.35454,41.07664],[-122.35429,41.07685],[-122.35315,41.07743],[-122.35269,41.07781],[-122.3519,41.07897],[-122.35144,41.07973],[-122.35113,41.08034],[-122.35029,41.08319],[-122.35023,41.08346],[-122.35024,41.0837],[-122.35029,41.08394],[-122.3504,41.0842],[-122.35107,41.085],[-122.35128,41.08545],[-122.35128,41.08594],[-122.35092,41.08683],[-122.35089,41.08732],[-122.35094,41.08754],[-122.35107,41.08781],[-122.35186,41.08872],[-122.35206,41.08912],[-122.35212,41.0894],[-122.35211,41.08967],[-122.35203,41.08995],[-122.35189,41.0902],[-122.35151,41.09058],[-122.35095,41.09087],[-122.35043,41.09099],[-122.3487,41.09118],[-122.34786,41.09142],[-122.34688,41.09191],[-122.3461,41.09242],[-122.3458,41.09272],[-122.34553,41.09307],[-122.34472,41.09426],[-122.34444,41.0948],[-122.34412,41.09594],[-122.34405,41.09639],[-122.34405,41.09681],[-122.34421,41.09763],[-122.34417,41.09802],[-122.34405,41.09831],[-122.34382,41.09866],[-122.34354,41.09898],[-122.34322,41.09925],[-122.34274,41.09958],[-122.34062,41.1008],[-122.33803,41.10265],[-122.33591,41.10402],[-122.33499,41.10471],[-122.33476,41.10496],[-122.33436,41.10553],[-122.33391,41.10589],[-122.33348,41.1061],[-122.33302,41.10626],[-122.33077,41.1068],[-122.33022,41.10703],[-122.32974,41.1073],[-122.32916,41.10774],[-122.3262,41.11019],[-122.32585,41.11052],[-122.32563,41.11079],[-122.32546,41.11109],[-122.32537,41.11138],[-122.32533,41.11167],[-122.32536,41.11199],[-122.32549,41.11241],[-122.32674,41.11549],[-122.32688,41.11593],[-122.32699,41.11648],[-122.32718,41.1179],[-122.32717,41.11829],[-122.3271,41.11864],[-122.32695,41.11902],[-122.32672,41.11938],[-122.32439,41.12183],[-122.32402,41.12232],[-122.32365,41.12298],[-122.32298,41.12427],[-122.32278,41.12476],[-122.32212,41.12789],[-122.32195,41.12843],[-122.32165,41.129],[-122.32065,41.13035],[-122.32032,41.13097],[-122.31991,41.13257],[-122.31988,41.13307],[-122.32005,41.13356],[-122.32075,41.13442],[-122.321,41.13489],[-122.32106,41.13538],[-122.32091,41.1359],[-122.32071,41.13623],[-122.32036,41.13666],[-122.31668,41.14063],[-122.31589,41.14173],[-122.31536,41.14272],[-122.31522,41.14324],[-122.31524,41.1438],[-122.31588,41.14576],[-122.31596,41.14627],[-122.31592,41.14655],[-122.31581,41.14687],[-122.31544,41.14751],[-122.31519,41.14785],[-122.31487,41.14817],[-122.31445,41.14846],[-122.31383,41.14877],[-122.31277,41.14919],[-122.3116,41.14953],[-122.30671,41.15058],[-122.30548,41.15074],[-122.30478,41.15074],[-122.304,41.1506],[-122.30311,41.15021],[-122.30272,41.15009],[-122.30218,41.15003],[-122.30159,41.15005],[-122.30068,41.15023],[-122.30002,41.15044],[-122.29961,41.15067],[-122.29821,41.15157],[-122.29755,41.15183],[-122.29669,41.15199],[-122.2959,41.15201],[-122.29512,41.15193],[-122.29389,41.15167],[-122.29349,41.15164],[-122.29309,41.15167],[-122.29232,41.15185],[-122.29178,41.15206],[-122.29135,41.15237],[-122.29108,41.1527],[-122.29093,41.15307],[-122.29091,41.15348],[-122.29101,41.15385],[-122.29139,41.15477],[-122.29156,41.15534],[-122.29161,41.15585],[-122.29166,41.15739],[-122.29173,41.15776],[-122.29181,41.15796],[-122.29208,41.15833],[-122.29229,41.15851],[-122.29269,41.15874],[-122.29366,41.15912],[-122.2941,41.15941],[-122.29443,41.15978],[-122.29463,41.16025],[-122.2968,41.16721],[-122.29684,41.16768],[-122.29679,41.1686],[-122.29688,41.16953],[-122.2968,41.17002],[-122.29658,41.17044],[-122.29558,41.17195],[-122.29423,41.17384],[-122.29374,41.1744],[-122.29317,41.17485],[-122.29256,41.17521],[-122.28893,41.17675],[-122.28818,41.17717],[-122.28783,41.17745],[-122.28748,41.1778],[-122.28521,41.18058],[-122.28502,41.18086],[-122.28486,41.18115],[-122.28468,41.18163],[-122.2846,41.18196],[-122.28456,41.18248],[-122.28459,41.1828],[-122.28472,41.18338],[-122.28568,41.18597],[-122.28578,41.18638],[-122.28581,41.18692],[-122.28576,41.18735],[-122.28565,41.18776],[-122.28543,41.18829],[-122.28481,41.18941],[-122.28448,41.1899],[-122.28404,41.19044],[-122.27935,41.19525],[-122.2779,41.19654],[-122.27512,41.19885],[-122.2743,41.1997],[-122.27412,41.19995],[-122.27387,41.20045],[-122.2738,41.20074],[-122.27365,41.20246],[-122.27347,41.20309],[-122.2732,41.20352],[-122.27209,41.20479],[-122.27194,41.20502],[-122.27178,41.20545],[-122.27173,41.20603],[-122.27189,41.207],[-122.27193,41.20749],[-122.27189,41.20807],[-122.27179,41.20848],[-122.27157,41.20901],[-122.27085,41.2102],[-122.27003,41.21202],[-122.26998,41.2125],[-122.27013,41.21299],[-122.27166,41.21517],[-122.27191,41.21562],[-122.27274,41.21865],[-122.27298,41.21913],[-122.27318,41.21935],[-122.27374,41.21971],[-122.27415,41.21984],[-122.27473,41.21992],[-122.27585,41.21988],[-122.2765,41.2199],[-122.27698,41.21999],[-122.27836,41.22055],[-122.27883,41.22084],[-122.27924,41.22124],[-122.2794,41.22148],[-122.27949,41.22167],[-122.27986,41.22314],[-122.28005,41.22402],[-122.28007,41.22457],[-122.27998,41.22563],[-122.27988,41.22595],[-122.2797,41.22624],[-122.27844,41.22746],[-122.27826,41.22783],[-122.27821,41.22823],[-122.27823,41.22846],[-122.27837,41.22886],[-122.27904,41.22963],[-122.27924,41.23008],[-122.27926,41.23047],[-122.27916,41.23098],[-122.27915,41.23126],[-122.27923,41.23158],[-122.27953,41.23239],[-122.27954,41.23285],[-122.27942,41.23319],[-122.27916,41.23356],[-122.2789,41.23378],[-122.27816,41.23425],[-122.27783,41.23457],[-122.27764,41.23493],[-122.27749,41.23562],[-122.27734,41.23601],[-122.27704,41.23639],[-122.27668,41.23665],[-122.27628,41.23683],[-122.27583,41.23695],[-122.27361,41.23713],[-122.2728,41.23727],[-122.27181,41.23756],[-122.27062,41.23782],[-122.2702,41.23803],[-122.26984,41.23832],[-122.26965,41.23855],[-122.26954,41.2388],[-122.26935,41.23987],[-122.26891,41.24085],[-122.26854,41.24125],[-122.26759,41.24192],[-122.26738,41.24217],[-122.26722,41.24246],[-122.26696,41.24333],[-122.26695,41.2441],[-122.2669,41.24439],[-122.26677,41.24467],[-122.26636,41.24527],[-122.26622,41.24562],[-122.26621,41.2461],[-122.26637,41.24653],[-122.26655,41.24677],[-122.2668,41.24699],[-122.26709,41.24717],[-122.26745,41.24731],[-122.26793,41.24743],[-122.26858,41.24749],[-122.27055,41.24742],[-122.27112,41.24746],[-122.27151,41.24755],[-122.27193,41.24772],[-122.27261,41.24805],[-122.27297,41.2483],[-122.27331,41.24869],[-122.27345,41.24905],[-122.27349,41.24938],[-122.27348,41.2505],[-122.27353,41.25076],[-122.27364,41.251],[-122.27384,41.25128],[-122.27415,41.25154],[-122.27455,41.25175],[-122.2757,41.25215],[-122.27611,41.25243],[-122.2764,41.25275],[-122.27655,41.25305],[-122.27662,41.25335],[-122.27653,41.25424],[-122.27655,41.25454],[-122.27665,41.25486],[-122.27686,41.25515],[-122.27728,41.25549],[-122.27887,41.25628],[-122.27947,41.25665],[-122.27992,41.25705],[-122.2809,41.25813],[-122.28138,41.25847],[-122.28178,41.25865],[-122.28218,41.25877],[-122.28393,41.259],[-122.28434,41.25915],[-122.28467,41.25936],[-122.28498,41.25966],[-122.28517,41.26002],[-122.28532,41.26099],[-122.28554,41.2615],[-122.28582,41.26184],[-122.28697,41.26305],[-122.28743,41.26341],[-122.28777,41.26358],[-122.28914,41.26407],[-122.29191,41.2653],[-122.29242,41.26548],[-122.29312,41.26555],[-122.29425,41.26546],[-122.29592,41.26542],[-122.29637,41.26547],[-122.29681,41.26558],[-122.29734,41.26578],[-122.29767,41.26596],[-122.29906,41.26689],[-122.29935,41.26703],[-122.29972,41.26715],[-122.30016,41.26721],[-122.30062,41.2672],[-122.30113,41.26709],[-122.30185,41.26681],[-122.30243,41.26669],[-122.30305,41.26678],[-122.3036,41.26703],[-122.30391,41.26741],[-122.30401,41.26779],[-122.3039,41.26822],[-122.30376,41.26843],[-122.30358,41.2686],[-122.3033,41.26877],[-122.3027,41.26894],[-122.30162,41.26908],[-122.30114,41.26909],[-122.30073,41.26904],[-122.30039,41.26895],[-122.2995,41.26853],[-122.29901,41.26823],[-122.29838,41.26761],[-122.29811,41.26741],[-122.29687,41.26682],[-122.29641,41.26666],[-122.29586,41.26658],[-122.29524,41.26662],[-122.29313,41.26715],[-122.29252,41.26722],[-122.29196,41.26718],[-122.29109,41.26703],[-122.29044,41.2669],[-122.28994,41.26675],[-122.28941,41.26649],[-122.28893,41.26614],[-122.2886,41.26577],[-122.28815,41.26507],[-122.28792,41.26481],[-122.28765,41.2646],[-122.28669,41.26403],[-122.28627,41.26373],[-122.28595,41.26343],[-122.2854,41.26269],[-122.28516,41.26247],[-122.28473,41.26221],[-122.28392,41.26189],[-122.28353,41.26167],[-122.28325,41.26142],[-122.28274,41.26084],[-122.2824,41.26057],[-122.28208,41.26041],[-122.28128,41.2601],[-122.28041,41.25962],[-122.28015,41.2594],[-122.27958,41.25873],[-122.27897,41.25827],[-122.27767,41.2576],[-122.2768,41.25709],[-122.27605,41.25678],[-122.27561,41.25654],[-122.27527,41.25625],[-122.27415,41.25509],[-122.2726,41.25379],[-122.27167,41.25289],[-122.27132,41.25265],[-122.27083,41.25244],[-122.26887,41.25184],[-122.26819,41.25179],[-122.26761,41.25188],[-122.26714,41.25206],[-122.26678,41.25229],[-122.26649,41.2526],[-122.26632,41.2529],[-122.26624,41.25321],[-122.26624,41.25355],[-122.26634,41.25386],[-122.26651,41.25415],[-122.26671,41.25437],[-122.26725,41.25471],[-122.26762,41.25484],[-122.26817,41.25493],[-122.26994,41.25503],[-122.27268,41.25544],[-122.27342,41.25564],[-122.27375,41.25582],[-122.2741,41.25611],[-122.27605,41.25808],[-122.27645,41.2587],[-122.27663,41.25934],[-122.27668,41.26365],[-122.27673,41.26416],[-122.2769,41.26467],[-122.27756,41.26589],[-122.27766,41.26629],[-122.27776,41.26722],[-122.27793,41.26768],[-122.27818,41.26801],[-122.27853,41.2683],[-122.28034,41.26917],[-122.28227,41.27032],[-122.28268,41.27063],[-122.28301,41.27105],[-122.28451,41.27353],[-122.28481,41.27388],[-122.28523,41.27419],[-122.28573,41.27445],[-122.2863,41.27462],[-122.30059,41.27786],[-122.30109,41.27804],[-122.30163,41.27831],[-122.30552,41.28064],[-122.30663,41.28122],[-122.30747,41.28153],[-122.30841,41.28176],[-122.30927,41.28188],[-122.31124,41.28201],[-122.31176,41.2821],[-122.31236,41.28226],[-122.31311,41.28257],[-122.31373,41.28295],[-122.31421,41.28337],[-122.31464,41.28389],[-122.31486,41.28427],[-122.31502,41.28468],[-122.31512,41.2851],[-122.31514,41.28555],[-122.31502,41.28625],[-122.31451,41.28784],[-122.31426,41.28836],[-122.31391,41.28883],[-122.31356,41.28919],[-122.31213,41.29035],[-122.31172,41.29082],[-122.31145,41.29128],[-122.31125,41.29183],[-122.31101,41.29297],[-122.31077,41.29368],[-122.30968,41.29605],[-122.30878,41.29747],[-122.30855,41.29797],[-122.30845,41.29836],[-122.3084,41.29876],[-122.30841,41.29916],[-122.30848,41.29954],[-122.30861,41.29993],[-122.30882,41.30034],[-122.30928,41.30093],[-122.30983,41.30141],[-122.31164,41.30258],[-122.31236,41.30313],[-122.3139,41.30458],[-122.31422,41.30498],[-122.31451,41.30547],[-122.31474,41.30609],[-122.31481,41.3065],[-122.31483,41.30689],[-122.31475,41.30753],[-122.31406,41.31157],[-122.31409,41.31245],[-122.31435,41.3134],[-122.31472,41.31412],[-122.31495,41.31446],[-122.3155,41.31509],[-122.31582,41.31537],[-122.31778,41.31687],[-122.31822,41.31727],[-122.31891,41.31814],[-122.32016,41.31986],[-122.32254,41.32456],[-122.32269,41.32523],[-122.32266,41.3267],[-122.32283,41.32727],[-122.32302,41.32763],[-122.32323,41.3279],[-122.32377,41.32837],[-122.32446,41.32874],[-122.32487,41.32889],[-122.32542,41.32901],[-122.328,41.32935],[-122.32891,41.32957],[-122.32961,41.32981],[-122.33773,41.33368],[-122.33897,41.33446],[-122.33996,41.33531],[-122.34054,41.33596],[-122.34189,41.33767],[-122.34235,41.33816],[-122.34288,41.33864],[-122.34348,41.3391],[-122.34415,41.33953],[-122.34487,41.33992],[-122.34563,41.34027],[-122.347,41.34073],[-122.34848,41.34106],[-122.35552,41.34177],[-122.35654,41.34194],[-122.35752,41.34217],[-122.35847,41.34248],[-122.3594,41.34287],[-122.36192,41.34425],[-122.363,41.34473],[-122.37089,41.34742],[-122.3719,41.34785],[-122.37248,41.34822],[-122.37298,41.34864],[-122.37494,41.35086],[-122.37542,41.35133],[-122.37598,41.35178],[-122.37657,41.35219],[-122.37729,41.35262],[-122.37999,41.35399],[-122.38066,41.35444],[-122.38119,41.35488],[-122.3826,41.35649],[-122.38466,41.35927],[-122.38508,41.35995],[-122.38532,41.36065],[-122.38539,41.36118],[-122.38536,41.36175],[-122.38444,41.36874],[-122.38423,41.36965],[-122.38381,41.37052],[-122.38347,41.37099],[-122.38309,41.37143],[-122.38259,41.37188],[-122.38212,41.37222],[-122.38133,41.37269],[-122.37647,41.37522],[-122.37582,41.37563],[-122.3751,41.37621],[-122.37437,41.37704],[-122.374,41.37761],[-122.37381,41.37799],[-122.37354,41.37879],[-122.37324,41.38048],[-122.37297,41.38136],[-122.37245,41.38243],[-122.37205,41.38302],[-122.37165,41.38352],[-122.37084,41.38433],[-122.36978,41.38512],[-122.36518,41.38771],[-122.36416,41.38837],[-122.36354,41.38885],[-122.36301,41.38934],[-122.36256,41.38984],[-122.36215,41.39037],[-122.36174,41.39102],[-122.36146,41.39157],[-122.35412,41.40724],[-122.35382,41.40778],[-122.35329,41.40845],[-122.35278,41.40889],[-122.34902,41.41129],[-122.34857,41.41162],[-122.3479,41.41228],[-122.34746,41.41296],[-122.34723,41.41356],[-122.34712,41.41425],[-122.34714,41.41476],[-122.34738,41.41693],[-122.34736,41.41749],[-122.34724,41.41812],[-122.34517,41.42381],[-122.34497,41.42424],[-122.34476,41.42456],[-122.34432,41.42502],[-122.34378,41.42538],[-122.34312,41.42565],[-122.34236,41.42583],[-122.34172,41.42586],[-122.34111,41.42582],[-122.33825,41.42524],[-122.33758,41.42515],[-122.33666,41.42517],[-122.33579,41.42536],[-122.33501,41.42573],[-122.33442,41.4262],[-122.33281,41.4281],[-122.33248,41.42861],[-122.33232,41.42904],[-122.33226,41.42948],[-122.3323,41.42996],[-122.33242,41.43034],[-122.3328,41.43095],[-122.3345,41.43296],[-122.33479,41.43339],[-122.33493,41.43372],[-122.33501,41.43408],[-122.33501,41.43441],[-122.33493,41.43478],[-122.33464,41.43533],[-122.33417,41.43581],[-122.33362,41.43616],[-122.33098,41.43758],[-122.33058,41.43789],[-122.33026,41.43829],[-122.33009,41.43866],[-122.33003,41.43909],[-122.33029,41.44074],[-122.33029,41.44112],[-122.33022,41.44148],[-122.33009,41.4418],[-122.32989,41.44212],[-122.32888,41.44321],[-122.32854,41.44369],[-122.32828,41.44436],[-122.32824,41.44505],[-122.32844,41.44585],[-122.33212,41.45592],[-122.33239,41.4564],[-122.33275,41.4568],[-122.33474,41.45824],[-122.33503,41.45851],[-122.33525,41.45877],[-122.33546,41.4592],[-122.33554,41.45961],[-122.3355,41.46002],[-122.33534,41.46042],[-122.33506,41.4608],[-122.3347,41.46111],[-122.33423,41.46138],[-122.3326,41.46216],[-122.33188,41.46258],[-122.3267,41.46646],[-122.32592,41.46697],[-122.32532,41.46722],[-122.32463,41.46738],[-122.32405,41.46743],[-122.3222,41.46747],[-122.3212,41.46765],[-122.32063,41.46784],[-122.32012,41.46809],[-122.31928,41.4687],[-122.31878,41.46937],[-122.31441,41.47645],[-122.3141,41.47701],[-122.31392,41.4775],[-122.31382,41.47822],[-122.31384,41.47864],[-122.31392,41.47906],[-122.31412,41.47962],[-122.31497,41.48132],[-122.31513,41.48188],[-122.31523,41.48249],[-122.31522,41.48317],[-122.31503,41.48513],[-122.31485,41.48566],[-122.31453,41.48617],[-122.314,41.48668],[-122.31332,41.4871],[-122.30562,41.49018],[-122.3001,41.49291],[-122.29933,41.49338],[-122.29885,41.49384],[-122.29851,41.49441],[-122.29838,41.49482],[-122.29823,41.49603],[-122.2981,41.49653],[-122.29728,41.4983],[-122.29678,41.49905],[-122.29614,41.49971],[-122.29484,41.5009],[-122.29445,41.50121],[-122.29383,41.50155],[-122.29149,41.50258],[-122.29079,41.50305],[-122.29028,41.50363],[-122.28889,41.50577],[-122.28859,41.50609],[-122.28817,41.50638],[-122.28774,41.50658],[-122.28727,41.50671],[-122.28673,41.50677],[-122.2862,41.50675],[-122.28543,41.50657],[-122.2828,41.50557],[-122.28212,41.50536],[-122.28116,41.50524],[-122.28061,41.50527],[-122.28008,41.50535],[-122.27362,41.50684],[-122.27211,41.5073],[-122.27059,41.50799],[-122.26497,41.5109],[-122.26347,41.5115],[-122.25439,41.51403],[-122.25359,41.51423],[-122.25266,41.51436],[-122.25187,41.5144],[-122.25098,41.51437],[-122.25019,41.51426],[-122.24931,41.51406],[-122.2398,41.51058],[-122.23917,41.51039],[-122.23859,41.51028],[-122.2377,41.51027],[-122.23679,41.51044],[-122.23611,41.5107],[-122.23439,41.51155],[-122.2338,41.51174],[-122.23321,41.51186],[-122.23264,41.51191],[-122.232,41.5119],[-122.23003,41.51162],[-122.2294,41.51158],[-122.2286,41.51163],[-122.22783,41.51183],[-122.22729,41.51207],[-122.22684,41.51236],[-122.22647,41.5127],[-122.22618,41.51308],[-122.22587,41.51368],[-122.22438,41.51705],[-122.22413,41.51746],[-122.22374,41.51789],[-122.22307,41.51835],[-122.21908,41.52047],[-122.21797,41.52119],[-122.20077,41.53495],[-122.20002,41.53538],[-122.19914,41.53571],[-122.19173,41.53752],[-122.19039,41.53794],[-122.18936,41.53842],[-122.18848,41.53898],[-122.18769,41.53963],[-122.18709,41.54028],[-122.1866,41.541],[-122.18626,41.5417],[-122.18495,41.54547],[-122.18466,41.54618],[-122.18412,41.54702],[-122.18272,41.54861],[-122.18242,41.54901],[-122.18216,41.54959],[-122.18207,41.55018],[-122.18286,41.5579],[-122.18299,41.55864],[-122.18317,41.55927],[-122.18341,41.55986],[-122.18375,41.56051],[-122.18712,41.56583],[-122.18759,41.56664],[-122.18863,41.56887],[-122.18879,41.56931],[-122.18886,41.5697],[-122.18883,41.57021],[-122.18865,41.57075],[-122.18838,41.57121],[-122.18683,41.5735],[-122.18643,41.57433],[-122.18618,41.57509],[-122.18602,41.57588],[-122.18467,41.58457],[-122.1846,41.58528],[-122.18462,41.58593],[-122.18471,41.58661],[-122.18587,41.59296],[-122.18615,41.59418],[-122.18646,41.59498],[-122.19031,41.60367],[-122.19078,41.60503],[-122.19116,41.60673],[-122.19336,41.61737],[-122.19347,41.61812],[-122.19344,41.61861],[-122.19334,41.6191],[-122.19205,41.62406],[-122.19196,41.62469],[-122.19197,41.62524],[-122.19209,41.62581],[-122.19231,41.62637],[-122.19336,41.6281],[-122.19366,41.62869],[-122.19384,41.62931],[-122.19388,41.62999],[-122.19373,41.63078],[-122.19357,41.63119],[-122.19333,41.63161],[-122.19254,41.63252],[-122.19127,41.63369],[-122.18997,41.63465],[-122.18237,41.63919],[-122.18171,41.63952],[-122.18118,41.63972],[-122.18051,41.6399],[-122.17982,41.64002],[-122.17864,41.64007],[-122.17388,41.64003],[-122.17254,41.64015],[-122.1713,41.64044],[-122.16853,41.64142],[-122.16785,41.64157],[-122.16712,41.64165],[-122.1662,41.64164],[-122.16531,41.64151],[-122.16456,41.64133],[-122.16253,41.6407],[-122.16157,41.64048],[-122.16061,41.64039],[-122.15945,41.64046],[-122.15879,41.6406],[-122.15806,41.64082],[-122.15746,41.64106],[-122.15551,41.64201],[-122.15479,41.6423],[-122.15394,41.64253],[-122.15301,41.64265],[-122.15186,41.64262],[-122.15073,41.6424],[-122.14972,41.64203],[-122.14759,41.64097],[-122.14686,41.64066],[-122.14631,41.64049],[-122.14578,41.64039],[-122.1448,41.64028],[-122.14377,41.64032],[-122.14279,41.64051],[-122.14194,41.64079],[-122.13996,41.6416],[-122.13938,41.64177],[-122.13878,41.64189],[-122.13762,41.64197],[-122.13501,41.64188],[-122.13397,41.64189],[-122.13286,41.64198],[-122.13176,41.64216],[-122.13038,41.64253],[-122.12902,41.64306],[-122.12787,41.64368],[-122.12682,41.64442],[-122.12594,41.64524],[-122.12528,41.64607],[-122.12303,41.64985],[-122.12266,41.65038],[-122.12234,41.65075],[-122.12166,41.65131],[-122.12086,41.65176],[-122.11993,41.65211],[-122.11891,41.6523],[-122.11807,41.65235],[-122.11718,41.65228],[-122.11638,41.65212],[-122.11553,41.65183],[-122.11449,41.65129],[-122.11039,41.64874],[-122.10953,41.64832],[-122.10862,41.64801],[-122.10739,41.64776],[-122.106,41.64769],[-122.10471,41.64781],[-122.1034,41.64812],[-122.10231,41.64857],[-122.10134,41.64915],[-122.10055,41.64984],[-122.09991,41.65063],[-122.09184,41.66448],[-122.0909,41.66578],[-122.09037,41.66638],[-122.08969,41.66705],[-122.08858,41.66799],[-122.0875,41.66873],[-122.08617,41.6695],[-122.08465,41.6702],[-122.08314,41.67074],[-122.08142,41.6712],[-122.07963,41.67152],[-122.07784,41.67169],[-122.07686,41.67172],[-122.07552,41.6717],[-122.07441,41.67161],[-122.07328,41.67147],[-122.07219,41.67127],[-122.07111,41.67102],[-122.07009,41.67072],[-122.06898,41.67033],[-122.06712,41.66951],[-122.0509,41.66156],[-122.04931,41.66089],[-122.04764,41.66031],[-122.04598,41.65987],[-122.04381,41.65947],[-122.04208,41.65927],[-122.0368,41.65887],[-122.03515,41.65863],[-122.03354,41.6583],[-122.03133,41.65767],[-122.0169,41.65316],[-122.01585,41.65278],[-122.01512,41.65242],[-122.01444,41.65195],[-122.01394,41.65145],[-122.01352,41.65086],[-122.01304,41.6499],[-122.01078,41.64476],[-122.01052,41.64426],[-122.01017,41.64376],[-122.00944,41.64303],[-122.00898,41.64273],[-122.00808,41.64229],[-122.00711,41.64201],[-122.0059,41.64186],[-122.00448,41.64193],[-121.96684,41.64571],[-121.96557,41.64597],[-121.96493,41.6462],[-121.96448,41.64642],[-121.96402,41.6467],[-121.96357,41.64704],[-121.96319,41.64741],[-121.96288,41.6478],[-121.96261,41.64824],[-121.96245,41.64862],[-121.96234,41.64904],[-121.96228,41.64949],[-121.96229,41.65027],[-121.96261,41.65542],[-121.96251,41.65629],[-121.96223,41.65705],[-121.962,41.65745],[-121.96172,41.65785],[-121.9614,41.6582],[-121.96096,41.65859],[-121.96005,41.65918],[-121.95727,41.66048],[-121.95613,41.66114],[-121.95551,41.66159],[-121.95489,41.66212],[-121.95435,41.66269],[-121.95386,41.66331],[-121.95335,41.66414],[-121.95089,41.66866],[-121.95046,41.66961],[-121.9503,41.6703],[-121.95029,41.67065],[-121.95037,41.67129],[-121.95061,41.67195],[-121.95078,41.67226],[-121.95125,41.6729],[-121.95359,41.67543],[-121.9545,41.67628],[-121.96157,41.68214],[-121.96233,41.68268],[-121.96339,41.68319],[-121.96416,41.68342],[-121.96526,41.68359],[-121.97458,41.68413],[-121.97699,41.68415],[-121.98047,41.68393],[-121.9816,41.68398],[-121.98274,41.68423],[-121.98376,41.68465],[-121.98463,41.68523],[-121.98527,41.6859],[-121.98567,41.68655],[-121.98593,41.68731],[-121.98673,41.69175],[-121.987,41.69271],[-121.98727,41.69326],[-121.98762,41.6938],[-121.98927,41.69574],[-121.98977,41.69646],[-121.98998,41.69688],[-121.99012,41.69734],[-121.99019,41.69778],[-121.99019,41.69819],[-121.99012,41.69867],[-121.98998,41.69914],[-121.98979,41.69953],[-121.98948,41.69999],[-121.98882,41.70072],[-121.98593,41.70353],[-121.98534,41.70426],[-121.98494,41.70491],[-121.98456,41.70589],[-121.9844,41.70679],[-121.98442,41.70779],[-121.98464,41.70872],[-121.98504,41.7096],[-121.98572,41.7106],[-121.99896,41.72672],[-121.9994,41.72735],[-121.99979,41.72807],[-122.00005,41.72873],[-122.00024,41.72944],[-122.00037,41.73037],[-122.00034,41.7313],[-121.99852,41.74687],[-121.99839,41.74859],[-121.99837,41.75006],[-122.00316,41.83112],[-122.00318,41.83207],[-122.00311,41.8331],[-122.00296,41.83407],[-122.00272,41.83505],[-122.00242,41.83596],[-122.002,41.83698],[-122.0015,41.83794],[-122.00096,41.8388],[-121.95552,41.90639],[-121.91084,41.97269],[-121.9104,41.9734],[-121.91015,41.97396],[-121.90998,41.97455],[-121.90989,41.97513],[-121.90988,41.97571],[-121.90996,41.97632],[-121.91006,41.97672],[-121.91033,41.97742],[-121.91064,41.97797],[-121.9109,41.97834],[-121.91154,41.97907],[-121.91201,41.97947],[-121.91262,41.9799],[-121.91557,41.98162],[-121.91612,41.98202],[-121.91657,41.98245],[-121.91696,41.98295],[-121.91733,41.98355],[-121.91854,41.98573],[-121.9188,41.98632],[-121.91895,41.98706],[-121.91891,41.9878],[-121.91875,41.98835],[-121.91818,41.98969],[-121.91803,41.99046],[-121.91804,41.99085],[-121.9181,41.99125],[-121.91863,41.99304],[-121.91875,41.99379],[-121.91874,41.99422],[-121.91865,41.9947],[-121.91849,41.99517],[-121.91824,41.99562],[-121.91804,41.99591],[-121.91757,41.99641],[-121.9169,41.99692],[-121.91618,41.9973],[-121.91525,41.99763],[-121.90171,42.00074],[-121.89748,42.00161],[-121.89261,42.00272],[-121.89145,42.00313],[-121.89074,42.00349],[-121.89024,42.00379],[-121.88969,42.00421],[-121.88926,42.00461],[-121.88889,42.00503],[-121.88856,42.00548],[-121.88832,42.00593],[-121.88813,42.0064],[-121.88799,42.00689],[-121.88792,42.00738],[-121.88794,42.00823],[-121.8881,42.00892],[-121.88825,42.00932],[-121.88863,42.01009],[-121.89029,42.01316],[-121.89057,42.0138],[-121.89071,42.01429],[-121.89084,42.01512],[-121.8908,42.01601],[-121.8906,42.0169],[-121.89028,42.01766],[-121.8897,42.01855],[-121.88901,42.01932],[-121.88075,42.02693],[-121.87998,42.0277],[-121.87929,42.0285],[-121.87847,42.0296],[-121.87786,42.0306],[-121.87449,42.03722],[-121.87403,42.03803],[-121.87359,42.03865],[-121.85378,42.06199]]},"properties":{"routeId":"36924","name":"Coast Starlight","shortName":"","color":"#1C3F6E","textColor":"#ffffff","system":"coaststarlight"}}]}