{"type":"FeatureCollection","features":[{"type":"Feature","geometry":{"type":"LineString","coordinates":[[-118.37815,34.17085],[-118.37756,34.16987],[-118.37724,34.16933],[-118.3769,34.16877],[-118.37629,34.16778],[-118.37594,34.16719],[-118.37508,34.16577],[-118.3746,34.16497],[-118.37385,34.16373],[-118.37327,34.16277],[-118.37274,34.1619],[-118.37222,34.16105],[-118.37146,34.15979],[-118.37079,34.15868],[-118.37006,34.15747],[-118.36933,34.15625],[-118.36887,34.1555],[-118.3685,34.15489],[-118.36797,34.15402],[-118.36748,34.1532],[-118.36729,34.1529],[-118.3671,34.15257],[-118.36678,34.15204],[-118.36619,34.15107],[-118.3656,34.15009],[-118.36524,34.1495],[-118.36484,34.14884],[-118.36428,34.14792],[-118.36379,34.1471],[-118.36336,34.14639],[-118.36306,34.14589],[-118.36294,34.14569],[-118.3628,34.14545],[-118.3627,34.14527],[-118.36263,34.14513],[-118.36255,34.14496],[-118.36248,34.14479],[-118.36242,34.14461],[-118.36236,34.14443],[-118.36232,34.14426],[-118.36228,34.14408],[-118.36225,34.14392],[-118.36223,34.14377],[-118.36222,34.14364],[-118.36221,34.14351],[-118.3622,34.14321],[-118.3622,34.14292],[-118.36219,34.14223],[-118.3622,34.14198],[-118.36222,34.14177],[-118.36225,34.14153],[-118.36232,34.1412],[-118.36245,34.1407],[-118.36268,34.13983],[-118.36285,34.13917],[-118.36302,34.13854],[-118.36313,34.13809],[-118.36329,34.13749],[-118.36344,34.13692],[-118.36351,34.13664],[-118.36357,34.13635],[-118.3636,34.13618],[-118.36362,34.13594],[-118.36363,34.13569],[-118.36363,34.13549],[-118.36361,34.13531],[-118.36358,34.13513],[-118.36356,34.13501],[-118.36352,34.13483],[-118.36346,34.13462],[-118.36337,34.13438],[-118.36327,34.13416],[-118.36319,34.134],[-118.36309,34.13381],[-118.36253,34.13278],[-118.36211,34.13202],[-118.36176,34.13138],[-118.36133,34.13059],[-118.36072,34.12947],[-118.3604,34.12889],[-118.36005,34.12824],[-118.35976,34.12772],[-118.35952,34.12727],[-118.35921,34.1267],[-118.35874,34.12586],[-118.35826,34.12497],[-118.35768,34.1239],[-118.35722,34.12307],[-118.35675,34.12221],[-118.3566,34.12194],[-118.35604,34.12092],[-118.35587,34.1206],[-118.35566,34.12021],[-118.35524,34.11945],[-118.35496,34.11893],[-118.35471,34.11849],[-118.35428,34.1177],[-118.35393,34.11705],[-118.35352,34.11629],[-118.35316,34.11565],[-118.35275,34.11489],[-118.35241,34.11427],[-118.35206,34.11362],[-118.35166,34.11285],[-118.35134,34.11224],[-118.35116,34.1119],[-118.35096,34.11151],[-118.35074,34.11109],[-118.3505,34.11064],[-118.35021,34.11012],[-118.35004,34.1098],[-118.34988,34.10952],[-118.34973,34.10923],[-118.3496,34.109],[-118.34934,34.10853],[-118.34917,34.10822],[-118.34904,34.10797],[-118.3489,34.10772],[-118.34873,34.10741],[-118.34852,34.10702],[-118.34835,34.10672],[-118.34818,34.10639],[-118.34795,34.10598],[-118.34782,34.10574],[-118.34766,34.10546],[-118.34751,34.10517],[-118.34739,34.10496],[-118.34726,34.10471],[-118.34712,34.10446],[-118.34698,34.10421],[-118.34686,34.10399],[-118.34673,34.10376],[-118.34657,34.10352],[-118.34643,34.10334],[-118.34628,34.10316],[-118.34611,34.10298],[-118.34598,34.10286],[-118.34585,34.10275],[-118.3457,34.10263],[-118.34551,34.10249],[-118.34534,34.10238],[-118.34517,34.10228],[-118.34504,34.1022],[-118.34487,34.10211],[-118.34464,34.10201],[-118.34435,34.1019],[-118.34417,34.10184],[-118.344,34.10179],[-118.34384,34.10175],[-118.34371,34.10172],[-118.34354,34.10168],[-118.34336,34.10165],[-118.34307,34.10161],[-118.34285,34.1016],[-118.34263,34.10159],[-118.34236,34.10158],[-118.34199,34.10158],[-118.33981,34.10159],[-118.33791,34.1016],[-118.33631,34.10161],[-118.33437,34.10163],[-118.33342,34.10163],[-118.33084,34.10165],[-118.3288,34.10166],[-118.32417,34.10169],[-118.32337,34.1017],[-118.31995,34.10172],[-118.31769,34.10173],[-118.31562,34.10175],[-118.31354,34.10176],[-118.31123,34.10178],[-118.30859,34.10179],[-118.30589,34.1018],[-118.30152,34.10181],[-118.29918,34.10181],[-118.29734,34.10182],[-118.29676,34.10182],[-118.29635,34.10182],[-118.29588,34.10182],[-118.29536,34.10182],[-118.29496,34.10181],[-118.29484,34.10181],[-118.29464,34.10179],[-118.29445,34.10176],[-118.29428,34.10173],[-118.29408,34.10168],[-118.29389,34.10163],[-118.29376,34.10158],[-118.29358,34.10151],[-118.2934,34.10143],[-118.29318,34.10131],[-118.29296,34.10118],[-118.29281,34.10106],[-118.29269,34.10097],[-118.29252,34.10082],[-118.29238,34.10068],[-118.29225,34.10051],[-118.29215,34.10038],[-118.29206,34.10024],[-118.29198,34.10009],[-118.2919,34.09993],[-118.29184,34.09978],[-118.2918,34.09966],[-118.29177,34.09952],[-118.29174,34.09939],[-118.29172,34.09925],[-118.2917,34.09912],[-118.2917,34.09894],[-118.2917,34.0987],[-118.29169,34.09568],[-118.29168,34.0936],[-118.29167,34.09143],[-118.29166,34.08906],[-118.29166,34.08841],[-118.29166,34.08673],[-118.29165,34.08406],[-118.29164,34.08242],[-118.29164,34.08069],[-118.29163,34.07773],[-118.29162,34.07626],[-118.29161,34.07381],[-118.29161,34.07309],[-118.29161,34.07242],[-118.29161,34.07188],[-118.2916,34.07126],[-118.2916,34.07074],[-118.2916,34.07009],[-118.2916,34.06966],[-118.2916,34.06955],[-118.29161,34.06941],[-118.29162,34.06929],[-118.29163,34.06919],[-118.29166,34.06906],[-118.29168,34.06897],[-118.29171,34.06885],[-118.29175,34.0687],[-118.29179,34.06859],[-118.29184,34.06847],[-118.2919,34.06835],[-118.29197,34.06821],[-118.29203,34.06809],[-118.29213,34.06793],[-118.29231,34.06767],[-118.29237,34.06759],[-118.29243,34.0675],[-118.29248,34.0674],[-118.29254,34.0673],[-118.2926,34.06717],[-118.29264,34.06706],[-118.29269,34.0669],[-118.29273,34.06674],[-118.29273,34.0666],[-118.29273,34.06643],[-118.29271,34.06631],[-118.29267,34.06619],[-118.29262,34.06602],[-118.29255,34.0658],[-118.29247,34.06567],[-118.29238,34.0655],[-118.29228,34.06532],[-118.29215,34.06506],[-118.29202,34.06488],[-118.2919,34.06473],[-118.29178,34.0646],[-118.2917,34.06454],[-118.29156,34.06438],[-118.29147,34.06429],[-118.29137,34.0642],[-118.29127,34.06412],[-118.29114,34.06401],[-118.29105,34.06395],[-118.29099,34.06391],[-118.2909,34.06386],[-118.29075,34.06376],[-118.29049,34.06361],[-118.28991,34.06329],[-118.28965,34.06314],[-118.28926,34.06292],[-118.28926,34.06292],[-118.2893,34.06294],[-118.28909,34.06283],[-118.28892,34.06272],[-118.28878,34.06265],[-118.28869,34.06262],[-118.28857,34.06256],[-118.28853,34.06255],[-118.28836,34.06249],[-118.28817,34.06244],[-118.28817,34.06244],[-118.28809,34.06243],[-118.28804,34.06241],[-118.28795,34.0624],[-118.28785,34.06239],[-118.28779,34.06238],[-118.28769,34.06238],[-118.28754,34.06238],[-118.28754,34.06238],[-118.28739,34.06239],[-118.28733,34.0624],[-118.2871,34.06242],[-118.28692,34.06243],[-118.28686,34.06244],[-118.28669,34.06246],[-118.28655,34.06247],[-118.28636,34.06248],[-118.28625,34.06249],[-118.28614,34.0625],[-118.28603,34.06251],[-118.28579,34.06252],[-118.28545,34.06253],[-118.28504,34.06251],[-118.28453,34.06245],[-118.28395,34.06235],[-118.28347,34.06221],[-118.28315,34.0621],[-118.28282,34.06196],[-118.28224,34.0617],[-118.28186,34.06153],[-118.28136,34.06131],[-118.28082,34.06106],[-118.28045,34.06089],[-118.28003,34.06071],[-118.27955,34.06048],[-118.27916,34.06026],[-118.27878,34.06003],[-118.27832,34.05971],[-118.27785,34.05938],[-118.27735,34.05904],[-118.27682,34.05866],[-118.27618,34.05821],[-118.27559,34.05777],[-118.27516,34.05746],[-118.27469,34.05712],[-118.27421,34.05677],[-118.27356,34.0563],[-118.27298,34.05587],[-118.27221,34.05532],[-118.27183,34.05506],[-118.27153,34.05488],[-118.27124,34.05473],[-118.27088,34.05455],[-118.26979,34.05406],[-118.26841,34.05343],[-118.26741,34.05298],[-118.26571,34.05222],[-118.26522,34.05201],[-118.2646,34.05175],[-118.2639,34.05149],[-118.26336,34.05129],[-118.26302,34.05117],[-118.26266,34.05105],[-118.26226,34.05092],[-118.26186,34.0508],[-118.26144,34.05067],[-118.261,34.05054],[-118.2606,34.05042],[-118.26036,34.05036],[-118.25993,34.05021],[-118.2594,34.05],[-118.25893,34.04972],[-118.25858,34.0495],[-118.25818,34.04924],[-118.25788,34.04905],[-118.25756,34.04884],[-118.25731,34.04868],[-118.25701,34.04849],[-118.25676,34.04833],[-118.25649,34.04815],[-118.25628,34.04804],[-118.25606,34.04794],[-118.25576,34.04783],[-118.25556,34.04779],[-118.25531,34.04775],[-118.25511,34.04773],[-118.2548,34.04775],[-118.25454,34.04778],[-118.25427,34.04783],[-118.25399,34.04793],[-118.25373,34.04804],[-118.25349,34.04818],[-118.25326,34.04834],[-118.25296,34.0486],[-118.25262,34.04894],[-118.25222,34.04932],[-118.25175,34.04977],[-118.2512,34.05032],[-118.25098,34.05051],[-118.25047,34.051],[-118.25,34.05147],[-118.24939,34.05208],[-118.24894,34.05253],[-118.24842,34.05307],[-118.248,34.05352],[-118.24765,34.05389],[-118.24737,34.05422],[-118.2471,34.05455],[-118.24679,34.0549],[-118.24648,34.05528],[-118.24617,34.05565],[-118.24581,34.05608],[-118.24563,34.05632],[-118.2454,34.0566],[-118.24508,34.05693],[-118.24466,34.05728],[-118.24429,34.05755],[-118.24394,34.05778],[-118.24346,34.05803],[-118.24291,34.05828],[-118.24253,34.05841],[-118.24224,34.0585],[-118.24191,34.05859],[-118.24146,34.05869],[-118.24117,34.05874],[-118.24056,34.05883],[-118.23995,34.05892],[-118.23953,34.05899],[-118.23914,34.05905],[-118.23867,34.05911],[-118.23821,34.05913],[-118.23785,34.05913],[-118.23746,34.05909],[-118.23697,34.05899],[-118.23645,34.05883],[-118.23599,34.05862],[-118.2356,34.0584],[-118.23521,34.0581],[-118.23447,34.0574],[-118.2341,34.05706],[-118.23387,34.05682],[-118.23342,34.05637],[-118.2329,34.05585],[-118.23263,34.05555],[-118.23234,34.05519],[-118.23219,34.05499],[-118.232,34.05477],[-118.23163,34.05435],[-118.23102,34.05371],[-118.23067,34.05332],[-118.23043,34.05303],[-118.23016,34.05273],[-118.2299,34.0524],[-118.22979,34.05221],[-118.2297,34.05197],[-118.22965,34.05171],[-118.22964,34.05143],[-118.2297,34.05115],[-118.2298,34.05091],[-118.22992,34.0506],[-118.23014,34.05024],[-118.23024,34.05003],[-118.2305,34.0494],[-118.2307,34.04908],[-118.23093,34.0488],[-118.23115,34.04853],[-118.23136,34.04828],[-118.23161,34.04791],[-118.23172,34.04775],[-118.23181,34.04755],[-118.23185,34.0474],[-118.23193,34.04695],[-118.23196,34.04682],[-118.23199,34.0465],[-118.23199,34.04592]]},"properties":{"routeId":"802","name":"Metro B Line","shortName":"","color":"#EB131B","textColor":"#FFFFFF","system":"lametro"}},{"type":"Feature","geometry":{"type":"LineString","coordinates":[[-118.30988,34.06164],[-118.30957,34.06164],[-118.3092,34.06164],[-118.30885,34.06165],[-118.30857,34.06165],[-118.30827,34.06165],[-118.30798,34.06165],[-118.30782,34.06165],[-118.30742,34.06165],[-118.30702,34.06166],[-118.30691,34.06166],[-118.3067,34.06166],[-118.30649,34.06166],[-118.30619,34.06166],[-118.30582,34.06166],[-118.30545,34.06167],[-118.30503,34.06167],[-118.30489,34.06167],[-118.30461,34.06167],[-118.30425,34.06167],[-118.30371,34.06168],[-118.30318,34.06168],[-118.30302,34.06168],[-118.30264,34.06168],[-118.30207,34.06169],[-118.30154,34.06169],[-118.301,34.06169],[-118.30049,34.0617],[-118.30023,34.0617],[-118.29985,34.0617],[-118.29959,34.0617],[-118.29942,34.0617],[-118.29926,34.06171],[-118.29912,34.06171],[-118.29896,34.06171],[-118.29878,34.06172],[-118.29864,34.06173],[-118.29855,34.06174],[-118.29836,34.06176],[-118.29825,34.06178],[-118.29814,34.06179],[-118.29802,34.06181],[-118.29789,34.06184],[-118.29776,34.06187],[-118.29758,34.06192],[-118.29742,34.06197],[-118.29723,34.06203],[-118.2971,34.06208],[-118.297,34.06212],[-118.29689,34.06217],[-118.29675,34.06222],[-118.29662,34.06228],[-118.29656,34.06231],[-118.29631,34.06243],[-118.29625,34.06246],[-118.29618,34.06249],[-118.29618,34.06249],[-118.29616,34.0625],[-118.29614,34.06251],[-118.29612,34.06252],[-118.29611,34.06253],[-118.29609,34.06253],[-118.29606,34.06255],[-118.29603,34.06256],[-118.296,34.06258],[-118.29596,34.0626],[-118.29594,34.06261],[-118.29591,34.06262],[-118.29589,34.06263],[-118.29585,34.06265],[-118.29582,34.06266],[-118.29579,34.06268],[-118.29575,34.0627],[-118.29571,34.06271],[-118.29568,34.06273],[-118.29564,34.06275],[-118.29561,34.06277],[-118.29557,34.06278],[-118.29553,34.0628],[-118.29551,34.06281],[-118.29547,34.06283],[-118.29543,34.06285],[-118.29541,34.06286],[-118.29538,34.06287],[-118.29537,34.06288],[-118.29533,34.0629],[-118.29528,34.06292],[-118.29522,34.06294],[-118.29517,34.06295],[-118.29511,34.06297],[-118.29504,34.06298],[-118.29497,34.063],[-118.29491,34.063],[-118.29486,34.06299],[-118.29459,34.06308],[-118.29441,34.06313],[-118.29418,34.06318],[-118.29405,34.06318],[-118.29388,34.06319],[-118.29378,34.06318],[-118.29363,34.06316],[-118.29348,34.06315],[-118.2933,34.06313],[-118.29322,34.0631],[-118.29301,34.06308],[-118.29288,34.06305],[-118.29283,34.06303],[-118.29274,34.063],[-118.29264,34.06298],[-118.29258,34.06296],[-118.29247,34.06293],[-118.29232,34.06289],[-118.2922,34.06286],[-118.29218,34.06285],[-118.29205,34.0628],[-118.29195,34.06275],[-118.29183,34.06271],[-118.29181,34.06269],[-118.29167,34.06262],[-118.29153,34.06255],[-118.29095,34.06238],[-118.29155,34.06258],[-118.29117,34.06235],[-118.29063,34.06206],[-118.29021,34.06182],[-118.28962,34.0615],[-118.2893,34.06135],[-118.289,34.06125],[-118.28873,34.06117],[-118.28853,34.06113],[-118.28838,34.0611],[-118.2882,34.06106],[-118.28803,34.06105],[-118.28786,34.06104],[-118.28768,34.06104],[-118.28748,34.06104],[-118.28728,34.06105],[-118.28684,34.06109],[-118.28591,34.06116],[-118.28568,34.06117],[-118.28551,34.06116],[-118.28533,34.06114],[-118.28514,34.06112],[-118.28494,34.06109],[-118.28479,34.06106],[-118.28456,34.06102],[-118.28435,34.06095],[-118.28411,34.06087],[-118.28381,34.06075],[-118.28293,34.06036],[-118.28188,34.05989],[-118.28112,34.05955],[-118.2807,34.05935],[-118.28046,34.05924],[-118.28034,34.05918],[-118.28013,34.05906],[-118.27983,34.05885],[-118.27841,34.05788],[-118.27787,34.0575],[-118.27726,34.05706],[-118.27527,34.05562],[-118.27375,34.05453],[-118.27351,34.05436],[-118.2733,34.05421],[-118.27295,34.05396],[-118.27267,34.05379],[-118.27232,34.05361],[-118.27175,34.05336],[-118.26992,34.05254],[-118.26658,34.05105],[-118.26595,34.0508],[-118.26533,34.05058],[-118.26454,34.05031],[-118.26381,34.05009],[-118.26339,34.04999],[-118.26247,34.04975],[-118.26208,34.04969],[-118.26123,34.0495],[-118.261,34.0495],[-118.26064,34.04945],[-118.26034,34.0494],[-118.26011,34.04934],[-118.25995,34.04928],[-118.25972,34.04915],[-118.25937,34.04892],[-118.25793,34.04797],[-118.25757,34.04769],[-118.25724,34.04743],[-118.25701,34.04722],[-118.25687,34.04709],[-118.25672,34.04695],[-118.25656,34.04681],[-118.25636,34.04669],[-118.25611,34.04656],[-118.25581,34.04646],[-118.25552,34.04639],[-118.25518,34.04633],[-118.25483,34.04631],[-118.25452,34.04632],[-118.2543,34.04634],[-118.25401,34.04638],[-118.25369,34.04645],[-118.25339,34.04655],[-118.25311,34.04665],[-118.25281,34.04678],[-118.25257,34.0469],[-118.25231,34.04705],[-118.25211,34.04719],[-118.25188,34.04735],[-118.25165,34.04755],[-118.25119,34.048],[-118.25029,34.04894],[-118.2495,34.04977],[-118.24869,34.05061],[-118.24822,34.05111],[-118.24782,34.05152],[-118.24749,34.05188],[-118.24583,34.05367],[-118.2445,34.05509],[-118.24421,34.05541],[-118.24402,34.05563],[-118.24385,34.05581],[-118.2437,34.05597],[-118.24352,34.05614],[-118.24332,34.0563],[-118.24309,34.05647],[-118.24284,34.05662],[-118.24252,34.05679],[-118.24225,34.05692],[-118.242,34.05701],[-118.24179,34.05709],[-118.24155,34.05716],[-118.24139,34.05721],[-118.24113,34.05726],[-118.24072,34.05733],[-118.24042,34.05738],[-118.24008,34.05742],[-118.2397,34.05747],[-118.2392,34.05754],[-118.23883,34.05758],[-118.23861,34.0576],[-118.23842,34.05761],[-118.2382,34.05761],[-118.23794,34.05758],[-118.23778,34.05756],[-118.2376,34.05754],[-118.23749,34.05752],[-118.23734,34.0575],[-118.2372,34.05748],[-118.23703,34.05743],[-118.23684,34.05736],[-118.23669,34.05729],[-118.23645,34.05713],[-118.23615,34.05688],[-118.2359,34.05665],[-118.23568,34.05645],[-118.23541,34.05618],[-118.23528,34.05604],[-118.23411,34.05488],[-118.234,34.05473],[-118.23378,34.05452],[-118.23372,34.05441],[-118.23329,34.05394],[-118.23314,34.0537],[-118.23271,34.05322],[-118.23231,34.05277],[-118.23144,34.05187],[-118.23133,34.0517],[-118.23129,34.05161],[-118.23127,34.05154],[-118.23125,34.05141],[-118.23128,34.05139],[-118.2313,34.05131],[-118.23133,34.05132],[-118.23139,34.05124],[-118.23145,34.05118],[-118.23172,34.05038],[-118.23183,34.05016],[-118.23197,34.04991],[-118.23207,34.04976],[-118.23225,34.04953],[-118.23252,34.04921],[-118.23275,34.04895],[-118.23293,34.04872],[-118.23312,34.04851],[-118.23333,34.0482],[-118.23346,34.0479],[-118.23354,34.04762],[-118.23358,34.04733],[-118.23358,34.04704],[-118.23358,34.04704],[-118.23359,34.04705],[-118.23362,34.04682],[-118.23364,34.04662],[-118.23363,34.04592]]},"properties":{"routeId":"805","name":"Metro D Line","shortName":"","color":"#A05DA5","textColor":"#FFFFFF","system":"lametro"}},{"type":"Feature","geometry":{"type":"LineString","coordinates":[[-118.49154,34.01365],[-118.49137,34.01389],[-118.49102,34.01436],[-118.49094,34.01451],[-118.49091,34.01456],[-118.49087,34.0146],[-118.49065,34.01483],[-118.49054,34.01492],[-118.49026,34.01516],[-118.49026,34.01516],[-118.49014,34.01525],[-118.48987,34.01546],[-118.48987,34.01546],[-118.48949,34.01577],[-118.48881,34.01633],[-118.48822,34.01682],[-118.48792,34.01706],[-118.48734,34.01753],[-118.48657,34.01815],[-118.48593,34.01867],[-118.48536,34.01913],[-118.48511,34.01933],[-118.48465,34.01971],[-118.48432,34.01997],[-118.48372,34.02045],[-118.48314,34.02092],[-118.48266,34.02131],[-118.4824,34.02151],[-118.48163,34.02212],[-118.48102,34.02259],[-118.4804,34.02309],[-118.47984,34.02354],[-118.4797,34.02365],[-118.47959,34.02372],[-118.47946,34.02378],[-118.47934,34.02383],[-118.47925,34.02385],[-118.47909,34.02389],[-118.47841,34.02402],[-118.47823,34.02408],[-118.47811,34.02412],[-118.47802,34.02415],[-118.4779,34.0242],[-118.47779,34.02426],[-118.47755,34.02439],[-118.47689,34.02476],[-118.47689,34.02476],[-118.47675,34.02483],[-118.47638,34.02504],[-118.47638,34.02504],[-118.47601,34.02524],[-118.47545,34.02555],[-118.47499,34.02579],[-118.47462,34.02596],[-118.47421,34.02613],[-118.47372,34.02632],[-118.47285,34.02667],[-118.47191,34.02702],[-118.4711,34.0273],[-118.46998,34.02769],[-118.46904,34.028],[-118.4688,34.02808],[-118.46789,34.02839],[-118.46789,34.02839],[-118.46774,34.02845],[-118.46754,34.02851],[-118.46754,34.02851],[-118.46696,34.02871],[-118.46666,34.0288],[-118.4663,34.02891],[-118.4659,34.029],[-118.46514,34.02917],[-118.46427,34.02935],[-118.46295,34.02962],[-118.45965,34.03029],[-118.45965,34.03029],[-118.45896,34.03044],[-118.45753,34.03073],[-118.45723,34.03079],[-118.45714,34.03081],[-118.45714,34.03081],[-118.45594,34.03105],[-118.45531,34.03117],[-118.45449,34.03133],[-118.45351,34.03153],[-118.45225,34.03179],[-118.45144,34.03196],[-118.45045,34.03219],[-118.44977,34.03235],[-118.44886,34.03254],[-118.44771,34.03277],[-118.44675,34.03297],[-118.44671,34.03297],[-118.44602,34.03311],[-118.44495,34.03332],[-118.44407,34.03349],[-118.44314,34.03368],[-118.44198,34.03391],[-118.44183,34.03394],[-118.43984,34.03435],[-118.438,34.03472],[-118.4378,34.03476],[-118.43715,34.0349],[-118.43649,34.03503],[-118.43592,34.03513],[-118.43485,34.03528],[-118.43358,34.03546],[-118.43311,34.03554],[-118.4323,34.03565],[-118.43113,34.03582],[-118.4307,34.03588],[-118.4307,34.03588],[-118.43052,34.03591],[-118.42961,34.03604],[-118.42898,34.03613],[-118.42898,34.03613],[-118.42894,34.03614],[-118.42796,34.03628],[-118.42687,34.03644],[-118.4257,34.03661],[-118.42457,34.03678],[-118.42394,34.03688],[-118.42302,34.03701],[-118.42241,34.0371],[-118.42197,34.03715],[-118.42171,34.03716],[-118.42144,34.03718],[-118.42116,34.03717],[-118.42109,34.03717],[-118.42083,34.03715],[-118.42055,34.03711],[-118.4202,34.03704],[-118.41995,34.03698],[-118.41962,34.03687],[-118.4193,34.03675],[-118.41902,34.03663],[-118.41872,34.03647],[-118.41847,34.03631],[-118.41825,34.03615],[-118.41806,34.03599],[-118.41789,34.03584],[-118.41756,34.03548],[-118.41742,34.0353],[-118.41729,34.03512],[-118.41714,34.03486],[-118.41689,34.0344],[-118.4166,34.03387],[-118.41635,34.03346],[-118.41623,34.0333],[-118.41599,34.03302],[-118.41582,34.03287],[-118.4157,34.03278],[-118.41553,34.03265],[-118.41543,34.03259],[-118.41513,34.03242],[-118.41482,34.03229],[-118.41428,34.03205],[-118.41409,34.03195],[-118.41402,34.03191],[-118.41381,34.03174],[-118.41362,34.03155],[-118.41335,34.03123],[-118.41321,34.0311],[-118.41301,34.03097],[-118.41278,34.03086],[-118.41261,34.03081],[-118.41146,34.03044],[-118.41079,34.03023],[-118.4103,34.03007],[-118.40977,34.02994],[-118.40936,34.02987],[-118.40936,34.02987],[-118.4088,34.02978],[-118.40782,34.02962],[-118.40734,34.02956],[-118.40651,34.02948],[-118.40582,34.02942],[-118.40496,34.02934],[-118.40493,34.02934],[-118.40493,34.02934],[-118.40437,34.02929],[-118.40369,34.02922],[-118.4033,34.02919],[-118.4028,34.02914],[-118.40257,34.02912],[-118.40131,34.02904],[-118.40054,34.02899],[-118.39845,34.0288],[-118.39701,34.02866],[-118.39566,34.02854],[-118.39467,34.02845],[-118.39376,34.02837],[-118.3931,34.02831],[-118.39274,34.02827],[-118.39205,34.02818],[-118.39117,34.02807],[-118.39044,34.02799],[-118.38964,34.02791],[-118.38871,34.02781],[-118.38785,34.02774],[-118.38716,34.0277],[-118.38654,34.02767],[-118.38583,34.02763],[-118.38544,34.02761],[-118.3848,34.02756],[-118.38392,34.02749],[-118.38349,34.02745],[-118.38256,34.02735],[-118.38111,34.0272],[-118.38111,34.0272],[-118.3802,34.02711],[-118.37944,34.02705],[-118.37943,34.02704],[-118.3785,34.02696],[-118.37741,34.02685],[-118.37665,34.02678],[-118.37528,34.02665],[-118.37481,34.02658],[-118.37348,34.02643],[-118.37274,34.02635],[-118.37194,34.02629],[-118.37061,34.02619],[-118.37037,34.02618],[-118.36943,34.02613],[-118.36894,34.0261],[-118.3681,34.02603],[-118.36745,34.02598],[-118.36745,34.02598],[-118.36738,34.02598],[-118.36655,34.02591],[-118.36585,34.02585],[-118.36522,34.0258],[-118.36509,34.02578],[-118.36409,34.02565],[-118.36322,34.02555],[-118.36259,34.02548],[-118.36083,34.02533],[-118.35987,34.02524],[-118.35869,34.02511],[-118.35777,34.02501],[-118.35705,34.02493],[-118.35585,34.02482],[-118.35533,34.02477],[-118.35409,34.02466],[-118.35278,34.02455],[-118.35126,34.02442],[-118.3504,34.02435],[-118.34963,34.02429],[-118.3486,34.02421],[-118.34765,34.02411],[-118.34663,34.02402],[-118.34604,34.02397],[-118.34546,34.02392],[-118.34453,34.02383],[-118.34351,34.02373],[-118.34273,34.02367],[-118.34179,34.02356],[-118.34046,34.02343],[-118.33952,34.02331],[-118.33855,34.02319],[-118.33746,34.02303],[-118.33622,34.02284],[-118.33513,34.02265],[-118.33428,34.02249],[-118.33317,34.02228],[-118.33229,34.0221],[-118.33163,34.02195],[-118.33163,34.02194],[-118.33139,34.02187],[-118.33033,34.02165],[-118.3296,34.02149],[-118.32925,34.0214],[-118.3286,34.02124],[-118.328,34.02109],[-118.32659,34.02076],[-118.32525,34.02045],[-118.32442,34.02025],[-118.32356,34.02004],[-118.3227,34.01984],[-118.32209,34.0197],[-118.32164,34.01959],[-118.32102,34.01945],[-118.3204,34.0193],[-118.31976,34.01916],[-118.31895,34.01898],[-118.31841,34.01888],[-118.31783,34.01878],[-118.31718,34.01866],[-118.317,34.01863],[-118.31642,34.01856],[-118.31578,34.01847],[-118.31526,34.0184],[-118.31479,34.01838],[-118.3144,34.01837],[-118.31345,34.01836],[-118.31311,34.01835],[-118.31311,34.01835],[-118.3128,34.01835],[-118.31248,34.01836],[-118.31178,34.01836],[-118.31144,34.01835],[-118.31056,34.01833],[-118.30994,34.01832],[-118.30886,34.01831],[-118.30791,34.0183],[-118.30716,34.01829],[-118.30601,34.01828],[-118.30509,34.01826],[-118.30453,34.01826],[-118.30292,34.01826],[-118.302,34.01826],[-118.30089,34.01826],[-118.30017,34.01826],[-118.29898,34.01825],[-118.29817,34.01825],[-118.29773,34.01825],[-118.29686,34.01824],[-118.29566,34.01824],[-118.29493,34.01824],[-118.2948,34.01824],[-118.2948,34.01824],[-118.29398,34.01824],[-118.29297,34.01823],[-118.29199,34.01823],[-118.2908,34.01822],[-118.29012,34.01821],[-118.28902,34.0182],[-118.28778,34.0182],[-118.28646,34.0182],[-118.28517,34.01819],[-118.28396,34.0182],[-118.28396,34.0182],[-118.28383,34.0182],[-118.28347,34.01822],[-118.28279,34.01823],[-118.28201,34.01825],[-118.28138,34.01828],[-118.28096,34.01832],[-118.2807,34.01838],[-118.28056,34.01845],[-118.28036,34.01863],[-118.28008,34.01906],[-118.28008,34.01907],[-118.28008,34.01907],[-118.28001,34.01922],[-118.27981,34.01955],[-118.27947,34.02007],[-118.27907,34.02066],[-118.27889,34.02092],[-118.27863,34.02129],[-118.27819,34.02193],[-118.27805,34.02215],[-118.27794,34.02234],[-118.27789,34.02242],[-118.27778,34.02263],[-118.27769,34.02278],[-118.27748,34.02314],[-118.27732,34.02341],[-118.27718,34.02365],[-118.27702,34.02391],[-118.27686,34.02417],[-118.2767,34.02443],[-118.27666,34.02449],[-118.27662,34.02456],[-118.27657,34.02466],[-118.2765,34.02477],[-118.27642,34.0249],[-118.27635,34.025],[-118.2763,34.0251],[-118.27611,34.0254],[-118.27611,34.0254],[-118.2759,34.02569],[-118.27574,34.02591],[-118.27569,34.02599],[-118.27563,34.02607],[-118.27536,34.02643],[-118.27528,34.02655],[-118.27522,34.02665],[-118.27509,34.02691],[-118.27501,34.02708],[-118.2748,34.02762],[-118.27474,34.02772],[-118.27464,34.02783],[-118.27451,34.02796],[-118.27439,34.02805],[-118.27432,34.02811],[-118.27424,34.02819],[-118.27414,34.02829],[-118.27403,34.02841],[-118.27394,34.02851],[-118.2737,34.02888],[-118.27323,34.0296],[-118.27296,34.03002],[-118.27289,34.03012],[-118.27252,34.03077],[-118.2725,34.03077],[-118.27247,34.03079],[-118.27226,34.03114],[-118.272,34.03155],[-118.27182,34.0318],[-118.27178,34.03178],[-118.27168,34.03186],[-118.2715,34.03206],[-118.27129,34.03232],[-118.271,34.03267],[-118.27071,34.03305],[-118.27046,34.03335],[-118.27033,34.03346],[-118.27019,34.03358],[-118.27005,34.0337],[-118.26984,34.03394],[-118.26977,34.03401],[-118.26975,34.03399],[-118.26954,34.0343],[-118.26935,34.03456],[-118.26917,34.03484],[-118.269,34.03509],[-118.26883,34.03536],[-118.26866,34.03561],[-118.2685,34.03584],[-118.26836,34.03608],[-118.26817,34.03637],[-118.26803,34.0366],[-118.26789,34.03681],[-118.26773,34.03705],[-118.26756,34.03732],[-118.26743,34.03752],[-118.26744,34.03751],[-118.26742,34.03754],[-118.26741,34.03756],[-118.26726,34.0378],[-118.26708,34.03808],[-118.2669,34.03837],[-118.26678,34.03856],[-118.26663,34.0388],[-118.26652,34.03898],[-118.2664,34.03916],[-118.26627,34.03934],[-118.26612,34.03956],[-118.26607,34.03964],[-118.26608,34.03962],[-118.26601,34.0397],[-118.2658,34.03993],[-118.26561,34.04012],[-118.26541,34.04033],[-118.26523,34.04052],[-118.26511,34.04067],[-118.26497,34.04081],[-118.26479,34.04101],[-118.26461,34.0412],[-118.26437,34.04147],[-118.26412,34.04172],[-118.2638,34.04207],[-118.26362,34.04225],[-118.26361,34.04226],[-118.26347,34.0424],[-118.26324,34.04263],[-118.26289,34.043],[-118.2625,34.0434],[-118.26209,34.04379],[-118.26174,34.04411],[-118.2613,34.04452],[-118.26092,34.04484],[-118.26051,34.04516],[-118.26012,34.04546],[-118.2597,34.04577],[-118.25924,34.04611],[-118.25885,34.04639],[-118.25838,34.04675],[-118.25798,34.04705],[-118.25764,34.0473],[-118.25742,34.04745],[-118.25751,34.04728],[-118.25735,34.04739],[-118.25726,34.04747],[-118.25711,34.04765],[-118.257,34.04781],[-118.25687,34.04804],[-118.25654,34.0485],[-118.25661,34.04854],[-118.25669,34.04859],[-118.25444,34.05115],[-118.25275,34.05317],[-118.25277,34.05329],[-118.25283,34.05337],[-118.25295,34.05335],[-118.25291,34.0535],[-118.25302,34.05346],[-118.2531,34.05344],[-118.25304,34.05355],[-118.25304,34.05358],[-118.25304,34.05361],[-118.25304,34.05363],[-118.25306,34.05363],[-118.25303,34.05366],[-118.25297,34.0537],[-118.25291,34.05374],[-118.25287,34.05376],[-118.25278,34.05381],[-118.25271,34.05384],[-118.25265,34.05386],[-118.25262,34.05388],[-118.25254,34.05389],[-118.25243,34.05392],[-118.25243,34.05392],[-118.25231,34.05392],[-118.25116,34.05403],[-118.25111,34.05404],[-118.25102,34.05404],[-118.25094,34.05404],[-118.25085,34.05403],[-118.2508,34.05403],[-118.25075,34.05401],[-118.25065,34.05398],[-118.25057,34.05396],[-118.25053,34.05393],[-118.2505,34.05391],[-118.2504,34.05384],[-118.25036,34.0538],[-118.25044,34.05382],[-118.25037,34.05375],[-118.25035,34.05371],[-118.25042,34.05372],[-118.2504,34.05367],[-118.25032,34.05359],[-118.25035,34.05357],[-118.24942,34.05295],[-118.24907,34.05271],[-118.24872,34.05247],[-118.24822,34.05215],[-118.24783,34.05189],[-118.24742,34.05164],[-118.24514,34.05019],[-118.24507,34.05018],[-118.24504,34.05018],[-118.2449,34.05013],[-118.24488,34.05016],[-118.24485,34.05017],[-118.24476,34.05014],[-118.24453,34.05002],[-118.24429,34.04989],[-118.2442,34.04986],[-118.2442,34.04987],[-118.24414,34.04983],[-118.24406,34.0498],[-118.24403,34.04978],[-118.24398,34.04975],[-118.24176,34.04843],[-118.24173,34.04841],[-118.2417,34.0484],[-118.24158,34.04832],[-118.24159,34.04834],[-118.24151,34.04828],[-118.24142,34.04825],[-118.24142,34.04824],[-118.24128,34.04818],[-118.24114,34.04812],[-118.24094,34.04805],[-118.24078,34.04801],[-118.24061,34.04798],[-118.24042,34.04794],[-118.24025,34.04793],[-118.24008,34.04792],[-118.23988,34.04792],[-118.23968,34.04793],[-118.23952,34.04796],[-118.23945,34.04797],[-118.23936,34.04798],[-118.2393,34.04799],[-118.23922,34.04801],[-118.238,34.04826],[-118.23795,34.04826],[-118.23789,34.04826],[-118.23781,34.04828],[-118.23782,34.04829],[-118.23772,34.04831],[-118.23766,34.04832],[-118.23758,34.04834],[-118.23753,34.04835],[-118.23746,34.04837],[-118.2374,34.04839],[-118.23719,34.04838],[-118.23708,34.04839],[-118.23697,34.0484],[-118.23694,34.04842],[-118.23658,34.04838],[-118.23648,34.04838],[-118.23637,34.04836],[-118.23612,34.04831],[-118.23556,34.04822],[-118.23504,34.04813],[-118.23441,34.04803],[-118.23366,34.04793],[-118.23234,34.04775],[-118.23162,34.04764],[-118.23036,34.04748],[-118.23,34.04744],[-118.22965,34.04743],[-118.22944,34.04743],[-118.22862,34.04742],[-118.22802,34.04743],[-118.22768,34.04746],[-118.22757,34.0475],[-118.22722,34.0475],[-118.22688,34.04751],[-118.22665,34.04753],[-118.22538,34.04748],[-118.22512,34.04749],[-118.22495,34.0475],[-118.22477,34.04751],[-118.2244,34.0475],[-118.22397,34.04748],[-118.22362,34.04745],[-118.22309,34.04742],[-118.22273,34.0474],[-118.22225,34.04737],[-118.22214,34.04736],[-118.22203,34.04736],[-118.22197,34.04735],[-118.22191,34.04735],[-118.22125,34.04733],[-118.22086,34.04733],[-118.2205,34.04731],[-118.21924,34.04727],[-118.21909,34.04726],[-118.21892,34.04725],[-118.2188,34.04724],[-118.21868,34.04723],[-118.21853,34.04722],[-118.21836,34.04719],[-118.21819,34.04714],[-118.21797,34.04707],[-118.21784,34.04702],[-118.21762,34.04693],[-118.21738,34.0468],[-118.21716,34.04667],[-118.21679,34.04642],[-118.21656,34.04629],[-118.2164,34.04619],[-118.21604,34.046],[-118.21581,34.0459],[-118.21581,34.0459],[-118.21396,34.04507],[-118.21345,34.04485],[-118.21297,34.04467],[-118.21273,34.0446],[-118.21249,34.04455],[-118.21224,34.0445],[-118.21212,34.04448],[-118.21194,34.04445],[-118.21174,34.0444],[-118.21154,34.04436],[-118.2114,34.04432],[-118.21129,34.04429],[-118.21115,34.04424],[-118.21107,34.0442],[-118.21084,34.04409],[-118.20929,34.04341],[-118.20777,34.04274],[-118.20595,34.04193],[-118.20425,34.04118],[-118.20223,34.0403],[-118.20051,34.03954],[-118.19869,34.03874],[-118.19613,34.03766],[-118.19594,34.03758],[-118.1957,34.03747],[-118.19555,34.03741],[-118.1954,34.03734],[-118.19522,34.03725],[-118.19488,34.03708],[-118.19464,34.03696],[-118.19446,34.03687],[-118.19429,34.03679],[-118.19391,34.03663],[-118.19343,34.03641],[-118.19289,34.03617],[-118.19272,34.03609],[-118.19262,34.03604],[-118.19255,34.03599],[-118.19251,34.03596],[-118.19243,34.03589],[-118.19237,34.03583],[-118.19234,34.03577],[-118.19232,34.03572],[-118.1923,34.03564],[-118.19229,34.03554],[-118.19227,34.03541],[-118.19226,34.03525],[-118.19223,34.03505],[-118.19222,34.03495],[-118.19222,34.03473],[-118.19221,34.03446],[-118.19221,34.03393],[-118.19221,34.0336],[-118.19219,34.03353],[-118.19217,34.03348],[-118.19213,34.03342],[-118.19208,34.03337],[-118.19205,34.03333],[-118.19201,34.0333],[-118.19197,34.03328],[-118.19192,34.03326],[-118.19185,34.03325],[-118.19177,34.03324],[-118.19168,34.03323],[-118.1905,34.03326],[-118.19001,34.03327],[-118.18942,34.03327],[-118.18881,34.03328],[-118.18781,34.03328],[-118.18712,34.03328],[-118.18644,34.03328],[-118.18549,34.03329],[-118.18484,34.03329],[-118.18424,34.0333],[-118.18362,34.0333],[-118.18292,34.0333],[-118.18233,34.0333],[-118.18191,34.0333],[-118.18142,34.03331],[-118.18015,34.03331],[-118.17815,34.03333],[-118.1765,34.03334],[-118.17527,34.03335],[-118.17485,34.03335],[-118.17458,34.03335],[-118.17426,34.03334],[-118.17401,34.03333],[-118.1738,34.03332],[-118.17354,34.03331],[-118.17324,34.03329],[-118.17292,34.03328],[-118.17268,34.03327],[-118.1725,34.03326],[-118.17225,34.03326],[-118.17209,34.03326],[-118.17194,34.03326],[-118.17155,34.03326],[-118.17116,34.03326],[-118.17096,34.03327],[-118.17059,34.03327],[-118.17046,34.03327],[-118.17018,34.03327],[-118.16998,34.03327],[-118.16962,34.03327],[-118.16911,34.03327],[-118.16895,34.03326],[-118.1683,34.03326],[-118.16785,34.03327],[-118.16711,34.03327],[-118.16696,34.03327],[-118.1667,34.03328],[-118.16638,34.03329],[-118.16622,34.03329],[-118.16565,34.03329],[-118.16517,34.0333],[-118.16479,34.0333],[-118.16456,34.0333],[-118.16412,34.03331],[-118.16361,34.03331],[-118.16316,34.03332],[-118.16259,34.03332],[-118.16216,34.03332],[-118.16173,34.03332],[-118.16115,34.03332],[-118.16086,34.03333],[-118.16036,34.03334],[-118.16018,34.03334],[-118.15995,34.03335],[-118.15982,34.03336],[-118.15971,34.03336],[-118.15956,34.03337],[-118.15946,34.03337],[-118.1586,34.03338],[-118.15771,34.03338],[-118.15616,34.03339],[-118.15592,34.03339],[-118.15574,34.03339],[-118.15545,34.03338],[-118.15524,34.03337],[-118.15489,34.03337],[-118.15432,34.03336],[-118.15394,34.03335],[-118.15379,34.03335],[-118.1537,34.03336],[-118.15359,34.03335],[-118.15341,34.03335],[-118.15331,34.03335],[-118.15307,34.03334]]},"properties":{"routeId":"804","name":"Metro E Line","shortName":"","color":"#FDB913","textColor":"#000000","system":"lametro"}},{"type":"Feature","geometry":{"type":"LineString","coordinates":[[-118.37956,33.94997],[-118.37956,33.94964],[-118.37956,33.9493],[-118.37955,33.94895],[-118.37953,33.94865],[-118.37955,33.94835],[-118.37956,33.94802],[-118.37958,33.94768],[-118.37958,33.94744],[-118.37958,33.94711],[-118.37958,33.94678],[-118.37958,33.94645],[-118.37958,33.94612],[-118.37958,33.94579],[-118.37958,33.94546],[-118.37958,33.94514],[-118.37959,33.94499],[-118.37958,33.94464],[-118.37957,33.94432],[-118.37957,33.94399],[-118.37956,33.94365],[-118.37955,33.94333],[-118.37955,33.94326],[-118.37955,33.94293],[-118.37955,33.94286],[-118.37955,33.94252],[-118.37954,33.94218],[-118.37954,33.94218],[-118.37954,33.94187],[-118.37954,33.94154],[-118.37954,33.9412],[-118.37953,33.94087],[-118.37953,33.94064],[-118.37953,33.94031],[-118.37953,33.93997],[-118.37952,33.93964],[-118.37952,33.93932],[-118.37952,33.93928],[-118.37952,33.93894],[-118.37951,33.9386],[-118.37951,33.93845],[-118.37951,33.93812],[-118.37951,33.93804],[-118.37951,33.93789],[-118.37951,33.93756],[-118.37951,33.93723],[-118.37951,33.93708],[-118.37951,33.93676],[-118.37952,33.93643],[-118.37952,33.9361],[-118.37953,33.93581],[-118.37953,33.93547],[-118.37953,33.93515],[-118.37954,33.93482],[-118.37954,33.93472],[-118.37954,33.93439],[-118.37954,33.93435],[-118.37955,33.93401],[-118.37955,33.93368],[-118.37956,33.93335],[-118.37956,33.93302],[-118.37957,33.9327],[-118.37957,33.93237],[-118.37957,33.93204],[-118.37956,33.93171],[-118.37955,33.93148],[-118.37953,33.93115],[-118.37949,33.93089],[-118.37946,33.93058],[-118.3794,33.93018],[-118.37912,33.92972],[-118.37868,33.92943],[-118.37814,33.92926],[-118.37761,33.92925],[-118.37722,33.9293],[-118.37685,33.92933],[-118.37632,33.92938],[-118.37599,33.92944],[-118.37532,33.92959],[-118.37435,33.92984],[-118.37411,33.92988],[-118.371,33.92993],[-118.37001,33.92994],[-118.36925,33.92996],[-118.36878,33.92998],[-118.36868,33.93],[-118.36858,33.93002],[-118.36851,33.93003],[-118.36837,33.93004],[-118.36826,33.93006],[-118.36817,33.93007],[-118.36802,33.93007],[-118.36771,33.93011],[-118.36762,33.93013],[-118.36747,33.93015],[-118.36703,33.93024],[-118.36662,33.93033],[-118.36647,33.93038],[-118.36631,33.93043],[-118.36574,33.93059],[-118.36568,33.93061],[-118.36482,33.93087],[-118.36447,33.93097],[-118.36432,33.93103],[-118.36423,33.93106],[-118.36306,33.9314],[-118.36186,33.93178],[-118.36159,33.93186],[-118.36133,33.93194],[-118.3613,33.93195],[-118.36008,33.93231],[-118.359,33.93264],[-118.359,33.93264],[-118.3588,33.9327],[-118.35872,33.93272],[-118.35805,33.93292],[-118.35709,33.93322],[-118.35685,33.93328],[-118.35616,33.93344],[-118.35579,33.9335],[-118.3553,33.93357],[-118.35484,33.93362],[-118.35457,33.93362],[-118.35389,33.93365],[-118.3537,33.93365],[-118.35271,33.93359],[-118.35262,33.93358],[-118.35244,33.93356],[-118.35135,33.93336],[-118.35093,33.93327],[-118.35035,33.93312],[-118.35026,33.9331],[-118.34931,33.93279],[-118.34897,33.93268],[-118.34842,33.93246],[-118.34818,33.93238],[-118.34812,33.93235],[-118.34735,33.93202],[-118.34715,33.93194],[-118.34676,33.93173],[-118.34615,33.9314],[-118.34598,33.93132],[-118.34554,33.93109],[-118.34487,33.93066],[-118.34478,33.9306],[-118.34377,33.92991],[-118.34199,33.92864],[-118.34122,33.92808],[-118.33968,33.92697],[-118.33956,33.92687],[-118.33893,33.92645],[-118.33817,33.92604],[-118.33791,33.92591],[-118.33727,33.92563],[-118.33694,33.92551],[-118.33694,33.92551],[-118.33615,33.92526],[-118.33559,33.92513],[-118.33511,33.92502],[-118.33483,33.92497],[-118.33473,33.92496],[-118.33374,33.92486],[-118.33296,33.92485],[-118.33203,33.92488],[-118.33069,33.92497],[-118.32935,33.92505],[-118.32923,33.92506],[-118.32812,33.9251],[-118.32728,33.92515],[-118.32695,33.92518],[-118.32671,33.92519],[-118.32656,33.9252],[-118.32643,33.9252],[-118.3259,33.92523],[-118.32582,33.92523],[-118.32514,33.92528],[-118.32426,33.92535],[-118.32143,33.92546],[-118.32045,33.92546],[-118.32008,33.92547],[-118.31857,33.92546],[-118.31776,33.92545],[-118.31727,33.92545],[-118.31661,33.92543],[-118.31637,33.92544],[-118.31491,33.92542],[-118.31403,33.92541],[-118.31341,33.9254],[-118.31251,33.9254],[-118.31223,33.9254],[-118.31147,33.92543],[-118.31095,33.92546],[-118.30999,33.92553],[-118.30953,33.92558],[-118.30908,33.92563],[-118.30899,33.92565],[-118.30885,33.92566],[-118.3071,33.92596],[-118.30634,33.92613],[-118.30621,33.92616],[-118.3041,33.92664],[-118.30187,33.92712],[-118.30054,33.92743],[-118.3003,33.92748],[-118.29981,33.92759],[-118.29892,33.92779],[-118.29743,33.92813],[-118.29669,33.92827],[-118.29641,33.92832],[-118.29591,33.9284],[-118.29569,33.92844],[-118.295,33.92853],[-118.29497,33.92854],[-118.29442,33.92859],[-118.29381,33.92863],[-118.29313,33.92867],[-118.29298,33.92868],[-118.29283,33.92868],[-118.29196,33.92868],[-118.29167,33.92869],[-118.29154,33.92869],[-118.2903,33.92869],[-118.28967,33.92869],[-118.28755,33.92869],[-118.28741,33.92869],[-118.28696,33.92869],[-118.28654,33.92869],[-118.28441,33.92869],[-118.2827,33.92871],[-118.2826,33.92871],[-118.28139,33.92872],[-118.28125,33.92871],[-118.28115,33.92871],[-118.28067,33.92873],[-118.28039,33.92872],[-118.28021,33.92872],[-118.28008,33.92872],[-118.27998,33.92872],[-118.27962,33.92872],[-118.27949,33.92872],[-118.27902,33.92872],[-118.27816,33.92872],[-118.278,33.92871],[-118.27751,33.92867],[-118.27726,33.92865],[-118.27694,33.92862],[-118.27668,33.92858],[-118.27635,33.92853],[-118.27578,33.92842],[-118.27554,33.92838],[-118.27462,33.92819],[-118.27387,33.92804],[-118.27285,33.92783],[-118.27279,33.92781],[-118.27236,33.92773],[-118.27186,33.92765],[-118.27133,33.92758],[-118.27081,33.92753],[-118.27056,33.92751],[-118.27004,33.92747],[-118.26964,33.92745],[-118.26954,33.92745],[-118.26925,33.92744],[-118.26642,33.92747],[-118.26517,33.92746],[-118.26215,33.92747],[-118.26055,33.92746],[-118.26012,33.92746],[-118.25999,33.92746],[-118.25966,33.92748],[-118.25931,33.92748],[-118.25896,33.9275],[-118.25828,33.92756],[-118.25759,33.92764],[-118.25648,33.92778],[-118.25498,33.92797],[-118.2543,33.92807],[-118.25384,33.92812],[-118.25299,33.92826],[-118.25298,33.92824],[-118.252,33.92839],[-118.25065,33.92857],[-118.25014,33.92863],[-118.24946,33.9287],[-118.24943,33.92871],[-118.24934,33.92872],[-118.2493,33.92873],[-118.24912,33.92876],[-118.24877,33.92879],[-118.24831,33.92883],[-118.24809,33.92886],[-118.24774,33.92889],[-118.24705,33.92891],[-118.2467,33.92893],[-118.24635,33.92896],[-118.2462,33.92898],[-118.24523,33.92894],[-118.23896,33.92859],[-118.23835,33.92857],[-118.23757,33.92853],[-118.2372,33.92852],[-118.23639,33.92846],[-118.23623,33.92844],[-118.23604,33.92842],[-118.23544,33.92835],[-118.23441,33.92827],[-118.23414,33.92822],[-118.23375,33.92817],[-118.23334,33.92814],[-118.23295,33.92813],[-118.23264,33.92812],[-118.23254,33.9281],[-118.23214,33.92812],[-118.23174,33.92815],[-118.23133,33.9282],[-118.23109,33.92823],[-118.23093,33.92825],[-118.23054,33.92833],[-118.23025,33.9284],[-118.23022,33.92841],[-118.23013,33.92843],[-118.23005,33.92845],[-118.2299,33.92848],[-118.22812,33.92894],[-118.22735,33.92914],[-118.22669,33.92929],[-118.22647,33.92934],[-118.22567,33.92953],[-118.22563,33.92955],[-118.22537,33.92959],[-118.22523,33.9296],[-118.22508,33.92961],[-118.22448,33.92966],[-118.22369,33.92966],[-118.22322,33.92968],[-118.2224,33.92962],[-118.222,33.92957],[-118.22102,33.92942],[-118.22037,33.92927],[-118.21981,33.92913],[-118.21932,33.92898],[-118.21884,33.92881],[-118.21717,33.92807],[-118.21699,33.928],[-118.21684,33.92793],[-118.21364,33.92654],[-118.21297,33.92623],[-118.21144,33.92555],[-118.20972,33.92478],[-118.20805,33.92403],[-118.20663,33.92343],[-118.20609,33.9232],[-118.20462,33.92255],[-118.20424,33.92238],[-118.2033,33.92198],[-118.20218,33.92148],[-118.20216,33.92147],[-118.2008,33.92089],[-118.19854,33.91989],[-118.19835,33.91981],[-118.19765,33.9195],[-118.19707,33.91925],[-118.1966,33.91903],[-118.19593,33.91871],[-118.19444,33.91807],[-118.19429,33.91801],[-118.19388,33.91782],[-118.19332,33.91756],[-118.19284,33.91734],[-118.19278,33.91731],[-118.19238,33.91715],[-118.19143,33.91676],[-118.19087,33.91653],[-118.19049,33.91639],[-118.19034,33.91634],[-118.18962,33.91609],[-118.18948,33.91604],[-118.18907,33.91589],[-118.18837,33.91566],[-118.18731,33.9153],[-118.18615,33.91491],[-118.18475,33.91443],[-118.1844,33.91431],[-118.18379,33.9141],[-118.18339,33.91396],[-118.18255,33.91366],[-118.18192,33.91343],[-118.18156,33.9133],[-118.18053,33.91297],[-118.18041,33.91293],[-118.18014,33.91285],[-118.17992,33.91278],[-118.17979,33.91273],[-118.17961,33.91268],[-118.17959,33.91267],[-118.17949,33.91264],[-118.17926,33.91256],[-118.17836,33.91227],[-118.17678,33.91176],[-118.17678,33.91176],[-118.17678,33.91176],[-118.17678,33.91176],[-118.17628,33.91162],[-118.17607,33.91157],[-118.17533,33.91138],[-118.17502,33.91133],[-118.17447,33.91124],[-118.17362,33.91116],[-118.17162,33.91109],[-118.17046,33.91106],[-118.16918,33.9111],[-118.16896,33.91111],[-118.16884,33.91111],[-118.16811,33.91114],[-118.16796,33.91115],[-118.1675,33.9112],[-118.16708,33.91124],[-118.16681,33.91126],[-118.16616,33.91134],[-118.16562,33.9114],[-118.16525,33.91143],[-118.16455,33.9115],[-118.16353,33.9116],[-118.16255,33.9117],[-118.16213,33.91174],[-118.16183,33.91177],[-118.16097,33.91185],[-118.15996,33.91193],[-118.15988,33.91194],[-118.15906,33.91201],[-118.15895,33.91202],[-118.15853,33.91206],[-118.15842,33.91207],[-118.15753,33.91216],[-118.15727,33.91218],[-118.15666,33.91223],[-118.15583,33.9123],[-118.15556,33.91233],[-118.15489,33.91239],[-118.15383,33.9125],[-118.15353,33.91253],[-118.15241,33.9126],[-118.15236,33.91261],[-118.15155,33.91266],[-118.15129,33.91268],[-118.15038,33.91276],[-118.14998,33.9128],[-118.14995,33.9128],[-118.14944,33.91285],[-118.14927,33.91286],[-118.14833,33.91292],[-118.148,33.91293],[-118.14772,33.91294],[-118.14727,33.91296],[-118.14719,33.91297],[-118.14709,33.91297],[-118.14686,33.91298],[-118.14645,33.913],[-118.1462,33.91301],[-118.14596,33.91302],[-118.14516,33.91304],[-118.14469,33.91305],[-118.14436,33.91305],[-118.14369,33.91307],[-118.14302,33.91308],[-118.14297,33.91308],[-118.14254,33.91308],[-118.1412,33.91307],[-118.14085,33.91307],[-118.14073,33.91307],[-118.13925,33.91308],[-118.13891,33.91308],[-118.13781,33.91309],[-118.13759,33.91309],[-118.13616,33.9131],[-118.13561,33.9131],[-118.13511,33.91311],[-118.13409,33.91311],[-118.13265,33.91311],[-118.13195,33.91311],[-118.13172,33.91312],[-118.13002,33.91312],[-118.12973,33.91313],[-118.12938,33.91313],[-118.12872,33.91314],[-118.12772,33.91316],[-118.12664,33.91318],[-118.12642,33.91318],[-118.12543,33.91321],[-118.12538,33.91321],[-118.1251,33.91322],[-118.12399,33.91326],[-118.12294,33.91332],[-118.12226,33.91336],[-118.12173,33.9134],[-118.12116,33.91343],[-118.12102,33.91345],[-118.1205,33.91351],[-118.11994,33.91355],[-118.11867,33.91366],[-118.11864,33.91367],[-118.11775,33.91371],[-118.11666,33.91377],[-118.11659,33.91378],[-118.1155,33.91384],[-118.11478,33.91383],[-118.11443,33.91383],[-118.11398,33.91383],[-118.11373,33.91388],[-118.11371,33.91388],[-118.11371,33.91388],[-118.11371,33.91388],[-118.11371,33.91388],[-118.11066,33.91389],[-118.10917,33.91389],[-118.10866,33.91389],[-118.10682,33.91387],[-118.10607,33.91388],[-118.10554,33.91393],[-118.10532,33.91396],[-118.10493,33.91401],[-118.10469,33.91404],[-118.10456,33.91405],[-118.10437,33.91408],[-118.10431,33.91408]]},"properties":{"routeId":"803","name":"Metro C Line","shortName":"","color":"#58A738","textColor":"#FFFFFF","system":"lametro"}},{"type":"Feature","geometry":{"type":"LineString","coordinates":[[-118.36842,33.89408],[-118.36916,33.89461],[-118.36931,33.89473],[-118.36977,33.89507],[-118.37025,33.89543],[-118.37089,33.89591],[-118.37171,33.89653],[-118.3727,33.89729],[-118.3732,33.89768],[-118.37371,33.89807],[-118.37414,33.89841],[-118.37426,33.89851],[-118.37509,33.89911],[-118.37596,33.89977],[-118.37676,33.90034],[-118.37737,33.90079],[-118.37785,33.90116],[-118.37826,33.90147],[-118.37869,33.9018],[-118.37883,33.90192],[-118.3793,33.90225],[-118.37963,33.90251],[-118.37995,33.90277],[-118.3806,33.90334],[-118.38155,33.90408],[-118.38216,33.90456],[-118.38313,33.90531],[-118.38353,33.90562],[-118.3841,33.90604],[-118.38428,33.90619],[-118.38437,33.90626],[-118.38438,33.90627],[-118.38465,33.90651],[-118.38485,33.90677],[-118.38498,33.90697],[-118.38515,33.90733],[-118.38524,33.90769],[-118.38527,33.90796],[-118.3853,33.91249],[-118.38529,33.914],[-118.3853,33.91428],[-118.38532,33.91448],[-118.38547,33.91494],[-118.38578,33.9154],[-118.38652,33.91604],[-118.38654,33.91606],[-118.38723,33.91662],[-118.38728,33.91666],[-118.38743,33.91687],[-118.3875,33.91708],[-118.38754,33.92049],[-118.38758,33.92172],[-118.38757,33.92314],[-118.38758,33.92386],[-118.38756,33.92534],[-118.38755,33.92672],[-118.38751,33.92699],[-118.38744,33.92723],[-118.38731,33.92745],[-118.38709,33.92773],[-118.38694,33.92786],[-118.3867,33.92802],[-118.38645,33.92814],[-118.38518,33.92856],[-118.38383,33.92899],[-118.38258,33.92939],[-118.3823,33.92942],[-118.3818,33.92944],[-118.3815,33.92947],[-118.38122,33.92942],[-118.38081,33.92939],[-118.3804,33.92934],[-118.38001,33.9293],[-118.3795,33.92933],[-118.37904,33.92951],[-118.37871,33.92969],[-118.37836,33.93008],[-118.37811,33.93082],[-118.37806,33.93123],[-118.37803,33.93145],[-118.378,33.93169],[-118.37799,33.93202],[-118.37797,33.93233],[-118.37795,33.93266],[-118.37794,33.933],[-118.37794,33.93333],[-118.37793,33.93366],[-118.37793,33.93399],[-118.37792,33.93433],[-118.37792,33.93439],[-118.37792,33.93472],[-118.37792,33.9348],[-118.37791,33.93513],[-118.37791,33.93547],[-118.37791,33.93579],[-118.3779,33.93608],[-118.3779,33.93641],[-118.37789,33.93674],[-118.37789,33.93708],[-118.37789,33.93723],[-118.37789,33.93756],[-118.37789,33.93789],[-118.37789,33.93804],[-118.37789,33.93812],[-118.37789,33.93845],[-118.37789,33.93862],[-118.3779,33.93896],[-118.3779,33.93928],[-118.3779,33.93932],[-118.3779,33.93966],[-118.37791,33.93999],[-118.37791,33.94031],[-118.37791,33.94064],[-118.37791,33.94089],[-118.37792,33.94122],[-118.37792,33.94154],[-118.37792,33.94187],[-118.37792,33.94218],[-118.37792,33.94222],[-118.37793,33.94254],[-118.37793,33.94286],[-118.37793,33.94293],[-118.37793,33.94326],[-118.37793,33.94335],[-118.37794,33.94369],[-118.37795,33.94401],[-118.37795,33.94434],[-118.37796,33.94468],[-118.37797,33.94499],[-118.37796,33.94512],[-118.37796,33.94546],[-118.37796,33.94579],[-118.37796,33.94612],[-118.37796,33.94645],[-118.37796,33.94678],[-118.37796,33.94711],[-118.37796,33.94744],[-118.37797,33.94764],[-118.37796,33.94797],[-118.37796,33.9483],[-118.37796,33.94865],[-118.378,33.949],[-118.37804,33.94932],[-118.37807,33.94964],[-118.37811,33.94997],[-118.37816,33.9503],[-118.37821,33.95063],[-118.37826,33.95096],[-118.37832,33.9513],[-118.37837,33.95163],[-118.37843,33.95196],[-118.37847,33.95228],[-118.3785,33.95261],[-118.37854,33.95295],[-118.37858,33.95328],[-118.37861,33.95361],[-118.37864,33.95394],[-118.37866,33.95427],[-118.37868,33.9546],[-118.37869,33.95493],[-118.3787,33.95526],[-118.3787,33.95559],[-118.37871,33.95592],[-118.37871,33.95625],[-118.37871,33.95658],[-118.37871,33.95691],[-118.37871,33.95724],[-118.37869,33.95757],[-118.37864,33.95789],[-118.37857,33.95821],[-118.37848,33.95853],[-118.37836,33.95884],[-118.37822,33.95914],[-118.37806,33.95943],[-118.37796,33.95957],[-118.37777,33.95984],[-118.37757,33.9601],[-118.37735,33.96035],[-118.37711,33.96057],[-118.37686,33.96079],[-118.37659,33.96099],[-118.37632,33.96118],[-118.37608,33.96132],[-118.37579,33.96148],[-118.3755,33.96163],[-118.37519,33.96176],[-118.37489,33.96188],[-118.37458,33.962],[-118.37436,33.96209],[-118.37406,33.96221],[-118.37375,33.96233],[-118.37344,33.96245],[-118.37314,33.96258],[-118.37283,33.9627],[-118.37252,33.96282],[-118.37222,33.96295],[-118.3721,33.963],[-118.37179,33.96312],[-118.37149,33.96324],[-118.37118,33.96337],[-118.37087,33.96349],[-118.37068,33.96356],[-118.37037,33.96368],[-118.37006,33.9638],[-118.36975,33.96393],[-118.36944,33.96405],[-118.36914,33.96417],[-118.36883,33.96429],[-118.36852,33.96441],[-118.36835,33.96447],[-118.36804,33.96459],[-118.36774,33.96472],[-118.36743,33.96484],[-118.36712,33.96496],[-118.36706,33.96498],[-118.36675,33.96511],[-118.36644,33.96523],[-118.36613,33.96535],[-118.36583,33.96548],[-118.36552,33.9656],[-118.36521,33.96572],[-118.36491,33.96584],[-118.3646,33.96596],[-118.36429,33.96608],[-118.36397,33.96617],[-118.36365,33.96624],[-118.36332,33.9663],[-118.36299,33.96633],[-118.36266,33.96635],[-118.36233,33.96635],[-118.362,33.96633],[-118.36167,33.96631],[-118.36134,33.96628],[-118.36102,33.96626],[-118.36069,33.96623],[-118.36036,33.96621],[-118.36003,33.96619],[-118.3597,33.96616],[-118.35937,33.96614],[-118.35904,33.9661],[-118.35871,33.96607],[-118.35838,33.96602],[-118.35806,33.96594],[-118.35775,33.96583],[-118.35744,33.96571],[-118.35713,33.96559],[-118.35682,33.96548],[-118.35651,33.96539],[-118.35633,33.96535],[-118.356,33.9653],[-118.35567,33.96528],[-118.35534,33.96528],[-118.35501,33.9653],[-118.35469,33.96536],[-118.35436,33.96544],[-118.35405,33.96553],[-118.35373,33.96562],[-118.35343,33.96572],[-118.35312,33.96583],[-118.35291,33.96594],[-118.35262,33.9661],[-118.35236,33.9663],[-118.35212,33.96653],[-118.35211,33.96654],[-118.3519,33.96679],[-118.35168,33.96705],[-118.35146,33.96729],[-118.35145,33.96731],[-118.35123,33.96756],[-118.35101,33.96781],[-118.35078,33.96805],[-118.35054,33.96827],[-118.35029,33.96848],[-118.35002,33.96867],[-118.34973,33.96884],[-118.34944,33.969],[-118.34914,33.96914],[-118.34884,33.96928],[-118.34854,33.96942],[-118.34824,33.96956],[-118.34794,33.9697],[-118.34764,33.96984],[-118.34734,33.96998],[-118.34705,33.97012],[-118.34675,33.97026],[-118.34645,33.9704],[-118.34615,33.97054],[-118.34585,33.97068],[-118.34555,33.97082],[-118.34525,33.97096],[-118.34495,33.9711],[-118.34465,33.97124],[-118.34435,33.97138],[-118.34405,33.97153],[-118.34376,33.97167],[-118.34346,33.97181],[-118.34316,33.97195],[-118.34286,33.97209],[-118.34256,33.97223],[-118.34226,33.97236],[-118.34196,33.9725],[-118.34166,33.97264],[-118.34136,33.97279],[-118.34106,33.97293],[-118.34076,33.97307],[-118.34046,33.97321],[-118.34016,33.97335],[-118.33986,33.97349],[-118.33956,33.97363],[-118.33927,33.97377],[-118.33897,33.97392],[-118.33868,33.97407],[-118.33838,33.97422],[-118.33809,33.97437],[-118.33779,33.97451],[-118.33749,33.97465],[-118.33719,33.97479],[-118.33689,33.97493],[-118.33659,33.97507],[-118.3363,33.97522],[-118.33612,33.9753],[-118.33581,33.97544],[-118.33551,33.97558],[-118.33521,33.97572],[-118.33491,33.97585],[-118.33461,33.97599],[-118.33431,33.97613],[-118.33401,33.97627],[-118.33371,33.97641],[-118.33341,33.97654],[-118.33312,33.97668],[-118.33282,33.97682],[-118.33252,33.97696],[-118.33222,33.9771],[-118.33192,33.97724],[-118.33163,33.9774],[-118.33136,33.97758],[-118.33114,33.97783],[-118.33103,33.97801],[-118.33092,33.97832],[-118.33091,33.97865],[-118.3309,33.97898],[-118.3309,33.97931],[-118.3309,33.97965],[-118.3309,33.97998],[-118.3309,33.98031],[-118.3309,33.98064],[-118.3309,33.98097],[-118.3309,33.9813],[-118.3309,33.98163],[-118.33089,33.98196],[-118.33089,33.98229],[-118.33089,33.98262],[-118.33089,33.98295],[-118.33089,33.98328],[-118.33089,33.98361],[-118.33089,33.98394],[-118.33089,33.98427],[-118.33089,33.9846],[-118.33088,33.98493],[-118.33088,33.98526],[-118.33088,33.9856],[-118.33088,33.98568],[-118.33089,33.98601],[-118.33089,33.98634],[-118.33089,33.98667],[-118.3309,33.98701],[-118.3309,33.98704],[-118.33089,33.98737],[-118.33089,33.9877],[-118.33089,33.98803],[-118.33088,33.98836],[-118.33088,33.9885],[-118.33088,33.98883],[-118.33088,33.98916],[-118.33087,33.98949],[-118.33087,33.98982],[-118.33087,33.99016],[-118.33086,33.99049],[-118.33086,33.99082],[-118.33085,33.99115],[-118.33085,33.99148],[-118.33085,33.99181],[-118.33085,33.99214],[-118.33085,33.99247],[-118.33084,33.9928],[-118.33084,33.99313],[-118.33084,33.99346],[-118.33084,33.99379],[-118.33084,33.99412],[-118.33084,33.99445],[-118.33084,33.99478],[-118.33083,33.99511],[-118.33083,33.99544],[-118.33083,33.99577],[-118.33083,33.9961],[-118.33083,33.99644],[-118.33083,33.99677],[-118.33083,33.9971],[-118.33082,33.99743],[-118.33082,33.99776],[-118.33082,33.99809],[-118.33082,33.99842],[-118.33082,33.99875],[-118.33082,33.99908],[-118.33082,33.99941],[-118.33082,33.99974],[-118.33082,34.00007],[-118.33082,34.0004],[-118.33082,34.00045],[-118.33082,34.00078],[-118.33084,34.00111],[-118.33088,34.00144],[-118.33093,34.00167],[-118.33102,34.00199],[-118.33109,34.00218],[-118.33122,34.00248],[-118.33136,34.00278],[-118.33153,34.00307],[-118.3317,34.00335],[-118.33187,34.00363],[-118.33208,34.00389],[-118.3323,34.00413],[-118.33251,34.00438],[-118.33273,34.00464],[-118.33296,34.00487],[-118.33319,34.00511],[-118.33342,34.00535],[-118.33365,34.00558],[-118.33388,34.00582],[-118.3341,34.00607],[-118.3343,34.00633],[-118.33451,34.00659],[-118.33471,34.00685],[-118.33488,34.00713],[-118.33504,34.00742],[-118.33517,34.00772],[-118.33526,34.00804],[-118.33532,34.00837],[-118.33536,34.00869],[-118.33539,34.00902],[-118.3354,34.00935],[-118.33541,34.00968],[-118.33541,34.01001],[-118.33542,34.01034],[-118.3354,34.01067],[-118.33539,34.011],[-118.33537,34.01133],[-118.33536,34.01166],[-118.33534,34.01199],[-118.33533,34.01232],[-118.33531,34.01265],[-118.3353,34.01298],[-118.33528,34.01332],[-118.33527,34.01365],[-118.33525,34.01398],[-118.33524,34.01431],[-118.33522,34.01464],[-118.33521,34.01497],[-118.33519,34.0153],[-118.33518,34.01563],[-118.33516,34.01596],[-118.33516,34.01629],[-118.33515,34.01662],[-118.33514,34.01695],[-118.33514,34.01728],[-118.33514,34.01761],[-118.33515,34.01794],[-118.33516,34.01827],[-118.33518,34.0186],[-118.3352,34.01894],[-118.33523,34.01927],[-118.33525,34.0196],[-118.33529,34.01993],[-118.33531,34.02026],[-118.33535,34.02059],[-118.33535,34.02092],[-118.33537,34.02125],[-118.33538,34.02158],[-118.33539,34.02191],[-118.3354,34.02224]]},"properties":{"routeId":"807","name":"Metro K Line","shortName":"","color":"#E56DB1","textColor":"#000000","system":"lametro"}},{"type":"Feature","geometry":{"type":"LineString","coordinates":[[-118.19374,33.76845],[-118.19375,33.76834],[-118.19375,33.76823],[-118.19373,33.76816],[-118.19369,33.76812],[-118.19359,33.76804],[-118.19353,33.76802],[-118.19344,33.768],[-118.19339,33.768],[-118.19297,33.76799],[-118.19241,33.768],[-118.19204,33.76801],[-118.19155,33.76806],[-118.19107,33.76806],[-118.19044,33.76807],[-118.18998,33.76808],[-118.1897,33.76808],[-118.1896,33.7681],[-118.18953,33.76812],[-118.18946,33.76816],[-118.18941,33.76821],[-118.18937,33.76828],[-118.18936,33.76833],[-118.18937,33.76864],[-118.18936,33.76881],[-118.18936,33.7689],[-118.18937,33.76924],[-118.18937,33.76939],[-118.18937,33.76963],[-118.18937,33.7697],[-118.18938,33.7698],[-118.1894,33.7699],[-118.18941,33.77001],[-118.18942,33.77004],[-118.18942,33.7705],[-118.18941,33.77102],[-118.18941,33.77161],[-118.18942,33.77171],[-118.18942,33.77222],[-118.18941,33.77285],[-118.18941,33.77336],[-118.18941,33.77366],[-118.18942,33.77413],[-118.18941,33.77458],[-118.1894,33.775],[-118.18942,33.77534],[-118.18941,33.77582],[-118.18941,33.77629],[-118.18939,33.77652],[-118.18938,33.77659],[-118.18935,33.77685],[-118.18934,33.77716],[-118.18934,33.77754],[-118.18935,33.77768],[-118.18937,33.7778],[-118.1894,33.77801],[-118.18942,33.77822],[-118.18943,33.77828],[-118.18943,33.77871],[-118.18943,33.77896],[-118.18943,33.7799],[-118.18943,33.78042],[-118.18943,33.78043],[-118.18943,33.78091],[-118.18943,33.78155],[-118.18943,33.78207],[-118.18943,33.78284],[-118.18943,33.78382],[-118.18942,33.78442],[-118.18943,33.78519],[-118.18943,33.78578],[-118.18942,33.78659],[-118.18943,33.78714],[-118.18943,33.78835],[-118.18942,33.78943],[-118.18942,33.78986],[-118.18942,33.79071],[-118.18942,33.79167],[-118.18941,33.79224],[-118.18942,33.79296],[-118.18942,33.7935],[-118.18942,33.7953],[-118.18942,33.79712],[-118.18942,33.79831],[-118.18942,33.79936],[-118.18942,33.79999],[-118.18942,33.80075],[-118.18941,33.80158],[-118.18941,33.80257],[-118.1894,33.80336],[-118.1894,33.80398],[-118.18939,33.80414],[-118.18938,33.80427],[-118.18937,33.80444],[-118.18935,33.80456],[-118.1893,33.80502],[-118.18928,33.80519],[-118.18928,33.80543],[-118.18929,33.80564],[-118.18932,33.80575],[-118.18935,33.80586],[-118.18942,33.80607],[-118.18952,33.80629],[-118.18962,33.80652],[-118.18976,33.8068],[-118.18984,33.80698],[-118.19004,33.80741],[-118.1901,33.80754],[-118.1902,33.80774],[-118.1903,33.80794],[-118.19034,33.80804],[-118.19038,33.80812],[-118.19052,33.80841],[-118.19072,33.80884],[-118.19096,33.80933],[-118.19118,33.80979],[-118.19134,33.81015],[-118.19159,33.81066],[-118.19186,33.81124],[-118.19208,33.81173],[-118.1923,33.81221],[-118.19249,33.81263],[-118.19269,33.81306],[-118.1929,33.81355],[-118.19307,33.81392],[-118.19324,33.81431],[-118.19341,33.81469],[-118.19358,33.81505],[-118.19377,33.81547],[-118.19395,33.81587],[-118.19415,33.8163],[-118.19437,33.8168],[-118.19457,33.81724],[-118.19475,33.81765],[-118.19491,33.81796],[-118.19508,33.81826],[-118.19519,33.81845],[-118.19522,33.81851],[-118.19554,33.81898],[-118.19594,33.81955],[-118.19615,33.81985],[-118.1965,33.82038],[-118.19679,33.8208],[-118.1969,33.82095],[-118.19717,33.82133],[-118.1974,33.82164],[-118.19766,33.82199],[-118.19801,33.8225],[-118.19834,33.82299],[-118.19859,33.82337],[-118.19884,33.82376],[-118.19914,33.82422],[-118.19943,33.82468],[-118.19974,33.82515],[-118.20003,33.8256],[-118.20031,33.82602],[-118.20053,33.82636],[-118.20075,33.8267],[-118.20101,33.82712],[-118.2013,33.82756],[-118.20172,33.82818],[-118.20204,33.82868],[-118.20215,33.82885],[-118.20242,33.82928],[-118.20262,33.8296],[-118.20268,33.82969],[-118.20274,33.82979],[-118.20293,33.83014],[-118.20314,33.83053],[-118.20334,33.83091],[-118.20356,33.83134],[-118.20376,33.8317],[-118.20385,33.83187],[-118.20406,33.83228],[-118.20438,33.8329],[-118.20481,33.83369],[-118.20488,33.83382],[-118.20508,33.83418],[-118.20509,33.8342],[-118.20528,33.83455],[-118.2054,33.83479],[-118.20551,33.835],[-118.20557,33.83513],[-118.20569,33.83542],[-118.2058,33.83569],[-118.20588,33.83588],[-118.2059,33.83595],[-118.20603,33.83624],[-118.20621,33.83668],[-118.20638,33.83711],[-118.20661,33.83766],[-118.2068,33.83812],[-118.20707,33.83877],[-118.20737,33.83949],[-118.20758,33.83999],[-118.20777,33.84043],[-118.20795,33.84085],[-118.20816,33.84134],[-118.20836,33.84183],[-118.20848,33.84213],[-118.20867,33.84258],[-118.20886,33.84306],[-118.20903,33.84345],[-118.20924,33.84395],[-118.20949,33.84457],[-118.20966,33.84499],[-118.20985,33.84544],[-118.21004,33.84591],[-118.21018,33.84624],[-118.21031,33.84651],[-118.2105,33.84691],[-118.21067,33.8473],[-118.21085,33.8477],[-118.21106,33.84819],[-118.21124,33.84862],[-118.2114,33.84901],[-118.21161,33.8495],[-118.21184,33.85002],[-118.21207,33.85053],[-118.21231,33.85103],[-118.21255,33.85156],[-118.21272,33.85196],[-118.21291,33.85242],[-118.21313,33.8529],[-118.2134,33.85357],[-118.21364,33.85418],[-118.21385,33.85468],[-118.21408,33.85527],[-118.21432,33.85587],[-118.21461,33.85661],[-118.21483,33.85715],[-118.21508,33.85775],[-118.21519,33.85803],[-118.21541,33.85856],[-118.21555,33.8589],[-118.21572,33.8593],[-118.21577,33.85944],[-118.21591,33.85979],[-118.21614,33.86034],[-118.21639,33.86093],[-118.21655,33.86133],[-118.21677,33.86184],[-118.217,33.86239],[-118.21713,33.86272],[-118.21723,33.86297],[-118.21741,33.8634],[-118.21758,33.86381],[-118.21765,33.86396],[-118.21771,33.86412],[-118.2178,33.86434],[-118.21798,33.86478],[-118.2182,33.86528],[-118.2184,33.86575],[-118.21858,33.86617],[-118.21877,33.86663],[-118.21895,33.86706],[-118.21915,33.86755],[-118.21935,33.86803],[-118.21952,33.86846],[-118.2197,33.86889],[-118.21985,33.86925],[-118.22001,33.86962],[-118.22017,33.87003],[-118.22034,33.87041],[-118.2204,33.87056],[-118.22063,33.87113],[-118.22065,33.87119],[-118.22078,33.87149],[-118.22085,33.87167],[-118.22095,33.8719],[-118.22117,33.87243],[-118.22139,33.87299],[-118.22161,33.87356],[-118.22174,33.87389],[-118.22183,33.87413],[-118.22193,33.87441],[-118.22213,33.87493],[-118.22232,33.87544],[-118.22243,33.87574],[-118.22256,33.8761],[-118.2227,33.87649],[-118.22284,33.87689],[-118.22287,33.87704],[-118.22291,33.87727],[-118.22293,33.87744],[-118.22296,33.87786],[-118.223,33.87838],[-118.22304,33.87904],[-118.22307,33.87936],[-118.22311,33.87999],[-118.22315,33.88049],[-118.22317,33.88079],[-118.2232,33.88114],[-118.22324,33.88174],[-118.22326,33.88209],[-118.22329,33.88248],[-118.22332,33.88297],[-118.22335,33.88344],[-118.22341,33.88421],[-118.22344,33.88475],[-118.22349,33.88542],[-118.22353,33.88612],[-118.22357,33.8866],[-118.22361,33.88716],[-118.22364,33.88766],[-118.22368,33.8883],[-118.2237,33.88859],[-118.22375,33.8893],[-118.22379,33.88983],[-118.22383,33.89052],[-118.22387,33.89107],[-118.22391,33.89167],[-118.22395,33.89226],[-118.22399,33.89285],[-118.22403,33.89336],[-118.22406,33.89391],[-118.22409,33.89438],[-118.22413,33.89483],[-118.22415,33.89514],[-118.22418,33.89562],[-118.2242,33.89597],[-118.22424,33.8965],[-118.22427,33.89702],[-118.22431,33.89753],[-118.22434,33.89795],[-118.22435,33.89816],[-118.22439,33.89884],[-118.22448,33.90002],[-118.22451,33.90045],[-118.22452,33.90063],[-118.22456,33.90126],[-118.2246,33.9017],[-118.22463,33.9021],[-118.22467,33.90241],[-118.22469,33.90257],[-118.22472,33.90272],[-118.22478,33.90296],[-118.22486,33.90327],[-118.22494,33.90353],[-118.22502,33.90378],[-118.22507,33.90391],[-118.22515,33.9041],[-118.22529,33.90442],[-118.22544,33.90473],[-118.22558,33.90501],[-118.22589,33.9056],[-118.22631,33.9064],[-118.22651,33.90678],[-118.2267,33.90714],[-118.2269,33.90754],[-118.22712,33.90796],[-118.22714,33.90801],[-118.22727,33.90827],[-118.22748,33.90866],[-118.22768,33.90904],[-118.22789,33.90945],[-118.2281,33.90985],[-118.2283,33.91024],[-118.22855,33.91072],[-118.22877,33.91113],[-118.22902,33.9116],[-118.2293,33.91213],[-118.22958,33.91269],[-118.22989,33.91328],[-118.23022,33.9139],[-118.23047,33.91439],[-118.23078,33.91497],[-118.23113,33.91565],[-118.23143,33.91621],[-118.23171,33.91677],[-118.23199,33.9173],[-118.23229,33.91785],[-118.23252,33.91831],[-118.23282,33.91887],[-118.23308,33.91934],[-118.23332,33.91983],[-118.2336,33.92036],[-118.2339,33.92092],[-118.23408,33.92127],[-118.23428,33.92165],[-118.23443,33.92193],[-118.23455,33.92216],[-118.23468,33.92239],[-118.23479,33.9226],[-118.23502,33.92301],[-118.23521,33.92336],[-118.23532,33.92351],[-118.23555,33.92395],[-118.23577,33.9243],[-118.23583,33.92435],[-118.23598,33.92455],[-118.23624,33.92497],[-118.23652,33.92542],[-118.23674,33.92575],[-118.23698,33.92613],[-118.23733,33.92674],[-118.23753,33.92704],[-118.23773,33.92741],[-118.23792,33.92775],[-118.2381,33.92809],[-118.23829,33.92846],[-118.23845,33.9288],[-118.23858,33.92912],[-118.23881,33.92962],[-118.23898,33.93001],[-118.23913,33.9304],[-118.23928,33.93077],[-118.23942,33.93113],[-118.23958,33.9315],[-118.23979,33.93197],[-118.24001,33.93243],[-118.2401,33.93265],[-118.24032,33.93312],[-118.24053,33.93355],[-118.24075,33.934],[-118.24093,33.93435],[-118.24112,33.93471],[-118.24136,33.93518],[-118.24158,33.93558],[-118.2418,33.93601],[-118.24199,33.93639],[-118.24223,33.93684],[-118.24244,33.93725],[-118.24262,33.93763],[-118.24271,33.93785],[-118.24282,33.93816],[-118.24287,33.93834],[-118.24295,33.93865],[-118.24297,33.93874],[-118.24299,33.93887],[-118.24301,33.93895],[-118.24303,33.93906],[-118.24304,33.9392],[-118.24305,33.93931],[-118.24307,33.93961],[-118.24312,33.94012],[-118.24315,33.94053],[-118.24318,33.9409],[-118.24319,33.94107],[-118.2432,33.94125],[-118.2432,33.94145],[-118.2432,33.94184],[-118.24321,33.9423],[-118.24321,33.94267],[-118.24321,33.94284],[-118.24321,33.94299],[-118.24321,33.94319],[-118.24321,33.9436],[-118.24321,33.94416],[-118.24321,33.94495],[-118.24322,33.94562],[-118.24322,33.94573],[-118.24322,33.94639],[-118.24323,33.94769],[-118.24323,33.94895],[-118.24324,33.95054],[-118.24324,33.95182],[-118.24325,33.95326],[-118.24325,33.95387],[-118.24325,33.95447],[-118.24326,33.95523],[-118.24326,33.95609],[-118.24326,33.95656],[-118.24325,33.95709],[-118.24325,33.95768],[-118.24325,33.95826],[-118.24325,33.95882],[-118.24325,33.95925],[-118.24325,33.9597],[-118.24325,33.96013],[-118.24325,33.96076],[-118.24325,33.96117],[-118.24324,33.96153],[-118.24324,33.96198],[-118.24325,33.96274],[-118.24324,33.96343],[-118.24325,33.96414],[-118.24325,33.96492],[-118.24325,33.96578],[-118.24325,33.96638],[-118.24325,33.96741],[-118.24326,33.968],[-118.24326,33.96901],[-118.24325,33.96972],[-118.24325,33.96984],[-118.24325,33.97005],[-118.24325,33.97021],[-118.24325,33.97026],[-118.24324,33.97034],[-118.24326,33.97081],[-118.24326,33.97119],[-118.24327,33.97161],[-118.24328,33.97204],[-118.24329,33.97242],[-118.2433,33.97289],[-118.24331,33.97352],[-118.24331,33.97391],[-118.24331,33.97447],[-118.24331,33.97489],[-118.24332,33.97571],[-118.24332,33.97642],[-118.24333,33.9772],[-118.24332,33.97778],[-118.24333,33.97846],[-118.24333,33.97912],[-118.24333,33.97961],[-118.24333,33.98028],[-118.24334,33.9809],[-118.24333,33.9814],[-118.24334,33.98181],[-118.24334,33.98234],[-118.24334,33.98293],[-118.24333,33.98346],[-118.24333,33.98398],[-118.24333,33.98442],[-118.24333,33.98473],[-118.24334,33.98507],[-118.24335,33.9854],[-118.24335,33.98582],[-118.24336,33.98627],[-118.24337,33.98674],[-118.24339,33.9873],[-118.2434,33.9878],[-118.24342,33.98821],[-118.24343,33.98859],[-118.24343,33.98889],[-118.24344,33.98924],[-118.24345,33.9897],[-118.24346,33.99005],[-118.24345,33.99032],[-118.24346,33.99061],[-118.24346,33.99089],[-118.24345,33.99115],[-118.24344,33.99154],[-118.24345,33.99186],[-118.24345,33.99227],[-118.24345,33.99251],[-118.24345,33.99273],[-118.24344,33.99298],[-118.24344,33.9931],[-118.24343,33.99349],[-118.24343,33.99392],[-118.24343,33.99433],[-118.24343,33.9947],[-118.24343,33.99498],[-118.24342,33.99551],[-118.24342,33.99592],[-118.24342,33.99642],[-118.24341,33.99689],[-118.24342,33.99742],[-118.24341,33.99784],[-118.24341,33.99826],[-118.24341,33.99858],[-118.24339,33.99904],[-118.2434,33.99936],[-118.24339,33.99957],[-118.24339,33.99997],[-118.24338,34.00031],[-118.24338,34.00068],[-118.24336,34.00098],[-118.24335,34.00141],[-118.24335,34.0017],[-118.24334,34.002],[-118.24335,34.00234],[-118.24334,34.00268],[-118.24334,34.00303],[-118.24334,34.0033],[-118.24333,34.00361],[-118.24333,34.00392],[-118.24332,34.00429],[-118.24331,34.00461],[-118.2433,34.00509],[-118.24329,34.00549],[-118.24328,34.00589],[-118.24327,34.00639],[-118.24326,34.00683],[-118.24325,34.00732],[-118.24325,34.00763],[-118.24325,34.0081],[-118.24324,34.00845],[-118.24323,34.00897],[-118.24322,34.00937],[-118.24322,34.00982],[-118.24321,34.01023],[-118.24321,34.01074],[-118.2432,34.0113],[-118.2432,34.0118],[-118.24319,34.0123],[-118.24319,34.01282],[-118.24318,34.01327],[-118.24318,34.01381],[-118.24317,34.01433],[-118.24316,34.01476],[-118.24315,34.01522],[-118.24314,34.01546],[-118.24313,34.0158],[-118.24313,34.0162],[-118.24311,34.01693],[-118.24311,34.01699],[-118.24311,34.0171],[-118.24311,34.01746],[-118.24311,34.01804],[-118.24312,34.01881],[-118.24311,34.01968],[-118.24311,34.0197],[-118.24311,34.02011],[-118.24312,34.02039],[-118.24314,34.02047],[-118.24319,34.02054],[-118.24327,34.02061],[-118.24336,34.02067],[-118.24353,34.02072],[-118.24383,34.02078],[-118.24401,34.02083],[-118.24416,34.0209],[-118.24454,34.02111],[-118.24495,34.02134],[-118.24534,34.02156],[-118.24569,34.02176],[-118.24612,34.022],[-118.24648,34.0222],[-118.24691,34.02245],[-118.2473,34.02267],[-118.24773,34.02291],[-118.24819,34.02317],[-118.24868,34.02344],[-118.2491,34.02368],[-118.24962,34.02397],[-118.25008,34.02422],[-118.25053,34.02447],[-118.25095,34.02467],[-118.25156,34.02496],[-118.2523,34.0253],[-118.25317,34.0257],[-118.2536,34.0259],[-118.25408,34.02612],[-118.25475,34.02641],[-118.25511,34.02658],[-118.25557,34.0268],[-118.25604,34.02701],[-118.25612,34.02705],[-118.25645,34.02721],[-118.2567,34.02733],[-118.25687,34.02741],[-118.25721,34.02757],[-118.25766,34.02779],[-118.25828,34.02807],[-118.25871,34.02828],[-118.25908,34.02845],[-118.25937,34.02858],[-118.25973,34.02875],[-118.26012,34.02894],[-118.26034,34.02904],[-118.2604,34.02906],[-118.26085,34.02927],[-118.26127,34.02947],[-118.26167,34.02966],[-118.26249,34.03003],[-118.26319,34.03036],[-118.26351,34.03049],[-118.264,34.0307],[-118.26442,34.03089],[-118.26473,34.03101],[-118.26507,34.03115],[-118.26552,34.03132],[-118.26606,34.03153],[-118.26645,34.03167],[-118.26685,34.03181],[-118.26728,34.03195],[-118.26773,34.0321],[-118.26814,34.03223],[-118.26872,34.03244],[-118.26903,34.03252],[-118.27019,34.03298],[-118.27054,34.0331],[-118.27079,34.03319],[-118.27097,34.03329],[-118.27111,34.03339],[-118.27125,34.03356],[-118.27133,34.03374],[-118.27139,34.03397],[-118.27136,34.03422],[-118.2713,34.03439],[-118.27127,34.03444],[-118.27124,34.03451],[-118.27105,34.03481],[-118.27082,34.03517],[-118.27062,34.0355],[-118.27041,34.03581],[-118.27021,34.03612],[-118.26997,34.0365],[-118.26978,34.03679],[-118.26957,34.03712],[-118.26947,34.03728],[-118.26934,34.0375],[-118.26897,34.03807],[-118.26874,34.03843],[-118.26851,34.03878],[-118.26827,34.03917],[-118.26805,34.03951],[-118.26781,34.03988],[-118.26764,34.04016],[-118.26738,34.04052],[-118.26714,34.04079],[-118.26685,34.0411],[-118.26677,34.04118],[-118.26645,34.04153],[-118.2661,34.04185],[-118.26587,34.0421],[-118.26541,34.04262],[-118.2651,34.04296],[-118.26499,34.04309],[-118.26484,34.04329],[-118.26465,34.04351],[-118.26434,34.0439],[-118.26393,34.0444],[-118.2636,34.04482],[-118.26322,34.04531],[-118.26291,34.04574],[-118.26256,34.0462],[-118.26224,34.04662],[-118.26185,34.04714],[-118.26161,34.04746],[-118.26083,34.04835],[-118.2601,34.0492],[-118.25995,34.04937],[-118.2598,34.04951],[-118.25982,34.04947],[-118.25915,34.05014],[-118.25499,34.05465],[-118.2549,34.05467],[-118.25489,34.0546],[-118.25475,34.05467],[-118.25459,34.05473],[-118.25469,34.05454],[-118.25455,34.05463],[-118.25443,34.05468],[-118.25442,34.05463],[-118.25434,34.05467],[-118.25421,34.05475],[-118.25407,34.05484],[-118.2539,34.05494],[-118.25375,34.05501],[-118.25364,34.05507],[-118.25348,34.05513],[-118.25334,34.05519],[-118.25319,34.05524],[-118.253,34.05529],[-118.25283,34.05532],[-118.25267,34.05535],[-118.2525,34.05536],[-118.25135,34.05546],[-118.25121,34.05547],[-118.25105,34.05548],[-118.25084,34.05548],[-118.25064,34.05547],[-118.25048,34.05544],[-118.25032,34.05541],[-118.25013,34.05537],[-118.24998,34.05532],[-118.2498,34.05525],[-118.24965,34.05518],[-118.24957,34.05515],[-118.24945,34.05509],[-118.24931,34.055],[-118.24937,34.05503],[-118.24932,34.05501],[-118.24922,34.05494],[-118.24918,34.05492],[-118.24361,34.05132],[-118.24339,34.05118],[-118.24314,34.05103],[-118.24293,34.05089],[-118.24267,34.05074],[-118.2408,34.04963],[-118.24065,34.04953],[-118.24059,34.04951],[-118.24052,34.04947],[-118.24048,34.04946],[-118.24039,34.04943],[-118.24031,34.04941],[-118.24023,34.04938],[-118.24017,34.04938],[-118.24009,34.04937],[-118.24,34.04936],[-118.23995,34.04936],[-118.2399,34.04937],[-118.23982,34.04938],[-118.23959,34.04942],[-118.23841,34.04965],[-118.23836,34.04967],[-118.23835,34.04968],[-118.23829,34.04969],[-118.23828,34.04969],[-118.23845,34.04961],[-118.2384,34.04964],[-118.23834,34.04966],[-118.2384,34.0496],[-118.23842,34.04957],[-118.23839,34.04956],[-118.23841,34.04948],[-118.23836,34.04951],[-118.23833,34.04947],[-118.23829,34.04943],[-118.23824,34.04943],[-118.23819,34.04952],[-118.23813,34.0495],[-118.2382,34.0507],[-118.23814,34.05077],[-118.2381,34.05083],[-118.23806,34.05092],[-118.23801,34.05099],[-118.23798,34.05106],[-118.23795,34.05115],[-118.23794,34.05127],[-118.23793,34.05139],[-118.2379,34.05157],[-118.23786,34.05263],[-118.23783,34.05277],[-118.23782,34.05292],[-118.2378,34.053],[-118.23779,34.05305],[-118.23776,34.0532],[-118.23775,34.05327],[-118.23773,34.05335],[-118.2377,34.05342],[-118.23766,34.05347],[-118.23762,34.05351],[-118.23757,34.05356],[-118.23751,34.0536],[-118.23742,34.05363],[-118.23735,34.05367],[-118.23728,34.0537],[-118.23718,34.05373],[-118.23707,34.05376],[-118.23607,34.05369],[-118.23595,34.05374],[-118.23591,34.05381],[-118.23588,34.0539],[-118.23586,34.054],[-118.23598,34.05405],[-118.23606,34.05411],[-118.23617,34.05415],[-118.2363,34.05413],[-118.23641,34.05413],[-118.23649,34.0542],[-118.23655,34.05428],[-118.23659,34.05448],[-118.2366,34.05474],[-118.23657,34.05511],[-118.23657,34.05526],[-118.23657,34.05538],[-118.23654,34.05564],[-118.2365,34.05582],[-118.23635,34.05657],[-118.23622,34.05711],[-118.23614,34.05735],[-118.23608,34.0575],[-118.23598,34.0577],[-118.23587,34.05782],[-118.23575,34.05797],[-118.2356,34.0581],[-118.23549,34.05813],[-118.23534,34.05824],[-118.23515,34.05836],[-118.23496,34.05852],[-118.23475,34.05865],[-118.23455,34.05881],[-118.23436,34.05891],[-118.2341,34.05918],[-118.23394,34.05929],[-118.23382,34.05932],[-118.23372,34.05936],[-118.23364,34.05944],[-118.23357,34.05952],[-118.23352,34.05957],[-118.23349,34.05964],[-118.23347,34.05971],[-118.23347,34.05978],[-118.23349,34.05985],[-118.2335,34.05991],[-118.23353,34.05996],[-118.23359,34.06005],[-118.23367,34.06016],[-118.23376,34.06026],[-118.23384,34.06035],[-118.23397,34.06047],[-118.2341,34.06059],[-118.23421,34.06067],[-118.23435,34.06077],[-118.23448,34.06085],[-118.23462,34.06093],[-118.23506,34.06117],[-118.23532,34.06132],[-118.2354,34.06137],[-118.23548,34.06143],[-118.23556,34.06149],[-118.23564,34.06156],[-118.2357,34.06162],[-118.23577,34.06169],[-118.23584,34.06177],[-118.23591,34.06186],[-118.23597,34.06195],[-118.23602,34.06205],[-118.23607,34.06215],[-118.2361,34.06224],[-118.23613,34.06232],[-118.23615,34.06239],[-118.23617,34.0625],[-118.23618,34.06257],[-118.23619,34.06263],[-118.23619,34.06268],[-118.23619,34.06274],[-118.23618,34.06282],[-118.23618,34.06286],[-118.23617,34.06291],[-118.23616,34.06296],[-118.23615,34.06301],[-118.23614,34.06308],[-118.23612,34.06314],[-118.2361,34.0632],[-118.23608,34.06327],[-118.23604,34.06339],[-118.23593,34.06372],[-118.23582,34.06405],[-118.23574,34.06431],[-118.23569,34.06446],[-118.23565,34.06458],[-118.23561,34.0647],[-118.23552,34.06496],[-118.23544,34.06519],[-118.23536,34.06545],[-118.23518,34.06594],[-118.23507,34.06622],[-118.23501,34.06638],[-118.23496,34.0665],[-118.23492,34.0666],[-118.23487,34.06671],[-118.23483,34.0668],[-118.23474,34.06695],[-118.23469,34.06704],[-118.23462,34.06715],[-118.23455,34.06726],[-118.23447,34.06737],[-118.2344,34.06746],[-118.23431,34.06757],[-118.2342,34.0677],[-118.2341,34.06781],[-118.23396,34.06795],[-118.2338,34.0681],[-118.23374,34.06815],[-118.23363,34.06825],[-118.23347,34.06837],[-118.23336,34.06845],[-118.23326,34.06852],[-118.2332,34.06856],[-118.23282,34.0688],[-118.23214,34.06921],[-118.23163,34.06952],[-118.23146,34.06962],[-118.23138,34.06967],[-118.23131,34.0697],[-118.23124,34.06973],[-118.23117,34.06977],[-118.23109,34.06981],[-118.23099,34.06985],[-118.23091,34.06989],[-118.23084,34.06992],[-118.23077,34.06995],[-118.23029,34.07013],[-118.22971,34.07035],[-118.22945,34.07045],[-118.22931,34.07051],[-118.22912,34.07058],[-118.22894,34.07065],[-118.22852,34.07081],[-118.22826,34.07091],[-118.2278,34.07108],[-118.22771,34.07111],[-118.22759,34.07116],[-118.22748,34.07121],[-118.22743,34.07123],[-118.22735,34.07126],[-118.22726,34.07131],[-118.22719,34.07135],[-118.22714,34.07137],[-118.22707,34.07141],[-118.22701,34.07144],[-118.22694,34.07149],[-118.22685,34.07154],[-118.22679,34.07158],[-118.22673,34.07164],[-118.22665,34.0717],[-118.2266,34.07174],[-118.22652,34.07182],[-118.22647,34.07187],[-118.22641,34.07194],[-118.22633,34.07203],[-118.22629,34.07209],[-118.22619,34.07224],[-118.22614,34.07231],[-118.22611,34.07237],[-118.22604,34.07252],[-118.22599,34.07264],[-118.22594,34.07276],[-118.22589,34.07291],[-118.22585,34.07301],[-118.22581,34.07312],[-118.22577,34.07321],[-118.22574,34.0733],[-118.22571,34.0734],[-118.22566,34.07354],[-118.22562,34.07365],[-118.22558,34.07377],[-118.22552,34.07392],[-118.22546,34.07407],[-118.22538,34.07428],[-118.22533,34.07442],[-118.22525,34.07463],[-118.22519,34.07478],[-118.22513,34.07494],[-118.22507,34.07507],[-118.22498,34.07531],[-118.2249,34.0755],[-118.22485,34.07562],[-118.22478,34.07579],[-118.22471,34.07597],[-118.22464,34.07617],[-118.22459,34.07631],[-118.22451,34.07653],[-118.22445,34.07667],[-118.2244,34.07681],[-118.22436,34.07692],[-118.22432,34.07698],[-118.22429,34.07706],[-118.22425,34.07716],[-118.2242,34.07728],[-118.22415,34.07738],[-118.2241,34.07749],[-118.22405,34.07758],[-118.22399,34.07771],[-118.22389,34.07787],[-118.22379,34.07802],[-118.2237,34.07816],[-118.22363,34.07827],[-118.22354,34.07839],[-118.22342,34.07854],[-118.22335,34.07862],[-118.22328,34.07871],[-118.22318,34.07883],[-118.22309,34.07892],[-118.223,34.07901],[-118.22289,34.07912],[-118.22282,34.07919],[-118.22273,34.07927],[-118.22262,34.07938],[-118.2225,34.07948],[-118.22243,34.07954],[-118.22223,34.0797],[-118.22205,34.07983],[-118.22187,34.07996],[-118.22116,34.08047],[-118.22093,34.08062],[-118.22073,34.08077],[-118.22059,34.08086],[-118.22046,34.08096],[-118.22022,34.08112],[-118.21992,34.08133],[-118.21937,34.08171],[-118.2188,34.08213],[-118.21854,34.08232],[-118.21826,34.08254],[-118.21807,34.08268],[-118.21791,34.08281],[-118.21774,34.08295],[-118.21733,34.0833],[-118.21692,34.08367],[-118.2167,34.08387],[-118.2164,34.08417],[-118.21624,34.08432],[-118.21599,34.08457],[-118.2157,34.08485],[-118.21548,34.08506],[-118.21527,34.08526],[-118.21499,34.08553],[-118.21484,34.08568],[-118.21467,34.08584],[-118.2144,34.08611],[-118.21404,34.08645],[-118.21366,34.08681],[-118.21334,34.08712],[-118.21304,34.08742],[-118.21289,34.08756],[-118.21269,34.08775],[-118.21247,34.08796],[-118.21237,34.08807],[-118.21228,34.08816],[-118.2122,34.08825],[-118.21208,34.0884],[-118.21201,34.0885],[-118.21192,34.08861],[-118.21183,34.08876],[-118.21176,34.08888],[-118.21169,34.08902],[-118.21162,34.08916],[-118.21156,34.08932],[-118.21151,34.08946],[-118.21146,34.08961],[-118.21142,34.08976],[-118.2114,34.08987],[-118.21139,34.08998],[-118.21138,34.09006],[-118.21137,34.09016],[-118.21136,34.09022],[-118.21135,34.0904],[-118.21135,34.09053],[-118.21135,34.09064],[-118.21135,34.09079],[-118.21135,34.09086],[-118.21136,34.09093],[-118.21136,34.09113],[-118.21137,34.0913],[-118.21139,34.09148],[-118.2114,34.09158],[-118.21141,34.09169],[-118.21142,34.09181],[-118.21143,34.09191],[-118.21145,34.0921],[-118.21146,34.09222],[-118.21146,34.09231],[-118.21147,34.09242],[-118.21146,34.09249],[-118.21146,34.09257],[-118.21145,34.09265],[-118.21145,34.0927],[-118.21143,34.09281],[-118.21142,34.09289],[-118.21141,34.09292],[-118.2114,34.09297],[-118.21139,34.09302],[-118.21137,34.09307],[-118.21136,34.09312],[-118.21134,34.09319],[-118.21131,34.09325],[-118.21127,34.09337],[-118.21123,34.09346],[-118.21118,34.09355],[-118.21113,34.09365],[-118.21108,34.09371],[-118.21102,34.09382],[-118.21097,34.09389],[-118.21093,34.09396],[-118.21085,34.09405],[-118.21077,34.09414],[-118.21069,34.09423],[-118.21048,34.09442],[-118.21023,34.09466],[-118.20996,34.09491],[-118.20986,34.09501],[-118.20977,34.0951],[-118.20966,34.09523],[-118.20955,34.09536],[-118.20945,34.0955],[-118.20936,34.09564],[-118.20927,34.09578],[-118.2091,34.09607],[-118.20897,34.09628],[-118.2089,34.0964],[-118.20884,34.09648],[-118.20879,34.09656],[-118.20872,34.09666],[-118.20864,34.09677],[-118.20855,34.09689],[-118.2084,34.09704],[-118.20832,34.09713],[-118.20817,34.09727],[-118.20806,34.09736],[-118.20792,34.09747],[-118.20774,34.0976],[-118.20751,34.09775],[-118.20714,34.098],[-118.2063,34.09855],[-118.20603,34.09873],[-118.20595,34.09879],[-118.20573,34.09897],[-118.20559,34.09909],[-118.20547,34.09923],[-118.2053,34.09942],[-118.2052,34.09959],[-118.20512,34.09972],[-118.20506,34.09984],[-118.205,34.09998],[-118.20495,34.10014],[-118.20491,34.10027],[-118.20488,34.10043],[-118.20486,34.10056],[-118.20485,34.10086],[-118.20486,34.10111],[-118.20487,34.10183],[-118.20488,34.10211],[-118.20488,34.10233],[-118.20488,34.10247],[-118.20487,34.10261],[-118.20486,34.10269],[-118.20484,34.1028],[-118.20484,34.10288],[-118.20482,34.10298],[-118.2048,34.10307],[-118.20479,34.10315],[-118.20477,34.10324],[-118.20474,34.10334],[-118.20471,34.10345],[-118.20468,34.10357],[-118.20465,34.10366],[-118.20462,34.10374],[-118.20459,34.10381],[-118.20456,34.1039],[-118.20451,34.10401],[-118.20446,34.10412],[-118.20439,34.10427],[-118.20436,34.10433],[-118.20431,34.10442],[-118.20426,34.10451],[-118.2042,34.10461],[-118.20413,34.10471],[-118.20406,34.10481],[-118.20402,34.10486],[-118.20397,34.10494],[-118.20386,34.10507],[-118.2038,34.10514],[-118.20374,34.10521],[-118.20369,34.10527],[-118.20362,34.10535],[-118.20352,34.10545],[-118.20344,34.10553],[-118.2034,34.10557],[-118.20336,34.10561],[-118.20331,34.10566],[-118.20324,34.10571],[-118.20317,34.10578],[-118.20311,34.10583],[-118.20306,34.10587],[-118.20299,34.10593],[-118.2029,34.106],[-118.20284,34.10604],[-118.20279,34.10608],[-118.20271,34.10614],[-118.20265,34.10618],[-118.2026,34.10621],[-118.20252,34.10627],[-118.20245,34.10631],[-118.20231,34.1064],[-118.20205,34.10654],[-118.20164,34.10675],[-118.20032,34.1074],[-118.19957,34.10777],[-118.19898,34.10806],[-118.19855,34.10827],[-118.19841,34.10834],[-118.19821,34.10844],[-118.1981,34.1085],[-118.19793,34.10858],[-118.19774,34.10867],[-118.19754,34.10877],[-118.19733,34.10887],[-118.19711,34.10898],[-118.19695,34.10905],[-118.19674,34.10916],[-118.19639,34.10933],[-118.19618,34.10943],[-118.19583,34.10961],[-118.19563,34.1097],[-118.19509,34.10997],[-118.19491,34.11006],[-118.19428,34.11037],[-118.19377,34.11062],[-118.19361,34.11071],[-118.19332,34.11086],[-118.19251,34.11126],[-118.19194,34.11154],[-118.19155,34.11173],[-118.19146,34.11177],[-118.19136,34.11181],[-118.19128,34.11184],[-118.1912,34.11187],[-118.19107,34.11192],[-118.19101,34.11194],[-118.19091,34.11197],[-118.19079,34.112],[-118.19064,34.11204],[-118.19053,34.11207],[-118.19039,34.1121],[-118.19029,34.11211],[-118.19017,34.11213],[-118.19006,34.11215],[-118.18993,34.11216],[-118.18982,34.11217],[-118.18972,34.11218],[-118.18956,34.11219],[-118.18938,34.11219],[-118.18916,34.11219],[-118.18902,34.11218],[-118.18894,34.11217],[-118.18884,34.11216],[-118.18865,34.11214],[-118.18855,34.11213],[-118.18834,34.11209],[-118.18825,34.11207],[-118.18807,34.11203],[-118.18798,34.11201],[-118.18787,34.11198],[-118.18731,34.11181],[-118.18677,34.11165],[-118.18645,34.11156],[-118.18612,34.11145],[-118.18561,34.11129],[-118.18502,34.11112],[-118.18458,34.11098],[-118.18422,34.11088],[-118.18382,34.11077],[-118.18351,34.11068],[-118.18338,34.11065],[-118.18298,34.11054],[-118.18265,34.11045],[-118.18196,34.11026],[-118.1817,34.11019],[-118.18154,34.11015],[-118.18132,34.1101],[-118.18117,34.11008],[-118.18102,34.11006],[-118.18088,34.11004],[-118.18076,34.11002],[-118.18061,34.11001],[-118.18047,34.11],[-118.18028,34.10999],[-118.18015,34.10999],[-118.18003,34.10999],[-118.17995,34.10999],[-118.1798,34.11],[-118.17964,34.11001],[-118.17949,34.11002],[-118.17938,34.11003],[-118.17924,34.11005],[-118.17903,34.11008],[-118.17857,34.11016],[-118.17789,34.11028],[-118.1772,34.1104],[-118.1766,34.11051],[-118.17576,34.11066],[-118.17552,34.11071],[-118.17533,34.11075],[-118.17519,34.11078],[-118.17478,34.11088],[-118.17443,34.11097],[-118.17423,34.11102],[-118.174,34.11108],[-118.17388,34.11111],[-118.17373,34.11116],[-118.1736,34.1112],[-118.17348,34.11123],[-118.17297,34.11139],[-118.17193,34.11171],[-118.1718,34.11175],[-118.17161,34.11179],[-118.1714,34.11184],[-118.17124,34.11188],[-118.17109,34.1119],[-118.17095,34.11192],[-118.17078,34.11195],[-118.1706,34.11197],[-118.17046,34.11199],[-118.17,34.11202],[-118.16942,34.11207],[-118.16877,34.11211],[-118.16816,34.11215],[-118.16745,34.1122],[-118.16707,34.11223],[-118.16586,34.11231],[-118.16532,34.11235],[-118.16468,34.11239],[-118.16406,34.11243],[-118.16348,34.11248],[-118.16283,34.11252],[-118.16231,34.11256],[-118.16215,34.11257],[-118.162,34.11258],[-118.16185,34.11259],[-118.16174,34.1126],[-118.16162,34.11262],[-118.16155,34.11263],[-118.16146,34.11264],[-118.16136,34.11266],[-118.16129,34.11268],[-118.1612,34.1127],[-118.1611,34.11272],[-118.16104,34.11274],[-118.16095,34.11277],[-118.16088,34.11279],[-118.1608,34.11282],[-118.16072,34.11286],[-118.16062,34.11289],[-118.16055,34.11293],[-118.16049,34.11296],[-118.16044,34.11299],[-118.1604,34.11301],[-118.1603,34.11306],[-118.16023,34.11311],[-118.16012,34.11317],[-118.16008,34.11321],[-118.15999,34.11327],[-118.15991,34.11334],[-118.15982,34.11341],[-118.15972,34.1135],[-118.15948,34.11373],[-118.15928,34.11392],[-118.15907,34.11412],[-118.1586,34.11456],[-118.15833,34.1148],[-118.15802,34.11508],[-118.15774,34.11533],[-118.15739,34.11562],[-118.15728,34.11571],[-118.15725,34.11574],[-118.15711,34.11585],[-118.15677,34.11612],[-118.15626,34.1165],[-118.1561,34.11662],[-118.15567,34.11693],[-118.15553,34.11703],[-118.1553,34.11719],[-118.15496,34.11744],[-118.1545,34.11779],[-118.1543,34.11794],[-118.15418,34.11803],[-118.15405,34.11813],[-118.15394,34.11821],[-118.15386,34.11827],[-118.15375,34.11836],[-118.15362,34.11846],[-118.15348,34.11857],[-118.15317,34.11882],[-118.15298,34.11897],[-118.1526,34.11926],[-118.15252,34.11932],[-118.15236,34.11943],[-118.15215,34.11956],[-118.15205,34.11963],[-118.15197,34.11968],[-118.15189,34.11974],[-118.15182,34.11979],[-118.15173,34.11986],[-118.15168,34.1199],[-118.15163,34.11995],[-118.15157,34.12],[-118.15148,34.12009],[-118.15138,34.1202],[-118.15134,34.12025],[-118.15129,34.12032],[-118.15122,34.12042],[-118.15118,34.12048],[-118.15114,34.12056],[-118.1511,34.12064],[-118.15107,34.1207],[-118.15101,34.12084],[-118.15096,34.12096],[-118.15091,34.12107],[-118.15087,34.12118],[-118.15084,34.12127],[-118.1508,34.12143],[-118.15077,34.12155],[-118.15075,34.12166],[-118.15073,34.12178],[-118.15072,34.12186],[-118.15072,34.12193],[-118.15072,34.12202],[-118.15073,34.12214],[-118.15075,34.12229],[-118.15076,34.12244],[-118.15077,34.12257],[-118.1508,34.12273],[-118.15082,34.1229],[-118.15082,34.12305],[-118.15083,34.12321],[-118.15083,34.12331],[-118.15082,34.12341],[-118.15081,34.12352],[-118.15079,34.12367],[-118.15076,34.12381],[-118.15072,34.12398],[-118.15068,34.12409],[-118.15067,34.12413],[-118.15062,34.12427],[-118.15054,34.12443],[-118.1505,34.1245],[-118.15045,34.12459],[-118.15034,34.12474],[-118.15028,34.12482],[-118.15021,34.1249],[-118.15016,34.12495],[-118.15009,34.12503],[-118.15001,34.1251],[-118.14991,34.12519],[-118.1498,34.12528],[-118.14972,34.12534],[-118.14941,34.12559],[-118.14921,34.12576],[-118.14902,34.12591],[-118.14894,34.12599],[-118.14858,34.12633],[-118.14844,34.12648],[-118.1484,34.12652],[-118.14836,34.12656],[-118.14831,34.12664],[-118.14828,34.12668],[-118.14823,34.12675],[-118.1482,34.12682],[-118.14815,34.12692],[-118.14813,34.12699],[-118.14811,34.12704],[-118.14809,34.12711],[-118.14808,34.12717],[-118.14808,34.12721],[-118.14807,34.12738],[-118.14807,34.12765],[-118.14808,34.12822],[-118.14808,34.12864],[-118.14809,34.13011],[-118.1481,34.13118],[-118.14812,34.13208],[-118.14816,34.13297],[-118.14817,34.13396],[-118.14817,34.1341],[-118.14816,34.13423],[-118.14815,34.13435],[-118.14814,34.13447],[-118.14814,34.13463],[-118.14814,34.1357],[-118.14815,34.13627],[-118.14815,34.13679],[-118.14817,34.13826],[-118.14818,34.13943],[-118.14818,34.13998],[-118.14822,34.14066],[-118.14822,34.14083],[-118.14823,34.14123],[-118.14824,34.14254],[-118.14823,34.14351],[-118.14823,34.14685],[-118.14823,34.14689],[-118.14823,34.14692],[-118.14822,34.14696],[-118.14822,34.14699],[-118.14821,34.14703],[-118.1482,34.14706],[-118.14819,34.1471],[-118.14818,34.14713],[-118.14817,34.14716],[-118.14816,34.1472],[-118.14814,34.14723],[-118.14813,34.14727],[-118.14811,34.1473],[-118.1481,34.14733],[-118.14808,34.14736],[-118.14806,34.1474],[-118.14804,34.14743],[-118.14798,34.14754],[-118.14777,34.14792],[-118.14763,34.1482],[-118.14745,34.14856],[-118.14721,34.14901],[-118.1469,34.14962],[-118.1468,34.14985],[-118.14669,34.15006],[-118.14663,34.15019],[-118.14652,34.15042],[-118.14645,34.15057],[-118.14636,34.15076],[-118.14627,34.15093],[-118.14625,34.15095],[-118.14618,34.15108],[-118.14611,34.1512],[-118.14605,34.1513],[-118.14599,34.15137],[-118.14595,34.15141],[-118.14587,34.1515],[-118.14579,34.15156],[-118.14575,34.15159],[-118.14565,34.15165],[-118.14558,34.15169],[-118.14548,34.15173],[-118.14541,34.15175],[-118.14529,34.15178],[-118.14516,34.15181],[-118.14494,34.15183],[-118.14467,34.15186],[-118.14455,34.15187],[-118.14425,34.15187],[-118.14354,34.15187],[-118.14298,34.15187],[-118.14244,34.15187],[-118.14175,34.15187],[-118.14119,34.15186],[-118.14073,34.15186],[-118.14018,34.15186],[-118.13971,34.15186],[-118.13923,34.15186],[-118.1386,34.15186],[-118.13813,34.15186],[-118.13755,34.15185],[-118.13698,34.15185],[-118.13646,34.15185],[-118.13585,34.15185],[-118.13553,34.15185],[-118.13513,34.15184],[-118.13457,34.15184],[-118.134,34.15184],[-118.13337,34.15184],[-118.1323,34.15184],[-118.13089,34.15184],[-118.13059,34.15184],[-118.13036,34.15183],[-118.12971,34.15184],[-118.12917,34.15184],[-118.12893,34.15184],[-118.12855,34.15185],[-118.12806,34.15187],[-118.12783,34.15188],[-118.12759,34.15189],[-118.12728,34.15191],[-118.127,34.15192],[-118.12671,34.15195],[-118.12632,34.15199],[-118.12597,34.15202],[-118.12572,34.15204],[-118.12529,34.15208],[-118.12476,34.15213],[-118.12436,34.15216],[-118.12385,34.15221],[-118.12361,34.15223],[-118.12336,34.15224],[-118.12316,34.15225],[-118.12253,34.15227],[-118.12201,34.15228],[-118.12167,34.15229],[-118.12112,34.1523],[-118.12103,34.1523],[-118.12011,34.15232],[-118.11931,34.15233],[-118.11828,34.15235],[-118.11758,34.15236],[-118.11705,34.15237],[-118.11682,34.15237],[-118.11649,34.15239],[-118.11628,34.15239],[-118.11556,34.15242],[-118.11464,34.15244],[-118.11442,34.15244],[-118.11411,34.15245],[-118.11349,34.15246],[-118.11288,34.15246],[-118.11247,34.15247],[-118.11223,34.15247],[-118.11186,34.15247],[-118.11146,34.15248],[-118.11115,34.15248],[-118.11053,34.15248],[-118.10974,34.15248],[-118.10918,34.15249],[-118.10891,34.15248],[-118.10873,34.15249],[-118.10833,34.15249],[-118.10804,34.15249],[-118.10772,34.15249],[-118.1072,34.1525],[-118.10651,34.1525],[-118.10599,34.1525],[-118.10566,34.1525],[-118.10495,34.15251],[-118.1042,34.15252],[-118.10349,34.15252],[-118.1027,34.15252],[-118.10169,34.15253],[-118.10098,34.15254],[-118.10055,34.15254],[-118.1002,34.15254],[-118.09992,34.15254],[-118.09968,34.15254],[-118.09936,34.15254],[-118.09912,34.15254],[-118.09884,34.15254],[-118.0982,34.15255],[-118.09767,34.15255],[-118.09742,34.15255],[-118.09713,34.15256],[-118.09684,34.15256],[-118.09644,34.15256],[-118.09626,34.15256],[-118.09538,34.15256],[-118.09509,34.15256],[-118.09486,34.15255],[-118.09463,34.15253],[-118.09446,34.15252],[-118.09423,34.1525],[-118.09395,34.15246],[-118.09377,34.15244],[-118.09355,34.1524],[-118.0933,34.15236],[-118.09308,34.15231],[-118.09287,34.15226],[-118.09274,34.15223],[-118.09255,34.15218],[-118.0922,34.15208],[-118.09211,34.15205],[-118.09191,34.15199],[-118.09156,34.15186],[-118.09139,34.15179],[-118.09119,34.15171],[-118.09099,34.15162],[-118.09073,34.1515],[-118.0906,34.15143],[-118.09039,34.15133],[-118.09016,34.1512],[-118.08999,34.1511],[-118.08984,34.151],[-118.08974,34.15093],[-118.08957,34.15083],[-118.0894,34.1507],[-118.08917,34.15054],[-118.08904,34.15044],[-118.08878,34.15024],[-118.08816,34.14977],[-118.08805,34.14968],[-118.08791,34.14957],[-118.08767,34.1494],[-118.08761,34.14936],[-118.08752,34.14931],[-118.08742,34.14925],[-118.0871,34.14906],[-118.0865,34.14874],[-118.08621,34.14858],[-118.08593,34.14845],[-118.0858,34.14839],[-118.08567,34.14833],[-118.08549,34.14825],[-118.08524,34.14817],[-118.085,34.14809],[-118.08486,34.14805],[-118.08472,34.14801],[-118.08449,34.14795],[-118.08427,34.14791],[-118.08402,34.14786],[-118.08378,34.14783],[-118.08357,34.1478],[-118.08321,34.14777],[-118.08288,34.14776],[-118.08269,34.14776],[-118.08232,34.14777],[-118.08172,34.1478],[-118.08122,34.14781],[-118.08054,34.14783],[-118.0795,34.14786],[-118.07878,34.14788],[-118.07821,34.1479],[-118.07749,34.14793],[-118.07658,34.14798],[-118.07586,34.14805],[-118.07491,34.14817],[-118.07396,34.1483],[-118.07361,34.14834],[-118.0732,34.1484],[-118.07221,34.14852],[-118.07186,34.14855],[-118.07134,34.1486],[-118.07103,34.14863],[-118.0705,34.14867],[-118.07004,34.14869],[-118.0695,34.14872],[-118.06908,34.14872],[-118.06795,34.14873],[-118.06761,34.14873],[-118.06704,34.14874],[-118.06609,34.14874],[-118.06507,34.14876],[-118.06397,34.14876],[-118.06288,34.14877],[-118.06174,34.14878],[-118.06089,34.14878],[-118.06005,34.14879],[-118.05894,34.14879],[-118.05741,34.1488],[-118.05634,34.14881],[-118.05549,34.14881],[-118.05463,34.14882],[-118.05381,34.14882],[-118.05296,34.14883],[-118.05217,34.14883],[-118.05132,34.14884],[-118.05042,34.14884],[-118.05006,34.14885],[-118.04953,34.14885],[-118.04874,34.14885],[-118.04789,34.14886],[-118.04715,34.14887],[-118.0464,34.14887],[-118.04572,34.14887],[-118.04458,34.14888],[-118.0436,34.14889],[-118.0429,34.1489],[-118.04233,34.1489],[-118.04134,34.14889],[-118.04088,34.14887],[-118.04056,34.14884],[-118.03991,34.14875],[-118.03975,34.14872],[-118.03951,34.14866],[-118.03909,34.14856],[-118.0386,34.14839],[-118.03809,34.1482],[-118.03745,34.14793],[-118.03686,34.14769],[-118.03671,34.14761],[-118.03655,34.14753],[-118.03638,34.14745],[-118.03614,34.14731],[-118.03591,34.14718],[-118.03542,34.14687],[-118.03476,34.14645],[-118.03414,34.14605],[-118.03341,34.14558],[-118.03312,34.1454],[-118.03239,34.14493],[-118.03174,34.14452],[-118.0313,34.14424],[-118.03083,34.14394],[-118.03003,34.14343],[-118.0292,34.1429],[-118.02869,34.14257],[-118.02815,34.14223],[-118.02764,34.1419],[-118.02703,34.14151],[-118.02644,34.14113],[-118.02573,34.14068],[-118.02506,34.14025],[-118.0247,34.14001],[-118.02409,34.13966],[-118.02349,34.13931],[-118.02283,34.13889],[-118.02234,34.13862],[-118.02224,34.13857],[-118.0216,34.13826],[-118.02151,34.13821],[-118.02108,34.13803],[-118.02062,34.13788],[-118.02057,34.13786],[-118.0204,34.13782],[-118.01966,34.13761],[-118.01876,34.13736],[-118.01821,34.13721],[-118.01764,34.13705],[-118.01686,34.13683],[-118.01659,34.13676],[-118.01602,34.13661],[-118.01548,34.13646],[-118.0149,34.1363],[-118.01409,34.13608],[-118.01356,34.13594],[-118.013,34.13578],[-118.01231,34.1356],[-118.01175,34.13544],[-118.01117,34.13528],[-118.01065,34.13514],[-118.01013,34.13499],[-118.00951,34.13483],[-118.00926,34.13476],[-118.00859,34.13458],[-118.00808,34.13444],[-118.00788,34.13438],[-118.0077,34.13433],[-118.00756,34.13429],[-118.00714,34.13418],[-118.00668,34.13405],[-118.0061,34.1339],[-118.00562,34.13376],[-118.00513,34.13363],[-118.00458,34.13348],[-118.00403,34.13333],[-118.00353,34.13319],[-118.00309,34.13307],[-118.00253,34.13291],[-118.00239,34.13288],[-118.00185,34.13274],[-118.00154,34.13268],[-118.00083,34.13257],[-118.00021,34.13248],[-117.99973,34.13242],[-117.99933,34.13239],[-117.99886,34.13237],[-117.99822,34.13238],[-117.9973,34.13238],[-117.99645,34.13238],[-117.99577,34.13239],[-117.99501,34.13239],[-117.99433,34.13239],[-117.99347,34.13239],[-117.99278,34.13239],[-117.99192,34.1324],[-117.9912,34.1324],[-117.99022,34.1324],[-117.98931,34.13241],[-117.98919,34.13241],[-117.98901,34.13241],[-117.98841,34.13241],[-117.98781,34.13241],[-117.98715,34.13242],[-117.98633,34.13242],[-117.98587,34.13242],[-117.98506,34.13243],[-117.98428,34.13244],[-117.98333,34.13244],[-117.98263,34.13245],[-117.98195,34.13246],[-117.98142,34.13246],[-117.98108,34.13246],[-117.98046,34.13246],[-117.97997,34.13246],[-117.9796,34.13247],[-117.97906,34.13247],[-117.97832,34.13247],[-117.97757,34.13248],[-117.97688,34.13248],[-117.97619,34.13249],[-117.97535,34.13249],[-117.97463,34.1325],[-117.97407,34.1325],[-117.9733,34.1325],[-117.97243,34.13251],[-117.97168,34.13252],[-117.97078,34.13252],[-117.96989,34.13253],[-117.96961,34.13253],[-117.9693,34.13254],[-117.96912,34.13254],[-117.96891,34.13254],[-117.96827,34.13254],[-117.96751,34.13255],[-117.96669,34.13255],[-117.96657,34.13255],[-117.96623,34.13255],[-117.96554,34.13255],[-117.96485,34.13255],[-117.96434,34.13255],[-117.96373,34.13255],[-117.9631,34.13254],[-117.96229,34.13255],[-117.96147,34.13255],[-117.96088,34.13255],[-117.96028,34.13256],[-117.95945,34.13256],[-117.95884,34.13256],[-117.95837,34.13257],[-117.95762,34.13257],[-117.95705,34.13258],[-117.95626,34.13258],[-117.95562,34.13258],[-117.95494,34.13258],[-117.95409,34.13259],[-117.95375,34.13258],[-117.95361,34.13258],[-117.95344,34.13256],[-117.95329,34.13255],[-117.95294,34.13252],[-117.95269,34.13249],[-117.95247,34.13245],[-117.95205,34.13237],[-117.95176,34.1323],[-117.95132,34.13217],[-117.95116,34.13213],[-117.95082,34.13201],[-117.94866,34.13124],[-117.94811,34.13104],[-117.94768,34.13088],[-117.94717,34.1307],[-117.94678,34.13056],[-117.94635,34.1304],[-117.9459,34.13024],[-117.9451,34.12996],[-117.94462,34.1298],[-117.94418,34.12964],[-117.94365,34.12946],[-117.9431,34.12927],[-117.94254,34.12907],[-117.94198,34.12888],[-117.94165,34.12877],[-117.94117,34.12865],[-117.94048,34.12851],[-117.94007,34.12846],[-117.93975,34.12841],[-117.93891,34.12839],[-117.93801,34.12842],[-117.93704,34.12852],[-117.93632,34.12861],[-117.93523,34.12874],[-117.93466,34.12881],[-117.93382,34.12891],[-117.93297,34.12901],[-117.9324,34.12908],[-117.93133,34.12921],[-117.93044,34.12932],[-117.92964,34.12942],[-117.92861,34.12954],[-117.92753,34.12967],[-117.92748,34.12967],[-117.9267,34.12982],[-117.92587,34.13],[-117.9249,34.13026],[-117.92479,34.13029],[-117.92392,34.13056],[-117.92316,34.13079],[-117.92243,34.13101],[-117.92168,34.13124],[-117.92097,34.13146],[-117.92034,34.13165],[-117.91978,34.13183],[-117.91935,34.13195],[-117.91863,34.13218],[-117.91779,34.13244],[-117.91712,34.13264],[-117.91594,34.133],[-117.91527,34.1332],[-117.91445,34.13345],[-117.9136,34.13371],[-117.91333,34.13379],[-117.91288,34.13392],[-117.91219,34.13413],[-117.91117,34.13444],[-117.9104,34.13468],[-117.90974,34.1349],[-117.9088,34.13522],[-117.90766,34.13558],[-117.9075,34.13563],[-117.90696,34.13579],[-117.90643,34.13594],[-117.90552,34.13622],[-117.90494,34.13637],[-117.90442,34.13646],[-117.90393,34.13653],[-117.90383,34.13654],[-117.90311,34.13661],[-117.90236,34.13669],[-117.90114,34.13679],[-117.90039,34.13681],[-117.9,34.13681],[-117.89945,34.1368],[-117.89893,34.13678],[-117.89853,34.13676],[-117.89805,34.13674],[-117.89757,34.13671],[-117.8971,34.13669],[-117.89668,34.13667],[-117.89604,34.13664],[-117.8956,34.13663],[-117.89524,34.13663],[-117.89468,34.13662],[-117.89446,34.13663],[-117.89396,34.13664],[-117.89328,34.13669],[-117.89306,34.13671],[-117.89249,34.13676],[-117.89187,34.13683],[-117.89134,34.13688],[-117.89099,34.13692],[-117.89062,34.13696],[-117.89044,34.13698],[-117.8901,34.13701],[-117.88834,34.13732],[-117.88823,34.13735],[-117.88813,34.13737],[-117.88802,34.13739],[-117.88791,34.13742],[-117.88781,34.13744],[-117.8877,34.13746],[-117.8876,34.13748],[-117.8875,34.13751],[-117.88739,34.13753],[-117.88728,34.13755],[-117.88718,34.13758],[-117.88707,34.1376],[-117.88696,34.13762],[-117.88686,34.13765],[-117.88675,34.13767],[-117.88665,34.1377],[-117.88654,34.13772],[-117.88643,34.13774],[-117.88633,34.13777],[-117.88622,34.13779],[-117.88612,34.13781],[-117.88601,34.13784],[-117.8859,34.13786],[-117.8858,34.13788],[-117.88569,34.13791],[-117.88559,34.13793],[-117.88548,34.13795],[-117.88537,34.13797],[-117.88527,34.138],[-117.88516,34.13802],[-117.88505,34.13804],[-117.88495,34.13807],[-117.88484,34.13809],[-117.88474,34.13811],[-117.88463,34.13814],[-117.88452,34.13816],[-117.88444,34.13818],[-117.88434,34.1382],[-117.88423,34.13823],[-117.88412,34.13825],[-117.88402,34.13827],[-117.88391,34.13829],[-117.8838,34.13832],[-117.8837,34.13834],[-117.88359,34.13836],[-117.88355,34.13837],[-117.88344,34.13839],[-117.88333,34.13841],[-117.88322,34.13843],[-117.88312,34.13845],[-117.88301,34.13846],[-117.8829,34.13848],[-117.8828,34.1385],[-117.88269,34.13851],[-117.88258,34.13853],[-117.88247,34.13855],[-117.88237,34.13856],[-117.88226,34.13857],[-117.88215,34.13859],[-117.88204,34.1386],[-117.88193,34.13861],[-117.88183,34.13862],[-117.88172,34.13863],[-117.88161,34.13864],[-117.8815,34.13865],[-117.88139,34.13866],[-117.88129,34.13867],[-117.88118,34.13868],[-117.88107,34.13869],[-117.88096,34.13869],[-117.88085,34.1387],[-117.88074,34.1387],[-117.88063,34.13871],[-117.88053,34.13871],[-117.88047,34.13871],[-117.88036,34.13872],[-117.88025,34.13872],[-117.88014,34.13872],[-117.88003,34.13872],[-117.87993,34.13872],[-117.87982,34.13872],[-117.87971,34.13872],[-117.8796,34.13872],[-117.87949,34.13872],[-117.87941,34.13871],[-117.8793,34.13871],[-117.87919,34.1387],[-117.87909,34.13869],[-117.87898,34.13869],[-117.87887,34.13868],[-117.87876,34.13867],[-117.87865,34.13866],[-117.87855,34.13864],[-117.87844,34.13863],[-117.87833,34.13862],[-117.87822,34.1386],[-117.87811,34.13858],[-117.87801,34.13857],[-117.8779,34.13855],[-117.87779,34.13853],[-117.87769,34.13851],[-117.87758,34.13849],[-117.87747,34.13846],[-117.87737,34.13844],[-117.87726,34.13842],[-117.87716,34.13839],[-117.87705,34.13836],[-117.87695,34.13833],[-117.87684,34.13831],[-117.87674,34.13828],[-117.87663,34.13824],[-117.87653,34.13821],[-117.87643,34.13818],[-117.87632,34.13815],[-117.87622,34.13811],[-117.87612,34.13807],[-117.87602,34.13804],[-117.87591,34.138],[-117.87581,34.13796],[-117.87571,34.13792],[-117.87561,34.13788],[-117.87551,34.13783],[-117.87541,34.13779],[-117.87531,34.13775],[-117.87521,34.1377],[-117.87512,34.13765],[-117.87502,34.13761],[-117.87492,34.13756],[-117.87483,34.13751],[-117.87473,34.13746],[-117.87463,34.1374],[-117.87454,34.13735],[-117.87445,34.1373],[-117.8744,34.13727],[-117.87431,34.13722],[-117.87422,34.13716],[-117.87412,34.1371],[-117.87403,34.13704],[-117.87394,34.13699],[-117.87385,34.13692],[-117.87376,34.13687],[-117.87367,34.13681],[-117.87358,34.13675],[-117.87356,34.13674],[-117.87347,34.13668],[-117.87338,34.13662],[-117.87329,34.13656],[-117.8732,34.1365],[-117.87311,34.13644],[-117.87302,34.13638],[-117.87293,34.13632],[-117.87284,34.13626],[-117.87275,34.1362],[-117.87266,34.13614],[-117.87257,34.13608],[-117.87248,34.13602],[-117.87239,34.13596],[-117.87229,34.1359],[-117.8722,34.13584],[-117.87211,34.13578],[-117.87202,34.13572],[-117.87193,34.13566],[-117.87184,34.1356],[-117.87175,34.13554],[-117.87166,34.13548],[-117.87157,34.13542],[-117.87148,34.13536],[-117.87139,34.1353],[-117.8713,34.13524],[-117.87121,34.13518],[-117.87112,34.13512],[-117.87103,34.13506],[-117.87094,34.135],[-117.87085,34.13494],[-117.87076,34.13488],[-117.87067,34.13482],[-117.87058,34.13476],[-117.87049,34.1347],[-117.87039,34.13464],[-117.8703,34.13458],[-117.87021,34.13452],[-117.87012,34.13446],[-117.87003,34.1344],[-117.86994,34.13434],[-117.86985,34.13428],[-117.86976,34.13422],[-117.86974,34.1342],[-117.86965,34.13414],[-117.86956,34.13408],[-117.86948,34.13403],[-117.86939,34.13397],[-117.8693,34.13391],[-117.86921,34.13385],[-117.86912,34.13379],[-117.86903,34.13373],[-117.86898,34.1337],[-117.86889,34.13364],[-117.8688,34.13358],[-117.86872,34.13353],[-117.86863,34.13347],[-117.86854,34.13341],[-117.86844,34.13335],[-117.86835,34.13329],[-117.86826,34.13323],[-117.86821,34.13319],[-117.86812,34.13313],[-117.86803,34.13307],[-117.86795,34.13302],[-117.86786,34.13296],[-117.86777,34.1329],[-117.86768,34.13284],[-117.86759,34.13278],[-117.8675,34.13272],[-117.86745,34.13269],[-117.86736,34.13263],[-117.86727,34.13257],[-117.86719,34.13252],[-117.8671,34.13246],[-117.86701,34.1324],[-117.86692,34.13234],[-117.86683,34.13228],[-117.86674,34.13222],[-117.86665,34.13216],[-117.86655,34.1321],[-117.86646,34.13204],[-117.86637,34.13198],[-117.86628,34.13192],[-117.86619,34.13186],[-117.8661,34.1318],[-117.86601,34.13174],[-117.86592,34.13168],[-117.86583,34.13162],[-117.86577,34.13159],[-117.86568,34.13153],[-117.86559,34.13146],[-117.8655,34.13141],[-117.86541,34.13135],[-117.86532,34.13129],[-117.86522,34.13124],[-117.86522,34.13123],[-117.86513,34.13118],[-117.86503,34.13113],[-117.86494,34.13108],[-117.86484,34.13103],[-117.86474,34.13098],[-117.86467,34.13094],[-117.86457,34.1309],[-117.86447,34.13086],[-117.86437,34.13081],[-117.86427,34.13077],[-117.86416,34.13073],[-117.86406,34.13069],[-117.86405,34.13068],[-117.86395,34.13064],[-117.86384,34.1306],[-117.86374,34.13056],[-117.86364,34.13052],[-117.86355,34.13049],[-117.86345,34.13044],[-117.86335,34.1304],[-117.86325,34.13036],[-117.86315,34.13032],[-117.86305,34.13029],[-117.86294,34.13025],[-117.86284,34.13021],[-117.86277,34.13019],[-117.86267,34.13016],[-117.86256,34.13013],[-117.86246,34.1301],[-117.86235,34.13007],[-117.86225,34.13005],[-117.86214,34.13002],[-117.86204,34.13],[-117.86193,34.12998],[-117.86182,34.12996],[-117.86171,34.12995],[-117.86161,34.12993],[-117.8615,34.12992],[-117.86139,34.12991],[-117.86128,34.1299],[-117.86127,34.1299],[-117.86116,34.12989],[-117.86105,34.12988],[-117.86094,34.12988],[-117.86083,34.12988],[-117.86073,34.12987],[-117.86062,34.12987],[-117.86051,34.12987],[-117.86041,34.12987],[-117.8603,34.12987],[-117.86019,34.12987],[-117.86008,34.12987],[-117.85998,34.12987],[-117.85987,34.12987],[-117.85976,34.12986],[-117.85974,34.12986],[-117.85963,34.12986],[-117.85952,34.12986],[-117.85941,34.12986],[-117.85941,34.12986],[-117.8593,34.12986],[-117.85919,34.12986],[-117.85908,34.12986],[-117.85898,34.12986],[-117.85887,34.12986],[-117.85877,34.12986],[-117.85866,34.12986],[-117.85855,34.12986],[-117.85844,34.12986],[-117.85844,34.12986],[-117.85833,34.12986],[-117.85822,34.12986],[-117.85811,34.12986],[-117.858,34.12986],[-117.85789,34.12986],[-117.85778,34.12986],[-117.85768,34.12986],[-117.85757,34.12986],[-117.85746,34.12986],[-117.85735,34.12986],[-117.85724,34.12986],[-117.85713,34.12986],[-117.85702,34.12986],[-117.85691,34.12986],[-117.85681,34.12986],[-117.8567,34.12986],[-117.85659,34.12986],[-117.85648,34.12986],[-117.85637,34.12986],[-117.85626,34.12986],[-117.85615,34.12986],[-117.85604,34.12986],[-117.85594,34.12986],[-117.85583,34.12986],[-117.85572,34.12986],[-117.85561,34.12986],[-117.8555,34.12986],[-117.85539,34.12986],[-117.85528,34.12986],[-117.85518,34.12986],[-117.85507,34.12986],[-117.85496,34.12986],[-117.85485,34.12986],[-117.85474,34.12986],[-117.85463,34.12986],[-117.85452,34.12986],[-117.85442,34.12986],[-117.85431,34.12986],[-117.8542,34.12986],[-117.85409,34.12986],[-117.85398,34.12986],[-117.85387,34.12986],[-117.85376,34.12986],[-117.85366,34.12986],[-117.85355,34.12986],[-117.85344,34.12986],[-117.85333,34.12986],[-117.85322,34.12986],[-117.85311,34.12986],[-117.853,34.12986],[-117.8529,34.12986],[-117.85279,34.12986],[-117.85268,34.12986],[-117.85257,34.12986],[-117.85246,34.12986],[-117.85235,34.12986],[-117.85224,34.12986],[-117.85214,34.12986],[-117.85203,34.12986],[-117.85192,34.12986],[-117.85181,34.12986],[-117.8517,34.12986],[-117.85159,34.12986],[-117.85148,34.12986],[-117.85137,34.12986],[-117.85127,34.12986],[-117.85116,34.12986],[-117.85105,34.12986],[-117.85094,34.12986],[-117.85083,34.12986],[-117.85072,34.12986],[-117.85061,34.12986],[-117.8505,34.12986],[-117.8504,34.12986],[-117.85029,34.12986],[-117.85022,34.12986],[-117.85012,34.12986],[-117.85001,34.12986],[-117.8499,34.12986],[-117.8499,34.12986],[-117.84979,34.12986],[-117.84968,34.12986],[-117.84957,34.12986],[-117.84946,34.12986],[-117.84935,34.12986],[-117.84924,34.12986],[-117.84917,34.12986],[-117.84906,34.12986],[-117.84895,34.12986],[-117.84884,34.12986],[-117.84884,34.12986],[-117.84873,34.12986],[-117.84862,34.12985],[-117.84851,34.12985],[-117.8484,34.12985],[-117.84829,34.12985],[-117.84819,34.12985],[-117.84818,34.12985],[-117.84807,34.12985],[-117.84797,34.12985],[-117.84786,34.12985],[-117.84785,34.12985],[-117.84775,34.12985],[-117.84764,34.12985],[-117.84753,34.12985],[-117.84742,34.12985],[-117.84731,34.12985],[-117.8472,34.12985],[-117.84711,34.12985],[-117.84701,34.12985],[-117.8469,34.12985],[-117.84679,34.12985],[-117.84678,34.12985],[-117.84668,34.12985],[-117.84657,34.12985],[-117.84646,34.12985],[-117.84635,34.12985],[-117.84624,34.12985],[-117.84613,34.12985],[-117.84602,34.12985],[-117.84592,34.12985],[-117.84581,34.12985],[-117.8457,34.12985],[-117.84559,34.12985],[-117.84548,34.12985],[-117.84537,34.12985],[-117.84526,34.12985],[-117.84515,34.12985],[-117.84505,34.12985],[-117.84494,34.12985],[-117.84483,34.12985],[-117.84472,34.12985],[-117.84461,34.12985],[-117.8445,34.12985],[-117.84439,34.12985],[-117.84428,34.12985],[-117.84418,34.12985],[-117.84407,34.12985],[-117.84396,34.12985],[-117.84385,34.12985],[-117.84374,34.12985],[-117.84363,34.12985],[-117.84352,34.12985],[-117.84342,34.12985],[-117.84331,34.12985],[-117.8432,34.12985],[-117.84309,34.12985],[-117.84298,34.12985],[-117.84287,34.12985],[-117.84276,34.12985],[-117.84266,34.12985],[-117.84255,34.12985],[-117.84244,34.12985],[-117.84233,34.12985],[-117.84222,34.12985],[-117.84211,34.12985],[-117.842,34.12985],[-117.8419,34.12985],[-117.84179,34.12985],[-117.84168,34.12985],[-117.84157,34.12985],[-117.84146,34.12985],[-117.84135,34.12985],[-117.84124,34.12985],[-117.84113,34.12985],[-117.84103,34.12985],[-117.84092,34.12985],[-117.84081,34.12985],[-117.8407,34.12985],[-117.84059,34.12985],[-117.84048,34.12985],[-117.84037,34.12985],[-117.84027,34.12985],[-117.84016,34.12985],[-117.84005,34.12985],[-117.83994,34.12985],[-117.83983,34.12985],[-117.83972,34.12985],[-117.83961,34.12985],[-117.83951,34.12985],[-117.83943,34.12985],[-117.83942,34.12985],[-117.83932,34.12985],[-117.83921,34.12985],[-117.8391,34.12985],[-117.83899,34.12985],[-117.83888,34.12985],[-117.83877,34.12985],[-117.83867,34.12984],[-117.83856,34.12984],[-117.83845,34.12983],[-117.83834,34.12982],[-117.83827,34.12982],[-117.83816,34.12981],[-117.83805,34.1298],[-117.83795,34.12979],[-117.83784,34.12977],[-117.83773,34.12976],[-117.83762,34.12974],[-117.83752,34.12972],[-117.83741,34.1297],[-117.8373,34.12967],[-117.8372,34.12965],[-117.83709,34.12962],[-117.83699,34.1296],[-117.83688,34.12957],[-117.83678,34.12954],[-117.83667,34.12951],[-117.83657,34.12947],[-117.83647,34.12944],[-117.83639,34.12941],[-117.83629,34.12937],[-117.83619,34.12933],[-117.8361,34.12929],[-117.836,34.12924],[-117.8359,34.1292],[-117.8358,34.12915],[-117.8357,34.12911],[-117.8356,34.12906],[-117.83551,34.12901],[-117.83541,34.12896],[-117.83532,34.1289],[-117.83522,34.12885],[-117.83514,34.1288],[-117.83505,34.12874],[-117.83495,34.12868],[-117.83488,34.12863],[-117.83479,34.12857],[-117.8347,34.1285],[-117.83461,34.12844],[-117.83453,34.12837],[-117.83445,34.1283],[-117.83436,34.12823],[-117.83428,34.12816],[-117.8342,34.12808],[-117.83413,34.12801],[-117.83405,34.12793],[-117.83397,34.12785],[-117.8339,34.12777],[-117.83385,34.12771],[-117.83378,34.12763],[-117.83371,34.12754],[-117.83365,34.12745],[-117.8336,34.12739],[-117.83353,34.1273],[-117.83347,34.12721],[-117.83341,34.12712],[-117.83334,34.12703],[-117.83328,34.12694],[-117.83322,34.12685],[-117.83322,34.12684],[-117.83316,34.12675],[-117.8331,34.12666],[-117.83307,34.1266],[-117.83301,34.1265],[-117.83296,34.12641],[-117.83291,34.12631],[-117.83286,34.12622],[-117.83281,34.12612],[-117.83277,34.12602],[-117.83273,34.12592],[-117.83269,34.12582],[-117.83265,34.12572],[-117.83261,34.12561],[-117.83258,34.12551],[-117.83255,34.12541],[-117.83252,34.1253],[-117.83249,34.1252],[-117.83246,34.12509],[-117.83246,34.12509],[-117.83244,34.12498],[-117.83242,34.12488],[-117.8324,34.12477],[-117.83238,34.12466],[-117.83237,34.12455],[-117.83235,34.12445],[-117.83235,34.12441],[-117.83233,34.1243],[-117.83231,34.12419],[-117.8323,34.12409],[-117.83228,34.12398],[-117.83226,34.12387],[-117.83225,34.12376],[-117.83223,34.12366],[-117.83222,34.12355],[-117.8322,34.12344],[-117.83218,34.12333],[-117.83217,34.12323],[-117.83215,34.12312],[-117.83215,34.1231],[-117.83213,34.12299],[-117.83212,34.12289],[-117.8321,34.12278],[-117.83208,34.12267],[-117.83206,34.12256],[-117.83204,34.12246],[-117.83203,34.12242],[-117.83201,34.12231],[-117.83199,34.12221],[-117.83196,34.1221],[-117.83193,34.122],[-117.8319,34.12189],[-117.83187,34.12179],[-117.83183,34.12169],[-117.8318,34.12159],[-117.83176,34.12148],[-117.83172,34.12138],[-117.83168,34.12128],[-117.83164,34.12118],[-117.83159,34.12108],[-117.83155,34.12098],[-117.8315,34.12089],[-117.83145,34.12079],[-117.8314,34.12069],[-117.83135,34.1206],[-117.83129,34.1205],[-117.83124,34.12041],[-117.83118,34.12032],[-117.83112,34.12022],[-117.83106,34.12013],[-117.831,34.12004],[-117.83094,34.11995],[-117.83088,34.11987],[-117.83081,34.11978],[-117.83078,34.11974],[-117.83072,34.11966],[-117.83065,34.11957],[-117.83058,34.11949],[-117.83051,34.1194],[-117.83044,34.11932],[-117.83037,34.11924],[-117.83032,34.11917],[-117.83025,34.11909],[-117.83018,34.11901],[-117.83011,34.11893],[-117.83003,34.11884],[-117.83,34.1188],[-117.82993,34.11872],[-117.82986,34.11863],[-117.82979,34.11855],[-117.82975,34.11851],[-117.82969,34.11842],[-117.82962,34.11834],[-117.82955,34.11825],[-117.82949,34.11816],[-117.82943,34.11807],[-117.82943,34.11807],[-117.82936,34.11799],[-117.8293,34.1179],[-117.82924,34.11781],[-117.82921,34.11776],[-117.82915,34.11767],[-117.82909,34.11758],[-117.82903,34.11749],[-117.82897,34.1174],[-117.82895,34.11737],[-117.82889,34.11728],[-117.82883,34.11719],[-117.82878,34.11713],[-117.82872,34.11704],[-117.82866,34.11695],[-117.8286,34.11686],[-117.82853,34.11678],[-117.8285,34.11674],[-117.82844,34.11665],[-117.82837,34.11657],[-117.82833,34.11651],[-117.82826,34.11642],[-117.82819,34.11634],[-117.82813,34.11625],[-117.82806,34.11617],[-117.82799,34.11608],[-117.82792,34.116],[-117.82786,34.11591],[-117.82779,34.11582],[-117.82772,34.11574],[-117.82766,34.11565],[-117.82759,34.11557],[-117.82752,34.11548],[-117.82746,34.1154],[-117.82739,34.11531],[-117.82732,34.11523],[-117.82726,34.11514],[-117.82719,34.11505],[-117.82712,34.11497],[-117.82706,34.11488],[-117.82699,34.1148],[-117.82692,34.11471],[-117.82686,34.11462],[-117.82679,34.11454],[-117.82672,34.11445],[-117.82666,34.11437],[-117.82659,34.11428],[-117.82652,34.1142],[-117.82645,34.11411],[-117.82639,34.11402],[-117.82632,34.11394],[-117.82626,34.11385],[-117.8262,34.11379],[-117.82614,34.1137],[-117.82607,34.11362],[-117.826,34.11353],[-117.82593,34.11345],[-117.82587,34.11336],[-117.82584,34.11333],[-117.82577,34.11325],[-117.8257,34.11317],[-117.82563,34.11308],[-117.82555,34.113],[-117.82548,34.11292],[-117.8254,34.11285],[-117.82533,34.11277],[-117.82525,34.11269],[-117.82517,34.11261],[-117.8251,34.11254],[-117.82502,34.11246],[-117.82494,34.11239],[-117.82486,34.11232],[-117.82478,34.11225],[-117.8247,34.11218],[-117.82462,34.11211],[-117.82453,34.11204],[-117.82445,34.11197],[-117.82437,34.11191],[-117.82428,34.11184],[-117.82423,34.1118],[-117.82415,34.11173],[-117.82406,34.11166],[-117.82398,34.11159],[-117.82389,34.11152],[-117.82381,34.11145],[-117.82376,34.11142],[-117.82368,34.11135],[-117.82359,34.11128],[-117.82351,34.11121],[-117.82342,34.11115],[-117.82336,34.11109],[-117.82327,34.11103],[-117.82318,34.11096],[-117.82309,34.1109],[-117.82301,34.11084],[-117.82292,34.11077],[-117.82283,34.11071],[-117.82274,34.11065],[-117.82271,34.11063],[-117.82262,34.11057],[-117.82253,34.11051],[-117.82245,34.11046],[-117.82236,34.1104],[-117.82227,34.11034],[-117.82218,34.11028],[-117.82209,34.11023],[-117.82199,34.11017],[-117.8219,34.11011],[-117.82181,34.11006],[-117.82171,34.11],[-117.82162,34.10995],[-117.82152,34.10989],[-117.82143,34.10984],[-117.82134,34.10979],[-117.82124,34.10973],[-117.82115,34.10968],[-117.82105,34.10963],[-117.82095,34.10958],[-117.82086,34.10953],[-117.82076,34.10948],[-117.82066,34.10943],[-117.82057,34.10938],[-117.82047,34.10933],[-117.82037,34.10928],[-117.82027,34.10924],[-117.82018,34.10919],[-117.82008,34.10914],[-117.81998,34.1091],[-117.81988,34.10905],[-117.81978,34.10901],[-117.81968,34.10896],[-117.81958,34.10892],[-117.81948,34.10888],[-117.81938,34.10883],[-117.81928,34.10879],[-117.81918,34.10875],[-117.81908,34.10871],[-117.81898,34.10867],[-117.81888,34.10863],[-117.81878,34.10859],[-117.81868,34.10855],[-117.81858,34.10851],[-117.81848,34.10847],[-117.81837,34.10844],[-117.81827,34.1084],[-117.81817,34.10836],[-117.81807,34.10833],[-117.81796,34.10829],[-117.81786,34.10826],[-117.81776,34.10822],[-117.81765,34.10819],[-117.81755,34.10815],[-117.81745,34.10812],[-117.81734,34.10809],[-117.81724,34.10806],[-117.81714,34.10803],[-117.81703,34.108],[-117.81693,34.10797],[-117.81682,34.10794],[-117.81672,34.10791],[-117.81661,34.10788],[-117.81651,34.10785],[-117.81645,34.10784],[-117.81635,34.10781],[-117.81624,34.10778],[-117.81614,34.10775],[-117.81603,34.10773],[-117.81595,34.10771],[-117.81584,34.10768],[-117.81574,34.10765],[-117.81563,34.10763],[-117.81553,34.1076],[-117.81542,34.10757],[-117.81531,34.10755],[-117.81521,34.10752],[-117.8151,34.1075],[-117.815,34.10747],[-117.81489,34.10744],[-117.81479,34.10742],[-117.81468,34.10739],[-117.81458,34.10737],[-117.81447,34.10734],[-117.81437,34.10731],[-117.81426,34.10729],[-117.81416,34.10726],[-117.81405,34.10723],[-117.81395,34.10721],[-117.81384,34.10718],[-117.81373,34.10715],[-117.81363,34.10713],[-117.81352,34.1071],[-117.81342,34.10708],[-117.81331,34.10705],[-117.81321,34.10702],[-117.8131,34.107],[-117.813,34.10697],[-117.81289,34.10694],[-117.81279,34.10692],[-117.81268,34.10689],[-117.81257,34.10686],[-117.81247,34.10684],[-117.81236,34.10681],[-117.81226,34.10679],[-117.81215,34.10676],[-117.81205,34.10673],[-117.81194,34.10671],[-117.81184,34.10668],[-117.81173,34.10665],[-117.81163,34.10663],[-117.81152,34.1066],[-117.81142,34.10657],[-117.81131,34.10655],[-117.81121,34.10652],[-117.8111,34.1065],[-117.81099,34.10647],[-117.81089,34.10644],[-117.81078,34.10642],[-117.81068,34.10639],[-117.81057,34.10636],[-117.81047,34.10634],[-117.81036,34.10631],[-117.81026,34.10628],[-117.81015,34.10626],[-117.81005,34.10623],[-117.80994,34.10621],[-117.80984,34.10618],[-117.80973,34.10615],[-117.80963,34.10613],[-117.80953,34.1061],[-117.80942,34.10608],[-117.80932,34.10605],[-117.80932,34.10605],[-117.80921,34.10603],[-117.80911,34.106],[-117.809,34.10597],[-117.8089,34.10595],[-117.80879,34.10592],[-117.8087,34.1059],[-117.80859,34.10587],[-117.80849,34.10585],[-117.80838,34.10582],[-117.80838,34.10582],[-117.80827,34.1058],[-117.80817,34.10577],[-117.80806,34.10575],[-117.80796,34.10572],[-117.80785,34.1057],[-117.80776,34.10568],[-117.80766,34.10565],[-117.80755,34.10563],[-117.80745,34.1056],[-117.80744,34.1056],[-117.80734,34.10557],[-117.80723,34.10555],[-117.80713,34.10552],[-117.80702,34.1055],[-117.80692,34.10547],[-117.80683,34.10545],[-117.80672,34.10542],[-117.80661,34.1054],[-117.80651,34.10537],[-117.80651,34.10537],[-117.8064,34.10534],[-117.8063,34.10532],[-117.80619,34.10529],[-117.80609,34.10527],[-117.80598,34.10524],[-117.80588,34.10521],[-117.80577,34.10519],[-117.80567,34.10516],[-117.80556,34.10513],[-117.80546,34.10511],[-117.80535,34.10508],[-117.80524,34.10505],[-117.80514,34.10503],[-117.80503,34.105],[-117.80493,34.10498],[-117.80482,34.10495],[-117.80472,34.10492],[-117.80461,34.1049],[-117.80451,34.10487],[-117.8045,34.10487],[-117.80439,34.10484],[-117.80429,34.10482],[-117.80418,34.10479],[-117.80418,34.10479],[-117.80408,34.10476],[-117.80397,34.10474],[-117.80387,34.10471],[-117.80376,34.10468],[-117.80366,34.10466],[-117.80355,34.10463],[-117.80349,34.10462],[-117.80339,34.10459],[-117.80328,34.10457],[-117.80318,34.10454],[-117.80318,34.10454],[-117.80307,34.10451],[-117.80297,34.10449],[-117.80286,34.10446],[-117.80276,34.10444],[-117.80265,34.10441],[-117.80254,34.10439],[-117.80244,34.10436],[-117.80233,34.10433],[-117.80223,34.10431],[-117.80212,34.10428],[-117.80202,34.10426],[-117.80191,34.10423],[-117.80181,34.1042],[-117.8017,34.10418],[-117.8016,34.10415],[-117.80149,34.10413],[-117.80138,34.1041],[-117.80128,34.10407],[-117.80117,34.10405],[-117.80107,34.10402],[-117.80096,34.104],[-117.80086,34.10397],[-117.80075,34.10394],[-117.80065,34.10392],[-117.80054,34.10389],[-117.80044,34.10387],[-117.80033,34.10384],[-117.80022,34.10381],[-117.80012,34.10379],[-117.80001,34.10376],[-117.79991,34.10374],[-117.7998,34.10371],[-117.7997,34.10368],[-117.79959,34.10366],[-117.79949,34.10363],[-117.79938,34.10361],[-117.79927,34.10358],[-117.79917,34.10356],[-117.79906,34.10353],[-117.79896,34.1035],[-117.79885,34.10348],[-117.79875,34.10345],[-117.79864,34.10343],[-117.79854,34.1034],[-117.79843,34.10337],[-117.79833,34.10335],[-117.79822,34.10332],[-117.79811,34.1033],[-117.79801,34.10327],[-117.7979,34.10324],[-117.7978,34.10322],[-117.79769,34.10319],[-117.79759,34.10317],[-117.79748,34.10314],[-117.79738,34.10311],[-117.79727,34.10309],[-117.79717,34.10306],[-117.79706,34.10304],[-117.79695,34.10301],[-117.79685,34.10298],[-117.79674,34.10296],[-117.79664,34.10293],[-117.79653,34.10291],[-117.79643,34.10288],[-117.79632,34.10285],[-117.79622,34.10283],[-117.79617,34.10282],[-117.79606,34.10279],[-117.79596,34.10276],[-117.79585,34.10274],[-117.79585,34.10274],[-117.79575,34.10271],[-117.79564,34.10269],[-117.79554,34.10266],[-117.79543,34.10263],[-117.79533,34.10261],[-117.79522,34.10258],[-117.79522,34.10258],[-117.79511,34.10255],[-117.79501,34.10252],[-117.7949,34.1025],[-117.7948,34.10247],[-117.7947,34.10244],[-117.79459,34.10241],[-117.79448,34.10239],[-117.79438,34.10236],[-117.79427,34.10233],[-117.79417,34.1023],[-117.79406,34.10228],[-117.79396,34.10225],[-117.79385,34.10222],[-117.79375,34.1022],[-117.79364,34.10217],[-117.79354,34.10214],[-117.79345,34.10212],[-117.79335,34.10209],[-117.79324,34.10206],[-117.79314,34.10204],[-117.79303,34.10201],[-117.79293,34.10198],[-117.79282,34.10196],[-117.79282,34.10196],[-117.79272,34.10193],[-117.79261,34.10191],[-117.79251,34.10188],[-117.7924,34.10186],[-117.79229,34.10183],[-117.79219,34.10181],[-117.79208,34.10179],[-117.79198,34.10177],[-117.79187,34.10174],[-117.79176,34.10172],[-117.79166,34.1017],[-117.79155,34.10168],[-117.79144,34.10166],[-117.79134,34.10164],[-117.79123,34.10162],[-117.79112,34.1016],[-117.79102,34.10159],[-117.79091,34.10157],[-117.7908,34.10155],[-117.79069,34.10154],[-117.79058,34.10152],[-117.79048,34.10151],[-117.79037,34.10149],[-117.79026,34.10148],[-117.79015,34.10146],[-117.79005,34.10145],[-117.78994,34.10144],[-117.78983,34.10142],[-117.78973,34.10141],[-117.78962,34.1014],[-117.78951,34.10139],[-117.7894,34.10138],[-117.78929,34.10137],[-117.78919,34.10136],[-117.78908,34.10135],[-117.78907,34.10135],[-117.78896,34.10134],[-117.78885,34.10133],[-117.78875,34.10132],[-117.78864,34.10131],[-117.78853,34.1013],[-117.78842,34.10129],[-117.78831,34.10128],[-117.78821,34.10127],[-117.7881,34.10126],[-117.78799,34.10125],[-117.78788,34.10124],[-117.78777,34.10123],[-117.78767,34.10122],[-117.78756,34.10121],[-117.78745,34.1012],[-117.78734,34.10119],[-117.78723,34.10118],[-117.78712,34.10117],[-117.78702,34.10116],[-117.78691,34.10115],[-117.7868,34.10114],[-117.78669,34.10113],[-117.78658,34.10112],[-117.78647,34.10111],[-117.78637,34.1011],[-117.78626,34.10109],[-117.78615,34.10108],[-117.78604,34.10107],[-117.78593,34.10106],[-117.78583,34.10105],[-117.78572,34.10104],[-117.78561,34.10103],[-117.7855,34.10102],[-117.78539,34.10101],[-117.78529,34.101],[-117.78518,34.10099],[-117.78507,34.10098],[-117.78496,34.10097],[-117.78485,34.10096],[-117.78474,34.10095],[-117.78464,34.10094],[-117.78453,34.10093],[-117.78442,34.10092],[-117.78431,34.10091],[-117.7842,34.1009],[-117.7841,34.10089],[-117.78399,34.10088],[-117.78388,34.10087],[-117.78377,34.10086],[-117.78366,34.10085],[-117.78356,34.10084],[-117.78345,34.10083],[-117.78334,34.10082],[-117.78323,34.10081],[-117.78312,34.1008],[-117.78301,34.10079],[-117.78297,34.10078],[-117.78287,34.10077],[-117.78276,34.10076],[-117.78265,34.10075],[-117.78258,34.10075],[-117.78247,34.10073],[-117.78236,34.10072],[-117.78226,34.10071],[-117.78215,34.1007],[-117.78204,34.10068],[-117.78193,34.10067],[-117.78187,34.10066],[-117.78177,34.10065],[-117.78166,34.10063],[-117.78155,34.10062],[-117.78148,34.10061],[-117.78138,34.10059],[-117.78127,34.10057],[-117.78116,34.10056],[-117.78105,34.10054],[-117.78095,34.10053],[-117.78084,34.10051],[-117.78077,34.1005],[-117.78066,34.10049],[-117.78056,34.10047],[-117.78045,34.10045],[-117.78034,34.10044],[-117.78023,34.10042],[-117.78019,34.10041],[-117.78008,34.10039],[-117.77997,34.10037],[-117.77986,34.10036],[-117.77976,34.10033],[-117.77965,34.10031],[-117.77954,34.10029],[-117.77944,34.10027],[-117.77933,34.10024],[-117.77923,34.10022],[-117.77912,34.10019],[-117.77908,34.10019],[-117.77898,34.10016],[-117.77887,34.10013],[-117.77877,34.1001],[-117.77866,34.10007],[-117.77861,34.10006],[-117.7785,34.10003],[-117.7784,34.1],[-117.7783,34.09998],[-117.77819,34.09995],[-117.77809,34.09992],[-117.77798,34.09989],[-117.77788,34.09986],[-117.77777,34.09983],[-117.77767,34.0998],[-117.77756,34.09977],[-117.7775,34.09975],[-117.7774,34.09972],[-117.77729,34.09969],[-117.77719,34.09966],[-117.77708,34.09963],[-117.77698,34.0996],[-117.77688,34.09957],[-117.77677,34.09954],[-117.77667,34.09951],[-117.77656,34.09948],[-117.7765,34.09946],[-117.77639,34.09943],[-117.77629,34.0994],[-117.77619,34.09937],[-117.77608,34.09934],[-117.77598,34.09931],[-117.77587,34.09929],[-117.77577,34.09926],[-117.77566,34.09923],[-117.77556,34.0992],[-117.77548,34.09918],[-117.77537,34.09915],[-117.77527,34.09912],[-117.77516,34.09909],[-117.77505,34.09907],[-117.77495,34.09904],[-117.77484,34.09901],[-117.77474,34.09898],[-117.77463,34.09896],[-117.77454,34.09893],[-117.77443,34.0989],[-117.77433,34.09888],[-117.77422,34.09885],[-117.77411,34.09882],[-117.77401,34.0988],[-117.7739,34.09877],[-117.7738,34.09874],[-117.77369,34.09871],[-117.77361,34.09869],[-117.7735,34.09866],[-117.77339,34.09864],[-117.77329,34.09861],[-117.77329,34.09861],[-117.77318,34.09858],[-117.77308,34.09856],[-117.77297,34.09853],[-117.77287,34.0985],[-117.77276,34.09848],[-117.77266,34.09845],[-117.77255,34.09842],[-117.77255,34.09842],[-117.77245,34.0984],[-117.77234,34.09837],[-117.77223,34.09834],[-117.77223,34.09834],[-117.77213,34.09832],[-117.77202,34.09829],[-117.77192,34.09826],[-117.77181,34.09823],[-117.77171,34.09821],[-117.77162,34.09818],[-117.77151,34.09816],[-117.77141,34.09813],[-117.7713,34.0981],[-117.7712,34.09807],[-117.77109,34.09805],[-117.77099,34.09802],[-117.77088,34.09799],[-117.77078,34.09796],[-117.77067,34.09794],[-117.77057,34.09791],[-117.77046,34.09788],[-117.77036,34.09785],[-117.77025,34.09783],[-117.77015,34.0978],[-117.77004,34.09777],[-117.76994,34.09775],[-117.76983,34.09772],[-117.76973,34.09769],[-117.76962,34.09766],[-117.76952,34.09763],[-117.76941,34.09761],[-117.76931,34.09758],[-117.7692,34.09755],[-117.7691,34.09752],[-117.76899,34.0975],[-117.76889,34.09747],[-117.76878,34.09744],[-117.76868,34.09741],[-117.76857,34.09739],[-117.76847,34.09736],[-117.76836,34.09733],[-117.76826,34.0973],[-117.76815,34.09728],[-117.76805,34.09725],[-117.76794,34.09722],[-117.76784,34.09719],[-117.76773,34.09717],[-117.76763,34.09714],[-117.76752,34.09711],[-117.76741,34.09708],[-117.76731,34.09706],[-117.76721,34.09703],[-117.7671,34.097],[-117.76699,34.09698],[-117.76689,34.09695],[-117.76678,34.09692],[-117.76668,34.09689],[-117.76658,34.09687],[-117.76647,34.09684],[-117.76636,34.09681],[-117.76626,34.09678],[-117.76615,34.09676],[-117.76605,34.09673],[-117.76594,34.0967],[-117.76584,34.09667],[-117.76573,34.09665],[-117.76563,34.09662],[-117.76552,34.09659],[-117.76542,34.09656],[-117.76531,34.09654],[-117.76521,34.09651],[-117.7651,34.09648],[-117.765,34.09645],[-117.76489,34.09643],[-117.76479,34.0964],[-117.76468,34.09637],[-117.76458,34.09634],[-117.76447,34.09632],[-117.76437,34.09629],[-117.76426,34.09626],[-117.76416,34.09623],[-117.76405,34.09621],[-117.76395,34.09618],[-117.76384,34.09615],[-117.76374,34.09612],[-117.76363,34.0961],[-117.76353,34.09607],[-117.76342,34.09604],[-117.76332,34.09601],[-117.76321,34.09599],[-117.76311,34.09596],[-117.763,34.09593],[-117.7629,34.0959],[-117.76279,34.09588],[-117.76269,34.09585],[-117.76258,34.09582],[-117.76248,34.09579],[-117.76237,34.09577],[-117.76227,34.09574],[-117.76216,34.09571],[-117.76206,34.09568],[-117.76195,34.09566],[-117.76184,34.09563],[-117.76174,34.0956],[-117.76163,34.09557],[-117.76153,34.09555],[-117.76143,34.09552],[-117.76132,34.09549],[-117.76122,34.09546],[-117.76111,34.09544],[-117.761,34.09541],[-117.7609,34.09538],[-117.76079,34.09535],[-117.76069,34.09533],[-117.76058,34.0953],[-117.76048,34.09527],[-117.76037,34.09524],[-117.76027,34.09522],[-117.76016,34.09519],[-117.76006,34.09516],[-117.75995,34.09513],[-117.75985,34.09511],[-117.75974,34.09508],[-117.75964,34.09505],[-117.75953,34.09502],[-117.75943,34.095],[-117.75932,34.09497],[-117.75922,34.09494],[-117.75911,34.09491],[-117.75901,34.09489],[-117.7589,34.09486],[-117.7588,34.09483],[-117.75869,34.0948],[-117.75859,34.09478],[-117.75848,34.09475],[-117.75838,34.09472],[-117.75827,34.09469],[-117.75817,34.09467],[-117.75806,34.09464],[-117.75796,34.09461],[-117.75791,34.0946],[-117.75781,34.09457],[-117.7577,34.09455],[-117.7576,34.09452],[-117.75749,34.09449],[-117.75738,34.09447],[-117.75737,34.09446],[-117.75727,34.09444],[-117.75716,34.09442],[-117.75706,34.0944],[-117.75695,34.09438],[-117.75684,34.09436],[-117.75683,34.09436],[-117.75672,34.09434],[-117.75661,34.09432],[-117.75651,34.09431],[-117.7564,34.09429],[-117.75629,34.09428],[-117.75628,34.09427],[-117.75617,34.09426],[-117.75606,34.09424],[-117.75596,34.09423],[-117.75585,34.09421],[-117.75574,34.0942],[-117.75563,34.09418],[-117.75552,34.09417],[-117.75542,34.09415],[-117.75531,34.09414],[-117.7552,34.09412],[-117.75509,34.09411],[-117.75502,34.0941],[-117.75491,34.09408],[-117.7548,34.09407],[-117.75469,34.09405],[-117.75459,34.09404],[-117.75456,34.09404],[-117.75445,34.09403],[-117.75434,34.09402],[-117.75423,34.09401],[-117.75413,34.09401],[-117.75412,34.09401],[-117.75401,34.09401],[-117.7539,34.09401],[-117.75379,34.09401],[-117.75368,34.09401],[-117.75365,34.09401],[-117.75355,34.09401],[-117.75344,34.09401],[-117.75333,34.09401],[-117.75322,34.09401],[-117.75311,34.09401],[-117.753,34.09401],[-117.75289,34.09401],[-117.75278,34.09401],[-117.75268,34.09401],[-117.75257,34.09401],[-117.75246,34.09402],[-117.75235,34.09402],[-117.75224,34.09402],[-117.75213,34.09402],[-117.75202,34.09402],[-117.75191,34.09402],[-117.75181,34.09402],[-117.7517,34.09402],[-117.75159,34.09402],[-117.75148,34.09403],[-117.75137,34.09403],[-117.75126,34.09403],[-117.75115,34.09403],[-117.75105,34.09403],[-117.75094,34.09403],[-117.75083,34.09403],[-117.75072,34.09403],[-117.75061,34.09403],[-117.7505,34.09403],[-117.75044,34.09403],[-117.75033,34.09403],[-117.75022,34.09404],[-117.75011,34.09404],[-117.75011,34.09404],[-117.75,34.09404],[-117.74989,34.09404],[-117.74979,34.09404],[-117.74968,34.09404],[-117.74957,34.09404],[-117.74946,34.09403],[-117.74935,34.09403],[-117.74924,34.09403],[-117.74913,34.09403],[-117.74903,34.09403],[-117.74898,34.09403]]},"properties":{"routeId":"801","name":"Metro A Line","shortName":"","color":"#0072BC","textColor":"#FFFFFF","system":"lametro"}}]}