{"type":"FeatureCollection","features":[{"type":"Feature","geometry":{"type":"LineString","coordinates":[[-118.23418,34.05434],[-118.23412,34.05462],[-118.234,34.05516],[-118.23389,34.0557],[-118.23377,34.05624],[-118.23365,34.05678],[-118.23354,34.05732],[-118.23343,34.05787],[-118.23337,34.05841],[-118.2332,34.05894],[-118.23295,34.05945],[-118.2327,34.05996],[-118.23244,34.06046],[-118.23218,34.06097],[-118.23177,34.06139],[-118.23121,34.06168],[-118.23056,34.06177],[-118.22991,34.06183],[-118.22925,34.06188],[-118.2286,34.06183],[-118.22804,34.06155],[-118.22764,34.06111],[-118.22743,34.06059],[-118.22731,34.06005],[-118.22722,34.05951],[-118.22714,34.05896],[-118.22706,34.05842],[-118.22699,34.05787],[-118.22691,34.05733],[-118.22684,34.05678],[-118.22687,34.05623],[-118.22704,34.0557],[-118.22734,34.05522],[-118.22773,34.05477],[-118.22813,34.05434],[-118.22853,34.0539],[-118.22892,34.05345],[-118.22922,34.05297],[-118.2294,34.05244],[-118.22954,34.0519],[-118.22968,34.05136],[-118.22982,34.05083],[-118.22997,34.05029],[-118.23011,34.04975],[-118.23026,34.04922],[-118.2304,34.04868],[-118.23052,34.04814],[-118.23054,34.04759],[-118.23047,34.04705],[-118.23035,34.04651],[-118.23023,34.04597],[-118.2301,34.04543],[-118.22998,34.04489],[-118.22986,34.04435],[-118.22974,34.04381],[-118.22962,34.04327],[-118.22949,34.04273],[-118.22937,34.04219],[-118.22925,34.04165],[-118.22913,34.04111],[-118.22901,34.04057],[-118.22888,34.04003],[-118.22876,34.03949],[-118.22864,34.03895],[-118.22852,34.03841],[-118.2284,34.03787],[-118.22827,34.03733],[-118.22815,34.03679],[-118.22803,34.03625],[-118.22791,34.03571],[-118.22779,34.03516],[-118.22766,34.03462],[-118.22754,34.03408],[-118.22742,34.03354],[-118.2273,34.03301],[-118.22718,34.03247],[-118.22705,34.03193],[-118.22693,34.03139],[-118.22681,34.03084],[-118.22669,34.0303],[-118.22656,34.02976],[-118.22644,34.02922],[-118.22632,34.02868],[-118.2262,34.02814],[-118.22608,34.0276],[-118.22595,34.02706],[-118.22583,34.02652],[-118.22571,34.02598],[-118.22559,34.02544],[-118.22547,34.0249],[-118.22534,34.02436],[-118.22522,34.02382],[-118.2251,34.02328],[-118.22498,34.02274],[-118.22485,34.0222],[-118.22474,34.02166],[-118.22469,34.02111],[-118.22468,34.02056],[-118.22472,34.02002],[-118.22475,34.01947],[-118.22474,34.01892],[-118.22463,34.01838],[-118.22439,34.01787],[-118.22404,34.0174],[-118.22359,34.017],[-118.22306,34.01668],[-118.22244,34.01643],[-118.2218,34.01629],[-118.22114,34.01622],[-118.22048,34.01618],[-118.21983,34.01614],[-118.21917,34.01608],[-118.21852,34.01598],[-118.21788,34.01584],[-118.21726,34.01565],[-118.21665,34.01545],[-118.21604,34.01525],[-118.21542,34.01504],[-118.21481,34.01484],[-118.2142,34.01463],[-118.21359,34.01442],[-118.21298,34.01421],[-118.21236,34.01402],[-118.21174,34.01383],[-118.21113,34.01363],[-118.21052,34.01342],[-118.20991,34.01321],[-118.2093,34.01301],[-118.20869,34.0128],[-118.20807,34.01259],[-118.20746,34.01239],[-118.20685,34.01218],[-118.20624,34.01197],[-118.20563,34.01176],[-118.20502,34.01156],[-118.2044,34.01135],[-118.20379,34.01114],[-118.20318,34.01094],[-118.20257,34.01074],[-118.20195,34.01054],[-118.20134,34.01034],[-118.20073,34.01013],[-118.20011,34.00992],[-118.19951,34.0097],[-118.19891,34.00948],[-118.19831,34.00925],[-118.1977,34.00904],[-118.19709,34.00883],[-118.19648,34.00862],[-118.19587,34.00841],[-118.19526,34.00821],[-118.19464,34.008],[-118.19403,34.00779],[-118.19342,34.00759],[-118.19281,34.00738],[-118.1922,34.00717],[-118.19159,34.00697],[-118.19097,34.00676],[-118.19036,34.00655],[-118.18975,34.00635],[-118.18914,34.00614],[-118.18853,34.00593],[-118.18792,34.00573],[-118.18731,34.00552],[-118.1867,34.00531],[-118.18608,34.00511],[-118.18547,34.0049],[-118.18486,34.00469],[-118.18425,34.00449],[-118.18364,34.00428],[-118.18303,34.00407],[-118.18242,34.00386],[-118.1818,34.00366],[-118.18119,34.00345],[-118.18058,34.00324],[-118.17997,34.00304],[-118.17936,34.00283],[-118.17875,34.00262],[-118.17814,34.00242],[-118.17752,34.00221],[-118.17691,34.00201],[-118.1763,34.00181],[-118.17568,34.00161],[-118.17506,34.00142],[-118.17445,34.00121],[-118.17384,34.00101],[-118.17323,34.0008],[-118.17262,34.00059],[-118.172,34.00039],[-118.17139,34.00018],[-118.17078,33.99997],[-118.17018,33.99975],[-118.16957,33.99953],[-118.16896,33.99932],[-118.16835,33.99911],[-118.16774,33.9989],[-118.16713,33.9987],[-118.16652,33.99849],[-118.16591,33.99829],[-118.1653,33.99808],[-118.16469,33.99787],[-118.16407,33.99767],[-118.16346,33.99746],[-118.16285,33.99726],[-118.16223,33.99706],[-118.16162,33.99686],[-118.161,33.99666],[-118.16039,33.99646],[-118.15978,33.99625],[-118.15916,33.99605],[-118.15855,33.99584],[-118.15794,33.99563],[-118.15733,33.99542],[-118.15672,33.99522],[-118.15611,33.99501],[-118.1555,33.9948],[-118.15489,33.99459],[-118.15428,33.99439],[-118.15367,33.99418],[-118.15305,33.99398],[-118.15244,33.99377],[-118.15183,33.99356],[-118.15122,33.99336],[-118.15061,33.99315],[-118.15,33.99295],[-118.14938,33.99274],[-118.14877,33.99253],[-118.14816,33.99232],[-118.14755,33.99212],[-118.14694,33.99191],[-118.14633,33.9917],[-118.14572,33.9915],[-118.14511,33.99129],[-118.1445,33.99108],[-118.14388,33.99087],[-118.14327,33.99067],[-118.14266,33.99046],[-118.14205,33.99025],[-118.14144,33.99005],[-118.14083,33.98984],[-118.14022,33.98963],[-118.13961,33.98943],[-118.13899,33.98922],[-118.13838,33.98901],[-118.13777,33.98881],[-118.13716,33.9886],[-118.13655,33.98839],[-118.13594,33.98818],[-118.13533,33.98798],[-118.13471,33.98778],[-118.1341,33.98757],[-118.13349,33.98736],[-118.13288,33.98715],[-118.13227,33.98695],[-118.13166,33.98674],[-118.13105,33.98653],[-118.13044,33.98633],[-118.12983,33.98612],[-118.12922,33.98591],[-118.1286,33.98571],[-118.12799,33.9855],[-118.12738,33.98529],[-118.12677,33.98508],[-118.12616,33.98488],[-118.12555,33.98467],[-118.12493,33.98447],[-118.12432,33.98426],[-118.12371,33.98405],[-118.1231,33.98385],[-118.12249,33.98365],[-118.12188,33.98343],[-118.12127,33.98323],[-118.12066,33.98302],[-118.12005,33.98281],[-118.11943,33.9826],[-118.11882,33.9824],[-118.11821,33.98219],[-118.1176,33.98198],[-118.11699,33.98177],[-118.11638,33.98156],[-118.11577,33.98135],[-118.11516,33.98114],[-118.11455,33.98093],[-118.11395,33.98072],[-118.11335,33.98049],[-118.11276,33.98025],[-118.11217,33.97998],[-118.11161,33.9797],[-118.11105,33.97941],[-118.11051,33.97909],[-118.10998,33.97876],[-118.10947,33.97841],[-118.10896,33.97807],[-118.10846,33.97772],[-118.10795,33.97736],[-118.10744,33.97702],[-118.10693,33.97666],[-118.10642,33.97631],[-118.10591,33.97596],[-118.10541,33.97561],[-118.10492,33.97524],[-118.10444,33.97486],[-118.10395,33.9745],[-118.10344,33.97415],[-118.10292,33.97381],[-118.1024,33.97347],[-118.10188,33.97313],[-118.10137,33.97279],[-118.10085,33.97245],[-118.10034,33.9721],[-118.09984,33.97174],[-118.09933,33.97139],[-118.09882,33.97104],[-118.09831,33.97069],[-118.0978,33.97034],[-118.09729,33.96999],[-118.09677,33.96965],[-118.09623,33.96934],[-118.09568,33.96904],[-118.0951,33.96878],[-118.09451,33.96853],[-118.09391,33.96831],[-118.09329,33.96811],[-118.09267,33.96792],[-118.09206,33.96773],[-118.09144,33.96754],[-118.09082,33.96735],[-118.0902,33.96716],[-118.08958,33.96697],[-118.08896,33.96678],[-118.08834,33.96659],[-118.08772,33.9664],[-118.08711,33.96621],[-118.08649,33.96602],[-118.08587,33.96583],[-118.08525,33.96564],[-118.08463,33.96545],[-118.08401,33.96526],[-118.08339,33.96507],[-118.08277,33.96487],[-118.08216,33.96468],[-118.08154,33.96449],[-118.08092,33.9643],[-118.0803,33.96411],[-118.07968,33.96393],[-118.07906,33.96373],[-118.07845,33.96353],[-118.07784,33.96331],[-118.07726,33.96306],[-118.0767,33.96277],[-118.07616,33.96245],[-118.07565,33.9621],[-118.07518,33.96172],[-118.07472,33.96132],[-118.07428,33.96091],[-118.07385,33.9605],[-118.07341,33.96008],[-118.07298,33.95967],[-118.07254,33.95926],[-118.07211,33.95885],[-118.07167,33.95844],[-118.07124,33.95802],[-118.0708,33.95761],[-118.07037,33.95719],[-118.06994,33.95678],[-118.0695,33.95637],[-118.06907,33.95595],[-118.06863,33.95554],[-118.0682,33.95513],[-118.06776,33.95471],[-118.06733,33.9543],[-118.06689,33.95389],[-118.06646,33.95347],[-118.06602,33.95306],[-118.06559,33.95265],[-118.06515,33.95223],[-118.06472,33.95182],[-118.06428,33.95141],[-118.06385,33.95099],[-118.06343,33.95057],[-118.06304,33.95013],[-118.06268,33.94967],[-118.06236,33.94919],[-118.06208,33.94869],[-118.06184,33.94818],[-118.06165,33.94765],[-118.0615,33.94712],[-118.0614,33.94658],[-118.06134,33.94603],[-118.06131,33.94548],[-118.06131,33.94493],[-118.06131,33.94438],[-118.0613,33.94383],[-118.0613,33.94328],[-118.0613,33.94273],[-118.06129,33.94218],[-118.06129,33.94163],[-118.06129,33.94108],[-118.06129,33.94053],[-118.06128,33.93998],[-118.06128,33.93943],[-118.06128,33.93888],[-118.06127,33.93833],[-118.06127,33.93778],[-118.06127,33.93724],[-118.06127,33.93668],[-118.06126,33.93614],[-118.06126,33.93559],[-118.06126,33.93504],[-118.06126,33.93449],[-118.06125,33.93394],[-118.06125,33.93339],[-118.06125,33.93284],[-118.06124,33.93229],[-118.06124,33.93174],[-118.06124,33.93119],[-118.06124,33.93064],[-118.06123,33.93009],[-118.06123,33.92954],[-118.06123,33.92899],[-118.06122,33.92844],[-118.06122,33.92789],[-118.06122,33.92734],[-118.06121,33.92679],[-118.06121,33.92624],[-118.06121,33.92569],[-118.06121,33.92515],[-118.0612,33.92459],[-118.0612,33.92404],[-118.06119,33.9235],[-118.06119,33.92295],[-118.06119,33.9224],[-118.06119,33.92185],[-118.06118,33.9213],[-118.06118,33.92075],[-118.06117,33.9202],[-118.06113,33.91965],[-118.06105,33.9191],[-118.06095,33.91856],[-118.0608,33.91803],[-118.0606,33.9175],[-118.06037,33.91699],[-118.0601,33.91649],[-118.05979,33.916],[-118.05945,33.91553],[-118.05907,33.91508],[-118.05866,33.91465],[-118.05823,33.91424],[-118.05776,33.91385],[-118.05726,33.91349],[-118.05674,33.91316],[-118.0562,33.91284],[-118.05566,33.91253],[-118.05512,33.91221],[-118.05457,33.9119],[-118.05402,33.9116],[-118.05348,33.91129],[-118.05293,33.91098],[-118.05239,33.91067],[-118.05184,33.91037],[-118.05129,33.91006],[-118.05075,33.90975],[-118.0502,33.90944],[-118.04966,33.90913],[-118.04911,33.90883],[-118.04857,33.90852],[-118.04802,33.90821],[-118.04748,33.9079],[-118.04693,33.90759],[-118.04638,33.90728],[-118.04584,33.90698],[-118.04529,33.90667],[-118.04474,33.90636],[-118.0442,33.90606],[-118.04365,33.90575],[-118.0431,33.90544],[-118.04256,33.90513],[-118.04201,33.90482],[-118.04147,33.90452],[-118.04092,33.90421],[-118.04038,33.9039],[-118.03983,33.90359],[-118.03929,33.90328],[-118.03874,33.90297],[-118.0382,33.90266],[-118.03765,33.90236],[-118.0371,33.90205],[-118.03656,33.90174],[-118.03601,33.90143],[-118.03547,33.90113],[-118.03492,33.90082],[-118.03437,33.90051],[-118.03383,33.9002],[-118.03328,33.89989],[-118.03274,33.89958],[-118.03219,33.89928],[-118.03165,33.89897],[-118.0311,33.89866],[-118.03055,33.89835],[-118.03001,33.89804],[-118.02946,33.89774],[-118.02892,33.89743],[-118.02837,33.89712],[-118.02782,33.89682],[-118.02727,33.89651],[-118.02673,33.89621],[-118.02618,33.8959],[-118.02563,33.89559],[-118.02508,33.89529],[-118.02454,33.89498],[-118.02399,33.89467],[-118.02344,33.89437],[-118.0229,33.89406],[-118.02235,33.89375],[-118.02181,33.89344],[-118.02126,33.89313],[-118.02071,33.89283],[-118.02017,33.89252],[-118.01962,33.89221],[-118.01908,33.8919],[-118.01853,33.89159],[-118.01799,33.89129],[-118.01744,33.89098],[-118.0169,33.89067],[-118.01635,33.89036],[-118.01581,33.89005],[-118.01526,33.88974],[-118.01471,33.88943],[-118.01417,33.88913],[-118.01362,33.88882],[-118.01308,33.88851],[-118.01253,33.8882],[-118.01199,33.8879],[-118.01144,33.88759],[-118.01089,33.88728],[-118.01035,33.88697],[-118.0098,33.88666],[-118.00925,33.88636],[-118.00871,33.88605],[-118.00816,33.88574],[-118.00762,33.88543],[-118.00707,33.88512],[-118.00653,33.88482],[-118.00598,33.88451],[-118.00544,33.8842],[-118.00489,33.88389],[-118.00435,33.88358],[-118.0038,33.88327],[-118.00325,33.88297],[-118.00271,33.88266],[-118.00216,33.88235],[-118.00162,33.88204],[-118.00107,33.88174],[-118.00052,33.88143],[-117.99998,33.88112],[-117.99943,33.88081],[-117.99889,33.88051],[-117.99834,33.8802],[-117.9978,33.87989],[-117.99726,33.87957],[-117.99671,33.87926],[-117.99617,33.87895],[-117.99563,33.87863],[-117.99509,33.87832],[-117.99454,33.87802],[-117.99399,33.87772],[-117.99342,33.87743],[-117.99284,33.87717],[-117.99225,33.87693],[-117.99165,33.87671],[-117.99103,33.87651],[-117.99041,33.87635],[-117.98977,33.87622],[-117.98912,33.8761],[-117.98848,33.87598],[-117.98784,33.87587],[-117.98719,33.87575],[-117.98655,33.87563],[-117.98591,33.87551],[-117.98526,33.8754],[-117.98462,33.87528],[-117.98397,33.87516],[-117.98333,33.87504],[-117.98269,33.87493],[-117.98204,33.87481],[-117.9814,33.87469],[-117.98076,33.87458],[-117.98011,33.87446],[-117.97947,33.87434],[-117.97882,33.87422],[-117.97818,33.87411],[-117.97754,33.87399],[-117.97689,33.87387],[-117.97625,33.87376],[-117.97561,33.87364],[-117.97496,33.87352],[-117.97432,33.8734],[-117.97367,33.87329],[-117.97303,33.87317],[-117.97239,33.87305],[-117.97174,33.87294],[-117.9711,33.87282],[-117.97046,33.8727],[-117.96981,33.87259],[-117.96917,33.87247],[-117.96852,33.87235],[-117.96788,33.87224],[-117.96724,33.87212],[-117.96659,33.87201],[-117.96595,33.87189],[-117.96531,33.87177],[-117.96466,33.87165],[-117.96402,33.87153],[-117.96337,33.87141],[-117.96273,33.8713],[-117.96209,33.87118],[-117.96144,33.87107],[-117.9608,33.87095],[-117.96016,33.87083],[-117.95951,33.87072],[-117.95887,33.8706],[-117.95822,33.87048],[-117.95758,33.87036],[-117.95694,33.87025],[-117.95629,33.87013],[-117.95565,33.87001],[-117.95501,33.8699],[-117.95436,33.86978],[-117.95372,33.86966],[-117.95308,33.86954],[-117.95243,33.86941],[-117.95179,33.86929],[-117.95115,33.86917],[-117.95051,33.86904],[-117.94987,33.86892],[-117.94922,33.86881],[-117.94858,33.86869],[-117.94793,33.86858],[-117.94728,33.86849],[-117.94663,33.86841],[-117.94598,33.86836],[-117.94532,33.86832],[-117.94466,33.86831],[-117.944,33.86831],[-117.94334,33.86831],[-117.94268,33.86832],[-117.94202,33.86832],[-117.94137,33.86833],[-117.94071,33.86834],[-117.94005,33.86835],[-117.93939,33.86836],[-117.93873,33.86837],[-117.93807,33.86838],[-117.93741,33.86839],[-117.93675,33.8684],[-117.93609,33.86841],[-117.93544,33.86841],[-117.93478,33.86842],[-117.93412,33.86843],[-117.93346,33.86844],[-117.9328,33.86845],[-117.93214,33.86846],[-117.93148,33.86847],[-117.93083,33.86847],[-117.93017,33.86848],[-117.92951,33.86849],[-117.92885,33.8685],[-117.92819,33.86851],[-117.92753,33.86852],[-117.92687,33.86852],[-117.92621,33.86853],[-117.92556,33.86854],[-117.9249,33.86855],[-117.92424,33.86856],[-117.92358,33.86857],[-117.92292,33.86858],[-117.92226,33.86859],[-117.9216,33.86859],[-117.92095,33.8686],[-117.92029,33.86861],[-117.91963,33.86862],[-117.91897,33.86863],[-117.91831,33.86863],[-117.91765,33.86864],[-117.91699,33.86862],[-117.91634,33.86856],[-117.9157,33.86843],[-117.91507,33.86826],[-117.91446,33.86806],[-117.91385,33.86785],[-117.91325,33.86763],[-117.91264,33.86742],[-117.91201,33.86724],[-117.91138,33.86711],[-117.91073,33.867],[-117.91008,33.86693],[-117.90942,33.86692],[-117.90876,33.86691],[-117.9081,33.86692],[-117.90744,33.86693],[-117.90678,33.86693],[-117.90613,33.86694],[-117.90547,33.86694],[-117.90481,33.86695],[-117.90415,33.86695],[-117.90349,33.86696],[-117.90283,33.86696],[-117.90217,33.86697],[-117.90151,33.86697],[-117.90086,33.86698],[-117.9002,33.86698],[-117.89954,33.86699],[-117.89888,33.86699],[-117.89822,33.867],[-117.89756,33.867],[-117.8969,33.86701],[-117.89624,33.86701],[-117.89558,33.86702],[-117.89493,33.86702],[-117.89427,33.86703],[-117.89361,33.86703],[-117.89295,33.86704],[-117.89229,33.86704],[-117.89163,33.86705],[-117.89097,33.86705],[-117.89031,33.86706],[-117.88966,33.86706],[-117.889,33.86707],[-117.88834,33.86707],[-117.88768,33.86708],[-117.88702,33.86709],[-117.88636,33.86709],[-117.8857,33.8671],[-117.88504,33.8671],[-117.88439,33.86711],[-117.88373,33.86711],[-117.88307,33.86712],[-117.88241,33.86715],[-117.88175,33.8672],[-117.8811,33.86727],[-117.88045,33.86736],[-117.8798,33.86745],[-117.87915,33.86753],[-117.8785,33.86762],[-117.87785,33.86771],[-117.8772,33.8678],[-117.87655,33.86789],[-117.8759,33.86798],[-117.87525,33.86806],[-117.8746,33.86815],[-117.87395,33.86824],[-117.8733,33.86833],[-117.87265,33.86842],[-117.872,33.8685],[-117.87134,33.86857],[-117.87069,33.86864],[-117.87003,33.86868],[-117.86937,33.86871],[-117.86871,33.86872],[-117.86806,33.86871],[-117.8674,33.8687],[-117.86674,33.86869],[-117.86608,33.86867],[-117.86542,33.86865],[-117.86477,33.86862],[-117.86411,33.8686],[-117.86345,33.86857],[-117.86279,33.86855],[-117.86213,33.86852],[-117.86147,33.8685],[-117.86082,33.86847],[-117.86016,33.86845],[-117.8595,33.86843],[-117.85884,33.8684],[-117.85818,33.86838],[-117.85752,33.86835],[-117.85687,33.86833],[-117.85621,33.8683],[-117.85555,33.86828],[-117.85489,33.86826],[-117.85423,33.86823],[-117.85358,33.86821],[-117.85292,33.86818],[-117.85226,33.86816],[-117.8516,33.86814],[-117.85094,33.86811],[-117.85028,33.86809],[-117.84963,33.86807],[-117.84897,33.86804],[-117.84831,33.86801],[-117.84765,33.86799],[-117.84699,33.86796],[-117.84634,33.86794],[-117.84568,33.86792],[-117.84502,33.86789],[-117.84436,33.86789],[-117.8437,33.86789],[-117.84304,33.86789],[-117.84238,33.8679],[-117.84173,33.86791],[-117.84107,33.86792],[-117.84041,33.86793],[-117.83975,33.86794],[-117.83909,33.86795],[-117.83843,33.86796],[-117.83777,33.86797],[-117.83711,33.86798],[-117.83646,33.868],[-117.8358,33.86801],[-117.83514,33.86802],[-117.83448,33.86803],[-117.83382,33.86803],[-117.83316,33.86801],[-117.83251,33.86798],[-117.83185,33.86793],[-117.8312,33.86786],[-117.83054,33.86779],[-117.82989,33.86772],[-117.82924,33.86765],[-117.82858,33.86757],[-117.82793,33.8675],[-117.82728,33.86743],[-117.82662,33.86736],[-117.82597,33.86729],[-117.82532,33.86722],[-117.82466,33.86714],[-117.82401,33.86707],[-117.82336,33.867],[-117.82271,33.86692],[-117.82205,33.86685],[-117.8214,33.86677],[-117.82075,33.8667],[-117.82009,33.86663],[-117.81944,33.86656],[-117.81879,33.86649],[-117.81813,33.86642],[-117.81748,33.86635],[-117.81683,33.86628],[-117.81617,33.86621],[-117.81552,33.86614],[-117.81487,33.86607],[-117.81421,33.866],[-117.81356,33.86593],[-117.81291,33.86586],[-117.81225,33.86578],[-117.8116,33.8657],[-117.81095,33.86561],[-117.8103,33.86551],[-117.80966,33.8654],[-117.80901,33.86529],[-117.80837,33.86518],[-117.80772,33.86507],[-117.80708,33.86496],[-117.80643,33.86485],[-117.80579,33.86474],[-117.80514,33.86463],[-117.8045,33.86452],[-117.80385,33.86441],[-117.80321,33.8643],[-117.80256,33.86419],[-117.80192,33.86407],[-117.80127,33.86396],[-117.80062,33.86385],[-117.79998,33.86374],[-117.79933,33.86363],[-117.79869,33.86352],[-117.79805,33.86341],[-117.7974,33.8633],[-117.79675,33.86319],[-117.79611,33.86308],[-117.79546,33.86296],[-117.79482,33.86285],[-117.79417,33.86274],[-117.79353,33.86263],[-117.79288,33.86251],[-117.79224,33.86242],[-117.79158,33.86234],[-117.79093,33.86232],[-117.79027,33.86233],[-117.78961,33.86235],[-117.78895,33.86238],[-117.78829,33.8624],[-117.78763,33.86243],[-117.78698,33.86246],[-117.78632,33.8625],[-117.78566,33.86255],[-117.78501,33.86263],[-117.78437,33.86273],[-117.78372,33.86285],[-117.78308,33.86297],[-117.78245,33.86312],[-117.78182,33.86329],[-117.7812,33.86347],[-117.78058,33.86366],[-117.77998,33.86388],[-117.77938,33.86412],[-117.77881,33.8644],[-117.77828,33.86471],[-117.77778,33.86507],[-117.77732,33.86547],[-117.77693,33.86591],[-117.77653,33.86634],[-117.77612,33.86678],[-117.77572,33.86721],[-117.77532,33.86765],[-117.77491,33.86808],[-117.77451,33.86852],[-117.77411,33.86895],[-117.77372,33.86939],[-117.7733,33.86982],[-117.77288,33.87024],[-117.77246,33.87067],[-117.77203,33.87108],[-117.77155,33.87146],[-117.77104,33.87181],[-117.77053,33.87215],[-117.76998,33.87246],[-117.76942,33.87274],[-117.76883,33.873],[-117.76824,33.87323],[-117.76763,33.87345],[-117.76701,33.87364],[-117.76638,33.8738],[-117.76574,33.87392],[-117.76509,33.874],[-117.76444,33.87409],[-117.76379,33.87415],[-117.76313,33.87421],[-117.76248,33.87427],[-117.76182,33.87433],[-117.76117,33.87439],[-117.76051,33.87447],[-117.75987,33.87456],[-117.75923,33.8747],[-117.7586,33.87486],[-117.75797,33.87503],[-117.75735,33.8752],[-117.75672,33.87538],[-117.7561,33.87555],[-117.75547,33.87573],[-117.75485,33.87591],[-117.75423,33.87609],[-117.7536,33.87626],[-117.75298,33.87645],[-117.75236,33.87664],[-117.75174,33.87681],[-117.75111,33.87698],[-117.75049,33.87716],[-117.74986,33.87733],[-117.74924,33.87752],[-117.74864,33.87774],[-117.74804,33.87797],[-117.74747,33.87823],[-117.74691,33.87853],[-117.74637,33.87885],[-117.74586,33.87919],[-117.74537,33.87956],[-117.7449,33.87995],[-117.74446,33.88036],[-117.74403,33.88077],[-117.74361,33.88119],[-117.74318,33.88161],[-117.74275,33.88203],[-117.74232,33.88244],[-117.74188,33.88286],[-117.74142,33.88324],[-117.74089,33.88357],[-117.74031,33.88384],[-117.7397,33.88404],[-117.73906,33.88417],[-117.73841,33.88422],[-117.73775,33.8842],[-117.7371,33.8841],[-117.73648,33.88393],[-117.73588,33.88369],[-117.73534,33.88338],[-117.73485,33.88301],[-117.73442,33.8826],[-117.73403,33.88216],[-117.73364,33.88171],[-117.73326,33.88126],[-117.73288,33.88081],[-117.7325,33.88036],[-117.73212,33.87992],[-117.73174,33.87947],[-117.73136,33.87902],[-117.73098,33.87857],[-117.7306,33.87812],[-117.73024,33.87766],[-117.72992,33.87718],[-117.72961,33.8767],[-117.7293,33.87621],[-117.72898,33.87573],[-117.72861,33.87528],[-117.72817,33.87487],[-117.72768,33.8745],[-117.72714,33.87419],[-117.72655,33.87394],[-117.72594,33.87374],[-117.7253,33.87361],[-117.72464,33.87355],[-117.72399,33.87355],[-117.72333,33.87363],[-117.72269,33.87374],[-117.72204,33.87385],[-117.7214,33.87397],[-117.72075,33.87408],[-117.72011,33.8742],[-117.71947,33.87431],[-117.71882,33.87442],[-117.71818,33.87454],[-117.71753,33.87465],[-117.71689,33.87476],[-117.71624,33.87486],[-117.71559,33.87497],[-117.71495,33.87508],[-117.7143,33.87519],[-117.71366,33.8753],[-117.71301,33.87541],[-117.71236,33.87551],[-117.71172,33.87562],[-117.71107,33.87573],[-117.71043,33.87584],[-117.70978,33.87595],[-117.70914,33.87608],[-117.70851,33.87623],[-117.70788,33.87641],[-117.70726,33.87659],[-117.70664,33.87677],[-117.70602,33.87696],[-117.7054,33.87714],[-117.70477,33.87732],[-117.70415,33.87749],[-117.70351,33.87763],[-117.70287,33.87776],[-117.70222,33.87785],[-117.70157,33.87791],[-117.70091,33.87794],[-117.70025,33.87794],[-117.6996,33.87791],[-117.69894,33.87787],[-117.69828,33.87783],[-117.69762,33.87778],[-117.69697,33.87774],[-117.69631,33.87769],[-117.69566,33.87764],[-117.695,33.87759],[-117.69434,33.87755],[-117.69369,33.8775],[-117.69303,33.87745],[-117.69237,33.87739],[-117.69172,33.87733],[-117.69107,33.87725],[-117.69042,33.87716],[-117.68977,33.87707],[-117.68912,33.87699],[-117.68847,33.8769],[-117.68782,33.87679],[-117.68718,33.87666],[-117.68656,33.87647],[-117.68596,33.87625],[-117.68536,33.87602],[-117.68476,33.87579],[-117.68417,33.87555],[-117.68357,33.87532],[-117.68297,33.87509],[-117.68237,33.87487],[-117.68176,33.87466],[-117.68114,33.87447],[-117.68052,33.87429],[-117.67988,33.87416],[-117.67924,33.87405],[-117.67858,33.87396],[-117.67793,33.87391],[-117.67727,33.87388],[-117.67661,33.87387],[-117.67595,33.87389],[-117.6753,33.87395],[-117.67465,33.87404],[-117.67401,33.87416],[-117.67337,33.8743],[-117.67274,33.87446],[-117.67212,33.87465],[-117.67151,33.87485],[-117.67092,33.87509],[-117.67034,33.87535],[-117.66976,33.87562],[-117.66921,33.87591],[-117.66864,33.8762],[-117.66807,33.87647],[-117.6675,33.87675],[-117.66693,33.87703],[-117.66637,33.87731],[-117.6658,33.87759],[-117.66523,33.87787],[-117.66466,33.87814],[-117.66407,33.87839],[-117.66349,33.87864],[-117.6629,33.87889],[-117.6623,33.87912],[-117.66168,33.8793],[-117.66104,33.87945],[-117.6604,33.87957],[-117.65975,33.87965],[-117.65909,33.8797],[-117.65843,33.87971],[-117.65778,33.8797],[-117.65712,33.87968],[-117.65646,33.87965],[-117.6558,33.87961],[-117.65515,33.87957],[-117.65449,33.87954],[-117.65383,33.87951],[-117.65317,33.87949],[-117.65251,33.87946],[-117.65185,33.87944],[-117.6512,33.87941],[-117.65054,33.87939],[-117.64988,33.87939],[-117.64922,33.87942],[-117.64857,33.87948],[-117.64792,33.87957],[-117.64728,33.87969],[-117.64664,33.87983],[-117.64601,33.88],[-117.64539,33.88019],[-117.64479,33.88041],[-117.64418,33.88062],[-117.64357,33.88083],[-117.64297,33.88105],[-117.64236,33.88126],[-117.64175,33.88148],[-117.64115,33.88169],[-117.64054,33.88191],[-117.63993,33.88212],[-117.63933,33.88233],[-117.63872,33.88254],[-117.6381,33.88273],[-117.63747,33.88289],[-117.63683,33.88303],[-117.63618,33.88314],[-117.63553,33.88322],[-117.63488,33.88327],[-117.63422,33.88329],[-117.63356,33.88331],[-117.6329,33.88333],[-117.63224,33.88334],[-117.63159,33.88336],[-117.63093,33.88337],[-117.63027,33.88339],[-117.62961,33.8834],[-117.62895,33.88342],[-117.62829,33.88346],[-117.62764,33.88353],[-117.62699,33.88361],[-117.62634,33.8837],[-117.62569,33.8838],[-117.62505,33.88391],[-117.6244,33.88402],[-117.62375,33.88413],[-117.62311,33.88424],[-117.62246,33.88435],[-117.62182,33.88446],[-117.62117,33.88457],[-117.62052,33.88468],[-117.61988,33.88478],[-117.61923,33.88489],[-117.61859,33.885],[-117.61794,33.88511],[-117.6173,33.88522],[-117.61665,33.88534],[-117.61601,33.88544],[-117.61536,33.88555],[-117.61471,33.88566],[-117.61406,33.88576],[-117.61342,33.88587],[-117.61277,33.88599],[-117.61213,33.88609],[-117.61148,33.8862],[-117.61084,33.88631],[-117.61019,33.88642],[-117.60954,33.88652],[-117.6089,33.88663],[-117.60825,33.88674],[-117.60761,33.88685],[-117.60696,33.88695],[-117.60631,33.88706],[-117.60567,33.88717],[-117.60502,33.88728],[-117.60438,33.88739],[-117.60373,33.8875],[-117.60308,33.88761],[-117.60244,33.88772],[-117.60179,33.88782],[-117.60115,33.88793],[-117.6005,33.88804],[-117.59985,33.88815],[-117.59921,33.88826],[-117.59856,33.88836],[-117.59792,33.88847],[-117.59727,33.88858],[-117.59662,33.88869],[-117.59598,33.8888],[-117.59533,33.88891],[-117.59468,33.88901],[-117.59404,33.88912],[-117.59339,33.88923],[-117.59275,33.88934],[-117.5921,33.88945],[-117.59145,33.88956],[-117.59081,33.88966],[-117.59016,33.88977],[-117.58952,33.88988],[-117.58887,33.88999],[-117.58822,33.89009],[-117.58757,33.89018],[-117.58692,33.89024],[-117.58626,33.89028],[-117.5856,33.89028],[-117.58494,33.89027],[-117.58429,33.89021],[-117.58364,33.89013],[-117.58299,33.89003],[-117.58235,33.88989],[-117.58172,33.88973],[-117.5811,33.88954],[-117.5805,33.88932],[-117.57991,33.88908],[-117.57933,33.88881],[-117.57877,33.88853],[-117.57821,33.88823],[-117.57765,33.88794],[-117.5771,33.88764],[-117.57654,33.88735],[-117.57598,33.88706],[-117.57542,33.88676],[-117.57487,33.88647],[-117.57431,33.88618],[-117.57375,33.88588],[-117.5732,33.88559],[-117.57264,33.8853],[-117.57208,33.885],[-117.57152,33.88471],[-117.57097,33.88442],[-117.57041,33.88413],[-117.56985,33.88384],[-117.56926,33.88358],[-117.56867,33.88335],[-117.56806,33.88315],[-117.56743,33.88298],[-117.56679,33.88283],[-117.56616,33.88268],[-117.56552,33.88254],[-117.56489,33.88239],[-117.56425,33.88225],[-117.56362,33.8821],[-117.56298,33.88196],[-117.56234,33.88182],[-117.56171,33.88168],[-117.56107,33.88153],[-117.56043,33.88139],[-117.5598,33.88124],[-117.55917,33.8811],[-117.55853,33.88095],[-117.5579,33.8808],[-117.55726,33.88066],[-117.55662,33.88052],[-117.55598,33.88039],[-117.55534,33.88026],[-117.5547,33.88015],[-117.55405,33.88004],[-117.5534,33.87993],[-117.55276,33.87982],[-117.55212,33.87971],[-117.55147,33.87959],[-117.55083,33.87948],[-117.55018,33.87937],[-117.54953,33.87926],[-117.54889,33.87915],[-117.54824,33.87904],[-117.5476,33.87892],[-117.54695,33.87881],[-117.54631,33.8787],[-117.54566,33.87859],[-117.54502,33.87848],[-117.54437,33.87836],[-117.54373,33.87825],[-117.54308,33.87814],[-117.54244,33.87803],[-117.54179,33.87793],[-117.54114,33.87784],[-117.54048,33.87779],[-117.53983,33.87778],[-117.53917,33.87782],[-117.53852,33.87789],[-117.53787,33.87799],[-117.53722,33.87809],[-117.53657,33.87819],[-117.53593,33.8783],[-117.53528,33.8784],[-117.53463,33.8785],[-117.53398,33.8786],[-117.53334,33.8787],[-117.53269,33.87881],[-117.53204,33.87891],[-117.5314,33.87901],[-117.53075,33.87912],[-117.5301,33.87923],[-117.52946,33.87937],[-117.52883,33.87951],[-117.52821,33.87969],[-117.52759,33.87989],[-117.52698,33.8801],[-117.52638,33.88031],[-117.52577,33.88052],[-117.52516,33.88074],[-117.52455,33.88095],[-117.52394,33.88116],[-117.52334,33.88137],[-117.52273,33.88159],[-117.52212,33.8818],[-117.52151,33.88201],[-117.52091,33.88222],[-117.5203,33.88244],[-117.51969,33.88265],[-117.51908,33.88286],[-117.51847,33.88307],[-117.51787,33.88329],[-117.51726,33.8835],[-117.51665,33.88371],[-117.51605,33.88392],[-117.51544,33.88414],[-117.51483,33.88435],[-117.51422,33.88456],[-117.51362,33.88478],[-117.51301,33.88499],[-117.5124,33.8852],[-117.51179,33.88542],[-117.51119,33.88563],[-117.51058,33.88584],[-117.50997,33.88606],[-117.50936,33.88627],[-117.50876,33.88648],[-117.50815,33.8867],[-117.50754,33.88691],[-117.50693,33.88712],[-117.50633,33.88734],[-117.50572,33.88755],[-117.50511,33.88776],[-117.5045,33.88797],[-117.5039,33.88819],[-117.50329,33.8884],[-117.50268,33.88861],[-117.50207,33.88882],[-117.50147,33.88904],[-117.50086,33.88925],[-117.50025,33.88947],[-117.49965,33.88968],[-117.49904,33.88989],[-117.49843,33.8901],[-117.49782,33.89031],[-117.49721,33.89052],[-117.4966,33.89073],[-117.49599,33.89094],[-117.49539,33.89116],[-117.49478,33.89137],[-117.49417,33.89158],[-117.49356,33.89179],[-117.49296,33.89201],[-117.49235,33.89222],[-117.49174,33.89243],[-117.49113,33.89265],[-117.49053,33.89286],[-117.48992,33.89307],[-117.48931,33.89328],[-117.4887,33.8935],[-117.4881,33.89371],[-117.48749,33.89392],[-117.48688,33.89414],[-117.48627,33.89435],[-117.48567,33.89456],[-117.48506,33.89478],[-117.48445,33.89499],[-117.48384,33.8952],[-117.48324,33.89541],[-117.48263,33.89563],[-117.48202,33.89584],[-117.48141,33.89605],[-117.48081,33.89626],[-117.4802,33.89648],[-117.47959,33.89669],[-117.47898,33.8969],[-117.47837,33.89712],[-117.47777,33.89733],[-117.47716,33.89754],[-117.47655,33.89775],[-117.47594,33.89797],[-117.47534,33.89818],[-117.47473,33.89839],[-117.47412,33.89861],[-117.47351,33.89882],[-117.47291,33.89903],[-117.4723,33.89925],[-117.47169,33.89946],[-117.47109,33.89967],[-117.47048,33.89988],[-117.46987,33.90009],[-117.46926,33.90031],[-117.46865,33.90052],[-117.46804,33.90073],[-117.46744,33.90094],[-117.46683,33.90116],[-117.46622,33.90137],[-117.46561,33.90158],[-117.46501,33.90179],[-117.4644,33.90201],[-117.46379,33.90222],[-117.46318,33.90243],[-117.46257,33.90264],[-117.46197,33.90286],[-117.46136,33.90307],[-117.46075,33.90328],[-117.46014,33.90349],[-117.45953,33.9037],[-117.45892,33.90392],[-117.45832,33.90413],[-117.45771,33.90434],[-117.4571,33.90455],[-117.45649,33.90476],[-117.45588,33.90498],[-117.45528,33.90519],[-117.45467,33.9054],[-117.45406,33.90561],[-117.45345,33.90583],[-117.45285,33.90604],[-117.45224,33.90625],[-117.45163,33.90646],[-117.45102,33.90668],[-117.45041,33.90689],[-117.44981,33.90711],[-117.44922,33.90735],[-117.44866,33.90764],[-117.44811,33.90794],[-117.44756,33.90825],[-117.44702,33.90856],[-117.44648,33.90887],[-117.44593,33.90918],[-117.44538,33.90949],[-117.44484,33.9098],[-117.4443,33.91011],[-117.44377,33.91044],[-117.44329,33.91081],[-117.44285,33.91123],[-117.44245,33.91166],[-117.44205,33.9121],[-117.44165,33.91253],[-117.44125,33.91297],[-117.44085,33.91341],[-117.44044,33.91384],[-117.44001,33.91425],[-117.43953,33.91463],[-117.43901,33.91496],[-117.43844,33.91524],[-117.43784,33.91548],[-117.43722,33.91565],[-117.43658,33.91578],[-117.43594,33.9159],[-117.43529,33.91602],[-117.43465,33.91613],[-117.434,33.91625],[-117.43336,33.91636],[-117.43272,33.91647],[-117.43207,33.91659],[-117.43143,33.9167],[-117.43078,33.91682],[-117.43014,33.91694],[-117.42949,33.91705],[-117.42885,33.91717],[-117.42821,33.9173],[-117.42759,33.9175],[-117.42701,33.91775],[-117.42645,33.91804],[-117.4259,33.91835],[-117.42536,33.91866],[-117.42481,33.91897],[-117.42427,33.91928],[-117.42372,33.91959],[-117.42318,33.91989],[-117.42263,33.92021],[-117.42209,33.92051],[-117.42154,33.92082],[-117.421,33.92113],[-117.42046,33.92145],[-117.41992,33.92176],[-117.41937,33.92207],[-117.41883,33.92238],[-117.41829,33.92269],[-117.41777,33.92303],[-117.41725,33.92337],[-117.41674,33.92372],[-117.41624,33.92408],[-117.41574,33.92444],[-117.41524,33.9248],[-117.41475,33.92516],[-117.41425,33.92552],[-117.41375,33.92588],[-117.41325,33.92624],[-117.41275,33.9266],[-117.41225,33.92695],[-117.41175,33.92731],[-117.41125,33.92767],[-117.41076,33.92803],[-117.41026,33.92839],[-117.40976,33.92875],[-117.40926,33.92911],[-117.40876,33.92947],[-117.40826,33.92983],[-117.40776,33.93019],[-117.40726,33.93055],[-117.40677,33.93091],[-117.40627,33.93127],[-117.40577,33.93163],[-117.40527,33.93199],[-117.40477,33.93235],[-117.40427,33.9327],[-117.40377,33.93306],[-117.40327,33.93342],[-117.40277,33.93378],[-117.40228,33.93414],[-117.40178,33.9345],[-117.40128,33.93486],[-117.40078,33.93522],[-117.40028,33.93558],[-117.39978,33.93594],[-117.39929,33.9363],[-117.39879,33.93666],[-117.39829,33.93702],[-117.39779,33.93738],[-117.39729,33.93774],[-117.39679,33.9381],[-117.39629,33.93846],[-117.39579,33.93882],[-117.39529,33.93918],[-117.3948,33.93953],[-117.3943,33.93989],[-117.3938,33.94025],[-117.3933,33.94061],[-117.3928,33.94097],[-117.3923,33.94133],[-117.3918,33.94169],[-117.3913,33.94205],[-117.3908,33.94241],[-117.3903,33.94277],[-117.38981,33.94313],[-117.38931,33.94349],[-117.38881,33.94385],[-117.3883,33.9442],[-117.38779,33.94454],[-117.38727,33.94489],[-117.38676,33.94523],[-117.38625,33.94558],[-117.38576,33.94595],[-117.38534,33.94637],[-117.385,33.94684],[-117.38475,33.94735],[-117.38458,33.94788],[-117.38451,33.94842],[-117.38451,33.94897],[-117.3845,33.94952],[-117.38449,33.95007],[-117.38447,33.95062],[-117.38435,33.95116],[-117.38412,33.95168],[-117.3838,33.95216],[-117.38338,33.95258],[-117.38291,33.95296],[-117.38241,33.95332],[-117.38192,33.95369],[-117.38143,33.95405],[-117.38093,33.95441],[-117.38044,33.95478],[-117.37997,33.95516],[-117.37951,33.95556],[-117.37909,33.95599],[-117.37871,33.95643],[-117.37836,33.9569],[-117.37806,33.95739],[-117.3778,33.95789],[-117.37758,33.95841],[-117.3774,33.95894],[-117.37727,33.95948],[-117.37718,33.96002],[-117.37712,33.96057],[-117.37707,33.96112],[-117.37702,33.96167],[-117.37698,33.96221],[-117.37692,33.96276],[-117.37684,33.96331],[-117.37673,33.96385],[-117.37661,33.96439],[-117.37646,33.96492],[-117.37628,33.96545],[-117.37607,33.96597],[-117.37583,33.96648],[-117.37557,33.96699],[-117.37527,33.96748],[-117.37495,33.96796],[-117.37462,33.96844],[-117.37428,33.96891],[-117.37394,33.96938],[-117.3736,33.96985],[-117.37327,33.97032],[-117.37291,33.97079],[-117.37257,33.97126],[-117.37223,33.97173],[-117.3719,33.97221],[-117.37158,33.97268],[-117.37126,33.97316],[-117.37094,33.97364],[-117.37061,33.97412],[-117.37029,33.9746],[-117.36997,33.97508],[-117.36965,33.97556],[-117.36932,33.97604],[-117.369,33.97652],[-117.36868,33.977],[-117.36836,33.97748],[-117.36804,33.97796],[-117.36773,33.97844],[-117.3674,33.97892],[-117.36708,33.9794],[-117.36675,33.97988],[-117.36643,33.98036],[-117.36611,33.98084],[-117.36579,33.98132],[-117.36547,33.9818],[-117.36515,33.98228],[-117.36483,33.98276],[-117.3645,33.98324],[-117.36413,33.98369],[-117.36373,33.98413],[-117.36329,33.98453],[-117.36282,33.98493],[-117.36236,33.98532],[-117.3619,33.98571],[-117.36144,33.98611],[-117.36097,33.9865],[-117.36051,33.98689],[-117.36005,33.98728],[-117.35959,33.98767],[-117.35912,33.98806],[-117.35866,33.98845],[-117.3582,33.98884],[-117.35773,33.98924],[-117.35727,33.98962],[-117.3568,33.99001],[-117.35634,33.99041],[-117.35587,33.99079],[-117.35541,33.99119],[-117.35494,33.99157],[-117.35448,33.99196],[-117.35402,33.99236],[-117.35356,33.99275],[-117.35309,33.99314],[-117.35263,33.99353],[-117.35216,33.99392],[-117.3517,33.99431],[-117.35123,33.9947],[-117.35079,33.99511],[-117.35037,33.99553],[-117.34998,33.99598],[-117.3496,33.99642],[-117.34922,33.99687],[-117.34884,33.99732],[-117.34846,33.99777],[-117.34808,33.99822],[-117.3477,33.99867],[-117.34733,33.99912],[-117.34695,33.99957],[-117.34656,34.00002],[-117.34618,34.00047],[-117.3458,34.00092],[-117.34543,34.00137],[-117.34505,34.00182],[-117.34467,34.00227],[-117.34429,34.00272],[-117.34391,34.00317],[-117.34353,34.00362],[-117.34315,34.00407],[-117.34277,34.00452],[-117.34239,34.00497],[-117.34201,34.00541],[-117.34163,34.00587],[-117.34125,34.00632],[-117.34087,34.00676],[-117.34049,34.00721],[-117.34011,34.00766],[-117.33973,34.00811],[-117.33935,34.00856],[-117.33897,34.00901],[-117.33859,34.00946],[-117.33821,34.00991],[-117.33783,34.01036],[-117.33741,34.01078],[-117.33695,34.01117],[-117.33641,34.01149],[-117.33577,34.01162],[-117.33512,34.01154],[-117.33455,34.01127],[-117.33413,34.01085],[-117.33393,34.01033],[-117.33392,34.00978],[-117.33395,34.00923],[-117.33397,34.00868],[-117.33399,34.00813],[-117.33401,34.00758],[-117.33404,34.00703],[-117.33406,34.00648],[-117.33408,34.00593],[-117.3341,34.00538],[-117.33412,34.00483],[-117.33415,34.00429],[-117.33417,34.00373],[-117.33419,34.00319],[-117.33421,34.00264],[-117.33424,34.00209],[-117.33426,34.00154],[-117.33428,34.00099],[-117.3343,34.00044],[-117.33432,33.99989],[-117.33435,33.99934],[-117.33437,33.99879],[-117.33439,33.99824],[-117.33441,33.99769],[-117.33443,33.99714],[-117.33446,33.99659],[-117.33448,33.99605],[-117.3345,33.9955],[-117.33449,33.99495],[-117.33443,33.9944],[-117.33432,33.99386],[-117.33417,33.99332],[-117.33398,33.9928],[-117.33374,33.99228],[-117.33346,33.99179],[-117.33314,33.99131],[-117.3328,33.99083],[-117.33246,33.99036],[-117.33212,33.98989],[-117.33178,33.98942],[-117.33144,33.98895],[-117.3311,33.98848],[-117.33075,33.98802],[-117.33038,33.98756],[-117.33,33.98711],[-117.32959,33.98668],[-117.32917,33.98626],[-117.32873,33.98585],[-117.32828,33.98544],[-117.32783,33.98504],[-117.32739,33.98464],[-117.32694,33.98424],[-117.32649,33.98383],[-117.32604,33.98343],[-117.32559,33.98303],[-117.32514,33.98263],[-117.32469,33.98222],[-117.32422,33.98184],[-117.32372,33.98148],[-117.32319,33.98116],[-117.32263,33.98086],[-117.32205,33.9806],[-117.32145,33.98037],[-117.32083,33.98018],[-117.3202,33.98002],[-117.31956,33.9799],[-117.3189,33.97982],[-117.31825,33.97978],[-117.31759,33.97977],[-117.31693,33.97975],[-117.31627,33.97974],[-117.31561,33.97973],[-117.31495,33.97972],[-117.31429,33.97971],[-117.31363,33.9797],[-117.31297,33.9797],[-117.31231,33.97977],[-117.31167,33.97989],[-117.31104,33.98003],[-117.31038,33.9801],[-117.30974,33.97998],[-117.30919,33.97968],[-117.30879,33.97925],[-117.30858,33.97873],[-117.3086,33.97818],[-117.30867,33.97763],[-117.30864,33.97709],[-117.30858,33.97654],[-117.30869,33.976],[-117.30895,33.9755],[-117.30912,33.97497],[-117.30908,33.97442],[-117.30897,33.97388],[-117.30886,33.97334],[-117.30875,33.97279],[-117.30866,33.97225],[-117.30869,33.9717],[-117.30877,33.97116],[-117.30901,33.97065],[-117.30935,33.97018],[-117.30956,33.96966],[-117.30971,33.96912],[-117.30992,33.9686],[-117.31032,33.96817],[-117.31075,33.96775],[-117.31101,33.96725],[-117.31106,33.9667],[-117.3109,33.96617],[-117.31071,33.96565],[-117.31069,33.9651],[-117.3109,33.96458],[-117.31117,33.96408],[-117.31133,33.96355],[-117.31136,33.963],[-117.31125,33.96246],[-117.31101,33.96195],[-117.3107,33.96146],[-117.31038,33.96098],[-117.31002,33.96052],[-117.30958,33.96011],[-117.30908,33.95976],[-117.30853,33.95945],[-117.30799,33.95914],[-117.30746,33.95881],[-117.30696,33.95845],[-117.30651,33.95805],[-117.30609,33.95763],[-117.30568,33.95719],[-117.30528,33.95676],[-117.30491,33.9563],[-117.30456,33.95584],[-117.30423,33.95536],[-117.30391,33.95488],[-117.30358,33.95441],[-117.30325,33.95393],[-117.30292,33.95345],[-117.3026,33.95298],[-117.30227,33.9525],[-117.30194,33.95202],[-117.30161,33.95154],[-117.30128,33.95107],[-117.30092,33.95061],[-117.30054,33.95016],[-117.30012,33.94973],[-117.29968,33.94933],[-117.29922,33.94893],[-117.29878,33.94852],[-117.29845,33.94805],[-117.29823,33.94753],[-117.29805,33.947],[-117.29787,33.94648],[-117.29769,33.94595],[-117.29758,33.94541],[-117.29753,33.94486],[-117.29741,33.94432],[-117.2971,33.94384],[-117.29664,33.94344],[-117.29614,33.94308],[-117.29568,33.94269],[-117.29529,33.94225],[-117.29495,33.94178],[-117.29462,33.9413],[-117.2943,33.94082],[-117.294,33.94034],[-117.2938,33.93981],[-117.29371,33.93927],[-117.29366,33.93872],[-117.2936,33.93817],[-117.29353,33.93763],[-117.2934,33.93709],[-117.2932,33.93656],[-117.29294,33.93606],[-117.29261,33.93558],[-117.29224,33.93513],[-117.29186,33.93468],[-117.29148,33.93423],[-117.2911,33.93379],[-117.29075,33.93332],[-117.29046,33.93283],[-117.29024,33.93231],[-117.29008,33.93177],[-117.28994,33.93124],[-117.28979,33.9307],[-117.28965,33.93017],[-117.28951,33.92963],[-117.28941,33.92909],[-117.28932,33.92854],[-117.28925,33.92799],[-117.28921,33.92744],[-117.2892,33.9269],[-117.28918,33.92635],[-117.28917,33.9258],[-117.28915,33.92525],[-117.28914,33.9247],[-117.28912,33.92415],[-117.28911,33.9236],[-117.2891,33.92305],[-117.28908,33.9225],[-117.28907,33.92195],[-117.28906,33.9214],[-117.28907,33.92085],[-117.28914,33.92031],[-117.28929,33.91977],[-117.28945,33.91924],[-117.28962,33.91871],[-117.28976,33.91817],[-117.28984,33.91763],[-117.28985,33.91708],[-117.28979,33.91653],[-117.28966,33.91599],[-117.28946,33.91547],[-117.2892,33.91496],[-117.28887,33.91449],[-117.28849,33.91404],[-117.28809,33.9136],[-117.2877,33.91316],[-117.2873,33.91272],[-117.2869,33.91229],[-117.2865,33.91185],[-117.2861,33.91141],[-117.2857,33.91097],[-117.28531,33.91053],[-117.28491,33.9101],[-117.28451,33.90966],[-117.28411,33.90922],[-117.2837,33.90879],[-117.2833,33.90835],[-117.2829,33.90792],[-117.2825,33.90748],[-117.28209,33.90705],[-117.28169,33.90661],[-117.28129,33.90618],[-117.28089,33.90574],[-117.28049,33.9053],[-117.28009,33.90487],[-117.27969,33.90443],[-117.27929,33.90399],[-117.27889,33.90356],[-117.27849,33.90312],[-117.27809,33.90268],[-117.27771,33.90224],[-117.27736,33.90177],[-117.27703,33.90129],[-117.27674,33.9008],[-117.27648,33.90029],[-117.27625,33.89978],[-117.27603,33.89926],[-117.27581,33.89874],[-117.27559,33.89822],[-117.27537,33.89771],[-117.27514,33.89719],[-117.27492,33.89668],[-117.27469,33.89616],[-117.27447,33.89564],[-117.27424,33.89513],[-117.27402,33.89461],[-117.27379,33.89409],[-117.27357,33.89358],[-117.27334,33.89306],[-117.27312,33.89254],[-117.27289,33.89203],[-117.27267,33.89151],[-117.27245,33.89099],[-117.27222,33.89048],[-117.272,33.88996],[-117.27177,33.88944],[-117.27155,33.88893],[-117.27132,33.88841],[-117.2711,33.88789],[-117.27087,33.88738],[-117.27065,33.88686],[-117.27042,33.88634],[-117.2702,33.88583],[-117.26997,33.88531],[-117.26975,33.88479],[-117.26952,33.88428],[-117.2693,33.88376],[-117.26907,33.88324],[-117.26885,33.88273],[-117.26862,33.88221],[-117.2684,33.88169],[-117.26817,33.88118],[-117.26795,33.88066],[-117.26772,33.88014],[-117.2675,33.87963],[-117.26728,33.87911],[-117.26705,33.87859],[-117.26683,33.87808],[-117.2666,33.87756],[-117.26638,33.87704],[-117.26615,33.87653],[-117.26593,33.87601],[-117.2657,33.87549],[-117.26548,33.87498],[-117.26525,33.87446],[-117.26503,33.87394],[-117.2648,33.87343],[-117.26458,33.87291],[-117.26435,33.87239],[-117.26413,33.87188],[-117.26391,33.87136],[-117.26368,33.87084],[-117.26346,33.87033],[-117.26323,33.86981],[-117.26301,33.8693],[-117.26278,33.86878],[-117.26256,33.86826],[-117.26233,33.86774],[-117.26211,33.86723],[-117.26189,33.86671],[-117.26169,33.86619],[-117.26156,33.86565],[-117.26146,33.8651],[-117.26137,33.86456],[-117.26127,33.86402],[-117.26116,33.86348],[-117.26098,33.86295],[-117.26072,33.86244],[-117.2604,33.86196],[-117.26004,33.86151],[-117.25967,33.86105],[-117.25932,33.86058],[-117.25902,33.86009],[-117.25878,33.85958],[-117.25856,33.85907],[-117.25833,33.85855],[-117.25811,33.85803],[-117.25788,33.85751],[-117.25766,33.857],[-117.25744,33.85648],[-117.25721,33.85596],[-117.25699,33.85545],[-117.25676,33.85493],[-117.25654,33.85441],[-117.25631,33.8539],[-117.25609,33.85338],[-117.25587,33.85286],[-117.25564,33.85235],[-117.25542,33.85183],[-117.25519,33.85131],[-117.25497,33.8508],[-117.25474,33.85028],[-117.25452,33.84976],[-117.2543,33.84925],[-117.25407,33.84873],[-117.25385,33.84821],[-117.25362,33.8477],[-117.2534,33.84718],[-117.25317,33.84666],[-117.25295,33.84615],[-117.25273,33.84563],[-117.25251,33.84511],[-117.25229,33.84459],[-117.25208,33.84407],[-117.25186,33.84355],[-117.25164,33.84304],[-117.25141,33.84252],[-117.25119,33.842],[-117.25097,33.84149],[-117.25074,33.84097],[-117.25052,33.84045],[-117.25029,33.83994],[-117.25005,33.83942],[-117.24981,33.83891],[-117.24959,33.8384],[-117.24936,33.83788],[-117.24914,33.83736],[-117.24891,33.83685],[-117.24869,33.83633],[-117.24847,33.83581],[-117.24824,33.8353],[-117.24802,33.83478],[-117.24779,33.83426],[-117.24757,33.83375],[-117.24735,33.83323],[-117.24712,33.83271],[-117.2469,33.83219],[-117.24667,33.83168],[-117.24645,33.83116],[-117.24622,33.83064],[-117.246,33.83013],[-117.24578,33.82961],[-117.24555,33.82909],[-117.24533,33.82858],[-117.2451,33.82806],[-117.24488,33.82754],[-117.24466,33.82703],[-117.24443,33.82651],[-117.24421,33.82599],[-117.24398,33.82548],[-117.24376,33.82496],[-117.24354,33.82444],[-117.24331,33.82393],[-117.24309,33.82341],[-117.24286,33.82289],[-117.24264,33.82238],[-117.24241,33.82186],[-117.24219,33.82134],[-117.24197,33.82083],[-117.24174,33.82031],[-117.24152,33.81979],[-117.24129,33.81928],[-117.24107,33.81876],[-117.24085,33.81824],[-117.24062,33.81773],[-117.2404,33.81721],[-117.24017,33.81669],[-117.23995,33.81618],[-117.23973,33.81566],[-117.2395,33.81514],[-117.23928,33.81462],[-117.23905,33.81411],[-117.23883,33.81359],[-117.23861,33.81307],[-117.23838,33.81256],[-117.23816,33.81204],[-117.23793,33.81153],[-117.23771,33.81101],[-117.23749,33.81049],[-117.23726,33.80997],[-117.23704,33.80946],[-117.23681,33.80894],[-117.23659,33.80842],[-117.23638,33.8079],[-117.23617,33.80738],[-117.23596,33.80686],[-117.23574,33.80634],[-117.23552,33.80583],[-117.23529,33.80531],[-117.23507,33.80479],[-117.23485,33.80428],[-117.23462,33.80376],[-117.2344,33.80324],[-117.23417,33.80273],[-117.23395,33.80221],[-117.23373,33.80169],[-117.2335,33.80118],[-117.23328,33.80066],[-117.23305,33.80014],[-117.23283,33.79962],[-117.23261,33.79911],[-117.23238,33.79859],[-117.23216,33.79807],[-117.23193,33.79756],[-117.23171,33.79704],[-117.23149,33.79653],[-117.23126,33.79601],[-117.23104,33.79549],[-117.23081,33.79498],[-117.23059,33.79446],[-117.23037,33.79394],[-117.23014,33.79342],[-117.22992,33.79291],[-117.22969,33.79239],[-117.22947,33.79187],[-117.22927,33.79135],[-117.22911,33.79082],[-117.229,33.79028],[-117.22893,33.78973],[-117.22891,33.78918],[-117.22894,33.78863],[-117.22898,33.78808],[-117.22903,33.78753],[-117.22908,33.78699],[-117.22914,33.78644],[-117.22919,33.78589],[-117.22924,33.78534],[-117.22929,33.7848],[-117.22934,33.78425],[-117.22939,33.7837],[-117.22944,33.78315],[-117.22949,33.7826],[-117.22954,33.78205],[-117.22959,33.78151],[-117.22961,33.78096],[-117.22963,33.78041],[-117.22965,33.77986],[-117.22962,33.77931],[-117.22944,33.77878],[-117.22912,33.7783],[-117.22868,33.7779],[-117.22816,33.77757],[-117.22762,33.77724],[-117.22709,33.77692],[-117.22656,33.7766],[-117.22602,33.77628],[-117.22549,33.77596],[-117.22496,33.77563],[-117.22442,33.77531],[-117.22389,33.77499],[-117.22336,33.77467],[-117.22283,33.77434],[-117.22229,33.77402],[-117.22176,33.7737],[-117.22123,33.77338],[-117.22069,33.77305],[-117.22016,33.77273],[-117.21963,33.77241],[-117.21909,33.77209],[-117.21856,33.77177],[-117.21803,33.77144],[-117.21749,33.77112],[-117.21696,33.7708],[-117.21643,33.77048],[-117.2159,33.77015],[-117.21536,33.76983],[-117.21483,33.76951],[-117.2143,33.76919],[-117.21376,33.76886],[-117.21323,33.76854],[-117.2127,33.76822],[-117.21216,33.7679],[-117.21163,33.76758],[-117.2111,33.76725],[-117.21057,33.76693],[-117.21003,33.76661],[-117.2095,33.76629],[-117.20897,33.76596],[-117.20843,33.76564],[-117.2079,33.76532],[-117.20737,33.765],[-117.20683,33.76467],[-117.2063,33.76435],[-117.20577,33.76403],[-117.20524,33.76371],[-117.2047,33.76338],[-117.20417,33.76306],[-117.20364,33.76274],[-117.2031,33.76242],[-117.20257,33.7621],[-117.20204,33.76177],[-117.20151,33.76145],[-117.20097,33.76113],[-117.20044,33.76081],[-117.19991,33.76048],[-117.19938,33.76016],[-117.19884,33.75984],[-117.19831,33.75952],[-117.19778,33.75919],[-117.19724,33.75887],[-117.19671,33.75855],[-117.19618,33.75823],[-117.19564,33.75791],[-117.19511,33.75758],[-117.19458,33.75726],[-117.19405,33.75694],[-117.19351,33.75661],[-117.19298,33.75629]]},"properties":{"routeId":"91 Line","name":"91-Perris Valley Line","shortName":"91-PV Line","color":"#0071CE","textColor":"#FFFFFF","system":"metrolink"}},{"type":"Feature","geometry":{"type":"LineString","coordinates":[[-118.13631,34.69793],[-118.13629,34.69779],[-118.1362,34.69725],[-118.13611,34.6967],[-118.13603,34.69616],[-118.13594,34.69561],[-118.13585,34.69507],[-118.13577,34.69452],[-118.13568,34.69398],[-118.13559,34.69343],[-118.13551,34.69289],[-118.13542,34.69234],[-118.13533,34.6918],[-118.13523,34.69125],[-118.13512,34.69071],[-118.13503,34.69017],[-118.13494,34.68962],[-118.13485,34.68908],[-118.13477,34.68853],[-118.13468,34.68799],[-118.1346,34.68744],[-118.13451,34.6869],[-118.13442,34.68635],[-118.13434,34.68581],[-118.13425,34.68527],[-118.13416,34.68472],[-118.13408,34.68418],[-118.13399,34.68363],[-118.1339,34.68308],[-118.13382,34.68254],[-118.13373,34.682],[-118.13365,34.68145],[-118.13356,34.68091],[-118.13347,34.68036],[-118.13339,34.67982],[-118.1333,34.67927],[-118.13321,34.67873],[-118.13313,34.67818],[-118.13304,34.67764],[-118.13295,34.67709],[-118.13287,34.67655],[-118.13278,34.676],[-118.1327,34.67546],[-118.13261,34.67491],[-118.13252,34.67437],[-118.13244,34.67382],[-118.13235,34.67328],[-118.13227,34.67273],[-118.13218,34.67219],[-118.13209,34.67164],[-118.13201,34.6711],[-118.13192,34.67055],[-118.13183,34.67001],[-118.13175,34.66946],[-118.13166,34.66892],[-118.13157,34.66837],[-118.13149,34.66783],[-118.1314,34.66728],[-118.13132,34.66674],[-118.13123,34.66619],[-118.13114,34.66565],[-118.13106,34.6651],[-118.13097,34.66456],[-118.13088,34.66401],[-118.1308,34.66347],[-118.13071,34.66292],[-118.13063,34.66238],[-118.13054,34.66183],[-118.13047,34.66129],[-118.13038,34.66074],[-118.13029,34.6602],[-118.13021,34.65965],[-118.13011,34.65911],[-118.13002,34.65856],[-118.12994,34.65802],[-118.12985,34.65747],[-118.12976,34.65693],[-118.12968,34.65638],[-118.12959,34.65584],[-118.1295,34.6553],[-118.12942,34.65475],[-118.12933,34.6542],[-118.12925,34.65366],[-118.12916,34.65311],[-118.12907,34.65257],[-118.12899,34.65203],[-118.1289,34.65148],[-118.12882,34.65093],[-118.12873,34.65039],[-118.12864,34.64984],[-118.12856,34.6493],[-118.12847,34.64876],[-118.12838,34.64821],[-118.1283,34.64767],[-118.12821,34.64712],[-118.12812,34.64658],[-118.12804,34.64603],[-118.12795,34.64549],[-118.12787,34.64494],[-118.12778,34.6444],[-118.12769,34.64385],[-118.12761,34.64331],[-118.12752,34.64276],[-118.12744,34.64222],[-118.12735,34.64167],[-118.12726,34.64113],[-118.12718,34.64058],[-118.12709,34.64004],[-118.127,34.63949],[-118.12692,34.63895],[-118.12683,34.6384],[-118.12674,34.63786],[-118.12666,34.63731],[-118.12657,34.63677],[-118.12649,34.63622],[-118.1264,34.63568],[-118.12631,34.63513],[-118.12623,34.63459],[-118.12614,34.63404],[-118.12605,34.6335],[-118.12597,34.63295],[-118.12588,34.63241],[-118.12579,34.63186],[-118.12571,34.63132],[-118.12562,34.63077],[-118.12554,34.63023],[-118.12545,34.62968],[-118.12536,34.62914],[-118.12528,34.62859],[-118.12519,34.62805],[-118.12511,34.6275],[-118.12502,34.62696],[-118.12493,34.62641],[-118.12485,34.62587],[-118.12476,34.62532],[-118.12467,34.62478],[-118.12459,34.62423],[-118.1245,34.62369],[-118.12441,34.62315],[-118.12433,34.6226],[-118.12424,34.62206],[-118.12416,34.62151],[-118.12407,34.62096],[-118.12398,34.62042],[-118.1239,34.61988],[-118.12381,34.61933],[-118.12372,34.61879],[-118.12364,34.61824],[-118.12355,34.61769],[-118.12347,34.61715],[-118.12338,34.61661],[-118.12329,34.61606],[-118.12321,34.61552],[-118.12312,34.61497],[-118.12303,34.61443],[-118.12295,34.61388],[-118.12286,34.61334],[-118.12278,34.61279],[-118.12269,34.61225],[-118.1226,34.6117],[-118.12252,34.61116],[-118.12243,34.61061],[-118.12234,34.61007],[-118.12226,34.60952],[-118.12217,34.60898],[-118.12208,34.60843],[-118.122,34.60789],[-118.12191,34.60734],[-118.12183,34.6068],[-118.12174,34.60625],[-118.12165,34.60571],[-118.12157,34.60516],[-118.12148,34.60462],[-118.12139,34.60407],[-118.12131,34.60353],[-118.12122,34.60298],[-118.12113,34.60244],[-118.12105,34.60189],[-118.12096,34.60135],[-118.12087,34.6008],[-118.12079,34.60026],[-118.1207,34.59971],[-118.12061,34.59917],[-118.12053,34.59862],[-118.12044,34.59808],[-118.12036,34.59753],[-118.12027,34.59699],[-118.12018,34.59645],[-118.1201,34.5959],[-118.12001,34.59535],[-118.11992,34.59481],[-118.11984,34.59427],[-118.11975,34.59372],[-118.11966,34.59318],[-118.11958,34.59263],[-118.11949,34.59209],[-118.1194,34.59154],[-118.11932,34.591],[-118.11923,34.59045],[-118.11914,34.58991],[-118.11906,34.58936],[-118.11897,34.58882],[-118.11888,34.58827],[-118.1188,34.58773],[-118.11871,34.58718],[-118.11862,34.58664],[-118.11854,34.58609],[-118.11845,34.58555],[-118.11836,34.585],[-118.11828,34.58446],[-118.11819,34.58391],[-118.1181,34.58337],[-118.11802,34.58282],[-118.11793,34.58228],[-118.11785,34.58173],[-118.11776,34.58119],[-118.11767,34.58064],[-118.11759,34.5801],[-118.1175,34.57955],[-118.11741,34.57901],[-118.11733,34.57846],[-118.11724,34.57792],[-118.11715,34.57737],[-118.11707,34.57683],[-118.11698,34.57628],[-118.11689,34.57574],[-118.11681,34.57519],[-118.11672,34.57465],[-118.11663,34.57411],[-118.11655,34.57356],[-118.11646,34.57301],[-118.11637,34.57247],[-118.11629,34.57193],[-118.1162,34.57138],[-118.11611,34.57084],[-118.11603,34.57029],[-118.11594,34.56975],[-118.11585,34.5692],[-118.11577,34.56866],[-118.11567,34.56811],[-118.11557,34.56757],[-118.11547,34.56703],[-118.11537,34.56648],[-118.11527,34.56594],[-118.11518,34.56539],[-118.11509,34.56485],[-118.11501,34.5643],[-118.11494,34.56376],[-118.11492,34.56321],[-118.11494,34.56266],[-118.11501,34.56211],[-118.11513,34.56157],[-118.11527,34.56103],[-118.1154,34.5605],[-118.11551,34.55995],[-118.11555,34.55941],[-118.11552,34.55886],[-118.11542,34.55831],[-118.11525,34.55778],[-118.11505,34.55726],[-118.11484,34.55674],[-118.11466,34.55621],[-118.11452,34.55567],[-118.11444,34.55513],[-118.11441,34.55458],[-118.11442,34.55403],[-118.11446,34.55348],[-118.11448,34.55293],[-118.11445,34.55238],[-118.11434,34.55184],[-118.11416,34.55131],[-118.11389,34.55081],[-118.11357,34.55033],[-118.11323,34.54986],[-118.11289,34.54938],[-118.11255,34.54891],[-118.11221,34.54844],[-118.11187,34.54797],[-118.11154,34.54749],[-118.11119,34.54702],[-118.11086,34.54655],[-118.11052,34.54608],[-118.11018,34.54561],[-118.10984,34.54513],[-118.1095,34.54466],[-118.10916,34.54419],[-118.10882,34.54372],[-118.10848,34.54324],[-118.10814,34.54277],[-118.1078,34.5423],[-118.10746,34.54183],[-118.10712,34.54136],[-118.10678,34.54088],[-118.10644,34.54041],[-118.1061,34.53994],[-118.10576,34.53947],[-118.10542,34.53899],[-118.10508,34.53852],[-118.10474,34.53805],[-118.1044,34.53758],[-118.10406,34.5371],[-118.10372,34.53663],[-118.10338,34.53616],[-118.10304,34.53569],[-118.10269,34.53522],[-118.10233,34.53476],[-118.10197,34.5343],[-118.1016,34.53384],[-118.10122,34.53339],[-118.10084,34.53294],[-118.10045,34.53249],[-118.10006,34.53205],[-118.09965,34.53162],[-118.09925,34.53118],[-118.09883,34.53075],[-118.09842,34.53032],[-118.09798,34.52991],[-118.09747,34.52955],[-118.0969,34.52928],[-118.09629,34.52906],[-118.09567,34.52887],[-118.09504,34.52869],[-118.0944,34.52854],[-118.09376,34.5284],[-118.09311,34.52828],[-118.09247,34.52815],[-118.09185,34.52795],[-118.09128,34.52767],[-118.09078,34.52731],[-118.09036,34.52688],[-118.09004,34.5264],[-118.08982,34.52588],[-118.08972,34.52534],[-118.08973,34.52479],[-118.08986,34.52425],[-118.09009,34.52374],[-118.09043,34.52327],[-118.09087,34.52285],[-118.09138,34.52251],[-118.09196,34.52224],[-118.09256,34.522],[-118.09315,34.52176],[-118.09375,34.52151],[-118.09431,34.52122],[-118.09482,34.52087],[-118.09527,34.52047],[-118.09565,34.52001],[-118.09601,34.51955],[-118.09642,34.51912],[-118.09688,34.51873],[-118.0974,34.51838],[-118.09795,34.51808],[-118.09854,34.51782],[-118.09914,34.51758],[-118.09973,34.51734],[-118.10033,34.51711],[-118.10093,34.51687],[-118.10153,34.51663],[-118.10213,34.51639],[-118.10273,34.51615],[-118.10332,34.51592],[-118.10392,34.51568],[-118.10452,34.51544],[-118.1051,34.51518],[-118.10564,34.51485],[-118.10612,34.51447],[-118.10652,34.51403],[-118.10685,34.51356],[-118.10711,34.51305],[-118.10736,34.51254],[-118.1076,34.51203],[-118.10785,34.51152],[-118.1081,34.51101],[-118.10839,34.51052],[-118.10877,34.51007],[-118.10923,34.50968],[-118.10975,34.50933],[-118.11027,34.50899],[-118.11075,34.50861],[-118.11119,34.5082],[-118.11158,34.50775],[-118.11194,34.50729],[-118.11231,34.50683],[-118.11267,34.50638],[-118.11302,34.5059],[-118.11336,34.50543],[-118.1137,34.50496],[-118.11407,34.5045],[-118.11443,34.50404],[-118.11477,34.50357],[-118.11509,34.50309],[-118.11539,34.5026],[-118.11567,34.5021],[-118.11595,34.5016],[-118.11622,34.5011],[-118.1165,34.5006],[-118.11678,34.5001],[-118.11705,34.4996],[-118.11733,34.4991],[-118.11763,34.49862],[-118.11796,34.49814],[-118.11829,34.49766],[-118.11861,34.49718],[-118.11894,34.4967],[-118.11929,34.49624],[-118.11972,34.49582],[-118.12022,34.49546],[-118.12078,34.49517],[-118.12137,34.49491],[-118.12197,34.49467],[-118.12256,34.49442],[-118.12315,34.49417],[-118.12374,34.49392],[-118.12431,34.49364],[-118.12487,34.49334],[-118.12539,34.493],[-118.12588,34.49263],[-118.12635,34.49224],[-118.12681,34.49184],[-118.12727,34.49144],[-118.12773,34.49105],[-118.12821,34.49068],[-118.12873,34.49033],[-118.12926,34.49],[-118.12981,34.4897],[-118.13037,34.4894],[-118.13093,34.4891],[-118.13148,34.4888],[-118.13204,34.4885],[-118.13259,34.48819],[-118.13314,34.48788],[-118.13368,34.48757],[-118.13422,34.48725],[-118.13476,34.48692],[-118.13529,34.4866],[-118.13583,34.48627],[-118.13636,34.48595],[-118.13689,34.48561],[-118.1374,34.48526],[-118.13791,34.48491],[-118.13841,34.48455],[-118.13891,34.48419],[-118.1394,34.48381],[-118.13988,34.48344],[-118.14039,34.48309],[-118.14095,34.48279],[-118.14155,34.48256],[-118.14219,34.4824],[-118.14284,34.4823],[-118.14349,34.4822],[-118.14414,34.4821],[-118.14478,34.48195],[-118.14541,34.48178],[-118.14604,34.48159],[-118.14666,34.48141],[-118.14729,34.48123],[-118.14792,34.48105],[-118.14854,34.48087],[-118.14917,34.48068],[-118.14979,34.4805],[-118.15042,34.48032],[-118.15105,34.48014],[-118.15167,34.47996],[-118.15231,34.4798],[-118.15296,34.4797],[-118.15362,34.47966],[-118.15429,34.47968],[-118.15494,34.47975],[-118.1556,34.47986],[-118.15625,34.47996],[-118.1569,34.48007],[-118.15755,34.48017],[-118.1582,34.48027],[-118.15886,34.48033],[-118.15952,34.48032],[-118.16018,34.48023],[-118.16081,34.48007],[-118.16141,34.47983],[-118.16197,34.47954],[-118.16252,34.47923],[-118.16306,34.47891],[-118.1636,34.47859],[-118.16415,34.47828],[-118.16472,34.47799],[-118.1653,34.47773],[-118.16589,34.47748],[-118.16649,34.47726],[-118.1671,34.47703],[-118.16771,34.47681],[-118.16831,34.47658],[-118.16892,34.47635],[-118.16952,34.47612],[-118.1701,34.47585],[-118.17064,34.47554],[-118.17113,34.47517],[-118.17157,34.47476],[-118.17198,34.47433],[-118.17238,34.47389],[-118.17278,34.47345],[-118.17318,34.47301],[-118.17359,34.47258],[-118.17404,34.47218],[-118.17456,34.47183],[-118.17512,34.47154],[-118.17573,34.47133],[-118.17637,34.47118],[-118.17703,34.47111],[-118.17769,34.47112],[-118.17835,34.4712],[-118.179,34.4713],[-118.17965,34.47141],[-118.1803,34.47152],[-118.18095,34.47164],[-118.1816,34.47175],[-118.18225,34.47184],[-118.18291,34.47191],[-118.18358,34.47194],[-118.18424,34.47195],[-118.1849,34.47192],[-118.18556,34.47186],[-118.18621,34.47176],[-118.18686,34.47164],[-118.18751,34.47152],[-118.18815,34.47139],[-118.1888,34.47126],[-118.18944,34.47112],[-118.19006,34.47093],[-118.19066,34.47069],[-118.19123,34.47042],[-118.19178,34.4701],[-118.1923,34.46976],[-118.19282,34.46942],[-118.19334,34.46908],[-118.19386,34.46874],[-118.19437,34.46839],[-118.19485,34.46801],[-118.19527,34.46759],[-118.19565,34.46713],[-118.19596,34.46665],[-118.19621,34.46614],[-118.19639,34.46561],[-118.1965,34.46507],[-118.19659,34.46452],[-118.19667,34.46398],[-118.19675,34.46343],[-118.19683,34.46289],[-118.19691,34.46234],[-118.19699,34.4618],[-118.19707,34.46125],[-118.19714,34.4607],[-118.19718,34.46015],[-118.19713,34.45961],[-118.19703,34.45906],[-118.19693,34.45852],[-118.19687,34.45797],[-118.19691,34.45743],[-118.19707,34.45689],[-118.19734,34.45639],[-118.19771,34.45594],[-118.19817,34.45554],[-118.19869,34.4552],[-118.19921,34.45486],[-118.1997,34.45449],[-118.20013,34.45407],[-118.2005,34.45361],[-118.20081,34.45313],[-118.20112,34.45264],[-118.20142,34.45215],[-118.20175,34.45168],[-118.20215,34.45124],[-118.20262,34.45085],[-118.20314,34.45051],[-118.20368,34.45019],[-118.20421,34.44986],[-118.20475,34.44954],[-118.20529,34.44922],[-118.20582,34.44889],[-118.20637,34.44858],[-118.20693,34.44829],[-118.20752,34.44803],[-118.2081,34.44778],[-118.20869,34.44752],[-118.20928,34.44727],[-118.20986,34.44701],[-118.21045,34.44675],[-118.21104,34.44649],[-118.21159,34.44619],[-118.21209,34.44583],[-118.21252,34.44541],[-118.21289,34.44495],[-118.21324,34.44449],[-118.2136,34.44403],[-118.21395,34.44356],[-118.2143,34.4431],[-118.21465,34.44263],[-118.21496,34.44214],[-118.21523,34.44164],[-118.21548,34.44113],[-118.21573,34.44062],[-118.216,34.44012],[-118.21639,34.43968],[-118.21688,34.4393],[-118.21741,34.43897],[-118.21793,34.43864],[-118.21845,34.4383],[-118.21899,34.43798],[-118.21959,34.43774],[-118.22024,34.43762],[-118.2209,34.4376],[-118.22155,34.4377],[-118.22217,34.43789],[-118.22279,34.43809],[-118.2234,34.43829],[-118.22402,34.43849],[-118.22466,34.43865],[-118.22532,34.43871],[-118.22598,34.43868],[-118.22662,34.43855],[-118.22724,34.43836],[-118.22786,34.43816],[-118.22848,34.43797],[-118.2291,34.43777],[-118.22972,34.43758],[-118.23036,34.43743],[-118.23102,34.43738],[-118.23168,34.43734],[-118.23234,34.43731],[-118.23301,34.43728],[-118.23367,34.43724],[-118.23433,34.43721],[-118.23499,34.43718],[-118.23566,34.43719],[-118.23632,34.43725],[-118.23697,34.43735],[-118.2376,34.43751],[-118.23815,34.43781],[-118.23864,34.43819],[-118.23918,34.4385],[-118.23982,34.43864],[-118.24048,34.4386],[-118.24113,34.4385],[-118.24179,34.43842],[-118.24245,34.43843],[-118.24312,34.43841],[-118.24376,34.4383],[-118.24439,34.43814],[-118.24504,34.438],[-118.2457,34.43797],[-118.24636,34.43803],[-118.24699,34.4382],[-118.24757,34.43845],[-118.2481,34.43879],[-118.24857,34.43918],[-118.24905,34.43956],[-118.24956,34.4399],[-118.25009,34.44024],[-118.25062,34.44057],[-118.25115,34.4409],[-118.25168,34.44123],[-118.25225,34.44151],[-118.25286,34.44172],[-118.25351,34.44183],[-118.25418,34.44184],[-118.25483,34.44176],[-118.25546,34.44158],[-118.25605,34.44134],[-118.25664,34.44109],[-118.25725,34.44087],[-118.2579,34.44074],[-118.25856,34.44069],[-118.25922,34.44068],[-118.25988,34.44068],[-118.26055,34.44067],[-118.26121,34.44066],[-118.26187,34.44065],[-118.26254,34.44064],[-118.2632,34.44059],[-118.26385,34.44049],[-118.26449,34.44035],[-118.26513,34.4402],[-118.26577,34.44006],[-118.26641,34.43991],[-118.26707,34.43984],[-118.26772,34.43989],[-118.26838,34.43998],[-118.26903,34.44007],[-118.26969,34.44012],[-118.27036,34.44009],[-118.27102,34.44008],[-118.27168,34.44012],[-118.27234,34.44009],[-118.27298,34.43994],[-118.27357,34.4397],[-118.27415,34.43942],[-118.27478,34.43926],[-118.27544,34.43929],[-118.27608,34.43942],[-118.27672,34.43957],[-118.27736,34.43972],[-118.278,34.43987],[-118.27863,34.44002],[-118.27924,34.44025],[-118.27973,34.44061],[-118.28006,34.44109],[-118.28038,34.44157],[-118.28085,34.44195],[-118.28145,34.44218],[-118.28211,34.44222],[-118.28275,34.44207],[-118.28333,34.4418],[-118.28395,34.44162],[-118.28461,34.44161],[-118.28527,34.44164],[-118.28592,34.44154],[-118.28656,34.44137],[-118.28714,34.44112],[-118.28763,34.44075],[-118.28813,34.44039],[-118.28874,34.44018],[-118.2894,34.44015],[-118.29003,34.44031],[-118.29057,34.44064],[-118.29105,34.44102],[-118.29158,34.44134],[-118.29221,34.4415],[-118.29287,34.44148],[-118.29353,34.4414],[-118.29418,34.44146],[-118.29478,34.4417],[-118.29531,34.44202],[-118.29592,34.44224],[-118.29658,34.44227],[-118.29722,34.44213],[-118.2978,34.44188],[-118.29831,34.44152],[-118.29874,34.4411],[-118.29914,34.44067],[-118.29962,34.44029],[-118.30021,34.44004],[-118.30086,34.43995],[-118.30152,34.44002],[-118.30215,34.44017],[-118.30276,34.44039],[-118.30333,34.44067],[-118.30387,34.44098],[-118.30434,34.44138],[-118.30482,34.44176],[-118.30539,34.44203],[-118.30603,34.44215],[-118.30669,34.44224],[-118.30734,34.44232],[-118.308,34.4424],[-118.30866,34.44241],[-118.30931,34.44229],[-118.30993,34.44209],[-118.31054,34.44188],[-118.31115,34.44167],[-118.31176,34.44146],[-118.31238,34.44125],[-118.31299,34.44104],[-118.3136,34.44083],[-118.31422,34.44062],[-118.31484,34.44043],[-118.31548,34.44029],[-118.31613,34.44017],[-118.31678,34.44005],[-118.31742,34.43993],[-118.31807,34.43981],[-118.31872,34.43968],[-118.31936,34.43957],[-118.32002,34.43953],[-118.32067,34.43964],[-118.32126,34.43989],[-118.3218,34.44021],[-118.32236,34.4405],[-118.32299,34.44068],[-118.32365,34.44071],[-118.3243,34.44063],[-118.32494,34.44048],[-118.32554,34.44025],[-118.32611,34.43997],[-118.32667,34.43967],[-118.32724,34.43939],[-118.32784,34.43917],[-118.32847,34.43899],[-118.32912,34.43886],[-118.32976,34.43874],[-118.33041,34.43862],[-118.33106,34.4385],[-118.33171,34.43839],[-118.33236,34.43827],[-118.333,34.43815],[-118.33365,34.43803],[-118.3343,34.43792],[-118.33495,34.4378],[-118.3356,34.43768],[-118.33624,34.43756],[-118.33689,34.43744],[-118.33754,34.43733],[-118.33818,34.43718],[-118.33878,34.43695],[-118.33933,34.43664],[-118.33981,34.43627],[-118.34028,34.43588],[-118.34077,34.43551],[-118.34132,34.4352],[-118.34191,34.43496],[-118.34253,34.43476],[-118.34315,34.43457],[-118.34378,34.43438],[-118.3444,34.43418],[-118.34502,34.43399],[-118.34564,34.4338],[-118.34625,34.43358],[-118.3468,34.43328],[-118.34728,34.4329],[-118.34767,34.43245],[-118.34795,34.43195],[-118.34811,34.43142],[-118.34817,34.43087],[-118.3482,34.43033],[-118.34826,34.42978],[-118.34848,34.42926],[-118.34886,34.42882],[-118.34939,34.42848],[-118.35001,34.4283],[-118.35067,34.42829],[-118.3513,34.42845],[-118.35184,34.42877],[-118.35232,34.42915],[-118.35282,34.42952],[-118.35339,34.42979],[-118.35402,34.42995],[-118.35467,34.43006],[-118.35531,34.43021],[-118.35591,34.43045],[-118.3565,34.4307],[-118.35709,34.43094],[-118.35768,34.43119],[-118.35828,34.43144],[-118.35888,34.43167],[-118.35948,34.43189],[-118.3601,34.4321],[-118.36073,34.43225],[-118.36139,34.43233],[-118.36205,34.43235],[-118.36272,34.43236],[-118.36338,34.43241],[-118.364,34.4326],[-118.36454,34.43291],[-118.36506,34.43325],[-118.36559,34.43358],[-118.36616,34.43386],[-118.36678,34.43405],[-118.36744,34.43412],[-118.3681,34.43413],[-118.36877,34.43414],[-118.36943,34.43412],[-118.37009,34.4341],[-118.37075,34.43402],[-118.37141,34.43394],[-118.37206,34.43386],[-118.37272,34.43378],[-118.37337,34.43368],[-118.37401,34.43355],[-118.37465,34.43338],[-118.37526,34.43318],[-118.37586,34.43294],[-118.37644,34.43268],[-118.37702,34.43241],[-118.3776,34.43215],[-118.37814,34.43183],[-118.37859,34.43143],[-118.37899,34.43099],[-118.37938,34.43054],[-118.37977,34.4301],[-118.38018,34.42966],[-118.38063,34.42926],[-118.38117,34.42894],[-118.38177,34.42872],[-118.38242,34.42861],[-118.38308,34.42861],[-118.38372,34.42874],[-118.38432,34.42898],[-118.38485,34.42931],[-118.38537,34.42965],[-118.38592,34.42995],[-118.38652,34.43018],[-118.38716,34.43033],[-118.38781,34.43046],[-118.38846,34.43053],[-118.38913,34.43054],[-118.38978,34.43047],[-118.39042,34.43033],[-118.39103,34.43011],[-118.3916,34.42983],[-118.39212,34.42949],[-118.39261,34.42912],[-118.3931,34.42875],[-118.39358,34.42837],[-118.39407,34.428],[-118.39458,34.42765],[-118.39513,34.42735],[-118.39573,34.42711],[-118.39636,34.42695],[-118.39702,34.42686],[-118.39768,34.42682],[-118.39834,34.4268],[-118.399,34.42678],[-118.39966,34.42674],[-118.40032,34.42664],[-118.40095,34.42647],[-118.40154,34.42623],[-118.40209,34.42592],[-118.40259,34.42556],[-118.40303,34.42515],[-118.40346,34.42473],[-118.40389,34.42431],[-118.40436,34.42393],[-118.40489,34.42359],[-118.40547,34.42332],[-118.40608,34.42312],[-118.40673,34.423],[-118.40739,34.42294],[-118.40805,34.42296],[-118.40871,34.423],[-118.40937,34.42305],[-118.41003,34.42309],[-118.41069,34.42314],[-118.41135,34.42318],[-118.41201,34.42323],[-118.41267,34.42327],[-118.41334,34.42332],[-118.414,34.42335],[-118.41466,34.42334],[-118.41531,34.42325],[-118.41595,34.42308],[-118.41654,34.42285],[-118.4171,34.42254],[-118.4176,34.42218],[-118.41804,34.42177],[-118.41845,34.42135],[-118.41887,34.42092],[-118.41929,34.42049],[-118.41971,34.42007],[-118.42017,34.41967],[-118.42069,34.41933],[-118.42127,34.41906],[-118.42188,34.41885],[-118.42252,34.4187],[-118.42316,34.41855],[-118.4238,34.41841],[-118.42444,34.41826],[-118.42507,34.4181],[-118.42569,34.41791],[-118.42629,34.41768],[-118.42688,34.41741],[-118.42743,34.41712],[-118.42797,34.4168],[-118.4285,34.41647],[-118.42904,34.41614],[-118.42957,34.41581],[-118.4301,34.41548],[-118.43063,34.41515],[-118.43116,34.41483],[-118.43169,34.4145],[-118.43223,34.41417],[-118.43276,34.41384],[-118.43329,34.41351],[-118.43382,34.41318],[-118.43435,34.41285],[-118.43488,34.41253],[-118.43541,34.4122],[-118.43595,34.41187],[-118.4365,34.41157],[-118.43708,34.4113],[-118.43767,34.41106],[-118.43829,34.41085],[-118.43892,34.41069],[-118.43956,34.41055],[-118.44022,34.41046],[-118.44088,34.41041],[-118.44154,34.41038],[-118.4422,34.41036],[-118.44286,34.41034],[-118.44353,34.41031],[-118.44419,34.41028],[-118.44485,34.41024],[-118.44551,34.4102],[-118.44617,34.41014],[-118.44683,34.41007],[-118.44749,34.41],[-118.44814,34.40993],[-118.4488,34.40987],[-118.44946,34.40982],[-118.45012,34.40978],[-118.45079,34.40974],[-118.45145,34.4097],[-118.45211,34.40966],[-118.45277,34.40962],[-118.45343,34.40958],[-118.45409,34.40955],[-118.45476,34.40951],[-118.45542,34.40947],[-118.45608,34.40943],[-118.45674,34.4094],[-118.4574,34.40936],[-118.45806,34.40932],[-118.45872,34.40928],[-118.45939,34.40924],[-118.46005,34.4092],[-118.46071,34.40917],[-118.46137,34.40913],[-118.46203,34.40909],[-118.46269,34.40905],[-118.46335,34.40901],[-118.46402,34.40897],[-118.46468,34.40893],[-118.46534,34.4089],[-118.466,34.40886],[-118.46666,34.40882],[-118.46732,34.40878],[-118.46798,34.40875],[-118.46865,34.40874],[-118.46931,34.40877],[-118.46997,34.40885],[-118.47062,34.40896],[-118.47125,34.4091],[-118.47188,34.40929],[-118.47249,34.40951],[-118.47307,34.40976],[-118.47364,34.41005],[-118.47418,34.41037],[-118.47469,34.41072],[-118.47517,34.4111],[-118.47562,34.4115],[-118.47607,34.4119],[-118.47652,34.41231],[-118.47696,34.41272],[-118.47741,34.41312],[-118.47785,34.41353],[-118.4783,34.41394],[-118.47875,34.41434],[-118.47919,34.41475],[-118.47964,34.41516],[-118.48008,34.41557],[-118.48053,34.41597],[-118.48098,34.41638],[-118.48141,34.41679],[-118.48182,34.41723],[-118.4822,34.41768],[-118.48257,34.41813],[-118.48295,34.41858],[-118.48335,34.41902],[-118.4838,34.41942],[-118.48429,34.4198],[-118.48481,34.42014],[-118.48536,34.42044],[-118.48594,34.4207],[-118.48655,34.42093],[-118.48717,34.42111],[-118.48781,34.42125],[-118.48847,34.42135],[-118.48913,34.4214],[-118.48979,34.42143],[-118.49045,34.42142],[-118.49111,34.42138],[-118.49177,34.42132],[-118.49243,34.42124],[-118.49308,34.42115],[-118.49374,34.42107],[-118.49439,34.42099],[-118.49505,34.4209],[-118.49571,34.42082],[-118.49636,34.42074],[-118.49702,34.42065],[-118.49767,34.42057],[-118.49833,34.42049],[-118.49898,34.4204],[-118.49964,34.42032],[-118.50029,34.42024],[-118.50095,34.42016],[-118.5016,34.42007],[-118.50226,34.41999],[-118.50292,34.41991],[-118.50357,34.41982],[-118.50423,34.41974],[-118.50488,34.41964],[-118.50552,34.4195],[-118.50615,34.41933],[-118.50676,34.41912],[-118.50736,34.41887],[-118.50793,34.4186],[-118.5085,34.41831],[-118.50906,34.41803],[-118.50963,34.41774],[-118.51019,34.41745],[-118.51076,34.41716],[-118.51133,34.41688],[-118.51189,34.41659],[-118.51246,34.4163],[-118.51302,34.41602],[-118.51359,34.41573],[-118.51417,34.41547],[-118.51477,34.41524],[-118.51539,34.41504],[-118.51602,34.41488],[-118.51667,34.41475],[-118.51732,34.41467],[-118.51798,34.4146],[-118.51864,34.41454],[-118.51929,34.41443],[-118.51988,34.41418],[-118.52036,34.4138],[-118.5208,34.41339],[-118.52128,34.41301],[-118.52186,34.41276],[-118.52252,34.41269],[-118.52316,34.41281],[-118.52378,34.41302],[-118.52439,34.41323],[-118.52501,34.41344],[-118.52562,34.41365],[-118.52623,34.41386],[-118.52684,34.41407],[-118.52743,34.41433],[-118.52795,34.41467],[-118.52843,34.41505],[-118.5289,34.41543],[-118.52938,34.41581],[-118.52985,34.4162],[-118.53033,34.41658],[-118.5308,34.41696],[-118.53124,34.41738],[-118.53158,34.41785],[-118.53186,34.41835],[-118.53214,34.41884],[-118.5325,34.4193],[-118.53298,34.41968],[-118.53354,34.41998],[-118.53411,34.42026],[-118.53468,34.42054],[-118.53524,34.42083],[-118.53581,34.42111],[-118.53639,34.42137],[-118.537,34.4216],[-118.53763,34.42177],[-118.53827,34.4219],[-118.53893,34.42195],[-118.53959,34.42187],[-118.54021,34.42168],[-118.54076,34.42138],[-118.54122,34.42098],[-118.54157,34.42052],[-118.54178,34.42],[-118.54185,34.41945],[-118.54179,34.4189],[-118.54166,34.41836],[-118.54153,34.41783],[-118.54142,34.41728],[-118.54131,34.41674],[-118.54121,34.4162],[-118.54111,34.41566],[-118.54101,34.41511],[-118.54091,34.41457],[-118.54081,34.41403],[-118.54071,34.41348],[-118.54061,34.41294],[-118.54051,34.4124],[-118.54041,34.41185],[-118.5403,34.41131],[-118.5402,34.41077],[-118.5401,34.41022],[-118.54,34.40968],[-118.5399,34.40914],[-118.5398,34.40859],[-118.5397,34.40805],[-118.5396,34.40751],[-118.5395,34.40696],[-118.53939,34.40642],[-118.53929,34.40588],[-118.53919,34.40534],[-118.53909,34.40479],[-118.53899,34.40425],[-118.53889,34.40371],[-118.53879,34.40316],[-118.53869,34.40262],[-118.53859,34.40208],[-118.53848,34.40153],[-118.53838,34.40099],[-118.53828,34.40045],[-118.53818,34.3999],[-118.53809,34.39936],[-118.53804,34.39881],[-118.53808,34.39826],[-118.5382,34.39772],[-118.53835,34.39719],[-118.5385,34.39665],[-118.5386,34.39611],[-118.53861,34.39556],[-118.53853,34.39502],[-118.53835,34.39449],[-118.53807,34.39399],[-118.53773,34.39352],[-118.53738,34.39305],[-118.53702,34.39259],[-118.53666,34.39213],[-118.53631,34.39167],[-118.53595,34.3912],[-118.53559,34.39074],[-118.53524,34.39028],[-118.53488,34.38981],[-118.53452,34.38935],[-118.53417,34.38889],[-118.53381,34.38842],[-118.53345,34.38796],[-118.53309,34.3875],[-118.53274,34.38703],[-118.53238,34.38657],[-118.53202,34.38611],[-118.53167,34.38564],[-118.53131,34.38518],[-118.53095,34.38472],[-118.5306,34.38426],[-118.53024,34.38379],[-118.52988,34.38333],[-118.52953,34.38287],[-118.52917,34.3824],[-118.52881,34.38194],[-118.52845,34.38148],[-118.5281,34.38101],[-118.52774,34.38055],[-118.52738,34.38009],[-118.52703,34.37962],[-118.52667,34.37916],[-118.52631,34.3787],[-118.52596,34.37823],[-118.5256,34.37777],[-118.52524,34.37731],[-118.52489,34.37684],[-118.52453,34.37638],[-118.52417,34.37592],[-118.52382,34.37546],[-118.52346,34.37499],[-118.5231,34.37453],[-118.52276,34.37406],[-118.52248,34.37356],[-118.52231,34.37303],[-118.52226,34.37248],[-118.52232,34.37194],[-118.52241,34.37139],[-118.52251,34.37085],[-118.52261,34.37031],[-118.52271,34.36976],[-118.52281,34.36922],[-118.52291,34.36868],[-118.52301,34.36813],[-118.52311,34.36759],[-118.52321,34.36705],[-118.52331,34.3665],[-118.52341,34.36596],[-118.52351,34.36542],[-118.52361,34.36487],[-118.52371,34.36433],[-118.52377,34.36378],[-118.52374,34.36323],[-118.52361,34.3627],[-118.52338,34.36218],[-118.52305,34.3617],[-118.52266,34.36126],[-118.52225,34.36083],[-118.52184,34.3604],[-118.52143,34.35997],[-118.52102,34.35954],[-118.5206,34.35911],[-118.52019,34.35867],[-118.51978,34.35824],[-118.51937,34.35781],[-118.51896,34.35738],[-118.51857,34.35694],[-118.51824,34.35646],[-118.51799,34.35595],[-118.51781,34.35542],[-118.51764,34.35489],[-118.51745,34.35437],[-118.51721,34.35386],[-118.51695,34.35335],[-118.5167,34.35284],[-118.51644,34.35233],[-118.51619,34.35182],[-118.51593,34.35132],[-118.51568,34.35081],[-118.51543,34.3503],[-118.51517,34.3498],[-118.51492,34.34929],[-118.51466,34.34878],[-118.51441,34.34827],[-118.51416,34.34777],[-118.5139,34.34726],[-118.51365,34.34675],[-118.51339,34.34624],[-118.51314,34.34573],[-118.51288,34.34523],[-118.51263,34.34472],[-118.51238,34.34421],[-118.51212,34.3437],[-118.51187,34.3432],[-118.51162,34.34269],[-118.51136,34.34218],[-118.51111,34.34167],[-118.51085,34.34117],[-118.5106,34.34066],[-118.51034,34.34015],[-118.51009,34.33964],[-118.50984,34.33914],[-118.50958,34.33863],[-118.50933,34.33812],[-118.50907,34.33761],[-118.50882,34.33711],[-118.50857,34.3366],[-118.50831,34.33609],[-118.50806,34.33558],[-118.50776,34.33509],[-118.50737,34.33465],[-118.50692,34.33425],[-118.50647,34.33384],[-118.50613,34.33337],[-118.50588,34.33286],[-118.50565,34.33235],[-118.50542,34.33183],[-118.50518,34.33132],[-118.50494,34.33081],[-118.50469,34.3303],[-118.50444,34.32979],[-118.50418,34.32928],[-118.50391,34.32878],[-118.50362,34.32829],[-118.50333,34.3278],[-118.50305,34.3273],[-118.50286,34.32677],[-118.50279,34.32623],[-118.5028,34.32568],[-118.50281,34.32513],[-118.50276,34.32458],[-118.50258,34.32405],[-118.50228,34.32356],[-118.50187,34.32313],[-118.50138,34.32276],[-118.50087,34.32241],[-118.50037,34.32206],[-118.49986,34.32171],[-118.49935,34.32136],[-118.49882,34.32103],[-118.49825,34.32074],[-118.49765,34.32051],[-118.49703,34.32032],[-118.4964,34.32014],[-118.49578,34.31995],[-118.4952,34.31968],[-118.49469,34.31934],[-118.49425,34.31893],[-118.49389,34.31847],[-118.49354,34.318],[-118.4932,34.31753],[-118.49285,34.31706],[-118.4925,34.3166],[-118.49209,34.31616],[-118.4916,34.3158],[-118.49103,34.31551],[-118.49041,34.31532],[-118.48977,34.3152],[-118.48912,34.31509],[-118.48847,34.31498],[-118.48782,34.31487],[-118.48717,34.31476],[-118.48652,34.31465],[-118.48587,34.31455],[-118.48522,34.31444],[-118.48457,34.31433],[-118.48392,34.31422],[-118.48327,34.31411],[-118.48262,34.314],[-118.48198,34.3139],[-118.48133,34.31379],[-118.48068,34.31368],[-118.48003,34.31357],[-118.47938,34.31346],[-118.47873,34.31335],[-118.47808,34.31325],[-118.47743,34.31312],[-118.47682,34.31292],[-118.47625,34.31264],[-118.47575,34.31228],[-118.47526,34.31191],[-118.47478,34.31153],[-118.47429,34.31116],[-118.47381,34.31078],[-118.47333,34.31041],[-118.47284,34.31003],[-118.47236,34.30966],[-118.47187,34.30929],[-118.47139,34.30891],[-118.4709,34.30854],[-118.47042,34.30816],[-118.46993,34.30779],[-118.46945,34.30741],[-118.46896,34.30704],[-118.46848,34.30666],[-118.46799,34.30629],[-118.46751,34.30591],[-118.46703,34.30554],[-118.46654,34.30517],[-118.46606,34.30479],[-118.46557,34.30442],[-118.46509,34.30404],[-118.4646,34.30367],[-118.46412,34.30329],[-118.46363,34.30292],[-118.46315,34.30254],[-118.46266,34.30217],[-118.46218,34.30179],[-118.4617,34.30142],[-118.46121,34.30104],[-118.46073,34.30067],[-118.46024,34.30029],[-118.45976,34.29992],[-118.45927,34.29955],[-118.45879,34.29917],[-118.4583,34.2988],[-118.45782,34.29842],[-118.45733,34.29805],[-118.45685,34.29767],[-118.45636,34.2973],[-118.45588,34.29693],[-118.45539,34.29655],[-118.45491,34.29618],[-118.45443,34.2958],[-118.45394,34.29543],[-118.45346,34.29505],[-118.45297,34.29468],[-118.45249,34.2943],[-118.452,34.29393],[-118.45152,34.29355],[-118.45103,34.29318],[-118.45055,34.29281],[-118.45006,34.29243],[-118.44958,34.29206],[-118.44909,34.29169],[-118.44861,34.29131],[-118.44813,34.29093],[-118.44766,34.29054],[-118.44721,34.29014],[-118.44677,34.28973],[-118.44634,34.28931],[-118.4459,34.2889],[-118.44546,34.28849],[-118.44502,34.28807],[-118.44459,34.28766],[-118.44415,34.28725],[-118.44371,34.28684],[-118.44328,34.28642],[-118.44284,34.28601],[-118.4424,34.2856],[-118.44196,34.28518],[-118.44153,34.28477],[-118.44109,34.28436],[-118.44065,34.28395],[-118.44022,34.28353],[-118.43978,34.28312],[-118.43934,34.28271],[-118.43891,34.2823],[-118.43847,34.28188],[-118.43803,34.28147],[-118.43759,34.28106],[-118.43716,34.28064],[-118.43672,34.28023],[-118.43628,34.27982],[-118.43585,34.27941],[-118.43541,34.27899],[-118.43497,34.27858],[-118.43453,34.27817],[-118.4341,34.27775],[-118.43366,34.27734],[-118.43322,34.27693],[-118.43279,34.27652],[-118.43235,34.2761],[-118.43191,34.27569],[-118.43148,34.27528],[-118.43104,34.27486],[-118.4306,34.27445],[-118.43017,34.27404],[-118.42973,34.27363],[-118.42929,34.27321],[-118.42885,34.2728],[-118.42842,34.27239],[-118.42798,34.27197],[-118.42754,34.27156],[-118.42711,34.27115],[-118.42667,34.27074],[-118.42623,34.27032],[-118.4258,34.26991],[-118.42536,34.2695],[-118.42492,34.26908],[-118.42449,34.26867],[-118.42405,34.26826],[-118.42361,34.26785],[-118.42318,34.26743],[-118.42274,34.26702],[-118.4223,34.26661],[-118.42186,34.26619],[-118.42143,34.26578],[-118.42099,34.26537],[-118.42055,34.26496],[-118.42012,34.26454],[-118.41968,34.26413],[-118.41924,34.26372],[-118.41881,34.2633],[-118.41837,34.26289],[-118.41793,34.26248],[-118.4175,34.26207],[-118.41706,34.26165],[-118.41662,34.26124],[-118.41618,34.26083],[-118.41575,34.26041],[-118.41531,34.26],[-118.41487,34.25959],[-118.41444,34.25918],[-118.414,34.25876],[-118.41356,34.25835],[-118.41313,34.25794],[-118.41269,34.25752],[-118.41225,34.25711],[-118.41182,34.2567],[-118.41138,34.25629],[-118.41094,34.25587],[-118.4105,34.25546],[-118.41007,34.25505],[-118.40963,34.25464],[-118.40919,34.25422],[-118.40876,34.25381],[-118.40832,34.2534],[-118.40788,34.25298],[-118.40744,34.25257],[-118.40701,34.25216],[-118.40657,34.25175],[-118.40613,34.25133],[-118.4057,34.25092],[-118.40526,34.25051],[-118.40482,34.25009],[-118.40439,34.24968],[-118.40395,34.24927],[-118.40351,34.24886],[-118.40308,34.24844],[-118.40264,34.24803],[-118.4022,34.24762],[-118.40176,34.24721],[-118.40133,34.24679],[-118.40089,34.24638],[-118.40045,34.24597],[-118.40002,34.24555],[-118.39958,34.24514],[-118.39914,34.24473],[-118.39871,34.24432],[-118.39827,34.2439],[-118.39783,34.24349],[-118.3974,34.24308],[-118.39696,34.24266],[-118.39652,34.24225],[-118.39609,34.24184],[-118.39565,34.24143],[-118.39521,34.24101],[-118.39477,34.2406],[-118.39434,34.24019],[-118.3939,34.23978],[-118.39347,34.23936],[-118.39303,34.23895],[-118.3926,34.23853],[-118.39218,34.23811],[-118.39175,34.23769],[-118.39132,34.23727],[-118.39088,34.23686],[-118.39044,34.23645],[-118.39001,34.23603],[-118.38957,34.23562],[-118.38913,34.23521],[-118.3887,34.23479],[-118.38826,34.23438],[-118.38782,34.23397],[-118.38739,34.23356],[-118.38695,34.23314],[-118.38651,34.23273],[-118.38608,34.23232],[-118.38564,34.2319],[-118.3852,34.23149],[-118.38477,34.23108],[-118.38433,34.23067],[-118.38389,34.23025],[-118.38346,34.22984],[-118.38301,34.22943],[-118.38256,34.22903],[-118.38209,34.22865],[-118.38161,34.22826],[-118.38114,34.22788],[-118.38066,34.2275],[-118.38019,34.22711],[-118.37972,34.22673],[-118.37923,34.22635],[-118.37874,34.22599],[-118.37823,34.22564],[-118.37772,34.22529],[-118.37721,34.22494],[-118.3767,34.22459],[-118.37619,34.22424],[-118.37567,34.22389],[-118.37516,34.22355],[-118.37465,34.2232],[-118.37414,34.22285],[-118.37363,34.2225],[-118.37311,34.22215],[-118.3726,34.2218],[-118.37209,34.22146],[-118.37158,34.22111],[-118.37107,34.22076],[-118.37056,34.22041],[-118.37005,34.22006],[-118.36953,34.21971],[-118.36902,34.21937],[-118.36851,34.21902],[-118.368,34.21867],[-118.36749,34.21832],[-118.36697,34.21797],[-118.36646,34.21762],[-118.36595,34.21728],[-118.36544,34.21693],[-118.36493,34.21658],[-118.36442,34.21623],[-118.36391,34.21588],[-118.36339,34.21553],[-118.36288,34.21518],[-118.36237,34.21484],[-118.36186,34.21449],[-118.36135,34.21414],[-118.36084,34.21379],[-118.36033,34.21344],[-118.35981,34.21309],[-118.3593,34.21274],[-118.35879,34.2124],[-118.35828,34.21205],[-118.35777,34.2117],[-118.35726,34.21135],[-118.35674,34.211],[-118.35623,34.21065],[-118.35572,34.2103],[-118.35521,34.20996],[-118.3547,34.20961],[-118.35419,34.20926],[-118.35367,34.20891],[-118.35316,34.20856],[-118.35265,34.20821],[-118.35214,34.20787],[-118.35163,34.20752],[-118.35112,34.20717],[-118.35061,34.20682],[-118.35009,34.20647],[-118.34958,34.20612],[-118.34907,34.20577],[-118.34856,34.20543],[-118.34805,34.20508],[-118.34753,34.20473],[-118.34702,34.20439],[-118.3465,34.20405],[-118.34598,34.2037],[-118.34547,34.20336],[-118.34495,34.20302],[-118.34443,34.20268],[-118.34392,34.20233],[-118.34341,34.20198],[-118.34289,34.20163],[-118.34238,34.20128],[-118.34187,34.20094],[-118.34136,34.20059],[-118.34085,34.20024],[-118.34034,34.19989],[-118.33983,34.19954],[-118.33932,34.19919],[-118.33881,34.19884],[-118.3383,34.19848],[-118.33779,34.19813],[-118.33729,34.19778],[-118.33678,34.19743],[-118.33627,34.19708],[-118.33576,34.19673],[-118.33524,34.19639],[-118.33473,34.19604],[-118.33422,34.19569],[-118.3337,34.19534],[-118.33319,34.195],[-118.33268,34.19465],[-118.33217,34.1943],[-118.33166,34.19395],[-118.33114,34.19361],[-118.33063,34.19326],[-118.33012,34.19291],[-118.32961,34.19256],[-118.32911,34.1922],[-118.32861,34.19185],[-118.3281,34.19149],[-118.3276,34.19113],[-118.32709,34.19078],[-118.32658,34.19043],[-118.32607,34.19008],[-118.32556,34.18973],[-118.32506,34.18937],[-118.32456,34.18901],[-118.32406,34.18865],[-118.32357,34.18829],[-118.32308,34.18791],[-118.3226,34.18753],[-118.32213,34.18715],[-118.32167,34.18676],[-118.32121,34.18636],[-118.32076,34.18595],[-118.32031,34.18555],[-118.31986,34.18515],[-118.31941,34.18475],[-118.31896,34.18435],[-118.31851,34.18395],[-118.31805,34.18355],[-118.3176,34.18315],[-118.31715,34.18274],[-118.3167,34.18234],[-118.31625,34.18194],[-118.31579,34.18154],[-118.31534,34.18114],[-118.31488,34.18074],[-118.31442,34.18035],[-118.31395,34.17996],[-118.31348,34.17958],[-118.313,34.1792],[-118.31251,34.17883],[-118.31202,34.17846],[-118.31153,34.1781],[-118.31103,34.17774],[-118.31052,34.17738],[-118.31001,34.17703],[-118.30949,34.17669],[-118.30897,34.17636],[-118.30844,34.17603],[-118.3079,34.17571],[-118.30736,34.17539],[-118.30682,34.17508],[-118.30628,34.17476],[-118.30574,34.17444],[-118.3052,34.17412],[-118.30465,34.17382],[-118.3041,34.17351],[-118.30355,34.17321],[-118.303,34.1729],[-118.30245,34.1726],[-118.3019,34.17229],[-118.30135,34.17199],[-118.3008,34.17168],[-118.30025,34.17138],[-118.2997,34.17107],[-118.29915,34.17077],[-118.2986,34.17046],[-118.29805,34.17016],[-118.2975,34.16985],[-118.29696,34.16954],[-118.29641,34.16923],[-118.29586,34.16893],[-118.29531,34.16862],[-118.29476,34.16832],[-118.29421,34.16801],[-118.29366,34.16771],[-118.29311,34.1674],[-118.29256,34.1671],[-118.29201,34.16679],[-118.29146,34.16649],[-118.29091,34.16618],[-118.29036,34.16588],[-118.28981,34.16557],[-118.28925,34.16527],[-118.2887,34.16497],[-118.28816,34.16466],[-118.2876,34.16436],[-118.28705,34.16405],[-118.28651,34.16374],[-118.28596,34.16344],[-118.28541,34.16313],[-118.28487,34.16281],[-118.28434,34.16249],[-118.28381,34.16215],[-118.28329,34.16181],[-118.28279,34.16145],[-118.2823,34.16109],[-118.28181,34.16072],[-118.28134,34.16033],[-118.28087,34.15994],[-118.28042,34.15954],[-118.27998,34.15913],[-118.27954,34.15872],[-118.27912,34.15829],[-118.27872,34.15786],[-118.27832,34.15742],[-118.27794,34.15697],[-118.27757,34.15651],[-118.27722,34.15605],[-118.27688,34.15558],[-118.27655,34.1551],[-118.27623,34.15462],[-118.27593,34.15413],[-118.27564,34.15364],[-118.27536,34.15314],[-118.2751,34.15264],[-118.27484,34.15213],[-118.27458,34.15163],[-118.27432,34.15112],[-118.27406,34.15061],[-118.2738,34.15011],[-118.27354,34.1496],[-118.27328,34.1491],[-118.27302,34.14859],[-118.27276,34.14809],[-118.2725,34.14758],[-118.27224,34.14708],[-118.27198,34.14657],[-118.27172,34.14607],[-118.27146,34.14556],[-118.2712,34.14506],[-118.27094,34.14455],[-118.27068,34.14404],[-118.27042,34.14354],[-118.27016,34.14303],[-118.2699,34.14253],[-118.26964,34.14202],[-118.26938,34.14152],[-118.26912,34.14101],[-118.26886,34.14051],[-118.2686,34.14],[-118.26834,34.1395],[-118.26808,34.13899],[-118.26782,34.13849],[-118.26756,34.13798],[-118.2673,34.13748],[-118.26704,34.13697],[-118.26678,34.13647],[-118.26652,34.13596],[-118.26626,34.13546],[-118.266,34.13495],[-118.26574,34.13445],[-118.26548,34.13394],[-118.26522,34.13343],[-118.26496,34.13293],[-118.2647,34.13242],[-118.26444,34.13192],[-118.26418,34.13141],[-118.26392,34.13091],[-118.26366,34.1304],[-118.2634,34.1299],[-118.26314,34.1294],[-118.26287,34.12889],[-118.26258,34.1284],[-118.26229,34.1279],[-118.26198,34.12742],[-118.26167,34.12693],[-118.26135,34.12645],[-118.26102,34.12598],[-118.26067,34.12551],[-118.26032,34.12504],[-118.25996,34.12458],[-118.25959,34.12413],[-118.2592,34.12368],[-118.25881,34.12324],[-118.25841,34.1228],[-118.258,34.12237],[-118.25758,34.12194],[-118.25716,34.12153],[-118.25672,34.12111],[-118.25627,34.12071],[-118.25582,34.12031],[-118.25536,34.11991],[-118.2549,34.11952],[-118.25444,34.11912],[-118.25398,34.11873],[-118.25352,34.11833],[-118.25306,34.11794],[-118.25261,34.11754],[-118.25214,34.11715],[-118.25169,34.11675],[-118.25123,34.11636],[-118.25077,34.11596],[-118.25031,34.11557],[-118.24985,34.11517],[-118.24939,34.11478],[-118.24893,34.11438],[-118.24847,34.11399],[-118.24801,34.1136],[-118.24756,34.11319],[-118.24714,34.11277],[-118.24678,34.11231],[-118.24647,34.11182],[-118.2462,34.11132],[-118.24596,34.11081],[-118.24571,34.1103],[-118.24544,34.1098],[-118.24512,34.10932],[-118.24476,34.10886],[-118.24436,34.10842],[-118.24397,34.10798],[-118.24357,34.10754],[-118.24317,34.1071],[-118.24277,34.10666],[-118.24238,34.10622],[-118.24201,34.10576],[-118.24169,34.10528],[-118.24142,34.10478],[-118.2412,34.10426],[-118.24101,34.10374],[-118.24081,34.10321],[-118.24061,34.10269],[-118.24041,34.10216],[-118.24022,34.10164],[-118.24001,34.10112],[-118.23978,34.10061],[-118.23949,34.10011],[-118.23915,34.09964],[-118.23877,34.09919],[-118.23839,34.09874],[-118.23801,34.09829],[-118.23763,34.09784],[-118.23725,34.09739],[-118.23687,34.09694],[-118.23648,34.0965],[-118.23605,34.09608],[-118.23557,34.0957],[-118.23506,34.09535],[-118.23452,34.09504],[-118.23394,34.09478],[-118.23335,34.09453],[-118.23275,34.09429],[-118.23215,34.09407],[-118.23155,34.09384],[-118.23097,34.09358],[-118.23042,34.09327],[-118.2299,34.09293],[-118.22942,34.09255],[-118.22899,34.09214],[-118.22859,34.0917],[-118.22821,34.09125],[-118.22783,34.0908],[-118.22746,34.09035],[-118.22712,34.08987],[-118.22683,34.08938],[-118.22658,34.08888],[-118.22637,34.08835],[-118.2262,34.08782],[-118.22608,34.08728],[-118.22601,34.08674],[-118.22598,34.08619],[-118.226,34.08564],[-118.22607,34.08509],[-118.22619,34.08455],[-118.22637,34.08402],[-118.22655,34.08349],[-118.22669,34.08296],[-118.22677,34.08241],[-118.22681,34.08186],[-118.22685,34.08132],[-118.22688,34.08077],[-118.22692,34.08022],[-118.22695,34.07967],[-118.22695,34.07912],[-118.22688,34.07857],[-118.22676,34.07803],[-118.22661,34.0775],[-118.22646,34.07696],[-118.22631,34.07643],[-118.22618,34.07589],[-118.22608,34.07535],[-118.22597,34.0748],[-118.22587,34.07426],[-118.22576,34.07372],[-118.22566,34.07317],[-118.22558,34.07263],[-118.22551,34.07208],[-118.22541,34.07154],[-118.22528,34.071],[-118.22515,34.07046],[-118.22502,34.06992],[-118.2249,34.06938],[-118.22485,34.06884],[-118.22492,34.06829],[-118.22512,34.06777],[-118.22532,34.06724],[-118.22553,34.06672],[-118.22573,34.0662],[-118.22594,34.06568],[-118.22615,34.06515],[-118.22635,34.06463],[-118.22656,34.06411],[-118.22679,34.0636],[-118.22704,34.06309],[-118.2274,34.06263],[-118.22791,34.06229],[-118.22855,34.06214],[-118.2292,34.06206],[-118.22986,34.062],[-118.23051,34.06193],[-118.23116,34.06185],[-118.23175,34.06161],[-118.2322,34.06121],[-118.23249,34.06072],[-118.23275,34.06021],[-118.23301,34.05971],[-118.23327,34.0592],[-118.23352,34.05869],[-118.23377,34.05818],[-118.23402,34.05768],[-118.23419,34.05714],[-118.23431,34.0566],[-118.23442,34.05606],[-118.23454,34.05552],[-118.23465,34.05498],[-118.23477,34.05444]]},"properties":{"routeId":"Antelope Valley Line","name":"Antelope Valley Line","shortName":"AV Line","color":"#00AF43","textColor":"#FFFFFF","system":"metrolink"}},{"type":"Feature","geometry":{"type":"LineString","coordinates":[[-117.29599,34.09973],[-117.29659,34.09973],[-117.29725,34.09973],[-117.29791,34.09973],[-117.29857,34.09972],[-117.29923,34.09971],[-117.29989,34.09969],[-117.30056,34.09968],[-117.30121,34.09969],[-117.30186,34.09982],[-117.30244,34.10007],[-117.30296,34.10041],[-117.30339,34.10083],[-117.3038,34.10126],[-117.30412,34.10173],[-117.30424,34.10227],[-117.30423,34.10282],[-117.30423,34.10337],[-117.30435,34.10391],[-117.30471,34.10436],[-117.30525,34.10466],[-117.3059,34.10477],[-117.30655,34.10469],[-117.30719,34.10457],[-117.30784,34.10445],[-117.30849,34.10439],[-117.30915,34.10438],[-117.30981,34.10438],[-117.31047,34.10438],[-117.31113,34.10437],[-117.3118,34.10435],[-117.31245,34.10432],[-117.31311,34.1043],[-117.31378,34.10427],[-117.31444,34.10425],[-117.31507,34.10412],[-117.31558,34.10379],[-117.31587,34.1033],[-117.31592,34.10275],[-117.31596,34.1022],[-117.31598,34.10165],[-117.31602,34.1011],[-117.31602,34.10056],[-117.31601,34.10001],[-117.31601,34.09946],[-117.31605,34.09891],[-117.31618,34.09837],[-117.31638,34.09785],[-117.31659,34.09732],[-117.31681,34.09681],[-117.31702,34.09629],[-117.31723,34.09576],[-117.31744,34.09524],[-117.31765,34.09472],[-117.31786,34.0942],[-117.31808,34.09368],[-117.31829,34.09316],[-117.3185,34.09264],[-117.31871,34.09212],[-117.31893,34.0916],[-117.31913,34.09108],[-117.31931,34.09055],[-117.3195,34.09002],[-117.31969,34.08949],[-117.31988,34.08897],[-117.32008,34.08845],[-117.3203,34.08793],[-117.32051,34.08741],[-117.32072,34.08689],[-117.32093,34.08637],[-117.32114,34.08584],[-117.32135,34.08532],[-117.32157,34.0848],[-117.32178,34.08428],[-117.32199,34.08376],[-117.3222,34.08324],[-117.32242,34.08272],[-117.32263,34.0822],[-117.32284,34.08168],[-117.32305,34.08116],[-117.32328,34.08064],[-117.32349,34.08012],[-117.3237,34.0796],[-117.32392,34.07909],[-117.32415,34.07857],[-117.32437,34.07805],[-117.32458,34.07753],[-117.32479,34.07701],[-117.325,34.07649],[-117.32521,34.07597],[-117.32543,34.07545],[-117.32564,34.07493],[-117.32585,34.07441],[-117.32606,34.07388],[-117.32627,34.07337],[-117.32648,34.07284],[-117.32667,34.07232],[-117.32681,34.07178],[-117.32693,34.07124],[-117.32704,34.0707],[-117.32716,34.07016],[-117.32727,34.06962],[-117.32739,34.06907],[-117.3275,34.06853],[-117.32762,34.06799],[-117.32773,34.06745],[-117.32784,34.06691],[-117.32792,34.06636],[-117.32803,34.06582],[-117.32815,34.06528],[-117.32827,34.06474],[-117.3284,34.0642],[-117.32853,34.06366],[-117.32865,34.06312],[-117.32876,34.06258],[-117.32885,34.06204],[-117.32896,34.0615],[-117.32908,34.06095],[-117.32919,34.06041],[-117.32928,34.05987],[-117.32935,34.05932],[-117.32937,34.05877],[-117.32937,34.05822],[-117.32931,34.05768],[-117.32922,34.05713],[-117.32912,34.05659],[-117.32907,34.05604],[-117.32904,34.05549],[-117.32905,34.05494],[-117.3291,34.05439],[-117.32918,34.05385],[-117.32928,34.05331],[-117.32938,34.05276],[-117.32949,34.05222],[-117.32959,34.05168],[-117.32969,34.05113],[-117.32979,34.05059],[-117.3299,34.05005],[-117.33002,34.04951],[-117.33012,34.04897],[-117.33022,34.04842],[-117.33032,34.04788],[-117.33043,34.04734],[-117.33053,34.04679],[-117.33063,34.04625],[-117.33073,34.04571],[-117.33083,34.04516],[-117.33093,34.04462],[-117.33104,34.04408],[-117.33114,34.04354],[-117.33125,34.04299],[-117.33136,34.04245],[-117.33146,34.04191],[-117.33155,34.04136],[-117.33165,34.04082],[-117.33172,34.04027],[-117.33179,34.03973],[-117.33186,34.03918],[-117.33193,34.03863],[-117.332,34.03809],[-117.33206,34.03754],[-117.33213,34.03699],[-117.3322,34.03645],[-117.33228,34.0359],[-117.33238,34.03536],[-117.33248,34.03482],[-117.33258,34.03427],[-117.33269,34.03373],[-117.33279,34.03319],[-117.33289,34.03264],[-117.33298,34.0321],[-117.33304,34.03155],[-117.3331,34.03101],[-117.33312,34.03046],[-117.33314,34.02991],[-117.33316,34.02936],[-117.33318,34.02881],[-117.3332,34.02826],[-117.33322,34.02771],[-117.33324,34.02716],[-117.33326,34.02661],[-117.33329,34.02606],[-117.33331,34.02551],[-117.33333,34.02496],[-117.33335,34.02441],[-117.33338,34.02387],[-117.3334,34.02331],[-117.33342,34.02277],[-117.33344,34.02222],[-117.33347,34.02167],[-117.33349,34.02112],[-117.33351,34.02057],[-117.33353,34.02002],[-117.33356,34.01947],[-117.33358,34.01892],[-117.3336,34.01837],[-117.33362,34.01782],[-117.33364,34.01727],[-117.33366,34.01672],[-117.33374,34.01618],[-117.33387,34.01564],[-117.33406,34.01512],[-117.33433,34.01461],[-117.33466,34.01414],[-117.33503,34.01368],[-117.33541,34.01323],[-117.33579,34.01278],[-117.33617,34.01234],[-117.33655,34.01189],[-117.33694,34.01144],[-117.33732,34.01099],[-117.3377,34.01054],[-117.33808,34.01009],[-117.33846,34.00965],[-117.33884,34.0092],[-117.33922,34.00874],[-117.3396,34.0083],[-117.33998,34.00785],[-117.34036,34.0074],[-117.34074,34.00695],[-117.34112,34.0065],[-117.34149,34.00605],[-117.34188,34.0056],[-117.34225,34.00515],[-117.34263,34.0047],[-117.34301,34.00425],[-117.34339,34.0038],[-117.34377,34.00335],[-117.34415,34.0029],[-117.34453,34.00245],[-117.34491,34.002],[-117.34529,34.00155],[-117.34567,34.0011],[-117.34605,34.00065],[-117.34643,34.00021],[-117.34681,33.99976],[-117.34719,33.99931],[-117.34757,33.99886],[-117.34795,33.99841],[-117.34833,33.99796],[-117.34871,33.99751],[-117.34909,33.99706],[-117.34946,33.99661],[-117.34984,33.99616],[-117.35023,33.99571],[-117.35064,33.99528],[-117.35107,33.99487],[-117.35153,33.99447],[-117.35199,33.99408],[-117.35246,33.99369],[-117.35292,33.9933],[-117.35339,33.99291],[-117.35385,33.99252],[-117.35431,33.99212],[-117.35477,33.99173],[-117.35524,33.99134],[-117.3557,33.99095],[-117.35617,33.99056],[-117.35663,33.99017],[-117.3571,33.98978],[-117.35756,33.98939],[-117.35803,33.989],[-117.35849,33.98861],[-117.35895,33.98822],[-117.35942,33.98783],[-117.35988,33.98744],[-117.36034,33.98705],[-117.36081,33.98665],[-117.36127,33.98626],[-117.36173,33.98587],[-117.3622,33.98548],[-117.36266,33.98509],[-117.36312,33.98469],[-117.36357,33.9843],[-117.36399,33.98387],[-117.36438,33.98343],[-117.36472,33.98296],[-117.36504,33.98248],[-117.36536,33.982],[-117.36568,33.98152],[-117.36601,33.98104],[-117.36633,33.98056],[-117.36665,33.98008],[-117.36697,33.9796],[-117.36729,33.97912],[-117.36762,33.97864],[-117.36794,33.97816],[-117.36825,33.97767],[-117.36857,33.9772],[-117.36889,33.97671],[-117.36921,33.97624],[-117.36954,33.97576],[-117.36986,33.97528],[-117.37018,33.9748],[-117.3705,33.97432],[-117.37083,33.97384],[-117.37115,33.97336],[-117.37147,33.97288],[-117.3718,33.9724],[-117.37212,33.97192],[-117.37246,33.97145],[-117.37279,33.97098],[-117.37315,33.97051],[-117.37349,33.97004],[-117.37382,33.96957],[-117.37416,33.9691],[-117.37451,33.96863],[-117.37484,33.96816],[-117.37516,33.96768],[-117.37547,33.96719],[-117.37575,33.96669],[-117.376,33.96619],[-117.37623,33.96567],[-117.37641,33.96514],[-117.37658,33.96461],[-117.37671,33.96407],[-117.37683,33.96353],[-117.37692,33.96299],[-117.37698,33.96244],[-117.37703,33.96189],[-117.37707,33.96134],[-117.37712,33.96079],[-117.37718,33.96025],[-117.37726,33.9597],[-117.37736,33.95916],[-117.37753,33.95863],[-117.37773,33.9581],[-117.37797,33.95759],[-117.37826,33.9571],[-117.37859,33.95662],[-117.37895,33.95617],[-117.37935,33.95573],[-117.3798,33.95532],[-117.38027,33.95494],[-117.38075,33.95456],[-117.38125,33.9542],[-117.38174,33.95384],[-117.38223,33.95347],[-117.38273,33.95311],[-117.38321,33.95273],[-117.38367,33.95234],[-117.38403,33.95188],[-117.3843,33.95138],[-117.38446,33.95085],[-117.38451,33.9503],[-117.38452,33.94975],[-117.38453,33.9492],[-117.38454,33.94865],[-117.38457,33.9481],[-117.3847,33.94756],[-117.38491,33.94704],[-117.38521,33.94656],[-117.3856,33.94611],[-117.38607,33.94573],[-117.38657,33.94537],[-117.38708,33.94503],[-117.3876,33.94468],[-117.38811,33.94434],[-117.38863,33.944],[-117.38913,33.94364],[-117.38962,33.94327],[-117.39012,33.94291],[-117.39062,33.94255],[-117.39112,33.9422],[-117.39162,33.94184],[-117.39212,33.94148],[-117.39262,33.94112],[-117.39312,33.94076],[-117.39361,33.9404],[-117.39411,33.94004],[-117.39461,33.93968],[-117.39511,33.93932],[-117.39561,33.93896],[-117.39611,33.9386],[-117.39661,33.93824],[-117.39711,33.93788],[-117.39761,33.93753],[-117.39811,33.93717],[-117.39861,33.93681],[-117.3991,33.93645],[-117.3996,33.93609],[-117.4001,33.93573],[-117.4006,33.93537],[-117.4011,33.93501],[-117.4016,33.93465],[-117.40209,33.93429],[-117.40259,33.93393],[-117.40309,33.93357],[-117.40359,33.93321],[-117.40409,33.93285],[-117.40459,33.93249],[-117.40509,33.93213],[-117.40559,33.93177],[-117.40609,33.93142],[-117.40658,33.93106],[-117.40708,33.9307],[-117.40758,33.93033],[-117.40808,33.92997],[-117.40858,33.92961],[-117.40908,33.92925],[-117.40958,33.9289],[-117.41008,33.92854],[-117.41057,33.92818],[-117.41107,33.92782],[-117.41157,33.92746],[-117.41207,33.9271],[-117.41257,33.92674],[-117.41307,33.92638],[-117.41357,33.92602],[-117.41406,33.92566],[-117.41456,33.9253],[-117.41506,33.92494],[-117.41556,33.92458],[-117.41606,33.92422],[-117.41656,33.92387],[-117.41706,33.92351],[-117.41757,33.92317],[-117.41809,33.92283],[-117.41863,33.9225],[-117.41917,33.9222],[-117.41971,33.92188],[-117.42026,33.92157],[-117.4208,33.92126],[-117.42134,33.92095],[-117.42189,33.92064],[-117.42243,33.92033],[-117.42298,33.92002],[-117.42352,33.91971],[-117.42407,33.9194],[-117.42461,33.91909],[-117.42516,33.91878],[-117.4257,33.91847],[-117.42625,33.91816],[-117.42679,33.91786],[-117.42737,33.91759],[-117.42797,33.91737],[-117.42861,33.91721],[-117.42925,33.91709],[-117.42989,33.91698],[-117.43054,33.91686],[-117.43118,33.91675],[-117.43183,33.91663],[-117.43247,33.91652],[-117.43312,33.9164],[-117.43376,33.91629],[-117.4344,33.91617],[-117.43505,33.91606],[-117.43569,33.91594],[-117.43634,33.91582],[-117.43698,33.9157],[-117.43761,33.91555],[-117.43822,33.91534],[-117.4388,33.91508],[-117.43935,33.91477],[-117.43985,33.91441],[-117.4403,33.91401],[-117.44071,33.91358],[-117.44111,33.91315],[-117.44151,33.91271],[-117.44191,33.91227],[-117.44231,33.91184],[-117.44271,33.9114],[-117.44312,33.91097],[-117.44359,33.91058],[-117.4441,33.91024],[-117.44464,33.90992],[-117.44518,33.90961],[-117.44573,33.9093],[-117.44627,33.909],[-117.44682,33.90869],[-117.44736,33.90838],[-117.44791,33.90807],[-117.44845,33.90776],[-117.44901,33.90746],[-117.44959,33.9072],[-117.45018,33.90697],[-117.45079,33.90676],[-117.4514,33.90655],[-117.45201,33.90633],[-117.45262,33.90612],[-117.45323,33.90591],[-117.45383,33.9057],[-117.45444,33.90548],[-117.45505,33.90527],[-117.45566,33.90506],[-117.45627,33.90485],[-117.45687,33.90464],[-117.45748,33.90442],[-117.45809,33.90421],[-117.4587,33.904],[-117.4593,33.90379],[-117.45991,33.90357],[-117.46052,33.90336],[-117.46113,33.90315],[-117.46174,33.90294],[-117.46234,33.90273],[-117.46295,33.90251],[-117.46356,33.9023],[-117.46417,33.90209],[-117.46478,33.90188],[-117.46538,33.90167],[-117.46599,33.90145],[-117.4666,33.90124],[-117.46721,33.90103],[-117.46782,33.90081],[-117.46842,33.9006],[-117.46903,33.90039],[-117.46964,33.90017],[-117.47025,33.89997],[-117.47086,33.89976],[-117.47146,33.89955],[-117.47207,33.89934],[-117.47268,33.89912],[-117.47329,33.8989],[-117.47389,33.89869],[-117.4745,33.89848],[-117.47511,33.89826],[-117.47572,33.89805],[-117.47632,33.89784],[-117.47693,33.89763],[-117.47754,33.89741],[-117.47815,33.8972],[-117.47875,33.89699],[-117.47936,33.89677],[-117.47997,33.89656],[-117.48058,33.89635],[-117.48118,33.89614],[-117.48179,33.89592],[-117.4824,33.89571],[-117.48301,33.8955],[-117.48361,33.89528],[-117.48422,33.89507],[-117.48483,33.89486],[-117.48544,33.89464],[-117.48605,33.89443],[-117.48665,33.89422],[-117.48726,33.89401],[-117.48787,33.89379],[-117.48847,33.89358],[-117.48908,33.89337],[-117.48969,33.89316],[-117.4903,33.89294],[-117.4909,33.89273],[-117.49151,33.89252],[-117.49212,33.8923],[-117.49273,33.89209],[-117.49334,33.89188],[-117.49394,33.89167],[-117.49455,33.89145],[-117.49516,33.89124],[-117.49577,33.89103],[-117.49637,33.89081],[-117.49698,33.8906],[-117.49759,33.89039],[-117.4982,33.89018],[-117.49881,33.88997],[-117.49942,33.88976],[-117.50002,33.88955],[-117.50063,33.88934],[-117.50124,33.88912],[-117.50185,33.88891],[-117.50245,33.88869],[-117.50306,33.88848],[-117.50367,33.88827],[-117.50428,33.88806],[-117.50488,33.88784],[-117.50549,33.88763],[-117.5061,33.88742],[-117.50671,33.88721],[-117.50731,33.88699],[-117.50792,33.88678],[-117.50853,33.88657],[-117.50914,33.88635],[-117.50974,33.88614],[-117.51035,33.88593],[-117.51096,33.88571],[-117.51157,33.8855],[-117.51217,33.88529],[-117.51278,33.88507],[-117.51339,33.88486],[-117.51399,33.88465],[-117.5146,33.88443],[-117.51521,33.88422],[-117.51582,33.88401],[-117.51642,33.88379],[-117.51703,33.88358],[-117.51764,33.88337],[-117.51825,33.88316],[-117.51885,33.88294],[-117.51946,33.88273],[-117.52007,33.88252],[-117.52068,33.88231],[-117.52129,33.88209],[-117.52189,33.88188],[-117.5225,33.88167],[-117.52311,33.88146],[-117.52371,33.88124],[-117.52432,33.88103],[-117.52493,33.88082],[-117.52554,33.88061],[-117.52615,33.88039],[-117.52675,33.88018],[-117.52736,33.87997],[-117.52797,33.87977],[-117.52859,33.87958],[-117.52922,33.87942],[-117.52986,33.87928],[-117.5305,33.87916],[-117.53115,33.87905],[-117.5318,33.87895],[-117.53244,33.87884],[-117.53309,33.87874],[-117.53374,33.87864],[-117.53439,33.87854],[-117.53503,33.87844],[-117.53568,33.87833],[-117.53633,33.87823],[-117.53697,33.87813],[-117.53762,33.87803],[-117.53827,33.87792],[-117.53892,33.87784],[-117.53958,33.87778],[-117.54023,33.87777],[-117.54089,33.87781],[-117.54154,33.87788],[-117.54219,33.87798],[-117.54284,33.87809],[-117.54348,33.8782],[-117.54413,33.87831],[-117.54477,33.87842],[-117.54542,33.87854],[-117.54606,33.87865],[-117.54671,33.87876],[-117.54735,33.87887],[-117.548,33.87898],[-117.54864,33.87909],[-117.54929,33.8792],[-117.54994,33.87932],[-117.55058,33.87943],[-117.55123,33.87954],[-117.55187,33.87965],[-117.55251,33.87976],[-117.55316,33.87988],[-117.55381,33.87999],[-117.55445,33.8801],[-117.5551,33.88021],[-117.55574,33.88033],[-117.55638,33.88045],[-117.55702,33.88059],[-117.55766,33.88073],[-117.55829,33.88088],[-117.55893,33.88103],[-117.55956,33.88117],[-117.56019,33.88132],[-117.56083,33.88147],[-117.56147,33.88161],[-117.5621,33.88175],[-117.56274,33.88189],[-117.56338,33.88204],[-117.56401,33.88218],[-117.56465,33.88232],[-117.56528,33.88247],[-117.56592,33.88261],[-117.56655,33.88276],[-117.56719,33.88291],[-117.56782,33.88307],[-117.56844,33.88325],[-117.56904,33.88348],[-117.56963,33.88372],[-117.5702,33.884],[-117.57076,33.88429],[-117.57132,33.88458],[-117.57187,33.88488],[-117.57243,33.88517],[-117.57299,33.88546],[-117.57355,33.88575],[-117.5741,33.88605],[-117.57466,33.88634],[-117.57522,33.88663],[-117.57577,33.88693],[-117.57633,33.88722],[-117.57689,33.88751],[-117.57745,33.88781],[-117.578,33.8881],[-117.57856,33.8884],[-117.57912,33.88868],[-117.57969,33.88896],[-117.58027,33.88922],[-117.58087,33.88944],[-117.58149,33.88964],[-117.58211,33.88981],[-117.58275,33.88996],[-117.58339,33.89008],[-117.58404,33.89017],[-117.58469,33.89024],[-117.58535,33.89027],[-117.58601,33.89028],[-117.58667,33.89025],[-117.58732,33.8902],[-117.58798,33.89012],[-117.58862,33.89002],[-117.58927,33.88992],[-117.58992,33.88981],[-117.59056,33.8897],[-117.59121,33.88959],[-117.59185,33.88949],[-117.5925,33.88938],[-117.59315,33.88927],[-117.59379,33.88916],[-117.59444,33.88905],[-117.59509,33.88894],[-117.59573,33.88884],[-117.59638,33.88873],[-117.59702,33.88862],[-117.59767,33.88851],[-117.59832,33.8884],[-117.59896,33.8883],[-117.59961,33.88819],[-117.60025,33.88808],[-117.6009,33.88797],[-117.60155,33.88786],[-117.60219,33.88775],[-117.60284,33.88765],[-117.60349,33.88754],[-117.60413,33.88743],[-117.60478,33.88732],[-117.60542,33.88721],[-117.60607,33.8871],[-117.60671,33.88699],[-117.60736,33.88688],[-117.60801,33.88678],[-117.60865,33.88667],[-117.6093,33.88656],[-117.60994,33.88646],[-117.61059,33.88635],[-117.61124,33.88624],[-117.61188,33.88613],[-117.61253,33.88603],[-117.61317,33.88591],[-117.61382,33.8858],[-117.61447,33.88569],[-117.61511,33.88559],[-117.61576,33.88548],[-117.61641,33.88538],[-117.61705,33.88526],[-117.6177,33.88515],[-117.61834,33.88504],[-117.61899,33.88493],[-117.61963,33.88482],[-117.62028,33.88471],[-117.62092,33.88461],[-117.62157,33.8845],[-117.62222,33.88439],[-117.62286,33.88428],[-117.62351,33.88417],[-117.62416,33.88406],[-117.6248,33.88395],[-117.62545,33.88384],[-117.62609,33.88374],[-117.62674,33.88363],[-117.62739,33.88355],[-117.62804,33.88348],[-117.6287,33.88343],[-117.62936,33.8834],[-117.63002,33.88339],[-117.63068,33.88337],[-117.63134,33.88336],[-117.63199,33.88334],[-117.63265,33.88333],[-117.63331,33.88331],[-117.63397,33.8833],[-117.63463,33.88327],[-117.63528,33.88323],[-117.63594,33.88317],[-117.63659,33.88308],[-117.63723,33.88295],[-117.63786,33.88279],[-117.63849,33.88262],[-117.6391,33.88242],[-117.63971,33.8822],[-117.64031,33.88199],[-117.64092,33.88178],[-117.64153,33.88156],[-117.64213,33.88135],[-117.64274,33.88113],[-117.64335,33.88092],[-117.64395,33.8807],[-117.64456,33.88049],[-117.64517,33.88028],[-117.64578,33.88008],[-117.6464,33.87989],[-117.64703,33.87974],[-117.64767,33.87961],[-117.64832,33.87951],[-117.64897,33.87943],[-117.64963,33.87939],[-117.65029,33.87938],[-117.65095,33.8794],[-117.65161,33.87942],[-117.65226,33.87945],[-117.65292,33.87947],[-117.65358,33.87949],[-117.65424,33.87952],[-117.6549,33.87955],[-117.65555,33.87959],[-117.65621,33.87963],[-117.65687,33.87966],[-117.65753,33.87969],[-117.65819,33.8797],[-117.65884,33.8797],[-117.6595,33.87966],[-117.66016,33.87961],[-117.6608,33.8795],[-117.66144,33.87936],[-117.66207,33.87919],[-117.66267,33.87898],[-117.66327,33.87874],[-117.66385,33.87849],[-117.66444,33.87824],[-117.66502,33.87798],[-117.66559,33.8777],[-117.66616,33.87742],[-117.66672,33.87714],[-117.66729,33.87686],[-117.66786,33.87658],[-117.66843,33.87631],[-117.66899,33.87603],[-117.66956,33.87574],[-117.67012,33.87546],[-117.67069,33.87519],[-117.67129,33.87495],[-117.67189,33.87472],[-117.6725,33.87453],[-117.67313,33.87436],[-117.67377,33.87421],[-117.6744,33.87407],[-117.67505,33.87398],[-117.6757,33.87391],[-117.67636,33.87387],[-117.67702,33.87387],[-117.67768,33.87388],[-117.67834,33.87393],[-117.67899,33.874],[-117.67964,33.8741],[-117.68028,33.87423],[-117.6809,33.87439],[-117.68153,33.87457],[-117.68214,33.87478],[-117.68275,33.87499],[-117.68335,33.87521],[-117.68394,33.87544],[-117.68454,33.87568],[-117.68514,33.87591],[-117.68573,33.87615],[-117.68633,33.87638],[-117.68695,33.87658],[-117.68758,33.87674],[-117.68822,33.87685],[-117.68887,33.87694],[-117.68952,33.87703],[-117.69017,33.87712],[-117.69082,33.8772],[-117.69147,33.87729],[-117.69213,33.87736],[-117.69278,33.87742],[-117.69344,33.87747],[-117.69409,33.87752],[-117.69475,33.87757],[-117.6954,33.87761],[-117.69606,33.87766],[-117.69672,33.87771],[-117.69737,33.87776],[-117.69803,33.8778],[-117.69869,33.87785],[-117.69934,33.87789],[-117.7,33.87792],[-117.70066,33.87794],[-117.70132,33.87792],[-117.70198,33.87788],[-117.70263,33.87779],[-117.70327,33.87769],[-117.70391,33.87755],[-117.70454,33.87738],[-117.70516,33.87721],[-117.70579,33.87703],[-117.70641,33.87684],[-117.70703,33.87666],[-117.70765,33.87648],[-117.70827,33.8763],[-117.7089,33.87613],[-117.70954,33.876],[-117.71018,33.87587],[-117.71083,33.87577],[-117.71147,33.87566],[-117.71212,33.87555],[-117.71277,33.87544],[-117.71341,33.87533],[-117.71406,33.87523],[-117.7147,33.87512],[-117.71535,33.87501],[-117.716,33.8749],[-117.71664,33.8748],[-117.71729,33.87469],[-117.71793,33.87458],[-117.71858,33.87447],[-117.71922,33.87435],[-117.71987,33.87424],[-117.72051,33.87412],[-117.72115,33.87401],[-117.7218,33.87389],[-117.72244,33.87378],[-117.72309,33.87367],[-117.72374,33.87357],[-117.72439,33.87354],[-117.72505,33.87356],[-117.7257,33.87367],[-117.72632,33.87384],[-117.72692,33.87407],[-117.72748,33.87436],[-117.728,33.8747],[-117.72846,33.87509],[-117.72886,33.87553],[-117.72919,33.876],[-117.72951,33.87649],[-117.72981,33.87697],[-117.73013,33.87745],[-117.73047,33.87792],[-117.73084,33.87838],[-117.73122,33.87882],[-117.73161,33.87927],[-117.73199,33.87972],[-117.73237,33.88017],[-117.73275,33.88062],[-117.73313,33.88107],[-117.73351,33.88151],[-117.73389,33.88196],[-117.73428,33.88241],[-117.73469,33.88284],[-117.73516,33.88323],[-117.73568,33.88356],[-117.73625,33.88383],[-117.73686,33.88403],[-117.7375,33.88416],[-117.73816,33.88421],[-117.73882,33.8842],[-117.73946,33.8841],[-117.74009,33.88392],[-117.74068,33.88368],[-117.74123,33.88338],[-117.74172,33.88302],[-117.74217,33.88261],[-117.7426,33.8822],[-117.74303,33.88178],[-117.74345,33.88136],[-117.74388,33.88094],[-117.7443,33.88052],[-117.74474,33.88011],[-117.7452,33.87971],[-117.74568,33.87934],[-117.74618,33.87898],[-117.74671,33.87865],[-117.74726,33.87835],[-117.74782,33.87807],[-117.74841,33.87783],[-117.74901,33.8776],[-117.74963,33.8774],[-117.75025,33.87722],[-117.75088,33.87705],[-117.7515,33.87688],[-117.75213,33.8767],[-117.75275,33.87652],[-117.75337,33.87633],[-117.75399,33.87615],[-117.75461,33.87598],[-117.75524,33.8758],[-117.75586,33.87562],[-117.75648,33.87544],[-117.75711,33.87527],[-117.75773,33.8751],[-117.75836,33.87492],[-117.75899,33.87476],[-117.75962,33.87461],[-117.76027,33.8745],[-117.76092,33.87442],[-117.76157,33.87435],[-117.76223,33.87429],[-117.76288,33.87423],[-117.76354,33.87417],[-117.76419,33.87411],[-117.76484,33.87403],[-117.7655,33.87395],[-117.76614,33.87385],[-117.76678,33.8737],[-117.7674,33.87353],[-117.76801,33.87332],[-117.76861,33.87309],[-117.7692,33.87285],[-117.76978,33.87258],[-117.77033,33.87228],[-117.77085,33.87195],[-117.77137,33.8716],[-117.77186,33.87124],[-117.77231,33.87083],[-117.77273,33.87042],[-117.77315,33.86999],[-117.77357,33.86957],[-117.77397,33.86913],[-117.77437,33.8687],[-117.77477,33.86826],[-117.77518,33.86783],[-117.77558,33.86739],[-117.77598,33.86695],[-117.77638,33.86652],[-117.77679,33.86609],[-117.77718,33.86564],[-117.77761,33.86523],[-117.77809,33.86485],[-117.77861,33.86452],[-117.77917,33.86423],[-117.77976,33.86398],[-117.78036,33.86375],[-117.78097,33.86355],[-117.78159,33.86336],[-117.78221,33.86319],[-117.78285,33.86304],[-117.78348,33.8629],[-117.78413,33.86277],[-117.78477,33.86267],[-117.78542,33.86257],[-117.78608,33.86252],[-117.78673,33.86247],[-117.78739,33.86244],[-117.78805,33.86241],[-117.78871,33.86239],[-117.78937,33.86236],[-117.79002,33.86234],[-117.79068,33.86232],[-117.79134,33.86233],[-117.792,33.86238],[-117.79265,33.86246],[-117.79329,33.86257],[-117.79394,33.86269],[-117.79458,33.8628],[-117.79523,33.86291],[-117.79587,33.86303],[-117.79651,33.86314],[-117.79716,33.86325],[-117.7978,33.86336],[-117.79845,33.86347],[-117.7991,33.86358],[-117.79974,33.86369],[-117.80039,33.8638],[-117.80103,33.86391],[-117.80168,33.86403],[-117.80232,33.86414],[-117.80297,33.86425],[-117.80361,33.86436],[-117.80426,33.86447],[-117.8049,33.86458],[-117.80555,33.86469],[-117.80619,33.8648],[-117.80684,33.86491],[-117.80748,33.86502],[-117.80813,33.86513],[-117.80877,33.86524],[-117.80942,33.86535],[-117.81006,33.86546],[-117.81071,33.86557],[-117.81136,33.86566],[-117.81201,33.86575],[-117.81266,33.86582],[-117.81332,33.8659],[-117.81397,33.86597],[-117.81462,33.86604],[-117.81528,33.86611],[-117.81593,33.86618],[-117.81658,33.86625],[-117.81724,33.86632],[-117.81789,33.86639],[-117.81854,33.86646],[-117.8192,33.86653],[-117.81985,33.8666],[-117.8205,33.86667],[-117.82116,33.86674],[-117.82181,33.86681],[-117.82246,33.86689],[-117.82312,33.86696],[-117.82377,33.86704],[-117.82442,33.86711],[-117.82507,33.86718],[-117.82573,33.86726],[-117.82638,33.86733],[-117.82703,33.8674],[-117.82769,33.86747],[-117.82834,33.86754],[-117.82899,33.86761],[-117.82965,33.86769],[-117.8303,33.86776],[-117.83095,33.86783],[-117.83161,33.86784],[-117.83227,33.86779],[-117.83291,33.86768],[-117.83354,33.86751],[-117.83414,33.86729],[-117.83471,33.86701],[-117.83524,33.86669],[-117.83573,33.86632],[-117.83617,33.86591],[-117.83655,33.86546],[-117.83688,33.86499],[-117.83714,33.86449],[-117.83735,33.86396],[-117.83753,33.86343],[-117.8377,33.8629],[-117.83788,33.86237],[-117.83805,33.86185],[-117.83823,33.86131],[-117.8384,33.86078],[-117.83858,33.86026],[-117.83876,33.85973],[-117.83893,33.8592],[-117.83911,33.85867],[-117.83928,33.85814],[-117.83946,33.85761],[-117.83964,33.85708],[-117.83981,33.85655],[-117.83999,33.85602],[-117.84016,33.85549],[-117.84034,33.85496],[-117.84051,33.85443],[-117.84069,33.8539],[-117.84086,33.85337],[-117.84104,33.85284],[-117.84122,33.85231],[-117.84139,33.85178],[-117.84157,33.85125],[-117.84174,33.85072],[-117.84192,33.85019],[-117.84209,33.84966],[-117.84227,33.84913],[-117.84245,33.8486],[-117.84262,33.84807],[-117.8428,33.84754],[-117.84297,33.84701],[-117.84315,33.84649],[-117.84332,33.84595],[-117.8435,33.84542],[-117.84368,33.8449],[-117.84385,33.84437],[-117.84403,33.84384],[-117.8442,33.84331],[-117.84438,33.84278],[-117.84455,33.84225],[-117.84473,33.84172],[-117.8449,33.84119],[-117.84508,33.84066],[-117.84526,33.84013],[-117.84543,33.8396],[-117.84561,33.83907],[-117.84578,33.83854],[-117.84596,33.83801],[-117.84613,33.83748],[-117.84631,33.83695],[-117.84649,33.83642],[-117.84666,33.83589],[-117.84684,33.83536],[-117.84701,33.83483],[-117.84719,33.8343],[-117.84736,33.83377],[-117.84754,33.83324],[-117.84771,33.83271],[-117.84789,33.83218],[-117.84807,33.83165],[-117.84824,33.83112],[-117.84842,33.8306],[-117.84859,33.83006],[-117.84877,33.82953],[-117.84894,33.82901],[-117.84912,33.82848],[-117.84929,33.82795],[-117.84947,33.82742],[-117.84964,33.82689],[-117.84982,33.82636],[-117.85,33.82583],[-117.85017,33.8253],[-117.85035,33.82477],[-117.85052,33.82424],[-117.8507,33.82371],[-117.85087,33.82318],[-117.85105,33.82265],[-117.85122,33.82212],[-117.8514,33.82159],[-117.85157,33.82106],[-117.85175,33.82053],[-117.85193,33.82],[-117.8521,33.81947],[-117.85228,33.81894],[-117.85245,33.81841],[-117.85263,33.81788],[-117.8528,33.81735],[-117.85298,33.81682],[-117.85315,33.81629],[-117.85333,33.81576],[-117.8535,33.81523],[-117.85368,33.8147],[-117.85386,33.81417],[-117.85406,33.81365],[-117.85428,33.81314],[-117.85451,33.81262],[-117.85474,33.8121],[-117.85496,33.81159],[-117.85519,33.81107],[-117.85541,33.81055],[-117.85564,33.81004],[-117.85586,33.80952],[-117.85609,33.809],[-117.85632,33.80849],[-117.85654,33.80797],[-117.85677,33.80746],[-117.85699,33.80694],[-117.85718,33.80641],[-117.85731,33.80587],[-117.85737,33.80533],[-117.85738,33.80478],[-117.85738,33.80423],[-117.85738,33.80368],[-117.85738,33.80313],[-117.85738,33.80258],[-117.85738,33.80203],[-117.85739,33.80148],[-117.85739,33.80093],[-117.85739,33.80038],[-117.85739,33.79983],[-117.85739,33.79928],[-117.85739,33.79873],[-117.8574,33.79818],[-117.8574,33.79763],[-117.8574,33.79708],[-117.8574,33.79653],[-117.8574,33.79599],[-117.85741,33.79543],[-117.85741,33.79489],[-117.85741,33.79434],[-117.85741,33.79379],[-117.85741,33.79324],[-117.85742,33.79269],[-117.85742,33.79214],[-117.85742,33.79159],[-117.85742,33.79104],[-117.85742,33.79049],[-117.85742,33.78994],[-117.85743,33.78939],[-117.85743,33.78884],[-117.85743,33.78829],[-117.85743,33.78774],[-117.85743,33.78719],[-117.85743,33.78664],[-117.85744,33.78609],[-117.85744,33.78554],[-117.85744,33.78499],[-117.85743,33.78444],[-117.85742,33.7839],[-117.85741,33.78334],[-117.85741,33.7828],[-117.85741,33.78225],[-117.85742,33.7817],[-117.85743,33.78115],[-117.85743,33.7806],[-117.85743,33.78005],[-117.85743,33.7795],[-117.85743,33.77895],[-117.85743,33.7784],[-117.85742,33.77785],[-117.85734,33.7773],[-117.85722,33.77677],[-117.85703,33.77624],[-117.85679,33.77573],[-117.85652,33.77522],[-117.85626,33.77472],[-117.85603,33.77421],[-117.85589,33.77367],[-117.85583,33.77312],[-117.85583,33.77257],[-117.85583,33.77202],[-117.85583,33.77148],[-117.85584,33.77093],[-117.85584,33.77038],[-117.85584,33.76983],[-117.85584,33.76928],[-117.85584,33.76873],[-117.85584,33.76818],[-117.85584,33.76763],[-117.85585,33.76708],[-117.85585,33.76653],[-117.85585,33.76598],[-117.85585,33.76543],[-117.85585,33.76488],[-117.85585,33.76433],[-117.85585,33.76378],[-117.85586,33.76323],[-117.85586,33.76268],[-117.85587,33.76213],[-117.85589,33.76158],[-117.8559,33.76103],[-117.85591,33.76049],[-117.85592,33.75993],[-117.85593,33.75939],[-117.85593,33.75884],[-117.85594,33.75829],[-117.85594,33.75774],[-117.85594,33.75719],[-117.85594,33.75664],[-117.85595,33.75609],[-117.85595,33.75554],[-117.85595,33.75499],[-117.85595,33.75444],[-117.85594,33.75389],[-117.85593,33.75334],[-117.85594,33.75279],[-117.85593,33.75224],[-117.85592,33.75169],[-117.85591,33.75114],[-117.8559,33.75059],[-117.85589,33.75004],[-117.85586,33.7495],[-117.85577,33.74895],[-117.85562,33.74842],[-117.85545,33.74788],[-117.85528,33.74735],[-117.85511,33.74682],[-117.85495,33.74629],[-117.85478,33.74576],[-117.85461,33.74523],[-117.85444,33.7447],[-117.85427,33.74417],[-117.8541,33.74363],[-117.85393,33.7431],[-117.85376,33.74257],[-117.85355,33.74205],[-117.85328,33.74155],[-117.85295,33.74108],[-117.85257,33.74063],[-117.85213,33.74023],[-117.85164,33.73985],[-117.85113,33.7395],[-117.85063,33.73915],[-117.85012,33.7388],[-117.84962,33.73845],[-117.84911,33.7381],[-117.84861,33.73775],[-117.8481,33.73739],[-117.84759,33.73704],[-117.84709,33.73669],[-117.84658,33.73634],[-117.84608,33.73599],[-117.84557,33.73564],[-117.84507,33.73528],[-117.84456,33.73493],[-117.84406,33.73458],[-117.84355,33.73423],[-117.84305,33.73388],[-117.84254,33.73353],[-117.84203,33.73318],[-117.84153,33.73282],[-117.84102,33.73247],[-117.84052,33.73212],[-117.84001,33.73177],[-117.83951,33.73142],[-117.839,33.73107],[-117.83849,33.73071],[-117.83799,33.73036],[-117.83748,33.73001],[-117.83698,33.72966],[-117.83647,33.72931],[-117.83597,33.72896],[-117.83546,33.72861],[-117.83496,33.72825],[-117.83445,33.7279],[-117.83394,33.72755],[-117.83344,33.7272],[-117.83293,33.72685],[-117.83243,33.7265],[-117.83192,33.72615],[-117.83142,33.72579],[-117.83091,33.72544],[-117.83041,33.72509],[-117.8299,33.72474],[-117.8294,33.72439],[-117.82889,33.72404],[-117.82838,33.72368],[-117.82788,33.72333],[-117.82737,33.72298],[-117.82687,33.72263],[-117.82636,33.72228],[-117.82586,33.72193],[-117.82535,33.72157],[-117.82485,33.72122],[-117.82434,33.72087],[-117.82384,33.72052],[-117.82333,33.72017],[-117.82282,33.71982],[-117.82232,33.71946],[-117.82181,33.71911],[-117.82131,33.71876],[-117.8208,33.71841],[-117.8203,33.71806],[-117.81979,33.71771],[-117.81929,33.71735],[-117.81878,33.717],[-117.81828,33.71665],[-117.81777,33.7163],[-117.81727,33.71595],[-117.81676,33.7156],[-117.81626,33.71524],[-117.81575,33.71489],[-117.81525,33.71454],[-117.81474,33.71419],[-117.81423,33.71384],[-117.81373,33.71348],[-117.81323,33.71313],[-117.81272,33.71278],[-117.81221,33.71243],[-117.81171,33.71208],[-117.8112,33.71173],[-117.8107,33.71137],[-117.81019,33.71102],[-117.80969,33.71067],[-117.80918,33.71032],[-117.80868,33.70997],[-117.80817,33.70961],[-117.80767,33.70926],[-117.80716,33.70891],[-117.80666,33.70856],[-117.80615,33.70821],[-117.80565,33.70786],[-117.80514,33.7075],[-117.80464,33.70715],[-117.80413,33.7068],[-117.80363,33.70645],[-117.80312,33.7061],[-117.80262,33.70575],[-117.80211,33.70539],[-117.8016,33.70504],[-117.8011,33.70469],[-117.8006,33.70434],[-117.80009,33.70399],[-117.79958,33.70363],[-117.79908,33.70328],[-117.79857,33.70293],[-117.79807,33.70258],[-117.79756,33.70223],[-117.79706,33.70188],[-117.79655,33.70152],[-117.79605,33.70117],[-117.79554,33.70082],[-117.79504,33.70047],[-117.79453,33.70012],[-117.79403,33.69976],[-117.79352,33.69941],[-117.79302,33.69906],[-117.79251,33.69871],[-117.79201,33.69836],[-117.7915,33.69801],[-117.791,33.69765],[-117.79049,33.6973],[-117.78999,33.69695],[-117.78948,33.6966],[-117.78898,33.69625],[-117.78847,33.69589],[-117.78797,33.69554],[-117.78746,33.69519],[-117.78696,33.69484],[-117.78645,33.69449],[-117.78595,33.69414],[-117.78544,33.69378],[-117.78494,33.69343],[-117.78443,33.69308],[-117.78393,33.69273],[-117.78342,33.69237],[-117.78292,33.69202],[-117.78241,33.69167],[-117.78191,33.69132],[-117.7814,33.69097],[-117.7809,33.69062],[-117.78039,33.69026],[-117.77989,33.68991],[-117.77938,33.68956],[-117.77888,33.68921],[-117.77837,33.68886],[-117.77787,33.6885],[-117.77736,33.68815],[-117.77686,33.6878],[-117.77635,33.68745],[-117.77585,33.6871],[-117.77534,33.68675],[-117.77484,33.68639],[-117.77433,33.68604],[-117.77383,33.68569],[-117.77332,33.68534],[-117.77282,33.68499],[-117.77232,33.68463],[-117.77181,33.68428],[-117.7713,33.68393],[-117.7708,33.68358],[-117.7703,33.68323],[-117.76979,33.68287],[-117.76928,33.68252],[-117.76878,33.68217],[-117.76828,33.68182],[-117.76777,33.68147],[-117.76727,33.68111],[-117.76676,33.68076],[-117.76626,33.68041],[-117.76575,33.68006],[-117.76525,33.67971],[-117.76474,33.67936],[-117.76424,33.679],[-117.76373,33.67865],[-117.76323,33.6783],[-117.76272,33.67795],[-117.76222,33.67759],[-117.76171,33.67724],[-117.76121,33.67689],[-117.7607,33.67654],[-117.7602,33.67619],[-117.75969,33.67583],[-117.75919,33.67548],[-117.75868,33.67513],[-117.75818,33.67478],[-117.75767,33.67443],[-117.75717,33.67408],[-117.75666,33.67372],[-117.75616,33.67337],[-117.75566,33.67302],[-117.75515,33.67267],[-117.75464,33.67232],[-117.75414,33.67196],[-117.75364,33.67161],[-117.75313,33.67126],[-117.75263,33.67091],[-117.75212,33.67056],[-117.75162,33.6702],[-117.75111,33.66985],[-117.75061,33.6695],[-117.7501,33.66915],[-117.7496,33.6688],[-117.74909,33.66844],[-117.74859,33.66809],[-117.74808,33.66774],[-117.74758,33.66739],[-117.74707,33.66703],[-117.74657,33.66668],[-117.74607,33.66633],[-117.74556,33.66598],[-117.74506,33.66563],[-117.74455,33.66528],[-117.74405,33.66492],[-117.74354,33.66457],[-117.74304,33.66422],[-117.74253,33.66387],[-117.74203,33.66351],[-117.74152,33.66316],[-117.74102,33.66281],[-117.74052,33.66246],[-117.74001,33.66211],[-117.7395,33.66175],[-117.739,33.6614],[-117.7385,33.66105],[-117.73799,33.6607],[-117.73749,33.66035],[-117.73698,33.65999],[-117.73648,33.65964],[-117.73597,33.65929],[-117.73547,33.65894],[-117.73496,33.65859],[-117.73446,33.65823],[-117.73395,33.65788],[-117.73345,33.65753],[-117.73295,33.65718],[-117.73244,33.65682],[-117.73194,33.65647],[-117.73143,33.65612],[-117.73093,33.65577],[-117.73042,33.65542],[-117.72992,33.65506],[-117.72941,33.65471],[-117.72891,33.65436],[-117.7284,33.65401],[-117.7279,33.65366],[-117.7274,33.6533],[-117.72689,33.65295],[-117.72639,33.6526],[-117.72588,33.65225],[-117.72538,33.6519],[-117.72487,33.65154],[-117.72437,33.65119],[-117.72387,33.65084],[-117.72336,33.65049],[-117.72286,33.65013],[-117.72235,33.64978],[-117.72185,33.64943],[-117.72134,33.64908],[-117.72084,33.64873],[-117.72033,33.64837],[-117.71983,33.64802],[-117.71932,33.64767],[-117.71882,33.64732],[-117.71832,33.64697],[-117.71781,33.64661],[-117.71731,33.64626],[-117.7168,33.64591],[-117.7163,33.64556],[-117.71579,33.6452],[-117.71529,33.64485],[-117.71479,33.6445],[-117.71428,33.64415],[-117.71378,33.6438],[-117.71327,33.64344],[-117.71277,33.64309],[-117.71226,33.64274],[-117.71176,33.64239],[-117.71125,33.64203],[-117.71075,33.64168],[-117.71025,33.64133],[-117.70974,33.64098],[-117.70924,33.64063],[-117.70873,33.64027],[-117.70823,33.63992],[-117.70774,33.63956],[-117.70725,33.63919],[-117.70677,33.63881],[-117.7063,33.63843],[-117.70584,33.63803],[-117.70539,33.63763],[-117.70495,33.63723],[-117.70452,33.63681],[-117.70409,33.6364],[-117.70365,33.63598],[-117.70322,33.63557],[-117.70279,33.63516],[-117.70236,33.63474],[-117.70193,33.63433],[-117.7015,33.63391],[-117.70107,33.6335],[-117.70064,33.63308],[-117.7002,33.63267],[-117.69977,33.63225],[-117.69934,33.63184],[-117.69891,33.63143],[-117.69848,33.63101],[-117.69805,33.6306],[-117.69762,33.63018],[-117.69719,33.62977],[-117.69675,33.62935],[-117.69632,33.62894],[-117.69589,33.62852],[-117.69546,33.62811],[-117.69503,33.62769],[-117.6946,33.62728],[-117.69417,33.62687],[-117.69373,33.62645],[-117.6933,33.62604],[-117.69285,33.62564],[-117.69241,33.62523],[-117.69196,33.62483],[-117.69151,33.62443],[-117.69106,33.62403],[-117.69061,33.62362],[-117.69017,33.62322],[-117.68972,33.62282],[-117.68927,33.62242],[-117.68882,33.62202],[-117.68837,33.62161],[-117.68793,33.62121],[-117.68748,33.62081],[-117.68703,33.62041],[-117.68658,33.62001],[-117.68614,33.6196],[-117.68569,33.6192],[-117.68525,33.61879],[-117.68483,33.61837],[-117.68442,33.61794],[-117.68403,33.6175],[-117.68367,33.61704],[-117.68332,33.61658],[-117.68298,33.6161],[-117.68267,33.61562],[-117.68235,33.61514],[-117.68204,33.61465],[-117.68173,33.61417],[-117.68142,33.61369],[-117.68111,33.6132],[-117.68079,33.61272],[-117.68048,33.61224],[-117.68017,33.61175],[-117.67986,33.61127],[-117.67955,33.61078],[-117.67924,33.6103],[-117.67892,33.60982],[-117.67861,33.60933],[-117.6783,33.60885],[-117.67799,33.60837],[-117.67768,33.60788],[-117.67736,33.6074],[-117.67705,33.60692],[-117.67675,33.60643],[-117.67646,33.60593],[-117.67619,33.60543],[-117.67595,33.60492],[-117.67572,33.60441],[-117.67552,33.60389],[-117.67533,33.60336],[-117.67517,33.60283],[-117.67503,33.60229],[-117.67492,33.60175],[-117.67482,33.6012],[-117.67475,33.60066],[-117.6747,33.60011],[-117.67466,33.59956],[-117.67462,33.59901],[-117.67458,33.59846],[-117.67455,33.59792],[-117.67451,33.59737],[-117.67447,33.59682],[-117.67443,33.59627],[-117.6744,33.59572],[-117.67436,33.59517],[-117.67432,33.59462],[-117.67428,33.59407],[-117.67425,33.59353],[-117.67421,33.59298],[-117.67417,33.59243],[-117.67414,33.59188],[-117.67411,33.59133],[-117.67408,33.59078],[-117.67405,33.59023],[-117.67401,33.58968],[-117.67397,33.58914],[-117.67394,33.58859],[-117.6739,33.58804],[-117.67386,33.58749],[-117.67382,33.58694],[-117.67379,33.58639],[-117.67375,33.58584],[-117.67371,33.5853],[-117.67367,33.58475],[-117.67364,33.5842],[-117.6736,33.58365],[-117.67355,33.5831],[-117.67351,33.58255],[-117.67346,33.582],[-117.67342,33.58146],[-117.67339,33.58091],[-117.67335,33.58036],[-117.67331,33.57981],[-117.67327,33.57926],[-117.67324,33.57871],[-117.67322,33.57816],[-117.67322,33.57761],[-117.67325,33.57706],[-117.67329,33.57652],[-117.67333,33.57597],[-117.67338,33.57542],[-117.67343,33.57487],[-117.67348,33.57432],[-117.67352,33.57377],[-117.67357,33.57323],[-117.67362,33.57268],[-117.67367,33.57213],[-117.67372,33.57158],[-117.67376,33.57104],[-117.67381,33.57049],[-117.67385,33.56994],[-117.67389,33.56939],[-117.67393,33.56884],[-117.67397,33.56829],[-117.67401,33.56774],[-117.67404,33.56719],[-117.67408,33.56665],[-117.67411,33.5661],[-117.67415,33.56555],[-117.67418,33.565],[-117.67422,33.56445],[-117.67426,33.5639],[-117.6743,33.56335],[-117.67433,33.56281],[-117.67437,33.56226],[-117.67441,33.56171],[-117.67444,33.56116],[-117.67449,33.56061],[-117.67453,33.56006],[-117.67456,33.55951],[-117.67459,33.55897],[-117.67459,33.55842],[-117.67457,33.55787],[-117.67452,33.55732],[-117.67447,33.55677],[-117.67441,33.55622],[-117.67436,33.55568],[-117.67431,33.55513],[-117.67426,33.55458],[-117.67421,33.55403],[-117.67418,33.55348],[-117.67416,33.55293],[-117.67414,33.55238],[-117.67414,33.55183],[-117.67415,33.55129],[-117.67417,33.55074],[-117.67418,33.55019],[-117.6742,33.54964],[-117.67422,33.54909],[-117.67423,33.54854],[-117.67427,33.54799],[-117.67431,33.54744],[-117.67434,33.54689],[-117.67436,33.54634],[-117.67438,33.54579],[-117.67442,33.54525],[-117.67446,33.5447],[-117.6745,33.54415],[-117.67456,33.5436],[-117.67463,33.54306],[-117.67472,33.54251],[-117.6748,33.54196],[-117.67489,33.54142],[-117.67497,33.54087],[-117.67505,33.54033],[-117.67514,33.53979],[-117.67522,33.53924],[-117.6753,33.53869],[-117.67539,33.53815],[-117.67547,33.5376],[-117.67555,33.53706],[-117.67562,33.53651],[-117.67567,33.53596],[-117.6757,33.53542],[-117.6757,33.53487],[-117.67568,33.53432],[-117.67564,33.53377],[-117.67557,33.53322],[-117.67548,33.53268],[-117.67537,33.53213],[-117.67524,33.5316],[-117.67509,33.53106],[-117.67491,33.53053],[-117.67473,33.53],[-117.67455,33.52948],[-117.67437,33.52895],[-117.67419,33.52842],[-117.67401,33.52789],[-117.67382,33.52737],[-117.67364,33.52684],[-117.67346,33.52631],[-117.67328,33.52578],[-117.6731,33.52525],[-117.67291,33.52472],[-117.67273,33.5242],[-117.67255,33.52367],[-117.67237,33.52314],[-117.67218,33.52261],[-117.672,33.52209],[-117.67182,33.52156],[-117.67164,33.52103],[-117.67144,33.5205],[-117.67124,33.51998],[-117.67102,33.51946],[-117.6708,33.51895],[-117.67058,33.51843],[-117.67037,33.51791],[-117.67015,33.51739],[-117.66993,33.51687],[-117.66971,33.51635],[-117.66949,33.51584],[-117.66927,33.51532],[-117.66905,33.5148],[-117.66884,33.51428],[-117.66862,33.51376],[-117.6684,33.51325],[-117.66818,33.51273],[-117.66796,33.51221],[-117.66774,33.51169],[-117.66752,33.51117],[-117.66731,33.51066],[-117.66709,33.51014],[-117.66687,33.50962],[-117.66665,33.5091],[-117.66643,33.50858],[-117.66621,33.50807],[-117.66599,33.50755],[-117.66578,33.50703],[-117.66556,33.50651],[-117.66534,33.50599],[-117.66512,33.50547],[-117.6649,33.50496],[-117.66468,33.50444],[-117.66449,33.50391],[-117.66434,33.50338],[-117.66423,33.50284],[-117.66415,33.50229],[-117.66408,33.50174],[-117.66401,33.5012],[-117.66393,33.50065],[-117.66388,33.5001],[-117.66386,33.49956],[-117.66388,33.49901],[-117.6639,33.49846],[-117.66393,33.49791],[-117.66395,33.49736],[-117.66397,33.49681],[-117.664,33.49626],[-117.66402,33.49571],[-117.66404,33.49516],[-117.66407,33.49461],[-117.66409,33.49406],[-117.66411,33.49352],[-117.66414,33.49297],[-117.66416,33.49242],[-117.66419,33.49187],[-117.66421,33.49132],[-117.66425,33.49077],[-117.66438,33.49023],[-117.66461,33.48972],[-117.66483,33.48921],[-117.66506,33.48869],[-117.66528,33.48817],[-117.66551,33.48766],[-117.66582,33.48718],[-117.66626,33.48676],[-117.66679,33.48644],[-117.66738,33.48621],[-117.66799,33.48601],[-117.66859,33.48579],[-117.66916,33.48552],[-117.66968,33.48519],[-117.67015,33.4848],[-117.67057,33.48438],[-117.67097,33.48394],[-117.67133,33.48349],[-117.67169,33.48302],[-117.67204,33.48256],[-117.67239,33.4821],[-117.67275,33.48163],[-117.6731,33.48117],[-117.67345,33.48071],[-117.6738,33.48024],[-117.67415,33.47978],[-117.6745,33.47931],[-117.67484,33.47885],[-117.6752,33.47838],[-117.67555,33.47792],[-117.6759,33.47745],[-117.67625,33.47699],[-117.67657,33.47651],[-117.67685,33.47601],[-117.67709,33.4755],[-117.67726,33.47497],[-117.67744,33.47445],[-117.67763,33.47392],[-117.67781,33.47339],[-117.67799,33.47286],[-117.67817,33.47233],[-117.67835,33.4718],[-117.67853,33.47128],[-117.67871,33.47075],[-117.67889,33.47022],[-117.67907,33.46969],[-117.67925,33.46916],[-117.67943,33.46863],[-117.67961,33.46811],[-117.67979,33.46758],[-117.67997,33.46705],[-117.68016,33.46652],[-117.68034,33.46599],[-117.6805,33.46546],[-117.6806,33.46492],[-117.68058,33.46437],[-117.68045,33.46383],[-117.68021,33.46332],[-117.67987,33.46285],[-117.67944,33.46244],[-117.67893,33.46209],[-117.6784,33.46177],[-117.67787,33.46145],[-117.67734,33.46113],[-117.67681,33.4608],[-117.67628,33.46048],[-117.67575,33.46016],[-117.67521,33.45984],[-117.67468,33.45951],[-117.67415,33.45919],[-117.67362,33.45887],[-117.67309,33.45855],[-117.67256,33.45822],[-117.67203,33.4579],[-117.6715,33.45758],[-117.67097,33.45726],[-117.67044,33.45693],[-117.66991,33.45661],[-117.66938,33.45629],[-117.66885,33.45596],[-117.66832,33.45564],[-117.66778,33.45532],[-117.66725,33.455],[-117.66672,33.45468],[-117.66619,33.45435],[-117.66566,33.45403],[-117.66513,33.45371],[-117.66458,33.45341],[-117.66403,33.45312],[-117.66346,33.45284],[-117.66288,33.45258],[-117.66231,33.45231],[-117.66173,33.45205],[-117.66115,33.45179],[-117.66058,33.45153],[-117.66,33.45127],[-117.65943,33.451],[-117.65886,33.45073],[-117.65829,33.45045],[-117.65774,33.45016],[-117.65718,33.44986],[-117.65664,33.44956],[-117.65611,33.44924],[-117.65558,33.44891],[-117.65506,33.44858],[-117.65455,33.44823],[-117.65404,33.44788],[-117.65355,33.44752],[-117.65306,33.44715],[-117.65259,33.44678],[-117.65212,33.44639],[-117.65166,33.446],[-117.6512,33.44561],[-117.65073,33.44522],[-117.65027,33.44483],[-117.64981,33.44444],[-117.64935,33.44405],[-117.64888,33.44367],[-117.6484,33.44329],[-117.64791,33.44293],[-117.6474,33.44258],[-117.64688,33.44225],[-117.64635,33.44193],[-117.64581,33.44161],[-117.64528,33.44129],[-117.64475,33.44097],[-117.64422,33.44065],[-117.64368,33.44033],[-117.64315,33.44],[-117.64263,33.43967],[-117.64212,33.43933],[-117.64162,33.43897],[-117.64114,33.4386],[-117.64066,33.43822],[-117.64019,33.43784],[-117.63971,33.43746],[-117.63924,33.43708],[-117.63877,33.43671],[-117.63829,33.43633],[-117.63782,33.43595],[-117.63734,33.43557],[-117.63687,33.43519],[-117.63639,33.43481],[-117.63592,33.43443],[-117.63544,33.43405],[-117.63497,33.43367],[-117.63449,33.4333],[-117.63402,33.43292],[-117.63354,33.43254],[-117.63307,33.43216],[-117.63259,33.43178],[-117.63212,33.4314],[-117.63165,33.43101],[-117.6312,33.43061],[-117.63078,33.43019],[-117.63038,33.42976],[-117.63,33.42931],[-117.62963,33.42886],[-117.62927,33.4284],[-117.6289,33.42795],[-117.62853,33.42749],[-117.62817,33.42703],[-117.6278,33.42658],[-117.62741,33.42614],[-117.627,33.42571],[-117.62655,33.42531],[-117.62608,33.42493],[-117.62558,33.42457],[-117.62507,33.42422],[-117.62457,33.42388],[-117.62406,33.42353],[-117.62355,33.42318],[-117.62304,33.42284],[-117.62254,33.42248],[-117.62206,33.4221],[-117.62161,33.42171],[-117.62118,33.42129],[-117.62078,33.42086],[-117.62041,33.42041],[-117.62004,33.41995],[-117.61968,33.41949],[-117.61932,33.41903],[-117.61896,33.41857],[-117.6186,33.41811],[-117.61824,33.41766],[-117.61787,33.4172],[-117.6175,33.41675],[-117.6171,33.41631],[-117.61669,33.41588],[-117.61626,33.41547],[-117.61583,33.41506],[-117.61539,33.41465],[-117.61495,33.41424],[-117.61452,33.41383],[-117.61408,33.41342],[-117.61365,33.41301],[-117.61321,33.4126],[-117.61277,33.41219],[-117.61235,33.41177],[-117.61193,33.41135],[-117.61152,33.41092],[-117.61113,33.41048],[-117.61074,33.41003],[-117.61035,33.40959],[-117.60996,33.40915],[-117.60958,33.4087],[-117.60919,33.40826],[-117.6088,33.40782],[-117.60841,33.40738],[-117.60803,33.40693],[-117.60764,33.40649],[-117.60726,33.40604],[-117.60688,33.40559],[-117.60651,33.40514],[-117.60614,33.40469],[-117.60577,33.40423],[-117.6054,33.40378],[-117.60503,33.40332],[-117.60466,33.40287],[-117.60429,33.40242],[-117.60393,33.40196],[-117.60356,33.40151],[-117.60319,33.40105],[-117.60282,33.4006],[-117.60245,33.40015],[-117.60208,33.39969],[-117.60172,33.39923],[-117.60137,33.39877],[-117.60104,33.39829],[-117.60072,33.39781],[-117.60042,33.39732],[-117.60014,33.39683],[-117.59988,33.39632],[-117.59964,33.39581],[-117.59942,33.3953],[-117.59921,33.39478],[-117.599,33.39425],[-117.5988,33.39373],[-117.59859,33.39321],[-117.59839,33.39269],[-117.59818,33.39217],[-117.59798,33.39164],[-117.59777,33.39112],[-117.59755,33.3906],[-117.59731,33.39009],[-117.59704,33.38959],[-117.59672,33.38911],[-117.59637,33.38865],[-117.59597,33.38821],[-117.59554,33.3878],[-117.59508,33.38741],[-117.59459,33.38705],[-117.59406,33.38672],[-117.59351,33.38642],[-117.59294,33.38615],[-117.59236,33.38591],[-117.59176,33.38567],[-117.59117,33.38544],[-117.59057,33.38521],[-117.58998,33.38498],[-117.58938,33.38475],[-117.58879,33.38452],[-117.5882,33.38429],[-117.5876,33.38406],[-117.58701,33.38383],[-117.58641,33.3836],[-117.58582,33.38337],[-117.58522,33.38314],[-117.58463,33.3829],[-117.58404,33.38267],[-117.58344,33.38244],[-117.58285,33.38221],[-117.58225,33.38199],[-117.58164,33.38179],[-117.58101,33.38164],[-117.58037,33.38152],[-117.57972,33.38144],[-117.57907,33.3814],[-117.57841,33.38138],[-117.57776,33.38136],[-117.5771,33.38134],[-117.57645,33.38131],[-117.57579,33.38128],[-117.57514,33.38123],[-117.5745,33.38113],[-117.57386,33.381],[-117.57324,33.38083],[-117.57263,33.38063],[-117.57204,33.38038],[-117.57148,33.38011],[-117.57092,33.37982],[-117.57037,33.37952],[-117.56982,33.37922],[-117.56927,33.37892],[-117.56872,33.37862],[-117.56817,33.37832],[-117.56762,33.37803],[-117.56707,33.37773],[-117.56652,33.37743],[-117.56598,33.37713],[-117.56543,33.37683],[-117.56488,33.37653],[-117.56433,33.37623],[-117.56378,33.37593],[-117.56323,33.37563],[-117.56268,33.37533],[-117.56214,33.37502],[-117.56159,33.37472],[-117.56104,33.37442],[-117.56049,33.37412],[-117.55994,33.37382],[-117.55939,33.37352],[-117.55885,33.37322],[-117.5583,33.37292],[-117.55775,33.37262],[-117.5572,33.37232],[-117.55665,33.37202],[-117.5561,33.37172],[-117.55555,33.37143],[-117.555,33.37113],[-117.55444,33.37084],[-117.55389,33.37055],[-117.55333,33.37026],[-117.55278,33.36997],[-117.55222,33.36968],[-117.55167,33.36938],[-117.55111,33.36909],[-117.55057,33.36879],[-117.55002,33.36849],[-117.54947,33.36819],[-117.54893,33.36788],[-117.54839,33.36756],[-117.54787,33.36723],[-117.54735,33.3669],[-117.54683,33.36656],[-117.54631,33.36622],[-117.54581,33.36588],[-117.5453,33.36552],[-117.54481,33.36516],[-117.54431,33.36481],[-117.54381,33.36445],[-117.54331,33.3641],[-117.5428,33.36375],[-117.54229,33.36341],[-117.54178,33.36306],[-117.54127,33.36271],[-117.54077,33.36237],[-117.54026,33.36202],[-117.53974,33.36168],[-117.53923,33.36134],[-117.53871,33.361],[-117.53821,33.36066],[-117.53769,33.36031],[-117.53719,33.35997],[-117.53668,33.35962],[-117.53617,33.35927],[-117.53566,33.35893],[-117.53515,33.35858],[-117.53464,33.35823],[-117.53414,33.35789],[-117.53363,33.35754],[-117.53312,33.35719],[-117.53262,33.35684],[-117.53211,33.3565],[-117.5316,33.35615],[-117.53109,33.3558],[-117.53058,33.35546],[-117.53008,33.35511],[-117.52957,33.35476],[-117.52906,33.35442],[-117.52856,33.35406],[-117.52806,33.35371],[-117.52758,33.35333],[-117.52711,33.35295],[-117.52666,33.35255],[-117.52621,33.35215],[-117.52577,33.35175],[-117.52532,33.35134],[-117.52488,33.35094],[-117.52443,33.35054],[-117.52397,33.35015],[-117.5235,33.34976],[-117.52302,33.3494],[-117.52251,33.34904],[-117.522,33.3487],[-117.52147,33.34838],[-117.52093,33.34807],[-117.52039,33.34777],[-117.51983,33.34747],[-117.51928,33.34718],[-117.51873,33.34688],[-117.51818,33.34658],[-117.51763,33.34629],[-117.51708,33.34598],[-117.51655,33.34566],[-117.51603,33.34533],[-117.51552,33.34499],[-117.51502,33.34463],[-117.51452,33.34427],[-117.51403,33.34391],[-117.51354,33.34355],[-117.51304,33.34319],[-117.51255,33.34283],[-117.51205,33.34247],[-117.51156,33.34211],[-117.51106,33.34175],[-117.51057,33.34139],[-117.51008,33.34103],[-117.50958,33.34067],[-117.50909,33.34031],[-117.50859,33.33995],[-117.5081,33.33959],[-117.5076,33.33922],[-117.50711,33.33886],[-117.50662,33.3385],[-117.50612,33.33814],[-117.50563,33.33778],[-117.50513,33.33742],[-117.50464,33.33706],[-117.50414,33.3367],[-117.50365,33.33634],[-117.50315,33.33599],[-117.50266,33.33563],[-117.50216,33.33526],[-117.50167,33.3349],[-117.50118,33.33454],[-117.50068,33.33418],[-117.50019,33.33382],[-117.49969,33.33346],[-117.4992,33.3331],[-117.4987,33.33274],[-117.49821,33.33238],[-117.49771,33.33202],[-117.49722,33.33166],[-117.49672,33.33131],[-117.49623,33.33095],[-117.49573,33.33058],[-117.49524,33.33022],[-117.49475,33.32986],[-117.49426,33.3295],[-117.49376,33.32914],[-117.49327,33.32878],[-117.49277,33.32842],[-117.49228,33.32806],[-117.49178,33.3277],[-117.49129,33.32734],[-117.4908,33.32698],[-117.4903,33.32662],[-117.48983,33.32624],[-117.48936,33.32585],[-117.48891,33.32546],[-117.48848,33.32504],[-117.48807,33.32461],[-117.48767,33.32417],[-117.48729,33.32373],[-117.48692,33.32328],[-117.48654,33.32283],[-117.48617,33.32238],[-117.48579,33.32193],[-117.48542,33.32148],[-117.48504,33.32103],[-117.48467,33.32058],[-117.48429,33.32012],[-117.48392,33.31967],[-117.48355,33.31922],[-117.48317,33.31877],[-117.4828,33.31832],[-117.48243,33.31787],[-117.48205,33.31742],[-117.48168,33.31696],[-117.48131,33.31651],[-117.48092,33.31607],[-117.48053,33.31563],[-117.4801,33.31522],[-117.47965,33.31481],[-117.4792,33.31441],[-117.47875,33.31402],[-117.47829,33.31363],[-117.47783,33.31324],[-117.47737,33.31284],[-117.47692,33.31245],[-117.47646,33.31206],[-117.476,33.31167],[-117.47554,33.31127],[-117.47508,33.31088],[-117.47462,33.31049],[-117.47417,33.3101],[-117.47371,33.30971],[-117.47325,33.30931],[-117.47279,33.30892],[-117.47233,33.30853],[-117.47187,33.30814],[-117.47141,33.30774],[-117.47096,33.30735],[-117.4705,33.30696],[-117.47004,33.30657],[-117.46958,33.30618],[-117.46912,33.30579],[-117.46866,33.30539],[-117.4682,33.305],[-117.46774,33.30461],[-117.46728,33.30422],[-117.46683,33.30383],[-117.46637,33.30344],[-117.46591,33.30304],[-117.46545,33.30265],[-117.46499,33.30226],[-117.46454,33.30186],[-117.4641,33.30145],[-117.46367,33.30104],[-117.46327,33.3006],[-117.46289,33.30016],[-117.46252,33.2997],[-117.46217,33.29924],[-117.46182,33.29878],[-117.46147,33.29832],[-117.46111,33.29785],[-117.46076,33.29739],[-117.46041,33.29693],[-117.46006,33.29646],[-117.45971,33.296],[-117.45936,33.29553],[-117.45901,33.29507],[-117.45865,33.29461],[-117.4583,33.29414],[-117.45795,33.29368],[-117.4576,33.29322],[-117.45725,33.29275],[-117.45689,33.29229],[-117.45654,33.29183],[-117.45619,33.29136],[-117.45583,33.2909],[-117.45547,33.29044],[-117.45512,33.28998],[-117.45477,33.28952],[-117.45442,33.28905],[-117.45406,33.28859],[-117.45371,33.28813],[-117.45336,33.28766],[-117.45301,33.2872],[-117.45266,33.28674],[-117.45231,33.28628],[-117.45196,33.28581],[-117.4516,33.28535],[-117.45125,33.28489],[-117.4509,33.28442],[-117.45054,33.28396],[-117.45019,33.2835],[-117.44983,33.28304],[-117.44948,33.28258],[-117.44913,33.28211],[-117.44878,33.28164],[-117.44844,33.28118],[-117.4481,33.28071],[-117.44775,33.28024],[-117.4474,33.27978],[-117.44703,33.27932],[-117.44665,33.27888],[-117.44626,33.27844],[-117.44584,33.27802],[-117.4454,33.27761],[-117.44496,33.27721],[-117.44449,33.27682],[-117.44401,33.27645],[-117.44352,33.27608],[-117.44303,33.27572],[-117.44254,33.27536],[-117.44205,33.27499],[-117.44156,33.27463],[-117.44107,33.27427],[-117.44057,33.2739],[-117.44008,33.27354],[-117.43959,33.27318],[-117.4391,33.27282],[-117.4386,33.27246],[-117.43811,33.2721],[-117.43762,33.27174],[-117.43712,33.27138],[-117.43664,33.271],[-117.43618,33.27062],[-117.43573,33.27022],[-117.43531,33.2698],[-117.4349,33.26937],[-117.43451,33.26893],[-117.43413,33.26848],[-117.43376,33.26803],[-117.43339,33.26757],[-117.43303,33.26712],[-117.43266,33.26666],[-117.43229,33.26621],[-117.43192,33.26576],[-117.43156,33.2653],[-117.4312,33.26484],[-117.43084,33.26438],[-117.43048,33.26392],[-117.43012,33.26346],[-117.42976,33.263],[-117.42939,33.26255],[-117.42903,33.26209],[-117.42867,33.26163],[-117.42831,33.26117],[-117.42795,33.26071],[-117.42759,33.26026],[-117.42723,33.2598],[-117.42687,33.25934],[-117.4265,33.25888],[-117.42614,33.25843],[-117.42578,33.25797],[-117.42542,33.25751],[-117.42506,33.25705],[-117.42469,33.25659],[-117.42433,33.25614],[-117.42397,33.25568],[-117.42361,33.25522],[-117.42324,33.25476],[-117.42288,33.25431],[-117.42252,33.25385],[-117.42216,33.25339],[-117.42179,33.25294],[-117.42142,33.25248],[-117.42106,33.25203],[-117.42069,33.25157],[-117.42033,33.25111],[-117.41997,33.25066],[-117.41961,33.2502],[-117.41925,33.24974],[-117.41889,33.24928],[-117.41853,33.24882],[-117.41816,33.24836],[-117.4178,33.24791],[-117.41743,33.24745],[-117.41707,33.247],[-117.41671,33.24654],[-117.41635,33.24608],[-117.41599,33.24562],[-117.41563,33.24516],[-117.41527,33.24471],[-117.41491,33.24425],[-117.41454,33.24379],[-117.41418,33.24333],[-117.41382,33.24287],[-117.41345,33.24242],[-117.41308,33.24197],[-117.41271,33.24151],[-117.41231,33.24108],[-117.4119,33.24065],[-117.41148,33.24023],[-117.41105,33.23982],[-117.41062,33.2394],[-117.41018,33.239],[-117.40974,33.23859],[-117.40931,33.23818],[-117.40886,33.23777],[-117.40841,33.23738],[-117.40797,33.23697],[-117.40752,33.23657],[-117.40708,33.23617],[-117.40664,33.23576],[-117.4062,33.23535],[-117.40575,33.23495],[-117.4053,33.23456],[-117.40485,33.23416],[-117.40441,33.23375],[-117.40396,33.23335],[-117.40352,33.23295],[-117.40307,33.23255],[-117.40263,33.23214],[-117.40218,33.23174],[-117.40174,33.23134],[-117.40129,33.23094],[-117.40084,33.23054],[-117.40039,33.23014],[-117.39994,33.22974],[-117.39949,33.22934],[-117.39905,33.22894],[-117.39859,33.22854],[-117.39814,33.22814],[-117.39769,33.22774],[-117.39725,33.22734],[-117.39681,33.22694],[-117.39637,33.22653],[-117.39593,33.22612],[-117.3955,33.22571],[-117.39509,33.22528],[-117.39473,33.22482],[-117.39443,33.22433],[-117.39416,33.22383],[-117.39393,33.22332],[-117.39375,33.22279],[-117.3936,33.22226],[-117.39344,33.22172],[-117.39329,33.22119],[-117.39313,33.22066],[-117.39298,33.22012],[-117.39281,33.21959],[-117.39263,33.21906],[-117.39244,33.21854],[-117.39224,33.21801],[-117.39204,33.21749],[-117.39184,33.21697],[-117.39164,33.21644],[-117.39145,33.21592],[-117.39127,33.21539],[-117.39113,33.21485],[-117.39099,33.21432],[-117.39085,33.21378],[-117.39071,33.21324],[-117.39057,33.2127],[-117.39043,33.21217],[-117.39029,33.21163],[-117.39016,33.21109],[-117.39002,33.21056],[-117.38987,33.21002],[-117.38973,33.20949],[-117.38959,33.20895],[-117.38945,33.20841],[-117.38932,33.20787],[-117.38919,33.20734],[-117.38905,33.2068],[-117.38891,33.20626],[-117.38878,33.20572],[-117.38864,33.20519],[-117.3885,33.20465],[-117.38836,33.20411],[-117.38822,33.20358],[-117.38808,33.20304],[-117.38792,33.20251],[-117.3877,33.20199],[-117.38742,33.20149],[-117.38708,33.20103],[-117.3867,33.20058],[-117.38633,33.20013],[-117.38595,33.19968],[-117.38557,33.19923],[-117.38519,33.19878],[-117.38482,33.19833],[-117.38444,33.19788],[-117.38407,33.19743],[-117.38371,33.19697],[-117.38333,33.19653],[-117.38295,33.19608],[-117.38257,33.19563],[-117.38219,33.19518],[-117.38182,33.19473],[-117.38144,33.19429],[-117.38106,33.19384],[-117.38069,33.19339],[-117.38031,33.19294],[-117.37994,33.19249]]},"properties":{"routeId":"Inland Emp.-Orange Co. Line","name":"Inland Empire-Orange County Line","shortName":"IE-OC Line","color":"#E92076","textColor":"#FFFFFF","system":"metrolink"}},{"type":"Feature","geometry":{"type":"LineString","coordinates":[[-118.23398,34.0543],[-118.23394,34.05451],[-118.23382,34.05505],[-118.23371,34.05559],[-118.23359,34.05613],[-118.23347,34.05667],[-118.23337,34.05722],[-118.23331,34.05777],[-118.23328,34.05831],[-118.23318,34.05886],[-118.23293,34.05936],[-118.23268,34.05987],[-118.23242,34.06038],[-118.23217,34.06088],[-118.23177,34.06132],[-118.23122,34.06162],[-118.23058,34.06172],[-118.22992,34.06177],[-118.22926,34.06183],[-118.22861,34.06178],[-118.22805,34.06149],[-118.22767,34.06105],[-118.22748,34.06052],[-118.22736,34.05998],[-118.22726,34.05944],[-118.22719,34.05889],[-118.22711,34.05835],[-118.22703,34.0578],[-118.22696,34.05725],[-118.22689,34.05671],[-118.22695,34.05616],[-118.22714,34.05564],[-118.22747,34.05517],[-118.22787,34.05472],[-118.22826,34.05428],[-118.22865,34.05384],[-118.22903,34.05339],[-118.22931,34.05289],[-118.22948,34.05236],[-118.22962,34.05182],[-118.22976,34.05129],[-118.2299,34.05075],[-118.23004,34.05021],[-118.23019,34.04968],[-118.23033,34.04914],[-118.23048,34.04861],[-118.23059,34.04806],[-118.23059,34.04751],[-118.23051,34.04697],[-118.23039,34.04643],[-118.23026,34.04589],[-118.23014,34.04535],[-118.23002,34.04481],[-118.2299,34.04427],[-118.22978,34.04373],[-118.22965,34.04319],[-118.22953,34.04265],[-118.22941,34.04211],[-118.22929,34.04157],[-118.22916,34.04103],[-118.22904,34.04049],[-118.22892,34.03995],[-118.2288,34.03941],[-118.22868,34.03887],[-118.22856,34.03833],[-118.22843,34.03779],[-118.22831,34.03725],[-118.22819,34.03671],[-118.22807,34.03617],[-118.22795,34.03563],[-118.22782,34.03509],[-118.2277,34.03455],[-118.22758,34.03401],[-118.22746,34.03347],[-118.22733,34.03293],[-118.22721,34.03239],[-118.22709,34.03185],[-118.22697,34.03131],[-118.22685,34.03077],[-118.22672,34.03023],[-118.2266,34.02969],[-118.22648,34.02915],[-118.22636,34.02861],[-118.22624,34.02807],[-118.22611,34.02753],[-118.22599,34.02699],[-118.22587,34.02645],[-118.22575,34.02591],[-118.22562,34.02537],[-118.2255,34.02483],[-118.22538,34.02429],[-118.22526,34.02375],[-118.22514,34.02321],[-118.22501,34.02267],[-118.22489,34.02213],[-118.22479,34.02158],[-118.22474,34.02103],[-118.22475,34.02049],[-118.22478,34.01994],[-118.22477,34.01939],[-118.22476,34.01884],[-118.22464,34.0183],[-118.22439,34.01779],[-118.22404,34.01733],[-118.22358,34.01693],[-118.22304,34.01662],[-118.22244,34.01639],[-118.2218,34.01626],[-118.22114,34.0162],[-118.22048,34.01616],[-118.21983,34.01612],[-118.21917,34.01606],[-118.21852,34.01595],[-118.21789,34.0158],[-118.21727,34.01561],[-118.21666,34.01541],[-118.21604,34.01521],[-118.21543,34.015],[-118.21482,34.0148],[-118.2142,34.0146],[-118.21359,34.01438],[-118.21298,34.01418],[-118.21236,34.01399],[-118.21174,34.0138],[-118.21113,34.01359],[-118.21052,34.01338],[-118.20991,34.01317],[-118.2093,34.01297],[-118.20869,34.01276],[-118.20808,34.01256],[-118.20746,34.01235],[-118.20686,34.01214],[-118.20624,34.01193],[-118.20563,34.01173],[-118.20502,34.01152],[-118.20441,34.01132],[-118.2038,34.01111],[-118.20319,34.0109],[-118.20257,34.0107],[-118.20195,34.0105],[-118.20134,34.0103],[-118.20073,34.01009],[-118.20012,34.00988],[-118.19952,34.00966],[-118.19891,34.00944],[-118.19831,34.00921],[-118.1977,34.009],[-118.19709,34.00879],[-118.19648,34.00858],[-118.19587,34.00838],[-118.19526,34.00817],[-118.19465,34.00796],[-118.19404,34.00776],[-118.19343,34.00755],[-118.19281,34.00734],[-118.1922,34.00714],[-118.19159,34.00693],[-118.19098,34.00672],[-118.19037,34.00652],[-118.18976,34.00631],[-118.18914,34.0061],[-118.18853,34.00589],[-118.18792,34.00569],[-118.18731,34.00548],[-118.1867,34.00527],[-118.18609,34.00507],[-118.18548,34.00486],[-118.18487,34.00465],[-118.18425,34.00445],[-118.18364,34.00424],[-118.18303,34.00403],[-118.18242,34.00383],[-118.18181,34.00362],[-118.1812,34.00341],[-118.18059,34.00321],[-118.17997,34.003],[-118.17936,34.00279],[-118.17875,34.00259],[-118.17814,34.00238],[-118.17753,34.00217],[-118.17691,34.00197],[-118.1763,34.00177],[-118.17568,34.00158],[-118.17507,34.00138],[-118.17445,34.00118],[-118.17384,34.00097],[-118.17323,34.00076],[-118.17262,34.00056],[-118.17201,34.00035],[-118.1714,34.00014],[-118.17079,33.99993],[-118.17018,33.99971],[-118.16958,33.99949],[-118.16897,33.99928],[-118.16836,33.99907],[-118.16775,33.99887],[-118.16714,33.99866],[-118.16652,33.99845],[-118.16591,33.99825],[-118.1653,33.99804],[-118.16469,33.99783],[-118.16408,33.99763],[-118.16347,33.99742],[-118.16285,33.99722],[-118.16224,33.99702],[-118.16162,33.99682],[-118.16101,33.99662],[-118.16039,33.99642],[-118.15978,33.99621],[-118.15917,33.99601],[-118.15856,33.9958],[-118.15795,33.99559],[-118.15734,33.99539],[-118.15673,33.99518],[-118.15611,33.99497],[-118.15551,33.99476],[-118.15489,33.99456],[-118.15428,33.99435],[-118.15367,33.99415],[-118.15306,33.99394],[-118.15245,33.99373],[-118.15184,33.99353],[-118.15122,33.99332],[-118.15061,33.99312],[-118.15,33.99291],[-118.14939,33.9927],[-118.14878,33.99249],[-118.14817,33.99229],[-118.14756,33.99208],[-118.14695,33.99187],[-118.14633,33.99166],[-118.14572,33.99146],[-118.14511,33.99125],[-118.1445,33.99104],[-118.14389,33.99084],[-118.14328,33.99063],[-118.14267,33.99042],[-118.14205,33.99022],[-118.14144,33.99001],[-118.14083,33.9898],[-118.14022,33.9896],[-118.13961,33.98939],[-118.139,33.98918],[-118.13839,33.98898],[-118.13778,33.98877],[-118.13716,33.98856],[-118.13655,33.98835],[-118.13594,33.98815],[-118.13533,33.98794],[-118.13472,33.98774],[-118.13411,33.98753],[-118.1335,33.98732],[-118.13289,33.98712],[-118.13227,33.98691],[-118.13166,33.9867],[-118.13105,33.98649],[-118.13044,33.98629],[-118.12983,33.98608],[-118.12922,33.98587],[-118.12861,33.98567],[-118.128,33.98546],[-118.12739,33.98525],[-118.12677,33.98504],[-118.12616,33.98484],[-118.12555,33.98463],[-118.12494,33.98443],[-118.12433,33.98422],[-118.12372,33.98401],[-118.1231,33.98381],[-118.12249,33.98361],[-118.12188,33.9834],[-118.12127,33.98319],[-118.12066,33.98298],[-118.12005,33.98277],[-118.11944,33.98257],[-118.11883,33.98236],[-118.11822,33.98215],[-118.11761,33.98194],[-118.117,33.98173],[-118.11639,33.98152],[-118.11578,33.98131],[-118.11517,33.9811],[-118.11456,33.98089],[-118.11395,33.98068],[-118.11335,33.98045],[-118.11276,33.9802],[-118.11218,33.97994],[-118.11162,33.97966],[-118.11106,33.97936],[-118.11052,33.97904],[-118.11,33.97871],[-118.10949,33.97836],[-118.10898,33.97801],[-118.10847,33.97767],[-118.10796,33.97732],[-118.10745,33.97697],[-118.10694,33.97662],[-118.10644,33.97626],[-118.10593,33.97591],[-118.10543,33.97555],[-118.10494,33.97519],[-118.10446,33.97481],[-118.10396,33.97445],[-118.10345,33.9741],[-118.10294,33.97376],[-118.10242,33.97342],[-118.1019,33.97308],[-118.10138,33.97274],[-118.10086,33.9724],[-118.10035,33.97205],[-118.09985,33.97169],[-118.09934,33.97134],[-118.09883,33.97099],[-118.09832,33.97064],[-118.09781,33.97029],[-118.09731,33.96994],[-118.09679,33.96961],[-118.09624,33.96929],[-118.09569,33.969],[-118.09511,33.96873],[-118.09452,33.96849],[-118.09391,33.96827],[-118.0933,33.96808],[-118.09268,33.96788],[-118.09206,33.96769],[-118.09144,33.96751],[-118.09082,33.96732],[-118.0902,33.96713],[-118.08958,33.96693],[-118.08897,33.96674],[-118.08835,33.96655],[-118.08773,33.96636],[-118.08711,33.96617],[-118.08649,33.96598],[-118.08587,33.96579],[-118.08525,33.9656],[-118.08463,33.96541],[-118.08401,33.96522],[-118.0834,33.96503],[-118.08278,33.96484],[-118.08216,33.96465],[-118.08154,33.96446],[-118.08092,33.96427],[-118.0803,33.96408],[-118.07968,33.96389],[-118.07906,33.9637],[-118.07845,33.9635],[-118.07785,33.96327],[-118.07727,33.96301],[-118.07671,33.96272],[-118.07618,33.9624],[-118.07567,33.96205],[-118.07519,33.96167],[-118.07474,33.96127],[-118.0743,33.96086],[-118.07387,33.96044],[-118.07343,33.96003],[-118.073,33.95962],[-118.07256,33.9592],[-118.07213,33.95879],[-118.07169,33.95838],[-118.07126,33.95797],[-118.07082,33.95755],[-118.07039,33.95714],[-118.06995,33.95672],[-118.06952,33.95631],[-118.06908,33.9559],[-118.06865,33.95549],[-118.06821,33.95507],[-118.06778,33.95466],[-118.06734,33.95425],[-118.06691,33.95383],[-118.06647,33.95342],[-118.06604,33.95301],[-118.06561,33.95259],[-118.06517,33.95218],[-118.06474,33.95177],[-118.0643,33.95135],[-118.06387,33.95094],[-118.06345,33.95051],[-118.06306,33.95007],[-118.0627,33.94961],[-118.06239,33.94913],[-118.06211,33.94863],[-118.06188,33.94812],[-118.06169,33.94759],[-118.06154,33.94705],[-118.06144,33.94651],[-118.06139,33.94596],[-118.06137,33.94541],[-118.06136,33.94486],[-118.06136,33.94431],[-118.06136,33.94376],[-118.06135,33.94321],[-118.06135,33.94266],[-118.06135,33.94212],[-118.06135,33.94157],[-118.06134,33.94102],[-118.06134,33.94047],[-118.06134,33.93992],[-118.06133,33.93937],[-118.06133,33.93882],[-118.06133,33.93827],[-118.06133,33.93772],[-118.06132,33.93717],[-118.06132,33.93662],[-118.06132,33.93607],[-118.06131,33.93552],[-118.06131,33.93497],[-118.06131,33.93442],[-118.06131,33.93387],[-118.0613,33.93332],[-118.0613,33.93277],[-118.0613,33.93222],[-118.0613,33.93167],[-118.06129,33.93112],[-118.06129,33.93057],[-118.06129,33.93003],[-118.06128,33.92947],[-118.06128,33.92893],[-118.06128,33.92838],[-118.06127,33.92783],[-118.06127,33.92728],[-118.06127,33.92673],[-118.06127,33.92618],[-118.06126,33.92563],[-118.06126,33.92508],[-118.06126,33.92453],[-118.06125,33.92398],[-118.06125,33.92343],[-118.06125,33.92288],[-118.06124,33.92233],[-118.06124,33.92178],[-118.06124,33.92123],[-118.06123,33.92068],[-118.06122,33.92013],[-118.06118,33.91958],[-118.0611,33.91904],[-118.06099,33.9185],[-118.06083,33.91796],[-118.06064,33.91744],[-118.0604,33.91693],[-118.06013,33.91643],[-118.05982,33.91594],[-118.05947,33.91548],[-118.05909,33.91502],[-118.05868,33.91459],[-118.05824,33.91419],[-118.05777,33.9138],[-118.05727,33.91344],[-118.05675,33.91311],[-118.05621,33.91279],[-118.05567,33.91248],[-118.05513,33.91217],[-118.05458,33.91186],[-118.05403,33.91155],[-118.05349,33.91124],[-118.05294,33.91094],[-118.0524,33.91063],[-118.05185,33.91032],[-118.0513,33.91001],[-118.05076,33.90971],[-118.05021,33.9094],[-118.04967,33.90909],[-118.04912,33.90878],[-118.04858,33.90847],[-118.04803,33.90816],[-118.04748,33.90785],[-118.04694,33.90755],[-118.04639,33.90724],[-118.04585,33.90693],[-118.0453,33.90662],[-118.04475,33.90632],[-118.04421,33.90601],[-118.04366,33.9057],[-118.04311,33.90539],[-118.04257,33.90509],[-118.04202,33.90478],[-118.04148,33.90447],[-118.04093,33.90416],[-118.04039,33.90385],[-118.03984,33.90354],[-118.03929,33.90324],[-118.03875,33.90293],[-118.0382,33.90262],[-118.03766,33.90231],[-118.03711,33.902],[-118.03657,33.9017],[-118.03602,33.90139],[-118.03547,33.90108],[-118.03493,33.90077],[-118.03438,33.90046],[-118.03384,33.90015],[-118.03329,33.89985],[-118.03275,33.89954],[-118.0322,33.89923],[-118.03166,33.89892],[-118.03111,33.89861],[-118.03056,33.89831],[-118.03002,33.898],[-118.02947,33.89769],[-118.02893,33.89738],[-118.02838,33.89708],[-118.02783,33.89677],[-118.02728,33.89646],[-118.02674,33.89616],[-118.02619,33.89585],[-118.02564,33.89555],[-118.02509,33.89524],[-118.02455,33.89493],[-118.024,33.89463],[-118.02345,33.89432],[-118.02291,33.89401],[-118.02236,33.8937],[-118.02182,33.8934],[-118.02127,33.89309],[-118.02072,33.89278],[-118.02018,33.89247],[-118.01963,33.89216],[-118.01909,33.89185],[-118.01854,33.89155],[-118.018,33.89124],[-118.01745,33.89093],[-118.01691,33.89062],[-118.01636,33.89031],[-118.01582,33.89001],[-118.01527,33.8897],[-118.01472,33.88939],[-118.01418,33.88908],[-118.01363,33.88877],[-118.01309,33.88846],[-118.01254,33.88816],[-118.01199,33.88785],[-118.01145,33.88754],[-118.0109,33.88723],[-118.01036,33.88693],[-118.00981,33.88662],[-118.00926,33.88631],[-118.00872,33.886],[-118.00817,33.88569],[-118.00763,33.88539],[-118.00708,33.88508],[-118.00654,33.88477],[-118.00599,33.88446],[-118.00545,33.88415],[-118.0049,33.88385],[-118.00436,33.88354],[-118.00381,33.88323],[-118.00326,33.88292],[-118.00272,33.88261],[-118.00217,33.88231],[-118.00163,33.882],[-118.00108,33.88169],[-118.00053,33.88138],[-117.99999,33.88108],[-117.99944,33.88077],[-117.9989,33.88046],[-117.99835,33.88015],[-117.99781,33.87984],[-117.99727,33.87953],[-117.99672,33.87921],[-117.99618,33.8789],[-117.99564,33.87859],[-117.9951,33.87828],[-117.99455,33.87797],[-117.99399,33.87768],[-117.99343,33.87739],[-117.99285,33.87713],[-117.99226,33.87689],[-117.99165,33.87667],[-117.99104,33.87648],[-117.99041,33.87631],[-117.98977,33.87618],[-117.98913,33.87607],[-117.98848,33.87595],[-117.98784,33.87584],[-117.98719,33.87572],[-117.98655,33.8756],[-117.98591,33.87548],[-117.98526,33.87537],[-117.98462,33.87525],[-117.98398,33.87513],[-117.98333,33.87501],[-117.98269,33.8749],[-117.98204,33.87478],[-117.9814,33.87466],[-117.98076,33.87454],[-117.98011,33.87443],[-117.97947,33.87431],[-117.97883,33.87419],[-117.97818,33.87408],[-117.97754,33.87396],[-117.97689,33.87384],[-117.97625,33.87373],[-117.97561,33.87361],[-117.97496,33.87349],[-117.97432,33.87338],[-117.97368,33.87326],[-117.97303,33.87314],[-117.97239,33.87302],[-117.97174,33.87291],[-117.9711,33.87279],[-117.97046,33.87267],[-117.96981,33.87256],[-117.96917,33.87244],[-117.96852,33.87232],[-117.96788,33.87221],[-117.96724,33.87209],[-117.96659,33.87197],[-117.96595,33.87186],[-117.96531,33.87174],[-117.96466,33.87162],[-117.96402,33.8715],[-117.96338,33.87138],[-117.96273,33.87127],[-117.96209,33.87115],[-117.96144,33.87103],[-117.9608,33.87092],[-117.96016,33.8708],[-117.95951,33.87069],[-117.95887,33.87057],[-117.95822,33.87045],[-117.95758,33.87033],[-117.95694,33.87022],[-117.95629,33.8701],[-117.95565,33.86998],[-117.95501,33.86986],[-117.95436,33.86975],[-117.95372,33.86963],[-117.95308,33.86951],[-117.95244,33.86938],[-117.9518,33.86926],[-117.95115,33.86913],[-117.95051,33.86901],[-117.94987,33.86889],[-117.94922,33.86878],[-117.94858,33.86866],[-117.94793,33.86855],[-117.94728,33.86846],[-117.94663,33.86839],[-117.94598,33.86834],[-117.94532,33.8683],[-117.94466,33.86829],[-117.944,33.86829],[-117.94334,33.86829],[-117.94268,33.8683],[-117.94202,33.8683],[-117.94137,33.86831],[-117.94071,33.86832],[-117.94005,33.86833],[-117.93939,33.86834],[-117.93873,33.86835],[-117.93807,33.86836],[-117.93741,33.86837],[-117.93676,33.86838],[-117.9361,33.86839],[-117.93544,33.86839],[-117.93478,33.8684],[-117.93412,33.86841],[-117.93346,33.86842],[-117.9328,33.86843],[-117.93214,33.86844],[-117.93148,33.86845],[-117.93083,33.86845],[-117.93017,33.86846],[-117.92951,33.86847],[-117.92885,33.86848],[-117.92819,33.86849],[-117.92753,33.8685],[-117.92687,33.8685],[-117.92621,33.86851],[-117.92556,33.86852],[-117.9249,33.86853],[-117.92424,33.86854],[-117.92358,33.86855],[-117.92292,33.86856],[-117.92226,33.86857],[-117.9216,33.86857],[-117.92095,33.86858],[-117.92029,33.86859],[-117.91963,33.8686],[-117.91897,33.86861],[-117.91831,33.86861],[-117.91765,33.86862],[-117.91699,33.8686],[-117.91634,33.86853],[-117.9157,33.8684],[-117.91508,33.86821],[-117.9145,33.86796],[-117.91393,33.86768],[-117.91341,33.86735],[-117.91294,33.86696],[-117.91251,33.86654],[-117.91215,33.86609],[-117.91184,33.8656],[-117.9116,33.86509],[-117.91142,33.86456],[-117.91131,33.86402],[-117.91127,33.86347],[-117.91125,33.86292],[-117.91124,33.86237],[-117.91123,33.86182],[-117.91122,33.86127],[-117.91121,33.86072],[-117.9112,33.86017],[-117.91119,33.85963],[-117.91118,33.85908],[-117.91117,33.85853],[-117.91116,33.85798],[-117.91115,33.85743],[-117.91114,33.85688],[-117.91113,33.85633],[-117.91112,33.85578],[-117.91111,33.85523],[-117.9111,33.85468],[-117.91109,33.85413],[-117.91108,33.85358],[-117.91106,33.85303],[-117.91104,33.85248],[-117.91099,33.85193],[-117.91091,33.85139],[-117.91082,33.85084],[-117.9107,33.8503],[-117.91056,33.84977],[-117.91039,33.84924],[-117.91022,33.84871],[-117.91004,33.84817],[-117.90987,33.84764],[-117.90969,33.84712],[-117.90952,33.84659],[-117.90934,33.84606],[-117.90917,33.84553],[-117.90899,33.845],[-117.90882,33.84447],[-117.90864,33.84394],[-117.90847,33.84341],[-117.90829,33.84288],[-117.90812,33.84235],[-117.90794,33.84182],[-117.90777,33.84129],[-117.90759,33.84076],[-117.90742,33.84023],[-117.90724,33.8397],[-117.90707,33.83917],[-117.90689,33.83864],[-117.90672,33.83811],[-117.90654,33.83758],[-117.90637,33.83705],[-117.90619,33.83652],[-117.90602,33.83599],[-117.90584,33.83546],[-117.90567,33.83493],[-117.9055,33.8344],[-117.90532,33.83387],[-117.90515,33.83334],[-117.90497,33.83281],[-117.90479,33.83228],[-117.90462,33.83175],[-117.90444,33.83122],[-117.90427,33.83069],[-117.90409,33.83016],[-117.90392,33.82963],[-117.90375,33.8291],[-117.90357,33.82857],[-117.9034,33.82804],[-117.90322,33.82751],[-117.90305,33.82698],[-117.90287,33.82645],[-117.9027,33.82592],[-117.90252,33.82539],[-117.90235,33.82486],[-117.90217,33.82433],[-117.902,33.8238],[-117.90182,33.82327],[-117.90165,33.82274],[-117.90147,33.82221],[-117.9013,33.82168],[-117.90112,33.82115],[-117.90093,33.82063],[-117.90074,33.8201],[-117.90055,33.81958],[-117.90036,33.81905],[-117.90018,33.81852],[-117.90001,33.81799],[-117.89983,33.81746],[-117.89966,33.81693],[-117.89948,33.8164],[-117.89931,33.81587],[-117.89912,33.81535],[-117.89891,33.81482],[-117.89868,33.81431],[-117.89843,33.8138],[-117.89816,33.8133],[-117.89786,33.81281],[-117.89755,33.81233],[-117.89722,33.81185],[-117.89686,33.81139],[-117.89649,33.81094],[-117.8961,33.8105],[-117.89569,33.81007],[-117.89526,33.80965],[-117.89481,33.80924],[-117.89435,33.80885],[-117.89387,33.80847],[-117.89338,33.80811],[-117.89287,33.80776],[-117.89235,33.80743],[-117.89181,33.80711],[-117.89126,33.80681],[-117.8907,33.80652],[-117.89013,33.80625],[-117.88954,33.806],[-117.88895,33.80576],[-117.88834,33.80555],[-117.88773,33.80534],[-117.88712,33.80514],[-117.88651,33.80494],[-117.88589,33.80475],[-117.88527,33.80457],[-117.88465,33.80439],[-117.88402,33.80421],[-117.8834,33.80403],[-117.88278,33.80385],[-117.88216,33.80367],[-117.88153,33.80349],[-117.88091,33.80331],[-117.88029,33.80313],[-117.87967,33.80295],[-117.87904,33.80278],[-117.87842,33.80261],[-117.87779,33.80243],[-117.87717,33.80225],[-117.87655,33.80207],[-117.87593,33.80189],[-117.87531,33.80171],[-117.87468,33.80153],[-117.87406,33.80135],[-117.87344,33.80117],[-117.87282,33.80099],[-117.87219,33.80082],[-117.87157,33.80064],[-117.87095,33.80046],[-117.87032,33.80028],[-117.8697,33.80011],[-117.86908,33.79993],[-117.86846,33.79975],[-117.86784,33.79957],[-117.86722,33.79938],[-117.86659,33.7992],[-117.86597,33.79902],[-117.86535,33.79884],[-117.86473,33.79866],[-117.86411,33.79848],[-117.86348,33.7983],[-117.86286,33.79812],[-117.86224,33.79794],[-117.86162,33.79776],[-117.861,33.79758],[-117.86037,33.7974],[-117.85975,33.79722],[-117.85913,33.79703],[-117.85857,33.79676],[-117.85809,33.79638],[-117.85774,33.79592],[-117.85754,33.7954],[-117.85749,33.79485],[-117.85746,33.7943],[-117.85746,33.79375],[-117.85746,33.7932],[-117.85746,33.79265],[-117.85746,33.7921],[-117.85746,33.79155],[-117.85747,33.791],[-117.85747,33.79046],[-117.85747,33.78991],[-117.85747,33.78936],[-117.85747,33.78881],[-117.85747,33.78826],[-117.85748,33.78771],[-117.85748,33.78716],[-117.85748,33.78661],[-117.85748,33.78606],[-117.85748,33.78551],[-117.85748,33.78496],[-117.85748,33.78441],[-117.85746,33.78386],[-117.85745,33.78331],[-117.85745,33.78276],[-117.85746,33.78221],[-117.85747,33.78166],[-117.85747,33.78111],[-117.85747,33.78056],[-117.85747,33.78001],[-117.85748,33.77946],[-117.85748,33.77891],[-117.85748,33.77837],[-117.85746,33.77782],[-117.85739,33.77727],[-117.85726,33.77673],[-117.85708,33.7762],[-117.85684,33.77569],[-117.85657,33.77519],[-117.85631,33.77469],[-117.85608,33.77417],[-117.85593,33.77364],[-117.85588,33.77309],[-117.85588,33.77254],[-117.85588,33.77199],[-117.85588,33.77144],[-117.85588,33.77089],[-117.85588,33.77034],[-117.85588,33.76979],[-117.85589,33.76924],[-117.85589,33.76869],[-117.85589,33.76814],[-117.85589,33.76759],[-117.85589,33.76705],[-117.85589,33.76649],[-117.85589,33.76595],[-117.8559,33.7654],[-117.8559,33.76485],[-117.8559,33.7643],[-117.8559,33.76375],[-117.8559,33.7632],[-117.85591,33.76265],[-117.85592,33.7621],[-117.85593,33.76155],[-117.85594,33.761],[-117.85595,33.76045],[-117.85596,33.7599],[-117.85597,33.75935],[-117.85598,33.7588],[-117.85598,33.75825],[-117.85598,33.7577],[-117.85599,33.75715],[-117.85599,33.7566],[-117.85599,33.75605],[-117.85599,33.7555],[-117.856,33.75496],[-117.85599,33.7544],[-117.85598,33.75386],[-117.85598,33.75331],[-117.85598,33.75276],[-117.85597,33.75221],[-117.85596,33.75166],[-117.85595,33.75111],[-117.85594,33.75056],[-117.85593,33.75001],[-117.8559,33.74946],[-117.85582,33.74892],[-117.85567,33.74838],[-117.8555,33.74785],[-117.85533,33.74732],[-117.85516,33.74679],[-117.85499,33.74626],[-117.85482,33.74573],[-117.85465,33.74519],[-117.85449,33.74466],[-117.85432,33.74413],[-117.85415,33.7436],[-117.85398,33.74307],[-117.85381,33.74254],[-117.8536,33.74202],[-117.85333,33.74152],[-117.853,33.74104],[-117.85262,33.7406],[-117.85218,33.74019],[-117.85169,33.73982],[-117.85119,33.73947],[-117.85068,33.73911],[-117.85017,33.73876],[-117.84967,33.73841],[-117.84916,33.73806],[-117.84866,33.73771],[-117.84815,33.73736],[-117.84765,33.73701],[-117.84714,33.73665],[-117.84664,33.7363],[-117.84613,33.73595],[-117.84562,33.7356],[-117.84512,33.73525],[-117.84461,33.7349],[-117.84411,33.73454],[-117.8436,33.73419],[-117.8431,33.73384],[-117.84259,33.73349],[-117.84208,33.73314],[-117.84158,33.73279],[-117.84107,33.73244],[-117.84057,33.73208],[-117.84006,33.73173],[-117.83956,33.73138],[-117.83905,33.73103],[-117.83855,33.73068],[-117.83804,33.73033],[-117.83754,33.72998],[-117.83703,33.72962],[-117.83652,33.72927],[-117.83602,33.72892],[-117.83551,33.72857],[-117.83501,33.72822],[-117.8345,33.72787],[-117.834,33.72751],[-117.83349,33.72716],[-117.83299,33.72681],[-117.83248,33.72646],[-117.83197,33.72611],[-117.83147,33.72576],[-117.83096,33.72541],[-117.83046,33.72505],[-117.82995,33.7247],[-117.82945,33.72435],[-117.82894,33.724],[-117.82844,33.72365],[-117.82793,33.7233],[-117.82743,33.72294],[-117.82692,33.72259],[-117.82641,33.72224],[-117.82591,33.72189],[-117.8254,33.72154],[-117.8249,33.72119],[-117.82439,33.72083],[-117.82389,33.72048],[-117.82338,33.72013],[-117.82288,33.71978],[-117.82237,33.71943],[-117.82187,33.71907],[-117.82136,33.71872],[-117.82085,33.71837],[-117.82035,33.71802],[-117.81985,33.71767],[-117.81934,33.71732],[-117.81883,33.71697],[-117.81833,33.71661],[-117.81782,33.71626],[-117.81732,33.71591],[-117.81681,33.71556],[-117.81631,33.71521],[-117.8158,33.71486],[-117.8153,33.7145],[-117.81479,33.71415],[-117.81429,33.7138],[-117.81378,33.71345],[-117.81328,33.7131],[-117.81277,33.71274],[-117.81227,33.71239],[-117.81176,33.71204],[-117.81126,33.71169],[-117.81075,33.71134],[-117.81024,33.71099],[-117.80974,33.71063],[-117.80924,33.71028],[-117.80873,33.70993],[-117.80822,33.70958],[-117.80772,33.70923],[-117.80721,33.70887],[-117.80671,33.70852],[-117.8062,33.70817],[-117.8057,33.70782],[-117.80519,33.70747],[-117.80469,33.70712],[-117.80418,33.70676],[-117.80368,33.70641],[-117.80317,33.70606],[-117.80267,33.70571],[-117.80216,33.70536],[-117.80166,33.705],[-117.80115,33.70465],[-117.80065,33.7043],[-117.80014,33.70395],[-117.79964,33.7036],[-117.79913,33.70325],[-117.79863,33.70289],[-117.79812,33.70254],[-117.79762,33.70219],[-117.79711,33.70184],[-117.79661,33.70149],[-117.7961,33.70114],[-117.7956,33.70078],[-117.79509,33.70043],[-117.79459,33.70008],[-117.79408,33.69973],[-117.79358,33.69938],[-117.79307,33.69902],[-117.79257,33.69867],[-117.79206,33.69832],[-117.79156,33.69797],[-117.79105,33.69762],[-117.79054,33.69727],[-117.79004,33.69691],[-117.78954,33.69656],[-117.78903,33.69621],[-117.78853,33.69586],[-117.78802,33.6955],[-117.78751,33.69515],[-117.78701,33.6948],[-117.78651,33.69445],[-117.786,33.6941],[-117.78549,33.69375],[-117.78499,33.69339],[-117.78449,33.69304],[-117.78398,33.69269],[-117.78347,33.69234],[-117.78297,33.69199],[-117.78247,33.69163],[-117.78196,33.69128],[-117.78145,33.69093],[-117.78095,33.69058],[-117.78045,33.69023],[-117.77994,33.68988],[-117.77944,33.68952],[-117.77893,33.68917],[-117.77842,33.68882],[-117.77792,33.68847],[-117.77742,33.68812],[-117.77691,33.68776],[-117.77641,33.68741],[-117.7759,33.68706],[-117.7754,33.68671],[-117.77489,33.68636],[-117.77439,33.68601],[-117.77388,33.68565],[-117.77338,33.6853],[-117.77287,33.68495],[-117.77237,33.6846],[-117.77186,33.68424],[-117.77136,33.68389],[-117.77085,33.68354],[-117.77035,33.68319],[-117.76984,33.68284],[-117.76934,33.68249],[-117.76883,33.68213],[-117.76833,33.68178],[-117.76782,33.68143],[-117.76732,33.68108],[-117.76681,33.68073],[-117.76631,33.68037],[-117.7658,33.68002],[-117.7653,33.67967],[-117.76479,33.67932],[-117.76429,33.67897],[-117.76378,33.67861],[-117.76328,33.67826],[-117.76277,33.67791],[-117.76227,33.67756],[-117.76176,33.67721],[-117.76126,33.67685],[-117.76076,33.6765],[-117.76025,33.67615],[-117.75974,33.6758],[-117.75924,33.67545],[-117.75874,33.67509],[-117.75823,33.67474],[-117.75773,33.67439],[-117.75722,33.67404],[-117.75672,33.67369],[-117.75621,33.67334],[-117.75571,33.67298],[-117.7552,33.67263],[-117.7547,33.67228],[-117.75419,33.67193],[-117.75369,33.67157],[-117.75318,33.67122],[-117.75268,33.67087],[-117.75217,33.67052],[-117.75167,33.67017],[-117.75116,33.66981],[-117.75066,33.66946],[-117.75016,33.66911],[-117.74965,33.66876],[-117.74914,33.66841],[-117.74864,33.66806],[-117.74814,33.6677],[-117.74763,33.66735],[-117.74713,33.667],[-117.74662,33.66665],[-117.74612,33.66629],[-117.74561,33.66594],[-117.74511,33.66559],[-117.7446,33.66524],[-117.7441,33.66489],[-117.74359,33.66453],[-117.74309,33.66418],[-117.74259,33.66383],[-117.74208,33.66348],[-117.74157,33.66313],[-117.74107,33.66277],[-117.74057,33.66242],[-117.74006,33.66207],[-117.73956,33.66172],[-117.73905,33.66137],[-117.73855,33.66101],[-117.73804,33.66066],[-117.73754,33.66031],[-117.73703,33.65996],[-117.73653,33.6596],[-117.73602,33.65925],[-117.73552,33.6589],[-117.73502,33.65855],[-117.73451,33.6582],[-117.73401,33.65785],[-117.7335,33.65749],[-117.733,33.65714],[-117.73249,33.65679],[-117.73199,33.65644],[-117.73148,33.65608],[-117.73098,33.65573],[-117.73047,33.65538],[-117.72997,33.65503],[-117.72947,33.65468],[-117.72896,33.65432],[-117.72846,33.65397],[-117.72795,33.65362],[-117.72745,33.65327],[-117.72694,33.65292],[-117.72644,33.65256],[-117.72593,33.65221],[-117.72543,33.65186],[-117.72492,33.65151],[-117.72442,33.65115],[-117.72392,33.6508],[-117.72341,33.65045],[-117.72291,33.6501],[-117.7224,33.64975],[-117.7219,33.64939],[-117.72139,33.64904],[-117.72089,33.64869],[-117.72038,33.64834],[-117.71988,33.64798],[-117.71938,33.64763],[-117.71887,33.64728],[-117.71837,33.64693],[-117.71786,33.64658],[-117.71736,33.64622],[-117.71685,33.64587],[-117.71635,33.64552],[-117.71585,33.64517],[-117.71534,33.64482],[-117.71484,33.64446],[-117.71433,33.64411],[-117.71383,33.64376],[-117.71332,33.64341],[-117.71282,33.64305],[-117.71232,33.6427],[-117.71181,33.64235],[-117.71131,33.642],[-117.7108,33.64165],[-117.7103,33.64129],[-117.70979,33.64094],[-117.70929,33.64059],[-117.70878,33.64024],[-117.70828,33.63988],[-117.70779,33.63952],[-117.7073,33.63915],[-117.70682,33.63877],[-117.70635,33.63839],[-117.70589,33.638],[-117.70544,33.6376],[-117.705,33.63719],[-117.70457,33.63678],[-117.70414,33.63636],[-117.7037,33.63595],[-117.70327,33.63553],[-117.70284,33.63512],[-117.70241,33.63471],[-117.70198,33.63429],[-117.70155,33.63388],[-117.70112,33.63346],[-117.70069,33.63305],[-117.70025,33.63263],[-117.69982,33.63222],[-117.69939,33.6318],[-117.69896,33.63139],[-117.69853,33.63097],[-117.6981,33.63056],[-117.69767,33.63015],[-117.69724,33.62973],[-117.6968,33.62932],[-117.69637,33.6289],[-117.69594,33.62849],[-117.69551,33.62807],[-117.69508,33.62766],[-117.69465,33.62724],[-117.69422,33.62683],[-117.69378,33.62642],[-117.69335,33.626],[-117.6929,33.6256],[-117.69246,33.6252],[-117.69201,33.62479],[-117.69156,33.62439],[-117.69111,33.62399],[-117.69067,33.62359],[-117.69022,33.62319],[-117.68977,33.62278],[-117.68932,33.62238],[-117.68887,33.62198],[-117.68843,33.62158],[-117.68798,33.62118],[-117.68753,33.62078],[-117.68708,33.62037],[-117.68663,33.61997],[-117.68619,33.61957],[-117.68574,33.61917],[-117.6853,33.61876],[-117.68488,33.61834],[-117.68447,33.6179],[-117.68408,33.61746],[-117.68372,33.61701],[-117.68336,33.61654],[-117.68303,33.61607],[-117.68272,33.61559],[-117.6824,33.6151],[-117.68209,33.61462],[-117.68178,33.61414],[-117.68147,33.61365],[-117.68116,33.61317],[-117.68084,33.61268],[-117.68053,33.6122],[-117.68022,33.61172],[-117.67991,33.61123],[-117.6796,33.61075],[-117.67928,33.61027],[-117.67897,33.60978],[-117.67866,33.6093],[-117.67835,33.60881],[-117.67804,33.60833],[-117.67773,33.60785],[-117.67741,33.60736],[-117.6771,33.60688],[-117.6768,33.60639],[-117.67651,33.6059],[-117.67624,33.6054],[-117.67599,33.60489],[-117.67577,33.60437],[-117.67556,33.60385],[-117.67538,33.60332],[-117.67522,33.60279],[-117.67508,33.60225],[-117.67496,33.60171],[-117.67487,33.60117],[-117.6748,33.60062],[-117.67475,33.60007],[-117.6747,33.59953],[-117.67467,33.59898],[-117.67463,33.59843],[-117.67459,33.59788],[-117.67455,33.59733],[-117.67452,33.59678],[-117.67448,33.59624],[-117.67444,33.59569],[-117.6744,33.59514],[-117.67437,33.59459],[-117.67433,33.59404],[-117.67429,33.59349],[-117.67426,33.59294],[-117.67422,33.59239],[-117.67419,33.59184],[-117.67416,33.5913],[-117.67413,33.59075],[-117.67409,33.5902],[-117.67406,33.58965],[-117.67402,33.5891],[-117.67398,33.58855],[-117.67394,33.588],[-117.67391,33.58745],[-117.67387,33.58691],[-117.67383,33.58636],[-117.67379,33.58581],[-117.67376,33.58526],[-117.67372,33.58471],[-117.67368,33.58416],[-117.67364,33.58362],[-117.6736,33.58307],[-117.67355,33.58252],[-117.67351,33.58197],[-117.67347,33.58142],[-117.67343,33.58087],[-117.67339,33.58032],[-117.67336,33.57978],[-117.67332,33.57923],[-117.67329,33.57868],[-117.67327,33.57813],[-117.67327,33.57758],[-117.67329,33.57703],[-117.67333,33.57648],[-117.67338,33.57593],[-117.67342,33.57538],[-117.67347,33.57484],[-117.67352,33.57429],[-117.67357,33.57374],[-117.67362,33.57319],[-117.67366,33.57265],[-117.67371,33.5721],[-117.67376,33.57155],[-117.67381,33.571],[-117.67385,33.57045],[-117.6739,33.5699],[-117.67394,33.56936],[-117.67398,33.56881],[-117.67401,33.56826],[-117.67405,33.56771],[-117.67409,33.56716],[-117.67412,33.56661],[-117.67416,33.56606],[-117.67419,33.56551],[-117.67423,33.56497],[-117.67427,33.56442],[-117.6743,33.56387],[-117.67434,33.56332],[-117.67438,33.56277],[-117.67441,33.56222],[-117.67445,33.56167],[-117.67449,33.56113],[-117.67453,33.56058],[-117.67457,33.56003],[-117.67461,33.55948],[-117.67464,33.55893],[-117.67464,33.55838],[-117.67461,33.55783],[-117.67457,33.55728],[-117.67451,33.55674],[-117.67446,33.55619],[-117.67441,33.55564],[-117.67435,33.55509],[-117.6743,33.55455],[-117.67426,33.554],[-117.67422,33.55345],[-117.6742,33.5529],[-117.67419,33.55235],[-117.67419,33.5518],[-117.67419,33.55125],[-117.67421,33.5507],[-117.67423,33.55015],[-117.67424,33.5496],[-117.67426,33.54905],[-117.67428,33.5485],[-117.67431,33.54796],[-117.67436,33.54741],[-117.67439,33.54686],[-117.67441,33.54631],[-117.67443,33.54576],[-117.67446,33.54521],[-117.6745,33.54466],[-117.67455,33.54411],[-117.6746,33.54357],[-117.67468,33.54302],[-117.67476,33.54248],[-117.67485,33.54193],[-117.67493,33.54139],[-117.67501,33.54084],[-117.6751,33.5403],[-117.67518,33.53975],[-117.67526,33.53921],[-117.67535,33.53866],[-117.67543,33.53811],[-117.67552,33.53757],[-117.6756,33.53702],[-117.67566,33.53648],[-117.67571,33.53593],[-117.67574,33.53538],[-117.67574,33.53483],[-117.67572,33.53428],[-117.67568,33.53373],[-117.67562,33.53319],[-117.67553,33.53264],[-117.67542,33.5321],[-117.67529,33.53156],[-117.67513,33.53103],[-117.67496,33.5305],[-117.67478,33.52997],[-117.6746,33.52944],[-117.67442,33.52891],[-117.67424,33.52839],[-117.67405,33.52786],[-117.67387,33.52733],[-117.67369,33.5268],[-117.67351,33.52627],[-117.67333,33.52575],[-117.67314,33.52522],[-117.67296,33.52469],[-117.67278,33.52416],[-117.6726,33.52363],[-117.67241,33.52311],[-117.67223,33.52258],[-117.67205,33.52205],[-117.67187,33.52152],[-117.67168,33.52099],[-117.67149,33.52047],[-117.67128,33.51995],[-117.67107,33.51943],[-117.67085,33.51891],[-117.67063,33.51839],[-117.67041,33.51787],[-117.67019,33.51736],[-117.66998,33.51684],[-117.66976,33.51632],[-117.66954,33.5158],[-117.66932,33.51528],[-117.6691,33.51477],[-117.66888,33.51425],[-117.66867,33.51373],[-117.66845,33.51321],[-117.66823,33.51269],[-117.66801,33.51217],[-117.66779,33.51166],[-117.66757,33.51114],[-117.66735,33.51062],[-117.66714,33.5101],[-117.66692,33.50959],[-117.6667,33.50907],[-117.66648,33.50855],[-117.66626,33.50803],[-117.66604,33.50751],[-117.66582,33.50699],[-117.6656,33.50648],[-117.66539,33.50596],[-117.66517,33.50544],[-117.66495,33.50492],[-117.66473,33.5044],[-117.66454,33.50388],[-117.66438,33.50334],[-117.66428,33.5028],[-117.6642,33.50226],[-117.66413,33.50171],[-117.66406,33.50116],[-117.66398,33.50062],[-117.66392,33.50007],[-117.6639,33.49952],[-117.66392,33.49897],[-117.66395,33.49842],[-117.66397,33.49787],[-117.66399,33.49732],[-117.66402,33.49678],[-117.66404,33.49623],[-117.66406,33.49568],[-117.66409,33.49513],[-117.66411,33.49458],[-117.66414,33.49403],[-117.66416,33.49348],[-117.66418,33.49293],[-117.66421,33.49238],[-117.66423,33.49183],[-117.66425,33.49128],[-117.6643,33.49074],[-117.66442,33.4902],[-117.66463,33.48967],[-117.66485,33.48916],[-117.66508,33.48864],[-117.6653,33.48813],[-117.66554,33.48761],[-117.66585,33.48713],[-117.66628,33.48672],[-117.66681,33.4864],[-117.66741,33.48617],[-117.66802,33.48597],[-117.66862,33.48575],[-117.66919,33.48548],[-117.6697,33.48514],[-117.67017,33.48475],[-117.6706,33.48434],[-117.67099,33.4839],[-117.67135,33.48344],[-117.67171,33.48298],[-117.67206,33.48251],[-117.67241,33.48205],[-117.67277,33.48159],[-117.67312,33.48112],[-117.67347,33.48066],[-117.67382,33.4802],[-117.67418,33.47973],[-117.67452,33.47927],[-117.67487,33.4788],[-117.67522,33.47834],[-117.67557,33.47787],[-117.67592,33.47741],[-117.67627,33.47694],[-117.67659,33.47646],[-117.67687,33.47597],[-117.67711,33.47546],[-117.67731,33.47493],[-117.67749,33.4744],[-117.67767,33.47388],[-117.67785,33.47335],[-117.67803,33.47282],[-117.67821,33.47229],[-117.67839,33.47176],[-117.67857,33.47124],[-117.67875,33.47071],[-117.67893,33.47018],[-117.67912,33.46965],[-117.6793,33.46912],[-117.67948,33.46859],[-117.67966,33.46807],[-117.67984,33.46754],[-117.68002,33.46701],[-117.6802,33.46648],[-117.68038,33.46595],[-117.68055,33.46542],[-117.68065,33.46488],[-117.68063,33.46433],[-117.6805,33.46379],[-117.68026,33.46328],[-117.67991,33.46281],[-117.67948,33.4624],[-117.67898,33.46205],[-117.67845,33.46173],[-117.67791,33.46141],[-117.67738,33.46108],[-117.67685,33.46076],[-117.67632,33.46044],[-117.67579,33.46012],[-117.67526,33.45979],[-117.67473,33.45947],[-117.6742,33.45915],[-117.67367,33.45883],[-117.67314,33.45851],[-117.67261,33.45818],[-117.67208,33.45786],[-117.67154,33.45754],[-117.67101,33.45721],[-117.67048,33.45689],[-117.66995,33.45657],[-117.66942,33.45625],[-117.66889,33.45592],[-117.66836,33.4556],[-117.66783,33.45528],[-117.6673,33.45496],[-117.66677,33.45463],[-117.66624,33.45431],[-117.66571,33.45399],[-117.66517,33.45367],[-117.66463,33.45336],[-117.66407,33.45307],[-117.6635,33.4528],[-117.66293,33.45253],[-117.66235,33.45227],[-117.66178,33.45201],[-117.6612,33.45175],[-117.66062,33.45149],[-117.66005,33.45123],[-117.65947,33.45096],[-117.6589,33.45069],[-117.65834,33.45041],[-117.65778,33.45012],[-117.65723,33.44982],[-117.65669,33.44951],[-117.65615,33.4492],[-117.65562,33.44887],[-117.65511,33.44854],[-117.65459,33.44819],[-117.65409,33.44784],[-117.6536,33.44748],[-117.65311,33.44711],[-117.65263,33.44673],[-117.65216,33.44635],[-117.6517,33.44596],[-117.65124,33.44557],[-117.65078,33.44518],[-117.65032,33.44479],[-117.64986,33.4444],[-117.64939,33.44401],[-117.64893,33.44362],[-117.64845,33.44325],[-117.64795,33.44289],[-117.64744,33.44254],[-117.64692,33.44221],[-117.64639,33.44189],[-117.64586,33.44157],[-117.64533,33.44125],[-117.64479,33.44093],[-117.64426,33.4406],[-117.64373,33.44029],[-117.6432,33.43996],[-117.64267,33.43963],[-117.64216,33.43929],[-117.64167,33.43893],[-117.64118,33.43856],[-117.64071,33.43818],[-117.64023,33.4378],[-117.63976,33.43742],[-117.63929,33.43704],[-117.63881,33.43666],[-117.63833,33.43628],[-117.63786,33.43591],[-117.63739,33.43553],[-117.63691,33.43515],[-117.63644,33.43477],[-117.63596,33.43439],[-117.63549,33.43401],[-117.63501,33.43363],[-117.63454,33.43325],[-117.63406,33.43288],[-117.63359,33.4325],[-117.63311,33.43212],[-117.63264,33.43174],[-117.63216,33.43136],[-117.6317,33.43097],[-117.63125,33.43057],[-117.63083,33.43015],[-117.63042,33.42972],[-117.63004,33.42927],[-117.62968,33.42882],[-117.62931,33.42836],[-117.62894,33.42791],[-117.62858,33.42745],[-117.62821,33.42699],[-117.62784,33.42654],[-117.62746,33.42609],[-117.62704,33.42567],[-117.6266,33.42527],[-117.62612,33.42489],[-117.62563,33.42453],[-117.62512,33.42418],[-117.62461,33.42383],[-117.6241,33.42349],[-117.62359,33.42314],[-117.62309,33.4228],[-117.62259,33.42244],[-117.62211,33.42206],[-117.62166,33.42166],[-117.62123,33.42125],[-117.62083,33.42081],[-117.62045,33.42036],[-117.62009,33.41991],[-117.61973,33.41945],[-117.61937,33.41899],[-117.61901,33.41853],[-117.61864,33.41807],[-117.61828,33.41761],[-117.61792,33.41716],[-117.61754,33.41671],[-117.61715,33.41627],[-117.61674,33.41584],[-117.61631,33.41542],[-117.61587,33.41501],[-117.61544,33.41461],[-117.615,33.41419],[-117.61456,33.41378],[-117.61413,33.41337],[-117.61369,33.41296],[-117.61325,33.41255],[-117.61282,33.41214],[-117.61239,33.41173],[-117.61197,33.4113],[-117.61157,33.41087],[-117.61117,33.41043],[-117.61079,33.40999],[-117.6104,33.40955],[-117.61001,33.40911],[-117.60962,33.40866],[-117.60923,33.40822],[-117.60885,33.40778],[-117.60846,33.40733],[-117.60807,33.40689],[-117.60768,33.40645],[-117.6073,33.406],[-117.60692,33.40555],[-117.60655,33.4051],[-117.60618,33.40465],[-117.60582,33.40419],[-117.60545,33.40374],[-117.60508,33.40328],[-117.60471,33.40283],[-117.60434,33.40237],[-117.60397,33.40192],[-117.6036,33.40147],[-117.60323,33.40101],[-117.60286,33.40056],[-117.6025,33.4001],[-117.60213,33.39965],[-117.60176,33.39919],[-117.60141,33.39873],[-117.60108,33.39825],[-117.60077,33.39777],[-117.60047,33.39728],[-117.60019,33.39679],[-117.59993,33.39628],[-117.59969,33.39577],[-117.59946,33.39525],[-117.59925,33.39473],[-117.59905,33.39421],[-117.59884,33.39369],[-117.59864,33.39317],[-117.59843,33.39265],[-117.59823,33.39213],[-117.59802,33.3916],[-117.59781,33.39108],[-117.5976,33.39056],[-117.59736,33.39005],[-117.59708,33.38955],[-117.59677,33.38907],[-117.59641,33.38861],[-117.59602,33.38817],[-117.59559,33.38776],[-117.59513,33.38737],[-117.59463,33.38701],[-117.59411,33.38668],[-117.59356,33.38638],[-117.59299,33.38611],[-117.5924,33.38586],[-117.59181,33.38563],[-117.59121,33.3854],[-117.59062,33.38517],[-117.59002,33.38494],[-117.58943,33.38471],[-117.58884,33.38448],[-117.58824,33.38425],[-117.58765,33.38402],[-117.58705,33.38379],[-117.58646,33.38356],[-117.58586,33.38332],[-117.58527,33.38309],[-117.58467,33.38286],[-117.58408,33.38263],[-117.58348,33.3824],[-117.58289,33.38217],[-117.58229,33.38195],[-117.58168,33.38175],[-117.58105,33.38159],[-117.58041,33.38148],[-117.57976,33.3814],[-117.57911,33.38136],[-117.57846,33.38134],[-117.5778,33.38132],[-117.57715,33.3813],[-117.57649,33.38127],[-117.57584,33.38124],[-117.57519,33.38119],[-117.57454,33.38109],[-117.57391,33.38096],[-117.57328,33.38079],[-117.57268,33.38058],[-117.57209,33.38034],[-117.57152,33.38007],[-117.57097,33.37977],[-117.57042,33.37948],[-117.56987,33.37918],[-117.56932,33.37888],[-117.56877,33.37858],[-117.56822,33.37828],[-117.56767,33.37798],[-117.56712,33.37768],[-117.56657,33.37738],[-117.56602,33.37709],[-117.56547,33.37679],[-117.56492,33.37649],[-117.56437,33.37619],[-117.56382,33.37589],[-117.56328,33.37559],[-117.56273,33.37528],[-117.56218,33.37498],[-117.56163,33.37468],[-117.56109,33.37438],[-117.56054,33.37408],[-117.55999,33.37378],[-117.55944,33.37348],[-117.55889,33.37318],[-117.55834,33.37288],[-117.55779,33.37258],[-117.55724,33.37228],[-117.5567,33.37198],[-117.55615,33.37168],[-117.5556,33.37138],[-117.55504,33.37109],[-117.55449,33.3708],[-117.55393,33.37051],[-117.55338,33.37022],[-117.55282,33.36993],[-117.55227,33.36964],[-117.55171,33.36934],[-117.55116,33.36905],[-117.55061,33.36875],[-117.55006,33.36845],[-117.54951,33.36815],[-117.54897,33.36784],[-117.54844,33.36752],[-117.54791,33.36719],[-117.54739,33.36686],[-117.54687,33.36652],[-117.54636,33.36618],[-117.54585,33.36583],[-117.54535,33.36548],[-117.54485,33.36512],[-117.54435,33.36477],[-117.54385,33.36441],[-117.54335,33.36406],[-117.54284,33.36371],[-117.54234,33.36337],[-117.54183,33.36302],[-117.54132,33.36267],[-117.54081,33.36233],[-117.5403,33.36198],[-117.53979,33.36164],[-117.53927,33.3613],[-117.53876,33.36096],[-117.53825,33.36062],[-117.53774,33.36027],[-117.53723,33.35992],[-117.53672,33.35958],[-117.53621,33.35923],[-117.53571,33.35889],[-117.5352,33.35854],[-117.53469,33.35819],[-117.53418,33.35784],[-117.53368,33.3575],[-117.53317,33.35715],[-117.53266,33.3568],[-117.53215,33.35646],[-117.53164,33.35611],[-117.53114,33.35576],[-117.53063,33.35542],[-117.53012,33.35507],[-117.52961,33.35472],[-117.52911,33.35437],[-117.5286,33.35402],[-117.5281,33.35366],[-117.52763,33.35329],[-117.52716,33.3529],[-117.52671,33.35251],[-117.52626,33.35211],[-117.52581,33.35171],[-117.52537,33.3513],[-117.52493,33.3509],[-117.52447,33.3505],[-117.52402,33.35011],[-117.52355,33.34972],[-117.52306,33.34935],[-117.52256,33.349],[-117.52205,33.34866],[-117.52152,33.34834],[-117.52098,33.34803],[-117.52043,33.34772],[-117.51988,33.34743],[-117.51933,33.34713],[-117.51878,33.34684],[-117.51823,33.34654],[-117.51767,33.34624],[-117.51713,33.34594],[-117.51659,33.34562],[-117.51607,33.34529],[-117.51556,33.34494],[-117.51506,33.34459],[-117.51457,33.34423],[-117.51408,33.34387],[-117.51358,33.34351],[-117.51309,33.34315],[-117.51259,33.34279],[-117.5121,33.34243],[-117.5116,33.34207],[-117.51111,33.34171],[-117.51062,33.34135],[-117.51012,33.34099],[-117.50963,33.34063],[-117.50913,33.34027],[-117.50864,33.33991],[-117.50814,33.33954],[-117.50765,33.33918],[-117.50715,33.33882],[-117.50666,33.33846],[-117.50617,33.3381],[-117.50567,33.33774],[-117.50518,33.33738],[-117.50468,33.33702],[-117.50419,33.33666],[-117.50369,33.3363],[-117.5032,33.33594],[-117.5027,33.33558],[-117.50221,33.33522],[-117.50172,33.33486],[-117.50122,33.3345],[-117.50073,33.33414],[-117.50023,33.33378],[-117.49974,33.33342],[-117.49924,33.33306],[-117.49875,33.3327],[-117.49826,33.33234],[-117.49776,33.33198],[-117.49726,33.33162],[-117.49677,33.33126],[-117.49627,33.3309],[-117.49578,33.33054],[-117.49529,33.33018],[-117.49479,33.32982],[-117.4943,33.32946],[-117.49381,33.3291],[-117.49331,33.32874],[-117.49282,33.32838],[-117.49232,33.32802],[-117.49183,33.32766],[-117.49134,33.3273],[-117.49084,33.32694],[-117.49035,33.32657],[-117.48987,33.3262],[-117.48941,33.32581],[-117.48896,33.32541],[-117.48853,33.325],[-117.48812,33.32457],[-117.48772,33.32413],[-117.48734,33.32369],[-117.48696,33.32324],[-117.48659,33.32279],[-117.48621,33.32234],[-117.48584,33.32189],[-117.48546,33.32144],[-117.48509,33.32099],[-117.48471,33.32053],[-117.48434,33.32008],[-117.48397,33.31963],[-117.48359,33.31918],[-117.48322,33.31873],[-117.48285,33.31828],[-117.48247,33.31783],[-117.4821,33.31738],[-117.48173,33.31692],[-117.48135,33.31647],[-117.48097,33.31603],[-117.48058,33.31559],[-117.48015,33.31518],[-117.4797,33.31477],[-117.47925,33.31437],[-117.47879,33.31398],[-117.47834,33.31359],[-117.47788,33.31319],[-117.47742,33.3128],[-117.47696,33.31241],[-117.4765,33.31202],[-117.47604,33.31162],[-117.47559,33.31123],[-117.47513,33.31084],[-117.47467,33.31045],[-117.47421,33.31006],[-117.47375,33.30966],[-117.47329,33.30927],[-117.47284,33.30888],[-117.47238,33.30849],[-117.47192,33.3081],[-117.47146,33.3077],[-117.471,33.30731],[-117.47054,33.30692],[-117.47008,33.30653],[-117.46962,33.30614],[-117.46917,33.30575],[-117.46871,33.30535],[-117.46825,33.30496],[-117.46779,33.30457],[-117.46733,33.30418],[-117.46687,33.30379],[-117.46641,33.30339],[-117.46595,33.303],[-117.4655,33.30261],[-117.46504,33.30222],[-117.46458,33.30182],[-117.46415,33.30141],[-117.46372,33.301],[-117.46332,33.30056],[-117.46293,33.30012],[-117.46257,33.29966],[-117.46221,33.2992],[-117.46186,33.29874],[-117.46151,33.29827],[-117.46116,33.29781],[-117.46081,33.29735],[-117.46045,33.29688],[-117.4601,33.29642],[-117.45975,33.29596],[-117.4594,33.29549],[-117.45905,33.29503],[-117.4587,33.29456],[-117.45835,33.2941],[-117.458,33.29364],[-117.45764,33.29317],[-117.45729,33.29271],[-117.45694,33.29225],[-117.45659,33.29179],[-117.45623,33.29132],[-117.45588,33.29086],[-117.45552,33.2904],[-117.45517,33.28994],[-117.45481,33.28948],[-117.45446,33.28901],[-117.45411,33.28855],[-117.45376,33.28809],[-117.45341,33.28762],[-117.45306,33.28716],[-117.4527,33.2867],[-117.45235,33.28623],[-117.452,33.28577],[-117.45165,33.28531],[-117.4513,33.28484],[-117.45094,33.28438],[-117.45059,33.28392],[-117.45023,33.28346],[-117.44988,33.28299],[-117.44953,33.28253],[-117.44917,33.28207],[-117.44883,33.2816],[-117.44848,33.28114],[-117.44814,33.28067],[-117.4478,33.2802],[-117.44745,33.27974],[-117.44708,33.27928],[-117.4467,33.27884],[-117.44631,33.27839],[-117.44589,33.27798],[-117.44545,33.27757],[-117.445,33.27717],[-117.44454,33.27678],[-117.44405,33.27641],[-117.44357,33.27604],[-117.44307,33.27568],[-117.44258,33.27532],[-117.44209,33.27495],[-117.4416,33.27459],[-117.44111,33.27423],[-117.44062,33.27386],[-117.44013,33.2735],[-117.43963,33.27314],[-117.43914,33.27278],[-117.43865,33.27242],[-117.43816,33.27206],[-117.43766,33.2717],[-117.43717,33.27134],[-117.43669,33.27096],[-117.43622,33.27058],[-117.43578,33.27018],[-117.43536,33.26976],[-117.43494,33.26933],[-117.43455,33.26889],[-117.43418,33.26844],[-117.43381,33.26799],[-117.43344,33.26753],[-117.43307,33.26708],[-117.4327,33.26662],[-117.43233,33.26617],[-117.43196,33.26572],[-117.4316,33.26526],[-117.43124,33.2648],[-117.43088,33.26434],[-117.43052,33.26388],[-117.43016,33.26342],[-117.4298,33.26296],[-117.42944,33.2625],[-117.42908,33.26205],[-117.42872,33.26159],[-117.42836,33.26113],[-117.428,33.26067],[-117.42764,33.26021],[-117.42727,33.25976],[-117.42691,33.2593],[-117.42655,33.25884],[-117.42619,33.25838],[-117.42583,33.25793],[-117.42546,33.25747],[-117.4251,33.25701],[-117.42474,33.25655],[-117.42438,33.2561],[-117.42401,33.25564],[-117.42365,33.25518],[-117.42329,33.25472],[-117.42293,33.25426],[-117.42257,33.25381],[-117.4222,33.25335],[-117.42184,33.2529],[-117.42147,33.25244],[-117.4211,33.25198],[-117.42074,33.25153],[-117.42037,33.25107],[-117.42001,33.25062],[-117.41965,33.25016],[-117.41929,33.2497],[-117.41893,33.24924],[-117.41857,33.24878],[-117.41821,33.24832],[-117.41784,33.24787],[-117.41748,33.24741],[-117.41711,33.24696],[-117.41675,33.2465],[-117.41639,33.24604],[-117.41603,33.24558],[-117.41567,33.24512],[-117.41531,33.24466],[-117.41495,33.24421],[-117.41459,33.24375],[-117.41423,33.24329],[-117.41386,33.24283],[-117.4135,33.24238],[-117.41313,33.24192],[-117.41276,33.24147],[-117.41236,33.24104],[-117.41194,33.24061],[-117.41152,33.24019],[-117.41109,33.23978],[-117.41066,33.23936],[-117.41022,33.23895],[-117.40979,33.23855],[-117.40935,33.23814],[-117.40891,33.23773],[-117.40846,33.23733],[-117.40801,33.23693],[-117.40757,33.23653],[-117.40712,33.23613],[-117.40668,33.23572],[-117.40624,33.23531],[-117.4058,33.23491],[-117.40535,33.23451],[-117.4049,33.23412],[-117.40445,33.23371],[-117.40401,33.23331],[-117.40356,33.23291],[-117.40312,33.2325],[-117.40267,33.2321],[-117.40223,33.2317],[-117.40178,33.2313],[-117.40133,33.2309],[-117.40088,33.2305],[-117.40043,33.2301],[-117.39998,33.2297],[-117.39954,33.2293],[-117.39909,33.2289],[-117.39864,33.2285],[-117.39819,33.2281],[-117.39774,33.2277],[-117.3973,33.2273],[-117.39685,33.22689],[-117.39642,33.22649],[-117.39598,33.22608],[-117.39554,33.22567],[-117.39513,33.22524],[-117.39478,33.22478],[-117.39447,33.22429],[-117.3942,33.22379],[-117.39398,33.22328],[-117.3938,33.22275],[-117.39364,33.22221],[-117.39348,33.22168],[-117.39333,33.22115],[-117.39318,33.22061],[-117.39302,33.22008],[-117.39285,33.21955],[-117.39267,33.21902],[-117.39248,33.21849],[-117.39229,33.21797],[-117.39208,33.21745],[-117.39188,33.21693],[-117.39168,33.2164],[-117.39149,33.21588],[-117.39132,33.21535],[-117.39117,33.21481],[-117.39103,33.21428],[-117.3909,33.21374],[-117.39076,33.2132],[-117.39062,33.21266],[-117.39048,33.21213],[-117.39034,33.21159],[-117.3902,33.21105],[-117.39006,33.21052],[-117.38992,33.20998],[-117.38978,33.20944],[-117.38964,33.20891],[-117.3895,33.20837],[-117.38936,33.20783],[-117.38923,33.20729],[-117.3891,33.20676],[-117.38896,33.20622],[-117.38882,33.20568],[-117.38868,33.20515],[-117.38855,33.20461],[-117.38841,33.20407],[-117.38827,33.20353],[-117.38812,33.203],[-117.38797,33.20246],[-117.38775,33.20195],[-117.38747,33.20145],[-117.38713,33.20098],[-117.38675,33.20054],[-117.38637,33.20009],[-117.38599,33.19964],[-117.38562,33.19919],[-117.38524,33.19874],[-117.38486,33.19829],[-117.38449,33.19784],[-117.38412,33.19739],[-117.38375,33.19693],[-117.38338,33.19648],[-117.383,33.19604],[-117.38262,33.19559],[-117.38224,33.19514],[-117.38186,33.19469],[-117.38148,33.19424],[-117.38111,33.19379],[-117.38073,33.19335],[-117.38036,33.1929],[-117.37998,33.19244]]},"properties":{"routeId":"Orange County Line","name":"Orange County Line","shortName":"OC Line","color":"#FF8400","textColor":"#FFFFFF","system":"metrolink"}},{"type":"Feature","geometry":{"type":"LineString","coordinates":[[-117.3687,33.9772],[-117.36888,33.97697],[-117.36905,33.97674],[-117.36921,33.9765],[-117.36938,33.97626],[-117.36954,33.97602],[-117.3697,33.97578],[-117.36986,33.97554],[-117.37002,33.9753],[-117.37018,33.97506],[-117.37035,33.97482],[-117.37051,33.97458],[-117.37067,33.97434],[-117.37083,33.9741],[-117.37099,33.97386],[-117.37115,33.97362],[-117.37131,33.97339],[-117.37148,33.97315],[-117.37164,33.97291],[-117.37181,33.97267],[-117.37198,33.97244],[-117.37215,33.9722],[-117.37233,33.97197],[-117.37251,33.97174],[-117.3727,33.97151],[-117.37288,33.97129],[-117.37306,33.97105],[-117.37323,33.97082],[-117.37341,33.97059],[-117.37358,33.97036],[-117.37376,33.97012],[-117.37394,33.96989],[-117.3741,33.96965],[-117.37425,33.96941],[-117.37439,33.96916],[-117.37453,33.96891],[-117.37469,33.96867],[-117.37486,33.96844],[-117.37504,33.9682],[-117.37522,33.96798],[-117.37541,33.96775],[-117.3756,33.96753],[-117.3758,33.96731],[-117.376,33.96709],[-117.37621,33.96688],[-117.37641,33.96666],[-117.37661,33.96644],[-117.37682,33.96623],[-117.37704,33.96602],[-117.37726,33.96582],[-117.37749,33.96563],[-117.37773,33.96543],[-117.37798,33.96525],[-117.37824,33.96508],[-117.37849,33.96491],[-117.37875,33.96474],[-117.37902,33.96458],[-117.3793,33.96444],[-117.37958,33.96429],[-117.37986,33.96415],[-117.38014,33.964],[-117.38042,33.96385],[-117.3807,33.96371],[-117.38098,33.96356],[-117.38126,33.96342],[-117.38154,33.96328],[-117.38182,33.96313],[-117.3821,33.96298],[-117.38238,33.96283],[-117.38265,33.96267],[-117.38291,33.96251],[-117.38316,33.96233],[-117.3834,33.96214],[-117.38362,33.96194],[-117.38383,33.96173],[-117.38401,33.96149],[-117.38418,33.96126],[-117.38435,33.96102],[-117.38451,33.96079],[-117.38467,33.96055],[-117.38484,33.96031],[-117.38499,33.96007],[-117.38515,33.95982],[-117.38531,33.95958],[-117.38548,33.95935],[-117.38567,33.95912],[-117.38588,33.95891],[-117.38609,33.9587],[-117.38633,33.95851],[-117.38658,33.95833],[-117.38684,33.95816],[-117.38711,33.95801],[-117.3874,33.95788],[-117.38769,33.95775],[-117.388,33.95764],[-117.38831,33.95755],[-117.38862,33.95746],[-117.38894,33.9574],[-117.38927,33.95736],[-117.38959,33.95732],[-117.38992,33.95731],[-117.39025,33.95729],[-117.39058,33.95729],[-117.39091,33.95728],[-117.39124,33.95728],[-117.39157,33.95728],[-117.3919,33.95728],[-117.39223,33.95727],[-117.39256,33.95727],[-117.39289,33.95727],[-117.39322,33.95727],[-117.39355,33.95727],[-117.39388,33.95726],[-117.39421,33.95726],[-117.39454,33.95726],[-117.39487,33.95726],[-117.3952,33.95726],[-117.39553,33.95726],[-117.39586,33.95726],[-117.39619,33.95726],[-117.39652,33.95725],[-117.39685,33.95725],[-117.39718,33.95725],[-117.39751,33.95725],[-117.39784,33.95725],[-117.39817,33.95724],[-117.39849,33.95724],[-117.39883,33.95724],[-117.39915,33.95724],[-117.39948,33.95723],[-117.39981,33.95723],[-117.40014,33.95723],[-117.40047,33.95723],[-117.4008,33.95722],[-117.40113,33.95722],[-117.40146,33.95722],[-117.40179,33.95722],[-117.40212,33.95722],[-117.40245,33.95722],[-117.40278,33.95723],[-117.40311,33.95723],[-117.40344,33.95724],[-117.40377,33.95724],[-117.4041,33.95724],[-117.40443,33.95723],[-117.40476,33.95723],[-117.40509,33.95723],[-117.40542,33.95723],[-117.40575,33.95723],[-117.40608,33.95723],[-117.40641,33.95723],[-117.40674,33.95723],[-117.40707,33.95722],[-117.4074,33.95722],[-117.40773,33.95722],[-117.40806,33.95721],[-117.40839,33.95721],[-117.40872,33.95721],[-117.40905,33.95721],[-117.40938,33.95721],[-117.40971,33.9572],[-117.41004,33.9572],[-117.41037,33.9572],[-117.4107,33.9572],[-117.41102,33.95719],[-117.41136,33.95719],[-117.41169,33.95719],[-117.41201,33.95719],[-117.41234,33.95719],[-117.41267,33.95718],[-117.413,33.95718],[-117.41333,33.95718],[-117.41366,33.95718],[-117.41399,33.95717],[-117.41432,33.95717],[-117.41465,33.95717],[-117.41498,33.95717],[-117.41531,33.95717],[-117.41564,33.95717],[-117.41597,33.95716],[-117.4163,33.95716],[-117.41663,33.95716],[-117.41696,33.95716],[-117.41729,33.95716],[-117.41762,33.95715],[-117.41795,33.95715],[-117.41828,33.95715],[-117.41861,33.95715],[-117.41894,33.95714],[-117.41927,33.95714],[-117.4196,33.95714],[-117.41993,33.95714],[-117.42026,33.95716],[-117.42059,33.95718],[-117.42091,33.95722],[-117.42124,33.95727],[-117.42156,33.95734],[-117.42187,33.95742],[-117.42218,33.95751],[-117.42248,33.95762],[-117.42278,33.95774],[-117.42307,33.95788],[-117.42334,33.95803],[-117.42361,33.95819],[-117.42387,33.95836],[-117.42412,33.95854],[-117.42436,33.95873],[-117.42459,33.95892],[-117.42482,33.95911],[-117.42506,33.95931],[-117.42529,33.9595],[-117.42552,33.9597],[-117.42576,33.95989],[-117.42599,33.96009],[-117.42622,33.96028],[-117.42645,33.96048],[-117.42669,33.96067],[-117.42692,33.96087],[-117.42715,33.96106],[-117.42738,33.96126],[-117.42762,33.96145],[-117.42785,33.96165],[-117.42808,33.96184],[-117.42831,33.96204],[-117.42855,33.96223],[-117.42878,33.96242],[-117.42902,33.96262],[-117.42925,33.96281],[-117.42948,33.96301],[-117.42972,33.9632],[-117.42995,33.96339],[-117.43018,33.96359],[-117.43041,33.96379],[-117.43064,33.96398],[-117.43088,33.96417],[-117.43111,33.96437],[-117.43134,33.96457],[-117.43157,33.96476],[-117.43181,33.96496],[-117.43204,33.96515],[-117.43227,33.96534],[-117.43251,33.96554],[-117.43274,33.96573],[-117.43297,33.96593],[-117.43321,33.96612],[-117.43344,33.96631],[-117.43368,33.9665],[-117.43392,33.96669],[-117.43415,33.96689],[-117.43439,33.96708],[-117.43462,33.96728],[-117.43485,33.96747],[-117.43508,33.96767],[-117.4353,33.96787],[-117.43553,33.96807],[-117.43576,33.96827],[-117.436,33.96846],[-117.43623,33.96865],[-117.43646,33.96885],[-117.43669,33.96904],[-117.43693,33.96924],[-117.43716,33.96943],[-117.43741,33.96962],[-117.43764,33.96981],[-117.43788,33.97],[-117.43811,33.97019],[-117.43834,33.97039],[-117.43858,33.97058],[-117.43881,33.97077],[-117.43905,33.97097],[-117.43929,33.97115],[-117.43954,33.97133],[-117.4398,33.9715],[-117.44007,33.97166],[-117.44035,33.97181],[-117.44063,33.97195],[-117.44092,33.97207],[-117.44123,33.97219],[-117.44153,33.97229],[-117.44184,33.97239],[-117.44215,33.97247],[-117.44247,33.97254],[-117.44279,33.9726],[-117.44312,33.97265],[-117.44344,33.97269],[-117.44377,33.97272],[-117.4441,33.97273],[-117.44443,33.97273],[-117.44476,33.97272],[-117.44509,33.9727],[-117.44541,33.97265],[-117.44574,33.97261],[-117.44606,33.97255],[-117.44639,33.97249],[-117.44671,33.97243],[-117.44703,33.97237],[-117.44735,33.9723],[-117.44767,33.97224],[-117.44799,33.97218],[-117.44831,33.97212],[-117.44863,33.97206],[-117.44896,33.972],[-117.44928,33.97194],[-117.4496,33.97187],[-117.44992,33.97181],[-117.45024,33.97175],[-117.45056,33.97169],[-117.45088,33.97163],[-117.45121,33.97157],[-117.45153,33.97151],[-117.45185,33.97144],[-117.45217,33.97138],[-117.45249,33.97132],[-117.45281,33.97126],[-117.45314,33.9712],[-117.45346,33.97113],[-117.45378,33.97107],[-117.4541,33.97101],[-117.45442,33.97095],[-117.45474,33.97089],[-117.45506,33.97083],[-117.45539,33.97077],[-117.45571,33.9707],[-117.45603,33.97064],[-117.45635,33.97058],[-117.45667,33.97052],[-117.45699,33.97046],[-117.45731,33.97039],[-117.45763,33.97033],[-117.45795,33.97027],[-117.45828,33.97021],[-117.4586,33.97015],[-117.45892,33.97008],[-117.45924,33.97002],[-117.45956,33.96996],[-117.45988,33.9699],[-117.46021,33.96984],[-117.46053,33.96978],[-117.46085,33.96971],[-117.46117,33.96965],[-117.46149,33.96959],[-117.46181,33.96953],[-117.46213,33.96947],[-117.46245,33.96941],[-117.46278,33.96934],[-117.4631,33.96928],[-117.46342,33.96922],[-117.46374,33.96916],[-117.46406,33.9691],[-117.46438,33.96903],[-117.46471,33.96899],[-117.46503,33.96895],[-117.46536,33.96892],[-117.46569,33.9689],[-117.46602,33.9689],[-117.46635,33.9689],[-117.46668,33.96891],[-117.46701,33.96894],[-117.46734,33.96897],[-117.46766,33.96901],[-117.46798,33.96906],[-117.46831,33.96912],[-117.46863,33.96919],[-117.46894,33.96927],[-117.46926,33.96935],[-117.46957,33.96944],[-117.46988,33.96953],[-117.47018,33.96964],[-117.47048,33.96976],[-117.47077,33.96989],[-117.47105,33.97004],[-117.47133,33.97018],[-117.47159,33.97034],[-117.47186,33.97051],[-117.47212,33.97068],[-117.47237,33.97086],[-117.47261,33.97104],[-117.47286,33.97123],[-117.47308,33.97143],[-117.4733,33.97164],[-117.47351,33.97185],[-117.4737,33.97207],[-117.47389,33.9723],[-117.47407,33.97252],[-117.47424,33.97276],[-117.47441,33.973],[-117.47456,33.97324],[-117.47472,33.97348],[-117.47484,33.97373],[-117.47497,33.97399],[-117.47508,33.97425],[-117.47517,33.97451],[-117.47525,33.97478],[-117.47534,33.97504],[-117.47543,33.97531],[-117.47551,33.97557],[-117.4756,33.97584],[-117.47568,33.9761],[-117.47577,33.97637],[-117.47585,33.97664],[-117.47594,33.9769],[-117.47603,33.97716],[-117.47612,33.97743],[-117.47621,33.97769],[-117.4763,33.97796],[-117.47639,33.97822],[-117.47648,33.97849],[-117.47657,33.97875],[-117.47666,33.97902],[-117.47675,33.97928],[-117.47684,33.97955],[-117.47693,33.97981],[-117.47702,33.98007],[-117.47711,33.98034],[-117.4772,33.9806],[-117.47729,33.98087],[-117.47739,33.98113],[-117.47747,33.98139],[-117.47756,33.98166],[-117.47765,33.98192],[-117.47774,33.98219],[-117.47783,33.98245],[-117.47792,33.98272],[-117.47801,33.98298],[-117.4781,33.98324],[-117.47819,33.98351],[-117.47828,33.98377],[-117.47837,33.98404],[-117.47846,33.9843],[-117.47855,33.98457],[-117.47864,33.98483],[-117.47873,33.9851],[-117.47882,33.98536],[-117.47891,33.98562],[-117.479,33.98589],[-117.47909,33.98615],[-117.47918,33.98642],[-117.47927,33.98668],[-117.47936,33.98695],[-117.47945,33.98721],[-117.47954,33.98748],[-117.47963,33.98774],[-117.47972,33.98801],[-117.4798,33.98827],[-117.47989,33.98853],[-117.47998,33.9888],[-117.48007,33.98906],[-117.48016,33.98933],[-117.48025,33.98959],[-117.48034,33.98986],[-117.48043,33.99012],[-117.48052,33.99039],[-117.48061,33.99065],[-117.48071,33.99091],[-117.48081,33.99117],[-117.48091,33.99144],[-117.48102,33.99169],[-117.48113,33.99195],[-117.48125,33.99221],[-117.48137,33.99247],[-117.4815,33.99272],[-117.48163,33.99297],[-117.48177,33.99322],[-117.48192,33.99347],[-117.48207,33.99371],[-117.48222,33.99395],[-117.48238,33.99419],[-117.48254,33.99444],[-117.48271,33.99467],[-117.48289,33.9949],[-117.48306,33.99513],[-117.48325,33.99536],[-117.48344,33.99559],[-117.48363,33.99581],[-117.48383,33.99603],[-117.48403,33.99625],[-117.48423,33.99646],[-117.48445,33.99667],[-117.48467,33.99688],[-117.48488,33.99708],[-117.48511,33.99728],[-117.48534,33.99748],[-117.48557,33.99767],[-117.48582,33.99786],[-117.48606,33.99805],[-117.4863,33.99823],[-117.48655,33.99842],[-117.4868,33.99859],[-117.48706,33.99876],[-117.48731,33.99894],[-117.48758,33.9991],[-117.48785,33.99926],[-117.48812,33.99942],[-117.48839,33.99957],[-117.48867,33.99972],[-117.48895,33.99987],[-117.48923,34.00001],[-117.48951,34.00015],[-117.4898,34.00029],[-117.49008,34.00043],[-117.49037,34.00057],[-117.49066,34.0007],[-117.49094,34.00084],[-117.49123,34.00097],[-117.49152,34.0011],[-117.49181,34.00124],[-117.49209,34.00138],[-117.49238,34.00151],[-117.49266,34.00165],[-117.49295,34.00179],[-117.49323,34.00193],[-117.49352,34.00206],[-117.49381,34.0022],[-117.49409,34.00234],[-117.49438,34.00248],[-117.49466,34.00261],[-117.49495,34.00275],[-117.49523,34.00289],[-117.49552,34.00303],[-117.49581,34.00316],[-117.49609,34.0033],[-117.49638,34.00344],[-117.49666,34.00357],[-117.49695,34.00371],[-117.49724,34.00385],[-117.49752,34.00398],[-117.49781,34.00412],[-117.49809,34.00426],[-117.49838,34.0044],[-117.49867,34.00453],[-117.49895,34.00467],[-117.49924,34.00481],[-117.49952,34.00494],[-117.49981,34.00508],[-117.5001,34.00522],[-117.50038,34.00535],[-117.50067,34.00549],[-117.50096,34.00563],[-117.50124,34.00576],[-117.50153,34.0059],[-117.50181,34.00603],[-117.5021,34.00617],[-117.50239,34.00631],[-117.50268,34.00644],[-117.50297,34.00657],[-117.50325,34.0067],[-117.50354,34.00684],[-117.50383,34.00697],[-117.50412,34.0071],[-117.50441,34.00724],[-117.50469,34.00738],[-117.50498,34.00751],[-117.50527,34.00765],[-117.50555,34.00779],[-117.50584,34.00792],[-117.50612,34.00806],[-117.50641,34.0082],[-117.5067,34.00834],[-117.50698,34.00847],[-117.50727,34.00861],[-117.50755,34.00875],[-117.50784,34.00888],[-117.50813,34.00902],[-117.50841,34.00916],[-117.5087,34.00929],[-117.50898,34.00943],[-117.50927,34.00957],[-117.50956,34.0097],[-117.50984,34.00984],[-117.51013,34.00998],[-117.51042,34.01011],[-117.5107,34.01025],[-117.51099,34.01039],[-117.51127,34.01053],[-117.51156,34.01067],[-117.51184,34.01081],[-117.51213,34.01094],[-117.51241,34.01108],[-117.5127,34.01122],[-117.51299,34.01136],[-117.51327,34.01149],[-117.51356,34.01163],[-117.51384,34.01176],[-117.51413,34.0119],[-117.51441,34.01204],[-117.5147,34.01218],[-117.51498,34.01232],[-117.51527,34.01246],[-117.51555,34.0126],[-117.51584,34.01274],[-117.51612,34.01288],[-117.51641,34.01301],[-117.51669,34.01315],[-117.51698,34.01329],[-117.51727,34.01342],[-117.51756,34.01356],[-117.51784,34.01369],[-117.51813,34.01382],[-117.51842,34.01396],[-117.5187,34.0141],[-117.51898,34.01425],[-117.51925,34.0144],[-117.51953,34.01455],[-117.51982,34.01469],[-117.5201,34.01483],[-117.52038,34.01497],[-117.52066,34.01511],[-117.52095,34.01525],[-117.52124,34.01539],[-117.52152,34.01553],[-117.52181,34.01566],[-117.52209,34.0158],[-117.52238,34.01594],[-117.52266,34.01608],[-117.52295,34.01622],[-117.52323,34.01635],[-117.52352,34.01649],[-117.5238,34.01663],[-117.52409,34.01677],[-117.52438,34.01691],[-117.52466,34.01705],[-117.52495,34.01718],[-117.52523,34.01732],[-117.52551,34.01746],[-117.5258,34.0176],[-117.52608,34.01774],[-117.52637,34.01788],[-117.52666,34.01801],[-117.52694,34.01815],[-117.52723,34.01829],[-117.52751,34.01842],[-117.5278,34.01856],[-117.52809,34.0187],[-117.52837,34.01883],[-117.52866,34.01897],[-117.52894,34.01911],[-117.52923,34.01925],[-117.52952,34.01938],[-117.5298,34.01952],[-117.53009,34.01966],[-117.53037,34.0198],[-117.53066,34.01993],[-117.53095,34.02007],[-117.53123,34.0202],[-117.53152,34.02034],[-117.53181,34.02048],[-117.53209,34.02061],[-117.53238,34.02075],[-117.53266,34.02089],[-117.53295,34.02103],[-117.53324,34.02116],[-117.53352,34.0213],[-117.53381,34.02144],[-117.53409,34.02157],[-117.53438,34.02171],[-117.53467,34.02185],[-117.53495,34.02199],[-117.53524,34.02212],[-117.53552,34.02226],[-117.53581,34.0224],[-117.5361,34.02253],[-117.53638,34.02267],[-117.53667,34.02281],[-117.53695,34.02295],[-117.53724,34.02308],[-117.53753,34.02322],[-117.53781,34.02336],[-117.5381,34.02349],[-117.53838,34.02363],[-117.53867,34.02377],[-117.53896,34.02391],[-117.53924,34.02404],[-117.53953,34.02418],[-117.53981,34.02432],[-117.5401,34.02445],[-117.54039,34.02459],[-117.54067,34.02473],[-117.54096,34.02486],[-117.54124,34.025],[-117.54153,34.02514],[-117.54182,34.02528],[-117.5421,34.02541],[-117.54239,34.02555],[-117.54268,34.02569],[-117.54296,34.02582],[-117.54325,34.02596],[-117.54353,34.0261],[-117.54382,34.02623],[-117.54411,34.02637],[-117.54439,34.02651],[-117.54468,34.02664],[-117.54497,34.02678],[-117.54525,34.02692],[-117.54554,34.02705],[-117.54582,34.02719],[-117.54611,34.02733],[-117.5464,34.02746],[-117.54668,34.0276],[-117.54697,34.02774],[-117.54726,34.02788],[-117.54754,34.02801],[-117.54783,34.02815],[-117.54811,34.02828],[-117.5484,34.02842],[-117.54869,34.02856],[-117.54897,34.02869],[-117.54927,34.02882],[-117.54956,34.02895],[-117.54985,34.02908],[-117.55014,34.02921],[-117.55043,34.02935],[-117.55071,34.02948],[-117.551,34.02962],[-117.55128,34.02976],[-117.55157,34.02989],[-117.55186,34.03003],[-117.55214,34.03017],[-117.55243,34.0303],[-117.55271,34.03044],[-117.553,34.03058],[-117.55329,34.03072],[-117.55357,34.03085],[-117.55386,34.03099],[-117.55415,34.03113],[-117.55443,34.03126],[-117.55472,34.03139],[-117.55501,34.03152],[-117.55531,34.03165],[-117.5556,34.03178],[-117.5559,34.0319],[-117.5562,34.03201],[-117.5565,34.03212],[-117.5568,34.03222],[-117.55711,34.03233],[-117.55742,34.03243],[-117.55772,34.03253],[-117.55803,34.03264],[-117.55833,34.03274],[-117.55864,34.03284],[-117.55895,34.03294],[-117.55925,34.03305],[-117.55956,34.03315],[-117.55987,34.03325],[-117.56017,34.03335],[-117.56048,34.03345],[-117.56078,34.03356],[-117.56109,34.03366],[-117.5614,34.03376],[-117.5617,34.03386],[-117.56201,34.03397],[-117.56232,34.03407],[-117.56262,34.03417],[-117.56293,34.03427],[-117.56324,34.03437],[-117.56354,34.03448],[-117.56385,34.03458],[-117.56416,34.03468],[-117.56446,34.03478],[-117.56477,34.03488],[-117.56507,34.03499],[-117.56538,34.03509],[-117.56569,34.03519],[-117.566,34.03529],[-117.5663,34.03539],[-117.56661,34.0355],[-117.56691,34.0356],[-117.56722,34.0357],[-117.56753,34.0358],[-117.56783,34.0359],[-117.56814,34.03601],[-117.56844,34.03611],[-117.56875,34.03621],[-117.56906,34.03631],[-117.56936,34.03642],[-117.56967,34.03652],[-117.56998,34.03662],[-117.57028,34.03672],[-117.57059,34.03683],[-117.5709,34.03693],[-117.5712,34.03703],[-117.57151,34.03713],[-117.57182,34.03724],[-117.57212,34.03734],[-117.57243,34.03744],[-117.57273,34.03754],[-117.57304,34.03764],[-117.57335,34.03775],[-117.57365,34.03785],[-117.57396,34.03795],[-117.57427,34.03805],[-117.57457,34.03816],[-117.57488,34.03826],[-117.57518,34.03836],[-117.57549,34.03847],[-117.5758,34.03857],[-117.5761,34.03867],[-117.57641,34.03877],[-117.57671,34.03887],[-117.57702,34.03898],[-117.57733,34.03908],[-117.57763,34.03918],[-117.57794,34.03928],[-117.57825,34.03939],[-117.57855,34.03949],[-117.57886,34.03959],[-117.57917,34.03969],[-117.57947,34.03979],[-117.57978,34.0399],[-117.58008,34.04],[-117.58039,34.0401],[-117.5807,34.0402],[-117.58101,34.04031],[-117.58131,34.04041],[-117.58162,34.04051],[-117.58192,34.04061],[-117.58223,34.04071],[-117.58254,34.04082],[-117.58284,34.04092],[-117.58315,34.04102],[-117.58346,34.04112],[-117.58376,34.04122],[-117.58407,34.04133],[-117.58438,34.04143],[-117.58468,34.04153],[-117.58499,34.04163],[-117.5853,34.04173],[-117.5856,34.04183],[-117.58591,34.04194],[-117.58622,34.04204],[-117.58652,34.04214],[-117.58683,34.04224],[-117.58714,34.04234],[-117.58744,34.04245],[-117.58775,34.04255],[-117.58806,34.04265],[-117.58836,34.04275],[-117.58867,34.04285],[-117.58898,34.04296],[-117.58928,34.04306],[-117.58959,34.04316],[-117.58989,34.04326],[-117.5902,34.04337],[-117.59051,34.04347],[-117.59081,34.04357],[-117.59112,34.04367],[-117.59143,34.04378],[-117.59173,34.04388],[-117.59204,34.04398],[-117.59234,34.04408],[-117.59265,34.04419],[-117.59296,34.04429],[-117.59326,34.04439],[-117.59357,34.04449],[-117.59388,34.0446],[-117.59418,34.0447],[-117.59449,34.0448],[-117.5948,34.0449],[-117.5951,34.045],[-117.59541,34.04511],[-117.59571,34.04521],[-117.59602,34.04531],[-117.59633,34.04541],[-117.59663,34.04552],[-117.59694,34.04562],[-117.59725,34.04572],[-117.59755,34.04582],[-117.59786,34.04592],[-117.59816,34.04603],[-117.59847,34.04613],[-117.59878,34.04623],[-117.59908,34.04633],[-117.59939,34.04644],[-117.5997,34.04654],[-117.6,34.04664],[-117.60031,34.04674],[-117.60062,34.04684],[-117.60092,34.04695],[-117.60123,34.04705],[-117.60153,34.04715],[-117.60184,34.04725],[-117.60215,34.04736],[-117.60245,34.04746],[-117.60276,34.04756],[-117.60307,34.04766],[-117.60337,34.04777],[-117.60368,34.04787],[-117.60399,34.04797],[-117.60429,34.04807],[-117.6046,34.04818],[-117.60491,34.04828],[-117.60521,34.04838],[-117.60552,34.04848],[-117.60582,34.04858],[-117.60613,34.04868],[-117.60644,34.04879],[-117.60674,34.04889],[-117.60705,34.04899],[-117.60736,34.04909],[-117.60766,34.0492],[-117.60797,34.0493],[-117.60828,34.0494],[-117.60858,34.0495],[-117.60889,34.0496],[-117.6092,34.04971],[-117.6095,34.04981],[-117.60981,34.04991],[-117.61012,34.05001],[-117.61042,34.05011],[-117.61073,34.05022],[-117.61104,34.05032],[-117.61134,34.05042],[-117.61165,34.05052],[-117.61196,34.05062],[-117.61226,34.05072],[-117.61257,34.05083],[-117.61288,34.05093],[-117.61318,34.05103],[-117.61349,34.05113],[-117.61379,34.05124],[-117.6141,34.05134],[-117.61441,34.05144],[-117.61471,34.05154],[-117.61502,34.05165],[-117.61533,34.05175],[-117.61563,34.05185],[-117.61594,34.05195],[-117.61625,34.05205],[-117.61655,34.05215],[-117.61686,34.05226],[-117.61717,34.05236],[-117.61747,34.05246],[-117.61778,34.05256],[-117.61809,34.05266],[-117.61839,34.05277],[-117.6187,34.05287],[-117.61901,34.05297],[-117.61931,34.05307],[-117.61962,34.05318],[-117.61992,34.05328],[-117.62023,34.05338],[-117.62054,34.05348],[-117.62084,34.05358],[-117.62115,34.05369],[-117.62146,34.05379],[-117.62176,34.05389],[-117.62207,34.054],[-117.62237,34.0541],[-117.62268,34.0542],[-117.62299,34.0543],[-117.62329,34.05441],[-117.6236,34.05451],[-117.6239,34.05461],[-117.62421,34.05472],[-117.62452,34.05482],[-117.62482,34.05492],[-117.62513,34.05502],[-117.62544,34.05512],[-117.62574,34.05523],[-117.62605,34.05533],[-117.62636,34.05543],[-117.62666,34.05553],[-117.62697,34.05563],[-117.62728,34.05574],[-117.62758,34.05584],[-117.62789,34.05594],[-117.6282,34.05604],[-117.6285,34.05614],[-117.62881,34.05625],[-117.62911,34.05635],[-117.62942,34.05646],[-117.62972,34.05656],[-117.63003,34.05667],[-117.63034,34.05677],[-117.63064,34.05687],[-117.63095,34.05697],[-117.63126,34.05706],[-117.63157,34.05717],[-117.63187,34.05727],[-117.63218,34.05737],[-117.63249,34.05748],[-117.63279,34.05758],[-117.6331,34.05768],[-117.6334,34.05778],[-117.63371,34.05788],[-117.63402,34.05799],[-117.63433,34.05808],[-117.63463,34.05819],[-117.63494,34.05829],[-117.63524,34.05839],[-117.63555,34.0585],[-117.63586,34.0586],[-117.63616,34.0587],[-117.63647,34.05881],[-117.63678,34.05891],[-117.63708,34.059],[-117.63739,34.0591],[-117.6377,34.0592],[-117.63801,34.0593],[-117.63832,34.0594],[-117.63863,34.05949],[-117.63894,34.05959],[-117.63924,34.05969],[-117.63956,34.05977],[-117.63988,34.05984],[-117.6402,34.05991],[-117.64052,34.05998],[-117.64084,34.06003],[-117.64117,34.06008],[-117.64149,34.06013],[-117.64182,34.06016],[-117.64215,34.06019],[-117.64248,34.0602],[-117.64281,34.06022],[-117.64314,34.06023],[-117.64347,34.06023],[-117.6438,34.06023],[-117.64413,34.06023],[-117.64446,34.06022],[-117.64479,34.06022],[-117.64512,34.06022],[-117.64545,34.06022],[-117.64578,34.06022],[-117.64611,34.06021],[-117.64644,34.06021],[-117.64677,34.06021],[-117.6471,34.06021],[-117.64743,34.06021],[-117.64776,34.06021],[-117.64809,34.0602],[-117.64842,34.0602],[-117.64875,34.0602],[-117.64908,34.0602],[-117.64941,34.0602],[-117.64974,34.0602],[-117.65007,34.06019],[-117.6504,34.06019],[-117.65073,34.06019],[-117.65106,34.06019],[-117.65139,34.06019],[-117.65172,34.06018],[-117.65205,34.06018],[-117.65238,34.06018],[-117.65271,34.06018],[-117.65304,34.06018],[-117.65337,34.06018],[-117.6537,34.06017],[-117.65403,34.06017],[-117.65436,34.06017],[-117.65469,34.06017],[-117.65502,34.06016],[-117.65535,34.06016],[-117.65568,34.06016],[-117.65601,34.06016],[-117.65634,34.06016],[-117.65667,34.06016],[-117.657,34.06015],[-117.65733,34.06015],[-117.65766,34.06015],[-117.65799,34.06015],[-117.65832,34.06015],[-117.65865,34.06014],[-117.65898,34.06014],[-117.65931,34.06014],[-117.65964,34.06014],[-117.65997,34.06014],[-117.6603,34.06014],[-117.66063,34.06013],[-117.66097,34.06013],[-117.66129,34.06013],[-117.66163,34.06013],[-117.66196,34.06013],[-117.66228,34.06013],[-117.66262,34.06012],[-117.66295,34.06012],[-117.66328,34.06012],[-117.66361,34.06012],[-117.66394,34.06012],[-117.66427,34.06012],[-117.6646,34.06012],[-117.66493,34.06011],[-117.66526,34.06011],[-117.66559,34.06011],[-117.66592,34.06011],[-117.66625,34.06011],[-117.66658,34.06011],[-117.66691,34.0601],[-117.66724,34.0601],[-117.66757,34.0601],[-117.6679,34.0601],[-117.66823,34.0601],[-117.66856,34.0601],[-117.66889,34.06009],[-117.66922,34.06009],[-117.66955,34.06009],[-117.66988,34.06009],[-117.67021,34.06009],[-117.67054,34.06009],[-117.67087,34.06008],[-117.6712,34.06008],[-117.67153,34.06008],[-117.67186,34.06008],[-117.67219,34.06007],[-117.67252,34.06007],[-117.67285,34.06007],[-117.67318,34.06007],[-117.67351,34.06007],[-117.67384,34.06007],[-117.67417,34.06006],[-117.6745,34.06006],[-117.67483,34.06006],[-117.67516,34.06006],[-117.67549,34.06005],[-117.67582,34.06005],[-117.67615,34.06005],[-117.67648,34.06005],[-117.67681,34.06005],[-117.67714,34.06004],[-117.67747,34.06004],[-117.6778,34.06004],[-117.67813,34.06004],[-117.67846,34.06004],[-117.67879,34.06003],[-117.67912,34.06003],[-117.67945,34.06003],[-117.67978,34.06003],[-117.68011,34.06003],[-117.68044,34.06002],[-117.68077,34.06002],[-117.6811,34.06002],[-117.68143,34.06002],[-117.68176,34.06002],[-117.6821,34.06002],[-117.68242,34.06001],[-117.68276,34.06001],[-117.68309,34.06001],[-117.68341,34.06001],[-117.68375,34.06001],[-117.68408,34.06001],[-117.68441,34.06],[-117.68474,34.06],[-117.68507,34.06],[-117.6854,34.06],[-117.68573,34.06],[-117.68606,34.06],[-117.68639,34.06],[-117.68672,34.05999],[-117.68705,34.05999],[-117.68738,34.05999],[-117.68771,34.05999],[-117.68804,34.05998],[-117.68837,34.05998],[-117.6887,34.05998],[-117.68903,34.05998],[-117.68936,34.05998],[-117.68969,34.05998],[-117.69002,34.05997],[-117.69035,34.05997],[-117.69068,34.05997],[-117.69101,34.05997],[-117.69134,34.05997],[-117.69167,34.05996],[-117.692,34.05996],[-117.69233,34.05996],[-117.69266,34.05996],[-117.69299,34.05996],[-117.69332,34.05996],[-117.69365,34.05996],[-117.69398,34.05995],[-117.69431,34.05995],[-117.69464,34.05995],[-117.69497,34.05995],[-117.6953,34.05995],[-117.69563,34.05994],[-117.69596,34.05994],[-117.69629,34.05994],[-117.69662,34.05994],[-117.69695,34.05994],[-117.69728,34.05994],[-117.69761,34.05993],[-117.69794,34.05993],[-117.69827,34.05993],[-117.6986,34.05993],[-117.69893,34.05993],[-117.69926,34.05992],[-117.69959,34.05992],[-117.69992,34.05992],[-117.70025,34.05992],[-117.70058,34.05991],[-117.70091,34.05991],[-117.70124,34.05991],[-117.70157,34.05991],[-117.7019,34.05991],[-117.70223,34.0599],[-117.70256,34.0599],[-117.70289,34.0599],[-117.70322,34.0599],[-117.70355,34.0599],[-117.70388,34.05989],[-117.70422,34.05989],[-117.70454,34.05989],[-117.70488,34.05989],[-117.70521,34.05989],[-117.70553,34.05989],[-117.70587,34.05988],[-117.7062,34.05988],[-117.70653,34.05988],[-117.70686,34.05988],[-117.70719,34.05987],[-117.70752,34.05987],[-117.70785,34.05986],[-117.70818,34.05985],[-117.70851,34.05985],[-117.70884,34.05984],[-117.70917,34.05983],[-117.7095,34.05983],[-117.70983,34.05982],[-117.71016,34.05982],[-117.71049,34.05981],[-117.71082,34.0598],[-117.71115,34.0598],[-117.71148,34.05979],[-117.71181,34.05978],[-117.71214,34.05977],[-117.71247,34.05976],[-117.7128,34.05975],[-117.71313,34.05974],[-117.71346,34.05974],[-117.71379,34.05973],[-117.71412,34.05972],[-117.71445,34.05971],[-117.71478,34.0597],[-117.71511,34.05969],[-117.71544,34.05969],[-117.71577,34.05968],[-117.7161,34.05967],[-117.71643,34.05966],[-117.71676,34.05965],[-117.71709,34.05964],[-117.71742,34.05964],[-117.71775,34.05963],[-117.71808,34.05962],[-117.71841,34.05961],[-117.71874,34.0596],[-117.71907,34.05959],[-117.7194,34.05958],[-117.71973,34.05958],[-117.72006,34.05958],[-117.72039,34.05958],[-117.72072,34.05958],[-117.72105,34.05958],[-117.72138,34.05959],[-117.72171,34.05959],[-117.72204,34.05959],[-117.72237,34.05959],[-117.7227,34.05958],[-117.72303,34.05958],[-117.72336,34.05957],[-117.72369,34.05956],[-117.72402,34.05955],[-117.72435,34.05954],[-117.72468,34.05953],[-117.72501,34.05953],[-117.72534,34.05951],[-117.72567,34.0595],[-117.726,34.05949],[-117.72633,34.05947],[-117.72666,34.05945],[-117.72699,34.05943],[-117.72732,34.05942],[-117.72764,34.0594],[-117.72798,34.05939],[-117.7283,34.05937],[-117.72863,34.05936],[-117.72896,34.05935],[-117.72929,34.05934],[-117.72962,34.05933],[-117.72995,34.05932],[-117.73028,34.05931],[-117.73061,34.05931],[-117.73094,34.0593],[-117.73127,34.05929],[-117.7316,34.05928],[-117.73193,34.05927],[-117.73226,34.05926],[-117.73259,34.05926],[-117.73292,34.05925],[-117.73325,34.05924],[-117.73358,34.05923],[-117.73391,34.05923],[-117.73424,34.05922],[-117.73457,34.05921],[-117.7349,34.0592],[-117.73523,34.05919],[-117.73556,34.05918],[-117.73589,34.05918],[-117.73622,34.05917],[-117.73655,34.05916],[-117.73688,34.05915],[-117.73721,34.05914],[-117.73754,34.05913],[-117.73787,34.05912],[-117.7382,34.05911],[-117.73853,34.05911],[-117.73886,34.0591],[-117.73919,34.05909],[-117.73952,34.05908],[-117.73985,34.05907],[-117.74018,34.05907],[-117.74051,34.05906],[-117.74084,34.05905],[-117.74117,34.05904],[-117.7415,34.05903],[-117.74183,34.05903],[-117.74216,34.05902],[-117.74249,34.05901],[-117.74282,34.059],[-117.74315,34.05899],[-117.74348,34.05898],[-117.74381,34.05898],[-117.74414,34.05897],[-117.74447,34.05896],[-117.7448,34.05895],[-117.74513,34.05894],[-117.74546,34.05894],[-117.74579,34.05893],[-117.74612,34.05892],[-117.74645,34.05891],[-117.74678,34.0589],[-117.74711,34.05889],[-117.74744,34.05888],[-117.74777,34.05888],[-117.7481,34.05887],[-117.74843,34.05886],[-117.74876,34.05885],[-117.74909,34.05884],[-117.74942,34.05883],[-117.74975,34.05882],[-117.75008,34.05881],[-117.75041,34.0588],[-117.75074,34.0588],[-117.75107,34.05879],[-117.7514,34.05878],[-117.75173,34.05877],[-117.75206,34.05876],[-117.75239,34.05876],[-117.75272,34.05875],[-117.75305,34.05874],[-117.75338,34.05873],[-117.75371,34.05873],[-117.75404,34.05872],[-117.75437,34.05871],[-117.7547,34.05871],[-117.75503,34.0587],[-117.75536,34.05869],[-117.7557,34.05868],[-117.75602,34.05868],[-117.75635,34.05867],[-117.75669,34.05866],[-117.75701,34.05865],[-117.75735,34.05864],[-117.75768,34.05863],[-117.758,34.05863],[-117.75834,34.05862],[-117.75866,34.05861],[-117.75899,34.0586],[-117.75933,34.05859],[-117.75965,34.05858],[-117.75999,34.05858],[-117.76032,34.05857],[-117.76064,34.05856],[-117.76098,34.05855],[-117.7613,34.05854],[-117.76163,34.05853],[-117.76197,34.05853],[-117.76229,34.05852],[-117.76262,34.05851],[-117.76296,34.0585],[-117.76328,34.05849],[-117.76362,34.05848],[-117.76395,34.05848],[-117.76427,34.05847],[-117.76461,34.05846],[-117.76493,34.05845],[-117.76526,34.05844],[-117.7656,34.05844],[-117.76592,34.05843],[-117.76626,34.05842],[-117.76659,34.05841],[-117.76691,34.0584],[-117.76725,34.05839],[-117.76757,34.05839],[-117.7679,34.05838],[-117.76824,34.05837],[-117.76856,34.05836],[-117.7689,34.05835],[-117.76923,34.05834],[-117.76955,34.05834],[-117.76989,34.05833],[-117.77021,34.05832],[-117.77054,34.05831],[-117.77088,34.0583],[-117.7712,34.0583],[-117.77154,34.05829],[-117.77187,34.05828],[-117.77219,34.05827],[-117.77253,34.05826],[-117.77285,34.05824],[-117.77318,34.05823],[-117.77351,34.0582],[-117.77384,34.05817],[-117.77417,34.05814],[-117.7745,34.0581],[-117.77482,34.05806],[-117.77515,34.05802],[-117.77548,34.05799],[-117.7758,34.05795],[-117.77613,34.05792],[-117.77646,34.05788],[-117.77679,34.05784],[-117.77711,34.0578],[-117.77744,34.05776],[-117.77777,34.05772],[-117.77809,34.05768],[-117.77842,34.05764],[-117.77874,34.0576],[-117.77907,34.05756],[-117.7794,34.05752],[-117.77972,34.05748],[-117.78005,34.05744],[-117.78038,34.0574],[-117.7807,34.05736],[-117.78103,34.05732],[-117.78136,34.05727],[-117.78168,34.05723],[-117.78201,34.05719],[-117.78234,34.05715],[-117.78266,34.05711],[-117.78299,34.05707],[-117.78332,34.05703],[-117.78364,34.05699],[-117.78397,34.05695],[-117.7843,34.05691],[-117.78462,34.05687],[-117.78495,34.05683],[-117.78527,34.05679],[-117.7856,34.05675],[-117.78593,34.05671],[-117.78625,34.05667],[-117.78658,34.05663],[-117.78691,34.05659],[-117.78723,34.05655],[-117.78756,34.05651],[-117.78789,34.05647],[-117.78821,34.05642],[-117.78854,34.05638],[-117.78887,34.05634],[-117.78919,34.0563],[-117.78952,34.05626],[-117.78985,34.05622],[-117.79017,34.05618],[-117.7905,34.05614],[-117.79083,34.0561],[-117.79115,34.05606],[-117.79148,34.05602],[-117.79181,34.05598],[-117.79213,34.05594],[-117.79246,34.0559],[-117.79279,34.05586],[-117.79311,34.05582],[-117.79344,34.05577],[-117.79376,34.05573],[-117.79409,34.05569],[-117.79442,34.05564],[-117.79474,34.05558],[-117.79506,34.05551],[-117.79538,34.05544],[-117.79569,34.05535],[-117.796,34.05526],[-117.79631,34.05515],[-117.7966,34.05504],[-117.7969,34.05492],[-117.7972,34.05479],[-117.79748,34.05466],[-117.79776,34.05452],[-117.79804,34.05436],[-117.7983,34.0542],[-117.79857,34.05404],[-117.79882,34.05386],[-117.79908,34.05368],[-117.79932,34.0535],[-117.79955,34.05331],[-117.79978,34.05311],[-117.80001,34.05291],[-117.80022,34.0527],[-117.80043,34.05248],[-117.80064,34.05227],[-117.80085,34.05206],[-117.80106,34.05185],[-117.80127,34.05163],[-117.80148,34.05142],[-117.80169,34.05121],[-117.8019,34.051],[-117.8021,34.05078],[-117.80231,34.05057],[-117.80252,34.05036],[-117.80273,34.05014],[-117.80294,34.04993],[-117.80315,34.04972],[-117.80336,34.04951],[-117.80357,34.04929],[-117.80377,34.04908],[-117.80398,34.04887],[-117.80419,34.04865],[-117.8044,34.04844],[-117.80461,34.04823],[-117.80482,34.04802],[-117.80503,34.04781],[-117.80525,34.0476],[-117.80546,34.04739],[-117.80567,34.04718],[-117.80588,34.04696],[-117.80609,34.04675],[-117.80629,34.04654],[-117.8065,34.04632],[-117.80671,34.04611],[-117.80691,34.04589],[-117.80712,34.04568],[-117.80733,34.04547],[-117.80754,34.04525],[-117.80774,34.04504],[-117.80795,34.04483],[-117.80816,34.04462],[-117.80837,34.0444],[-117.80858,34.04419],[-117.80879,34.04398],[-117.809,34.04376],[-117.80921,34.04355],[-117.80941,34.04334],[-117.80962,34.04312],[-117.80983,34.04291],[-117.81004,34.0427],[-117.81024,34.04248],[-117.81045,34.04227],[-117.81066,34.04206],[-117.81088,34.04185],[-117.81109,34.04164],[-117.8113,34.04142],[-117.81151,34.04121],[-117.81172,34.041],[-117.81192,34.04078],[-117.81213,34.04057],[-117.81234,34.04036],[-117.81255,34.04015],[-117.81276,34.03993],[-117.81297,34.03972],[-117.81317,34.03951],[-117.81338,34.03929],[-117.81359,34.03908],[-117.8138,34.03887],[-117.81401,34.03865],[-117.81422,34.03844],[-117.81443,34.03823],[-117.81464,34.03802],[-117.81485,34.0378],[-117.81506,34.03759],[-117.81526,34.03738],[-117.81547,34.03717],[-117.81568,34.03695],[-117.81589,34.03674],[-117.8161,34.03653],[-117.81631,34.03632],[-117.81652,34.0361],[-117.81673,34.03589],[-117.81694,34.03568],[-117.81715,34.03547],[-117.81736,34.03525],[-117.81756,34.03504],[-117.81777,34.03483],[-117.81798,34.03462],[-117.81819,34.0344],[-117.8184,34.03419],[-117.81861,34.03398],[-117.81882,34.03377],[-117.81903,34.03355],[-117.81924,34.03334],[-117.81945,34.03313],[-117.81965,34.03292],[-117.81986,34.0327],[-117.82007,34.03249],[-117.82028,34.03228],[-117.82049,34.03206],[-117.8207,34.03185],[-117.82091,34.03164],[-117.82112,34.03142],[-117.82133,34.03121],[-117.82153,34.031],[-117.82174,34.03079],[-117.82195,34.03057],[-117.82216,34.03036],[-117.82237,34.03015],[-117.82258,34.02994],[-117.82279,34.02972],[-117.823,34.02951],[-117.82321,34.0293],[-117.82341,34.02909],[-117.82362,34.02887],[-117.82383,34.02866],[-117.82404,34.02845],[-117.82425,34.02823],[-117.82446,34.02802],[-117.82467,34.02781],[-117.82487,34.02759],[-117.82508,34.02738],[-117.82529,34.02717],[-117.8255,34.02696],[-117.82571,34.02674],[-117.82592,34.02653],[-117.82613,34.02632],[-117.82634,34.02611],[-117.82654,34.02589],[-117.82675,34.02568],[-117.82696,34.02547],[-117.82717,34.02525],[-117.82738,34.02504],[-117.82759,34.02483],[-117.8278,34.02461],[-117.82801,34.0244],[-117.82821,34.02419],[-117.82842,34.02398],[-117.82863,34.02376],[-117.82884,34.02355],[-117.82905,34.02334],[-117.82926,34.02313],[-117.82947,34.02291],[-117.82968,34.0227],[-117.82989,34.02249],[-117.83009,34.02227],[-117.8303,34.02206],[-117.83051,34.02185],[-117.83072,34.02164],[-117.83093,34.02142],[-117.83114,34.02121],[-117.83135,34.021],[-117.83156,34.02079],[-117.83177,34.02057],[-117.83197,34.02036],[-117.83218,34.02015],[-117.83239,34.01993],[-117.8326,34.01972],[-117.83281,34.01951],[-117.83302,34.01929],[-117.83322,34.01908],[-117.83343,34.01887],[-117.83364,34.01866],[-117.83385,34.01844],[-117.83406,34.01823],[-117.83427,34.01802],[-117.83448,34.01781],[-117.83469,34.01759],[-117.8349,34.01738],[-117.83511,34.01717],[-117.83531,34.01696],[-117.83552,34.01674],[-117.83573,34.01653],[-117.83594,34.01632],[-117.83615,34.0161],[-117.83636,34.01589],[-117.83657,34.01568],[-117.83678,34.01547],[-117.83698,34.01525],[-117.83719,34.01504],[-117.8374,34.01483],[-117.83761,34.01461],[-117.83782,34.0144],[-117.83803,34.01419],[-117.83823,34.01397],[-117.83844,34.01376],[-117.83865,34.01355],[-117.83885,34.01333],[-117.83906,34.01312],[-117.83926,34.0129],[-117.83947,34.01269],[-117.83968,34.01247],[-117.83988,34.01226],[-117.84009,34.01204],[-117.84029,34.01183],[-117.8405,34.01161],[-117.84071,34.0114],[-117.84091,34.01118],[-117.84112,34.01097],[-117.84132,34.01075],[-117.84153,34.01054],[-117.84174,34.01032],[-117.84195,34.01011],[-117.84217,34.00991],[-117.8424,34.00971],[-117.84264,34.00952],[-117.84288,34.00934],[-117.84313,34.00916],[-117.84338,34.00898],[-117.84365,34.00882],[-117.84391,34.00865],[-117.84418,34.00849],[-117.84445,34.00833],[-117.84472,34.00818],[-117.845,34.00803],[-117.84528,34.00788],[-117.84556,34.00774],[-117.84585,34.0076],[-117.84614,34.00747],[-117.84643,34.00734],[-117.84672,34.00722],[-117.84702,34.0071],[-117.84731,34.00698],[-117.84761,34.00686],[-117.84791,34.00674],[-117.84821,34.00662],[-117.84851,34.0065],[-117.8488,34.00639],[-117.8491,34.00627],[-117.84939,34.00614],[-117.84968,34.00601],[-117.84997,34.00587],[-117.85026,34.00574],[-117.85055,34.00561],[-117.85084,34.00548],[-117.85113,34.00534],[-117.85142,34.00521],[-117.85171,34.00508],[-117.852,34.00495],[-117.85228,34.00482],[-117.85257,34.00468],[-117.85286,34.00455],[-117.85315,34.00442],[-117.85344,34.00428],[-117.85373,34.00415],[-117.85402,34.00402],[-117.85431,34.00388],[-117.85459,34.00375],[-117.85488,34.00362],[-117.85517,34.00349],[-117.85546,34.00335],[-117.85575,34.00322],[-117.85604,34.00309],[-117.85633,34.00296],[-117.85662,34.00283],[-117.85691,34.00269],[-117.8572,34.00256],[-117.85749,34.00243],[-117.85778,34.0023],[-117.85806,34.00216],[-117.85835,34.00203],[-117.85864,34.0019],[-117.85893,34.00176],[-117.85922,34.00163],[-117.85951,34.0015],[-117.8598,34.00136],[-117.86008,34.00123],[-117.86037,34.0011],[-117.86066,34.00097],[-117.86095,34.00084],[-117.86124,34.0007],[-117.86153,34.00057],[-117.86182,34.00044],[-117.86211,34.0003],[-117.8624,34.00017],[-117.86268,34.00004],[-117.86298,33.99991],[-117.86326,33.99978],[-117.86356,33.99965],[-117.86385,33.99952],[-117.86414,33.99939],[-117.86444,33.99927],[-117.86473,33.99915],[-117.86504,33.99905],[-117.86535,33.99895],[-117.86566,33.99887],[-117.86598,33.99879],[-117.8663,33.99873],[-117.86662,33.99867],[-117.86695,33.99862],[-117.86727,33.99858],[-117.8676,33.99855],[-117.86793,33.99853],[-117.86826,33.99851],[-117.86859,33.99849],[-117.86892,33.99848],[-117.86925,33.99846],[-117.86958,33.99845],[-117.86991,33.99844],[-117.87024,33.99842],[-117.87056,33.99841],[-117.8709,33.9984],[-117.87122,33.99838],[-117.87155,33.99837],[-117.87188,33.99835],[-117.87221,33.99834],[-117.87254,33.99833],[-117.87287,33.99831],[-117.8732,33.9983],[-117.87353,33.99828],[-117.87386,33.99827],[-117.87419,33.99825],[-117.87452,33.99824],[-117.87485,33.99822],[-117.87518,33.99821],[-117.87551,33.99819],[-117.87584,33.99818],[-117.87617,33.99817],[-117.8765,33.99815],[-117.87682,33.99814],[-117.87715,33.99812],[-117.87748,33.99811],[-117.87781,33.99809],[-117.87814,33.99808],[-117.87847,33.99806],[-117.8788,33.99805],[-117.87913,33.99804],[-117.87946,33.99802],[-117.87979,33.99801],[-117.88012,33.99799],[-117.88045,33.99798],[-117.88078,33.99797],[-117.88111,33.99795],[-117.88144,33.99794],[-117.88177,33.99792],[-117.8821,33.99791],[-117.88243,33.99789],[-117.88276,33.99788],[-117.88308,33.99786],[-117.88341,33.99785],[-117.88374,33.99784],[-117.88407,33.99782],[-117.8844,33.9978],[-117.88473,33.99778],[-117.88506,33.99776],[-117.88539,33.99774],[-117.88572,33.99772],[-117.88605,33.99771],[-117.88638,33.99769],[-117.88671,33.99767],[-117.88704,33.99766],[-117.88737,33.99764],[-117.88769,33.99762],[-117.88802,33.99761],[-117.88835,33.99759],[-117.88868,33.99758],[-117.88901,33.99757],[-117.88934,33.99755],[-117.88967,33.99754],[-117.89,33.99752],[-117.89033,33.99751],[-117.89066,33.9975],[-117.89099,33.99748],[-117.89132,33.99747],[-117.89165,33.99745],[-117.89198,33.99744],[-117.89231,33.99742],[-117.89264,33.99741],[-117.89297,33.99739],[-117.89329,33.99738],[-117.89363,33.99737],[-117.89395,33.99735],[-117.89428,33.99734],[-117.89461,33.99732],[-117.89494,33.99731],[-117.89527,33.9973],[-117.8956,33.99728],[-117.89593,33.99727],[-117.89626,33.99725],[-117.89659,33.99724],[-117.89692,33.99722],[-117.89725,33.99721],[-117.89758,33.99719],[-117.89791,33.99718],[-117.89824,33.99716],[-117.89857,33.99715],[-117.8989,33.99714],[-117.89923,33.99712],[-117.89956,33.99711],[-117.89988,33.99709],[-117.90021,33.99708],[-117.90054,33.99706],[-117.90087,33.99705],[-117.9012,33.99703],[-117.90153,33.99702],[-117.90186,33.99701],[-117.90219,33.99699],[-117.90252,33.99698],[-117.90285,33.99696],[-117.90318,33.99695],[-117.90351,33.99694],[-117.90384,33.99692],[-117.90417,33.99691],[-117.9045,33.99689],[-117.90483,33.99688],[-117.90516,33.99687],[-117.90548,33.99685],[-117.90582,33.99684],[-117.90614,33.99682],[-117.90647,33.99681],[-117.9068,33.99679],[-117.90713,33.99678],[-117.90746,33.99677],[-117.90779,33.99675],[-117.90812,33.99674],[-117.90845,33.99672],[-117.90878,33.99671],[-117.90911,33.99669],[-117.90944,33.99668],[-117.90977,33.99666],[-117.9101,33.99665],[-117.91043,33.99663],[-117.91076,33.99662],[-117.91109,33.99661],[-117.91142,33.9966],[-117.91174,33.99658],[-117.91208,33.99657],[-117.91241,33.99656],[-117.91273,33.99654],[-117.91306,33.99654],[-117.91339,33.99654],[-117.91372,33.99655],[-117.91405,33.99657],[-117.91438,33.99659],[-117.91471,33.99661],[-117.91504,33.99665],[-117.91536,33.99669],[-117.91569,33.99673],[-117.91601,33.99679],[-117.91633,33.99685],[-117.91666,33.9969],[-117.91698,33.99695],[-117.91731,33.997],[-117.91763,33.99706],[-117.91795,33.99713],[-117.91827,33.9972],[-117.91858,33.99728],[-117.9189,33.99736],[-117.91921,33.99745],[-117.91952,33.99754],[-117.91983,33.99765],[-117.92013,33.99775],[-117.92043,33.99787],[-117.92072,33.99799],[-117.92102,33.99811],[-117.92132,33.99823],[-117.92161,33.99836],[-117.92191,33.99848],[-117.9222,33.9986],[-117.9225,33.99872],[-117.9228,33.99884],[-117.92309,33.99896],[-117.92339,33.99908],[-117.92369,33.9992],[-117.92398,33.99932],[-117.92428,33.99944],[-117.92458,33.99956],[-117.92487,33.99968],[-117.92517,33.99981],[-117.92546,33.99993],[-117.92575,34.00006],[-117.92605,34.00018],[-117.92635,34.0003],[-117.92664,34.00042],[-117.92694,34.00054],[-117.92724,34.00066],[-117.92753,34.00078],[-117.92783,34.0009],[-117.92813,34.00102],[-117.92842,34.00114],[-117.92872,34.00126],[-117.92902,34.00138],[-117.92931,34.0015],[-117.92961,34.00162],[-117.9299,34.00174],[-117.9302,34.00187],[-117.9305,34.00199],[-117.93079,34.00211],[-117.93109,34.00223],[-117.93139,34.00235],[-117.93168,34.00247],[-117.93198,34.00259],[-117.93227,34.00271],[-117.93257,34.00283],[-117.93287,34.00296],[-117.93316,34.00308],[-117.93346,34.0032],[-117.93375,34.00332],[-117.93405,34.00344],[-117.93435,34.00356],[-117.93464,34.00368],[-117.93494,34.0038],[-117.93524,34.00393],[-117.93553,34.00405],[-117.93583,34.00417],[-117.93612,34.00429],[-117.93642,34.00441],[-117.93672,34.00453],[-117.93701,34.00465],[-117.93731,34.00477],[-117.9376,34.00489],[-117.9379,34.00502],[-117.9382,34.00514],[-117.93849,34.00526],[-117.93879,34.00538],[-117.93909,34.0055],[-117.93938,34.00562],[-117.93968,34.00574],[-117.93998,34.00586],[-117.94027,34.00598],[-117.94057,34.0061],[-117.94087,34.00622],[-117.94116,34.00634],[-117.94146,34.00646],[-117.94175,34.00659],[-117.94205,34.00671],[-117.94235,34.00683],[-117.94264,34.00695],[-117.94294,34.00707],[-117.94324,34.00719],[-117.94353,34.00731],[-117.94383,34.00743],[-117.94412,34.00755],[-117.94442,34.00767],[-117.94472,34.0078],[-117.94501,34.00792],[-117.94531,34.00804],[-117.9456,34.00816],[-117.9459,34.00828],[-117.9462,34.0084],[-117.94649,34.00852],[-117.94679,34.00864],[-117.94708,34.00877],[-117.94738,34.00889],[-117.94768,34.00901],[-117.94797,34.00913],[-117.94827,34.00925],[-117.94857,34.00937],[-117.94886,34.00949],[-117.94916,34.00961],[-117.94945,34.00973],[-117.94975,34.00986],[-117.95005,34.00998],[-117.95034,34.0101],[-117.95064,34.01022],[-117.95093,34.01034],[-117.95123,34.01046],[-117.95153,34.01058],[-117.95182,34.0107],[-117.95212,34.01082],[-117.95242,34.01094],[-117.95271,34.01107],[-117.95301,34.01119],[-117.9533,34.01131],[-117.9536,34.01143],[-117.9539,34.01155],[-117.95419,34.01167],[-117.95449,34.0118],[-117.95478,34.01192],[-117.95508,34.01204],[-117.95538,34.01216],[-117.95567,34.01228],[-117.95597,34.0124],[-117.95627,34.01252],[-117.95656,34.01264],[-117.95686,34.01276],[-117.95716,34.01288],[-117.95745,34.013],[-117.95775,34.01312],[-117.95804,34.01324],[-117.95834,34.01336],[-117.95864,34.01349],[-117.95893,34.01361],[-117.95923,34.01373],[-117.95953,34.01385],[-117.95982,34.01397],[-117.96012,34.01409],[-117.96042,34.01421],[-117.96071,34.01433],[-117.96101,34.01445],[-117.9613,34.01458],[-117.9616,34.0147],[-117.9619,34.01482],[-117.96219,34.01494],[-117.96249,34.01506],[-117.96278,34.01518],[-117.96308,34.0153],[-117.96338,34.01543],[-117.96367,34.01555],[-117.96397,34.01567],[-117.96426,34.01579],[-117.96456,34.01591],[-117.96486,34.01603],[-117.96515,34.01615],[-117.96545,34.01627],[-117.96575,34.01639],[-117.96604,34.01651],[-117.96634,34.01664],[-117.96663,34.01676],[-117.96693,34.01688],[-117.96723,34.017],[-117.96752,34.01712],[-117.96782,34.01724],[-117.96812,34.01736],[-117.96841,34.01748],[-117.96871,34.0176],[-117.969,34.01772],[-117.9693,34.01785],[-117.9696,34.01797],[-117.96989,34.01809],[-117.97019,34.01821],[-117.97049,34.01833],[-117.97078,34.01845],[-117.97108,34.01857],[-117.97138,34.01869],[-117.97167,34.01881],[-117.97197,34.01893],[-117.97226,34.01905],[-117.97256,34.01917],[-117.97286,34.0193],[-117.97315,34.01942],[-117.97345,34.01954],[-117.97374,34.01966],[-117.97404,34.01978],[-117.97434,34.01991],[-117.97463,34.02003],[-117.97493,34.02015],[-117.97522,34.02027],[-117.97552,34.02039],[-117.97582,34.02051],[-117.97611,34.02063],[-117.97641,34.02075],[-117.97671,34.02087],[-117.977,34.02099],[-117.9773,34.02111],[-117.9776,34.02123],[-117.9779,34.02135],[-117.9782,34.02146],[-117.97849,34.02158],[-117.97879,34.0217],[-117.97909,34.02182],[-117.97939,34.02193],[-117.97969,34.02205],[-117.97999,34.02217],[-117.98028,34.02229],[-117.98058,34.0224],[-117.98088,34.02253],[-117.98117,34.02265],[-117.98147,34.02277],[-117.98177,34.02289],[-117.98207,34.02301],[-117.98236,34.02313],[-117.98266,34.02325],[-117.98296,34.02337],[-117.98325,34.02349],[-117.98355,34.02361],[-117.98385,34.02373],[-117.98414,34.02385],[-117.98444,34.02397],[-117.98474,34.02409],[-117.98503,34.02421],[-117.98533,34.02433],[-117.98563,34.02445],[-117.98592,34.02457],[-117.98622,34.02469],[-117.98651,34.02481],[-117.98681,34.02494],[-117.9871,34.02506],[-117.9874,34.02519],[-117.98769,34.02531],[-117.98799,34.02543],[-117.98828,34.02555],[-117.98858,34.02568],[-117.98887,34.0258],[-117.98917,34.02593],[-117.98946,34.02605],[-117.98976,34.02617],[-117.99005,34.02629],[-117.99035,34.02642],[-117.99065,34.02654],[-117.99094,34.02666],[-117.99124,34.02678],[-117.99153,34.0269],[-117.99183,34.02703],[-117.99213,34.02715],[-117.99242,34.02727],[-117.99272,34.02739],[-117.99301,34.02751],[-117.99331,34.02763],[-117.99361,34.02775],[-117.9939,34.02787],[-117.9942,34.02799],[-117.9945,34.02811],[-117.99479,34.02823],[-117.99509,34.02835],[-117.99538,34.02848],[-117.99568,34.0286],[-117.99598,34.02872],[-117.99627,34.02884],[-117.99657,34.02896],[-117.99686,34.02908],[-117.99716,34.0292],[-117.99746,34.02933],[-117.99775,34.02945],[-117.99805,34.02957],[-117.99835,34.02969],[-117.99864,34.02981],[-117.99894,34.02993],[-117.99923,34.03005],[-117.99953,34.03017],[-117.99983,34.0303],[-118.00012,34.03042],[-118.00042,34.03054],[-118.00071,34.03066],[-118.00101,34.03078],[-118.00131,34.0309],[-118.00161,34.03101],[-118.00191,34.03113],[-118.00221,34.03125],[-118.00252,34.03135],[-118.00282,34.03145],[-118.00314,34.03153],[-118.00345,34.03161],[-118.00377,34.03167],[-118.0041,34.03173],[-118.00442,34.03179],[-118.00475,34.03182],[-118.00507,34.03185],[-118.0054,34.03187],[-118.00573,34.03189],[-118.00606,34.03189],[-118.00639,34.03188],[-118.00672,34.03187],[-118.00705,34.03184],[-118.00738,34.03181],[-118.00771,34.03178],[-118.00803,34.03175],[-118.00836,34.03171],[-118.00869,34.03168],[-118.00902,34.03165],[-118.00934,34.03161],[-118.00967,34.03158],[-118.01,34.03155],[-118.01033,34.03151],[-118.01066,34.03148],[-118.01098,34.03145],[-118.01131,34.03142],[-118.01164,34.03138],[-118.01197,34.03135],[-118.01229,34.03132],[-118.01262,34.03128],[-118.01295,34.03125],[-118.01328,34.03122],[-118.0136,34.03119],[-118.01393,34.03115],[-118.01426,34.03112],[-118.01459,34.03109],[-118.01492,34.03106],[-118.01524,34.03102],[-118.01557,34.03099],[-118.0159,34.03095],[-118.01623,34.03092],[-118.01655,34.03089],[-118.01688,34.03086],[-118.01721,34.03083],[-118.01754,34.03079],[-118.01787,34.03076],[-118.01819,34.03073],[-118.01852,34.0307],[-118.01885,34.03066],[-118.01918,34.03063],[-118.0195,34.03059],[-118.01983,34.03056],[-118.02016,34.03053],[-118.02049,34.0305],[-118.02081,34.03046],[-118.02114,34.03043],[-118.02147,34.03039],[-118.0218,34.03036],[-118.02212,34.03033],[-118.02245,34.0303],[-118.02278,34.03026],[-118.02311,34.03023],[-118.02344,34.0302],[-118.02376,34.03016],[-118.02409,34.03013],[-118.02442,34.0301],[-118.02475,34.03007],[-118.02507,34.03004],[-118.0254,34.03001],[-118.02573,34.02997],[-118.02606,34.02994],[-118.02638,34.02989],[-118.02671,34.02984],[-118.02703,34.02978],[-118.02735,34.02972],[-118.02767,34.02964],[-118.02798,34.02956],[-118.02829,34.02946],[-118.0286,34.02936],[-118.0289,34.02925],[-118.02919,34.02913],[-118.02949,34.029],[-118.02977,34.02886],[-118.03005,34.02871],[-118.03032,34.02856],[-118.03059,34.0284],[-118.03085,34.02823],[-118.0311,34.02806],[-118.03136,34.02788],[-118.03162,34.02771],[-118.03187,34.02753],[-118.03213,34.02736],[-118.03238,34.02718],[-118.03264,34.02701],[-118.03289,34.02683],[-118.03315,34.02666],[-118.0334,34.02649],[-118.03366,34.02631],[-118.03391,34.02614],[-118.03417,34.02596],[-118.03442,34.02579],[-118.03468,34.02562],[-118.03493,34.02544],[-118.03519,34.02527],[-118.03544,34.02509],[-118.0357,34.02492],[-118.03596,34.02475],[-118.03621,34.02457],[-118.03647,34.0244],[-118.03672,34.02422],[-118.03698,34.02405],[-118.03723,34.02388],[-118.03749,34.0237],[-118.03774,34.02353],[-118.038,34.02335],[-118.03825,34.02318],[-118.03851,34.023],[-118.03876,34.02283],[-118.03902,34.02266],[-118.03927,34.02248],[-118.03953,34.02231],[-118.03978,34.02213],[-118.04004,34.02196],[-118.0403,34.02179],[-118.04055,34.02161],[-118.04081,34.02144],[-118.04106,34.02126],[-118.04132,34.02109],[-118.04157,34.02092],[-118.04183,34.02074],[-118.04208,34.02057],[-118.04234,34.02039],[-118.04259,34.02022],[-118.04285,34.02005],[-118.0431,34.01987],[-118.04336,34.0197],[-118.04362,34.01952],[-118.04387,34.01935],[-118.04413,34.01918],[-118.04438,34.019],[-118.04464,34.01883],[-118.04489,34.01865],[-118.04515,34.01848],[-118.0454,34.0183],[-118.04566,34.01813],[-118.04591,34.01796],[-118.04617,34.01778],[-118.04642,34.01761],[-118.04668,34.01743],[-118.04693,34.01726],[-118.04719,34.01709],[-118.04744,34.01691],[-118.0477,34.01674],[-118.04796,34.01656],[-118.04821,34.01639],[-118.04847,34.01622],[-118.04872,34.01604],[-118.04898,34.01587],[-118.04923,34.01569],[-118.04949,34.01552],[-118.04974,34.01535],[-118.05,34.01517],[-118.05025,34.015],[-118.05051,34.01482],[-118.05076,34.01465],[-118.05102,34.01447],[-118.05128,34.0143],[-118.05153,34.01413],[-118.05179,34.01395],[-118.05204,34.01378],[-118.0523,34.01361],[-118.05255,34.01343],[-118.05281,34.01326],[-118.05306,34.01308],[-118.05332,34.01291],[-118.05358,34.01274],[-118.05383,34.01256],[-118.05409,34.01239],[-118.05434,34.01222],[-118.0546,34.01204],[-118.05485,34.01187],[-118.0551,34.01169],[-118.05536,34.01151],[-118.05561,34.01134],[-118.05587,34.01116],[-118.05612,34.01099],[-118.05638,34.01082],[-118.05663,34.01064],[-118.05689,34.01047],[-118.05714,34.01029],[-118.0574,34.01012],[-118.05765,34.00995],[-118.05791,34.00977],[-118.05816,34.00959],[-118.05842,34.00942],[-118.05867,34.00925],[-118.05893,34.00908],[-118.05919,34.0089],[-118.05944,34.00873],[-118.0597,34.00856],[-118.05996,34.00838],[-118.06021,34.00821],[-118.06047,34.00803],[-118.06072,34.00786],[-118.06097,34.00768],[-118.06123,34.00751],[-118.06148,34.00733],[-118.06173,34.00715],[-118.06199,34.00698],[-118.06224,34.00681],[-118.0625,34.00664],[-118.06276,34.00647],[-118.06303,34.00631],[-118.0633,34.00615],[-118.06357,34.006],[-118.06385,34.00585],[-118.06413,34.0057],[-118.06442,34.00557],[-118.06471,34.00543],[-118.065,34.0053],[-118.06529,34.00518],[-118.06558,34.00505],[-118.06588,34.00493],[-118.06619,34.00483],[-118.06649,34.00472],[-118.0668,34.00463],[-118.06712,34.00455],[-118.06743,34.00447],[-118.06775,34.0044],[-118.06808,34.00435],[-118.0684,34.0043],[-118.06873,34.00425],[-118.06905,34.00421],[-118.06938,34.00416],[-118.0697,34.00411],[-118.07003,34.00406],[-118.07035,34.00402],[-118.07068,34.00397],[-118.071,34.00392],[-118.07133,34.00387],[-118.07165,34.00382],[-118.07197,34.00376],[-118.0723,34.00371],[-118.07262,34.00366],[-118.07295,34.00361],[-118.07327,34.00356],[-118.07359,34.00351],[-118.07392,34.00346],[-118.07424,34.00341],[-118.07457,34.00337],[-118.07489,34.00332],[-118.07522,34.00327],[-118.07554,34.00322],[-118.07587,34.00317],[-118.07619,34.00312],[-118.07652,34.00307],[-118.07684,34.00303],[-118.07717,34.003],[-118.0775,34.00297],[-118.07783,34.00296],[-118.07816,34.00296],[-118.07849,34.00297],[-118.07882,34.00299],[-118.07915,34.00301],[-118.07947,34.00305],[-118.0798,34.0031],[-118.08012,34.00315],[-118.08044,34.00321],[-118.08076,34.00328],[-118.08108,34.00335],[-118.0814,34.00342],[-118.08172,34.00348],[-118.08204,34.00355],[-118.08236,34.00362],[-118.08268,34.00369],[-118.083,34.00375],[-118.08332,34.00382],[-118.08364,34.00389],[-118.08396,34.00396],[-118.08428,34.00403],[-118.0846,34.0041],[-118.08492,34.00417],[-118.08524,34.00424],[-118.08556,34.0043],[-118.08588,34.00437],[-118.0862,34.00444],[-118.08652,34.00451],[-118.08683,34.00458],[-118.08715,34.00464],[-118.08747,34.00471],[-118.08779,34.00478],[-118.08812,34.00483],[-118.08844,34.00489],[-118.08877,34.00493],[-118.08909,34.00497],[-118.08942,34.00501],[-118.08975,34.00504],[-118.09008,34.00507],[-118.09041,34.00509],[-118.09073,34.0051],[-118.09107,34.00511],[-118.0914,34.00511],[-118.09172,34.00511],[-118.09206,34.00511],[-118.09238,34.00512],[-118.09271,34.00512],[-118.09305,34.00512],[-118.09337,34.00512],[-118.0937,34.00513],[-118.09403,34.00513],[-118.09436,34.00514],[-118.09469,34.00514],[-118.09502,34.00515],[-118.09535,34.00516],[-118.09568,34.00516],[-118.09601,34.00516],[-118.09634,34.00516],[-118.09667,34.00516],[-118.097,34.00516],[-118.09733,34.00516],[-118.09766,34.00516],[-118.09799,34.00516],[-118.09832,34.00516],[-118.09865,34.00516],[-118.09898,34.00516],[-118.09931,34.00516],[-118.09964,34.00516],[-118.09997,34.00516],[-118.1003,34.00516],[-118.10063,34.00517],[-118.10096,34.00517],[-118.10129,34.00518],[-118.10162,34.00518],[-118.10195,34.00518],[-118.10228,34.00519],[-118.10261,34.0052],[-118.10294,34.00521],[-118.10327,34.00523],[-118.1036,34.00525],[-118.10393,34.00526],[-118.10426,34.00529],[-118.10459,34.00531],[-118.10492,34.00534],[-118.10524,34.00536],[-118.10557,34.00539],[-118.1059,34.00542],[-118.10623,34.00545],[-118.10656,34.00548],[-118.10689,34.00551],[-118.10721,34.00554],[-118.10754,34.00556],[-118.10787,34.00559],[-118.1082,34.00562],[-118.10853,34.00565],[-118.10885,34.00567],[-118.10918,34.0057],[-118.10951,34.00573],[-118.10984,34.00576],[-118.11017,34.00579],[-118.1105,34.00581],[-118.11083,34.00583],[-118.11115,34.00585],[-118.11148,34.00587],[-118.11181,34.0059],[-118.11214,34.00592],[-118.11247,34.00595],[-118.1128,34.00598],[-118.11312,34.00601],[-118.11345,34.00603],[-118.11378,34.00606],[-118.11411,34.00609],[-118.11444,34.00612],[-118.11477,34.00615],[-118.11509,34.00618],[-118.11542,34.00621],[-118.11575,34.00623],[-118.11608,34.00626],[-118.11641,34.00629],[-118.11673,34.00632],[-118.11706,34.00635],[-118.11739,34.00638],[-118.11772,34.00641],[-118.11805,34.00643],[-118.11838,34.00646],[-118.1187,34.00649],[-118.11903,34.00651],[-118.11936,34.00654],[-118.11969,34.00657],[-118.12002,34.00659],[-118.12035,34.00662],[-118.12067,34.00665],[-118.121,34.00667],[-118.12133,34.0067],[-118.12166,34.00673],[-118.12199,34.00675],[-118.12232,34.00678],[-118.12264,34.00681],[-118.12297,34.00684],[-118.1233,34.00687],[-118.12363,34.0069],[-118.12396,34.00692],[-118.12429,34.00695],[-118.12461,34.00698],[-118.12494,34.00701],[-118.12527,34.00704],[-118.1256,34.00706],[-118.12593,34.00709],[-118.12625,34.00712],[-118.12658,34.00715],[-118.12691,34.00718],[-118.12724,34.00721],[-118.12757,34.00724],[-118.12789,34.00727],[-118.12822,34.0073],[-118.12855,34.00733],[-118.12888,34.00735],[-118.12921,34.00738],[-118.12954,34.00741],[-118.12986,34.00744],[-118.13019,34.00747],[-118.13052,34.0075],[-118.13085,34.00752],[-118.13118,34.00755],[-118.1315,34.00758],[-118.13183,34.00762],[-118.13216,34.00765],[-118.13249,34.00768],[-118.13281,34.00771],[-118.13314,34.00773],[-118.13347,34.00776],[-118.1338,34.00779],[-118.13413,34.00782],[-118.13446,34.00785],[-118.13478,34.00787],[-118.13511,34.0079],[-118.13544,34.00793],[-118.13577,34.00796],[-118.1361,34.00799],[-118.13643,34.00802],[-118.13675,34.00804],[-118.13708,34.00807],[-118.13741,34.0081],[-118.13774,34.00813],[-118.13807,34.00816],[-118.1384,34.00819],[-118.13872,34.00821],[-118.13905,34.00824],[-118.13938,34.00827],[-118.13971,34.0083],[-118.14004,34.00833],[-118.14036,34.00836],[-118.14069,34.00839],[-118.14102,34.00841],[-118.14135,34.00844],[-118.14168,34.00847],[-118.142,34.0085],[-118.14233,34.00853],[-118.14266,34.00856],[-118.14299,34.00859],[-118.14332,34.00862],[-118.14365,34.00864],[-118.14397,34.00867],[-118.1443,34.0087],[-118.14463,34.00873],[-118.14496,34.00876],[-118.14529,34.00879],[-118.14562,34.00881],[-118.14594,34.00884],[-118.14627,34.00887],[-118.1466,34.0089],[-118.14693,34.00893],[-118.14726,34.00896],[-118.14758,34.00898],[-118.14791,34.00901],[-118.14824,34.00904],[-118.14857,34.00907],[-118.1489,34.0091],[-118.14923,34.00912],[-118.14955,34.00915],[-118.14988,34.00918],[-118.15021,34.00921],[-118.15054,34.00924],[-118.15087,34.00926],[-118.1512,34.00929],[-118.15152,34.00932],[-118.15185,34.00935],[-118.15218,34.00938],[-118.15251,34.00941],[-118.15283,34.00944],[-118.15316,34.00946],[-118.15349,34.00949],[-118.15382,34.00952],[-118.15415,34.00955],[-118.15448,34.00957],[-118.1548,34.0096],[-118.15513,34.00963],[-118.15546,34.00966],[-118.15579,34.00969],[-118.15612,34.00971],[-118.15645,34.00974],[-118.15677,34.00977],[-118.1571,34.0098],[-118.15743,34.00983],[-118.15776,34.00986],[-118.15809,34.00989],[-118.15842,34.00991],[-118.15874,34.00994],[-118.15907,34.00997],[-118.1594,34.01],[-118.15973,34.01003],[-118.16006,34.01006],[-118.16038,34.01009],[-118.16071,34.01011],[-118.16104,34.01014],[-118.16137,34.01017],[-118.1617,34.0102],[-118.16202,34.01023],[-118.16235,34.01025],[-118.16268,34.01028],[-118.16301,34.01031],[-118.16334,34.01034],[-118.16367,34.01037],[-118.16399,34.01039],[-118.16432,34.01042],[-118.16465,34.01045],[-118.16498,34.01048],[-118.16531,34.01051],[-118.16564,34.01053],[-118.16596,34.01056],[-118.16629,34.01059],[-118.16662,34.01062],[-118.16695,34.01065],[-118.16728,34.01068],[-118.1676,34.0107],[-118.16793,34.01073],[-118.16826,34.01076],[-118.16859,34.01078],[-118.16892,34.01081],[-118.16925,34.01084],[-118.16957,34.01087],[-118.1699,34.01089],[-118.17023,34.01092],[-118.17056,34.01095],[-118.17089,34.01098],[-118.17122,34.01101],[-118.17154,34.01104],[-118.17187,34.01107],[-118.1722,34.0111],[-118.17253,34.01113],[-118.17286,34.01115],[-118.17319,34.01118],[-118.17351,34.01121],[-118.17384,34.01124],[-118.17417,34.01127],[-118.1745,34.0113],[-118.17483,34.01132],[-118.17515,34.01135],[-118.17548,34.01138],[-118.17581,34.01141],[-118.17614,34.01144],[-118.17647,34.01147],[-118.1768,34.01149],[-118.17712,34.01152],[-118.17745,34.01155],[-118.17778,34.01158],[-118.17811,34.0116],[-118.17844,34.01163],[-118.17876,34.01166],[-118.17909,34.01169],[-118.17942,34.01172],[-118.17975,34.01175],[-118.18008,34.01178],[-118.18041,34.01181],[-118.18073,34.01183],[-118.18106,34.01186],[-118.18139,34.01189],[-118.18172,34.01192],[-118.18205,34.01195],[-118.18237,34.01198],[-118.1827,34.012],[-118.18303,34.01203],[-118.18336,34.01206],[-118.18369,34.01209],[-118.18402,34.01212],[-118.18434,34.01214],[-118.18467,34.01217],[-118.185,34.0122],[-118.18533,34.01223],[-118.18566,34.01226],[-118.18599,34.01228],[-118.18631,34.01231],[-118.18664,34.01234],[-118.18697,34.01237],[-118.1873,34.01239],[-118.18763,34.01242],[-118.18796,34.01245],[-118.18828,34.01248],[-118.18861,34.0125],[-118.18894,34.01253],[-118.18927,34.01256],[-118.1896,34.01259],[-118.18993,34.01261],[-118.19025,34.01264],[-118.19058,34.01268],[-118.19091,34.0127],[-118.19124,34.01273],[-118.19157,34.01275],[-118.1919,34.01277],[-118.19222,34.0128],[-118.19255,34.01283],[-118.19288,34.01286],[-118.19321,34.01288],[-118.19354,34.01291],[-118.19387,34.01294],[-118.19419,34.01297],[-118.19452,34.013],[-118.19485,34.01302],[-118.19518,34.01305],[-118.19551,34.01308],[-118.19584,34.01311],[-118.19616,34.01314],[-118.19649,34.01317],[-118.19682,34.01319],[-118.19715,34.01322],[-118.19748,34.01325],[-118.1978,34.01328],[-118.19813,34.01331],[-118.19846,34.01333],[-118.19879,34.01336],[-118.19912,34.01339],[-118.19944,34.01342],[-118.19977,34.01345],[-118.2001,34.01347],[-118.20043,34.0135],[-118.20076,34.01353],[-118.20109,34.01357],[-118.20141,34.0136],[-118.20174,34.01365],[-118.20206,34.0137],[-118.20239,34.01375],[-118.20271,34.0138],[-118.20303,34.01387],[-118.20335,34.01394],[-118.20367,34.01401],[-118.20399,34.01408],[-118.2043,34.01416],[-118.20462,34.01425],[-118.20493,34.01434],[-118.20524,34.01443],[-118.20554,34.01454],[-118.20585,34.01464],[-118.20615,34.01475],[-118.20646,34.01486],[-118.20676,34.01497],[-118.20706,34.01509],[-118.20736,34.0152],[-118.20766,34.01531],[-118.20796,34.01543],[-118.20826,34.01554],[-118.20856,34.01565],[-118.20886,34.01577],[-118.20916,34.01588],[-118.20946,34.01599],[-118.20976,34.01611],[-118.21006,34.01622],[-118.21036,34.01634],[-118.21066,34.01645],[-118.21096,34.01656],[-118.21126,34.01668],[-118.21156,34.01679],[-118.21186,34.01691],[-118.21216,34.01702],[-118.21246,34.01713],[-118.21276,34.01725],[-118.21306,34.01736],[-118.21336,34.01748],[-118.21366,34.01759],[-118.21396,34.0177],[-118.21426,34.01782],[-118.21456,34.01793],[-118.21486,34.01805],[-118.21516,34.01816],[-118.21547,34.01826],[-118.21578,34.01836],[-118.21609,34.01845],[-118.21641,34.0185],[-118.21674,34.01856],[-118.21706,34.01861],[-118.21739,34.01866],[-118.21771,34.01871],[-118.21804,34.01876],[-118.21836,34.01881],[-118.21868,34.01886],[-118.21901,34.01891],[-118.21933,34.01897],[-118.21964,34.01906],[-118.21994,34.01918],[-118.22021,34.01934],[-118.22045,34.01952],[-118.22068,34.01972],[-118.2209,34.01993],[-118.22112,34.02013],[-118.22135,34.02033],[-118.22157,34.02053],[-118.22179,34.02074],[-118.22202,34.02094],[-118.22224,34.02114],[-118.22246,34.02134],[-118.22269,34.02155],[-118.22291,34.02175],[-118.22312,34.02196],[-118.22331,34.02218],[-118.22349,34.02242],[-118.22364,34.02266],[-118.22378,34.02291],[-118.22391,34.02316],[-118.22401,34.02342],[-118.2241,34.02369],[-118.22417,34.02395],[-118.22424,34.02422],[-118.2243,34.02449],[-118.22436,34.02476],[-118.22442,34.02503],[-118.22448,34.0253],[-118.22454,34.02557],[-118.2246,34.02584],[-118.22467,34.02611],[-118.22473,34.02638],[-118.22479,34.02665],[-118.22485,34.02692],[-118.22491,34.02719],[-118.22497,34.02746],[-118.22503,34.02773],[-118.22509,34.028],[-118.22515,34.02827],[-118.22521,34.02854],[-118.22527,34.02881],[-118.22533,34.02908],[-118.22539,34.02935],[-118.22545,34.02962],[-118.22552,34.02989],[-118.22558,34.03016],[-118.22564,34.03043],[-118.2257,34.0307],[-118.22576,34.03097],[-118.22582,34.03124],[-118.22588,34.03151],[-118.22594,34.03178],[-118.22601,34.03205],[-118.22607,34.03232],[-118.22613,34.03259],[-118.22619,34.03286],[-118.22625,34.03313],[-118.22631,34.0334],[-118.22637,34.03367],[-118.22643,34.03394],[-118.2265,34.03421],[-118.22656,34.03448],[-118.22662,34.03475],[-118.22669,34.03502],[-118.22675,34.03529],[-118.22681,34.03556],[-118.22688,34.03583],[-118.22694,34.0361],[-118.227,34.03637],[-118.22706,34.03664],[-118.22712,34.03691],[-118.22718,34.03718],[-118.22723,34.03745],[-118.22729,34.03773],[-118.22735,34.038],[-118.22741,34.03827],[-118.22747,34.03854],[-118.22753,34.03881],[-118.22759,34.03907],[-118.22766,34.03934],[-118.22772,34.03961],[-118.22778,34.03988],[-118.22784,34.04015],[-118.2279,34.04042],[-118.22796,34.04069],[-118.22802,34.04096],[-118.22808,34.04124],[-118.22815,34.04151],[-118.22821,34.04178],[-118.22827,34.04205],[-118.22833,34.04232],[-118.22839,34.04259],[-118.22845,34.04286],[-118.22851,34.04313],[-118.22857,34.0434],[-118.22863,34.04367],[-118.2287,34.04394],[-118.22876,34.04421],[-118.22882,34.04448],[-118.22888,34.04475],[-118.22894,34.04502],[-118.229,34.04529],[-118.22906,34.04556],[-118.22912,34.04583],[-118.22918,34.0461],[-118.22924,34.04637],[-118.2293,34.04664],[-118.22937,34.04691],[-118.22943,34.04718],[-118.22948,34.04745],[-118.22949,34.04772],[-118.22946,34.048],[-118.2294,34.04827],[-118.22933,34.04853],[-118.22926,34.0488],[-118.22919,34.04907],[-118.22912,34.04934],[-118.22905,34.04961],[-118.22898,34.04988],[-118.22891,34.05015],[-118.22884,34.05041],[-118.22877,34.05068],[-118.22871,34.05095],[-118.22864,34.05122],[-118.22857,34.05149],[-118.2285,34.05176],[-118.22843,34.05203],[-118.22836,34.0523],[-118.22827,34.05256],[-118.22814,34.05281],[-118.22797,34.05304],[-118.22779,34.05328],[-118.22762,34.05351],[-118.22743,34.05374],[-118.22725,34.05397],[-118.22705,34.05419],[-118.22685,34.0544],[-118.22664,34.05462],[-118.22643,34.05483],[-118.22625,34.05506],[-118.2261,34.0553],[-118.22598,34.05556],[-118.22589,34.05582],[-118.22582,34.05609],[-118.22579,34.05636],[-118.22577,34.05664],[-118.22579,34.05691],[-118.22582,34.05719],[-118.22586,34.05746],[-118.2259,34.05773],[-118.22594,34.05801],[-118.22598,34.05828],[-118.22602,34.05855],[-118.22606,34.05882],[-118.2261,34.05909],[-118.22615,34.05937],[-118.2262,34.05964],[-118.22624,34.05991],[-118.22629,34.06018],[-118.22634,34.06045],[-118.22643,34.06072],[-118.22655,34.06097],[-118.22671,34.06121],[-118.22691,34.06143],[-118.22714,34.06163],[-118.22741,34.06179],[-118.2277,34.06192],[-118.22802,34.062],[-118.22834,34.06203],[-118.22867,34.06201],[-118.229,34.06198],[-118.22933,34.06194],[-118.22965,34.06191],[-118.22998,34.06188],[-118.23031,34.06186],[-118.23064,34.06182],[-118.23097,34.06179],[-118.23129,34.06172],[-118.23158,34.06159],[-118.23184,34.06143],[-118.23206,34.06122],[-118.23224,34.06099],[-118.23237,34.06074],[-118.2325,34.06049],[-118.23263,34.06023],[-118.23276,34.05998],[-118.23289,34.05973],[-118.23301,34.05947],[-118.23314,34.05922],[-118.23327,34.05897],[-118.23339,34.05871],[-118.23349,34.05845],[-118.23357,34.05819],[-118.23363,34.05792],[-118.23369,34.05764],[-118.23375,34.05737],[-118.2338,34.0571],[-118.23386,34.05683],[-118.23392,34.05656],[-118.23398,34.05629],[-118.23404,34.05602],[-118.23409,34.05575],[-118.23415,34.05548],[-118.23421,34.05521],[-118.23427,34.05494],[-118.23432,34.05467],[-118.23439,34.05438]]},"properties":{"routeId":"Riverside Line","name":"Riverside Line","shortName":"RIV Line","color":"#682E86","textColor":"#FFFFFF","system":"metrolink"}},{"type":"Feature","geometry":{"type":"LineString","coordinates":[[-117.16215,34.05883],[-117.16225,34.05883],[-117.16258,34.05883],[-117.16291,34.05884],[-117.16324,34.05884],[-117.16357,34.05885],[-117.1639,34.05886],[-117.16423,34.05886],[-117.16456,34.05887],[-117.16489,34.05887],[-117.16522,34.05888],[-117.16555,34.05888],[-117.16588,34.05889],[-117.16621,34.05889],[-117.16654,34.0589],[-117.16687,34.05891],[-117.1672,34.05891],[-117.16753,34.05892],[-117.16786,34.05892],[-117.16819,34.05893],[-117.16852,34.05893],[-117.16885,34.05894],[-117.16918,34.05895],[-117.16951,34.05895],[-117.16984,34.05896],[-117.17017,34.05896],[-117.1705,34.05897],[-117.17083,34.05897],[-117.17116,34.05898],[-117.17149,34.05899],[-117.17182,34.05899],[-117.17215,34.059],[-117.17248,34.059],[-117.17281,34.05901],[-117.17314,34.05901],[-117.17347,34.05902],[-117.1738,34.05902],[-117.17413,34.05903],[-117.17446,34.05903],[-117.17479,34.05904],[-117.17512,34.05904],[-117.17545,34.05904],[-117.17578,34.05904],[-117.17611,34.05904],[-117.17644,34.05904],[-117.17677,34.05904],[-117.1771,34.05904],[-117.17743,34.05905],[-117.17776,34.05905],[-117.17809,34.05905],[-117.17842,34.05905],[-117.17875,34.05905],[-117.17908,34.05906],[-117.17941,34.05906],[-117.17974,34.05906],[-117.18007,34.05905],[-117.1804,34.05905],[-117.18073,34.05905],[-117.18106,34.05905],[-117.18139,34.05905],[-117.18172,34.05905],[-117.18205,34.05906],[-117.18238,34.05906],[-117.18272,34.05906],[-117.18305,34.05906],[-117.18338,34.05906],[-117.18371,34.05906],[-117.18404,34.05906],[-117.18437,34.05906],[-117.1847,34.05907],[-117.18503,34.05907],[-117.18537,34.05907],[-117.18569,34.05907],[-117.18603,34.05907],[-117.18636,34.05907],[-117.18668,34.05907],[-117.18702,34.05907],[-117.18735,34.05907],[-117.18768,34.05907],[-117.18801,34.05907],[-117.18834,34.05908],[-117.18867,34.05908],[-117.189,34.05908],[-117.18933,34.05908],[-117.18966,34.05909],[-117.18999,34.05909],[-117.19032,34.05909],[-117.19065,34.0591],[-117.19098,34.05911],[-117.1913,34.05913],[-117.19163,34.05916],[-117.19196,34.05919],[-117.19229,34.05922],[-117.19262,34.05927],[-117.19294,34.05931],[-117.19327,34.05936],[-117.19359,34.05942],[-117.19391,34.05947],[-117.19424,34.05953],[-117.19456,34.05959],[-117.19488,34.05967],[-117.19519,34.05974],[-117.19551,34.05981],[-117.19583,34.05989],[-117.19614,34.05998],[-117.19646,34.06006],[-117.19677,34.06015],[-117.19708,34.06024],[-117.19739,34.06033],[-117.19771,34.06041],[-117.19802,34.0605],[-117.19833,34.06059],[-117.19865,34.06068],[-117.19896,34.06076],[-117.19927,34.06085],[-117.19958,34.06094],[-117.1999,34.06103],[-117.20021,34.06111],[-117.20052,34.0612],[-117.20083,34.06129],[-117.20115,34.06138],[-117.20146,34.06147],[-117.20177,34.06156],[-117.20208,34.06165],[-117.2024,34.06174],[-117.20271,34.06183],[-117.20302,34.06191],[-117.20333,34.062],[-117.20365,34.06209],[-117.20396,34.06218],[-117.20427,34.06227],[-117.20458,34.06236],[-117.2049,34.06245],[-117.20521,34.06254],[-117.20552,34.06263],[-117.20583,34.06272],[-117.20615,34.0628],[-117.20646,34.06289],[-117.20677,34.06298],[-117.20708,34.06307],[-117.2074,34.06316],[-117.20771,34.06325],[-117.20802,34.06334],[-117.20833,34.06343],[-117.20864,34.06352],[-117.20896,34.06361],[-117.20927,34.0637],[-117.20958,34.06378],[-117.2099,34.06387],[-117.21021,34.06395],[-117.21052,34.06404],[-117.21084,34.06413],[-117.21115,34.06421],[-117.21146,34.0643],[-117.21178,34.06438],[-117.21209,34.06447],[-117.21241,34.06455],[-117.21272,34.06464],[-117.21303,34.06472],[-117.21335,34.0648],[-117.21366,34.06489],[-117.21398,34.06497],[-117.21429,34.06505],[-117.21461,34.06514],[-117.21492,34.06522],[-117.21524,34.0653],[-117.21556,34.06536],[-117.21588,34.06543],[-117.2162,34.06549],[-117.21653,34.06555],[-117.21685,34.0656],[-117.21718,34.06564],[-117.2175,34.06567],[-117.21783,34.0657],[-117.21816,34.06573],[-117.21849,34.06575],[-117.21882,34.06577],[-117.21915,34.06578],[-117.21948,34.06579],[-117.21981,34.06579],[-117.22014,34.06579],[-117.22047,34.06579],[-117.2208,34.0658],[-117.22113,34.0658],[-117.22146,34.0658],[-117.22179,34.0658],[-117.22212,34.0658],[-117.22245,34.0658],[-117.22278,34.0658],[-117.22311,34.0658],[-117.22344,34.0658],[-117.22377,34.0658],[-117.2241,34.0658],[-117.22443,34.0658],[-117.22476,34.0658],[-117.22509,34.0658],[-117.22542,34.0658],[-117.22575,34.0658],[-117.22608,34.0658],[-117.22641,34.0658],[-117.22674,34.0658],[-117.22707,34.0658],[-117.2274,34.0658],[-117.22773,34.0658],[-117.22806,34.0658],[-117.22839,34.0658],[-117.22872,34.0658],[-117.22906,34.0658],[-117.22938,34.0658],[-117.22971,34.0658],[-117.23005,34.0658],[-117.23037,34.0658],[-117.23071,34.0658],[-117.23104,34.0658],[-117.23137,34.0658],[-117.2317,34.0658],[-117.23203,34.0658],[-117.23236,34.0658],[-117.23269,34.0658],[-117.23302,34.0658],[-117.23335,34.0658],[-117.23368,34.0658],[-117.23401,34.0658],[-117.23434,34.06581],[-117.23467,34.06582],[-117.23499,34.06586],[-117.23532,34.06592],[-117.23563,34.06599],[-117.23595,34.06608],[-117.23625,34.06618],[-117.23654,34.06631],[-117.23683,34.06645],[-117.2371,34.06661],[-117.23735,34.06679],[-117.2376,34.06697],[-117.23785,34.06715],[-117.2381,34.06732],[-117.23835,34.0675],[-117.23861,34.06768],[-117.23886,34.06785],[-117.23912,34.06803],[-117.23937,34.0682],[-117.23962,34.06838],[-117.23988,34.06855],[-117.24013,34.06873],[-117.24039,34.06891],[-117.24064,34.06908],[-117.24089,34.06926],[-117.24115,34.06943],[-117.2414,34.06961],[-117.24166,34.06978],[-117.24191,34.06996],[-117.24216,34.07013],[-117.24242,34.07031],[-117.24267,34.07048],[-117.24292,34.07066],[-117.24318,34.07084],[-117.24343,34.07101],[-117.24369,34.07119],[-117.24393,34.07137],[-117.24418,34.07156],[-117.24443,34.07173],[-117.2447,34.07189],[-117.24497,34.07205],[-117.24524,34.0722],[-117.24552,34.07235],[-117.24581,34.07249],[-117.24609,34.07263],[-117.24639,34.07274],[-117.24669,34.07286],[-117.24699,34.07297],[-117.2473,34.07307],[-117.24761,34.07315],[-117.24793,34.07323],[-117.24825,34.07331],[-117.24857,34.07337],[-117.2489,34.07342],[-117.24922,34.07347],[-117.24955,34.0735],[-117.24988,34.07352],[-117.25021,34.07353],[-117.25054,34.07353],[-117.25087,34.07353],[-117.2512,34.07353],[-117.25153,34.07353],[-117.25186,34.07353],[-117.25219,34.07353],[-117.25252,34.07354],[-117.25285,34.07354],[-117.25318,34.07354],[-117.25351,34.07354],[-117.25384,34.07354],[-117.25417,34.07354],[-117.2545,34.07354],[-117.25483,34.07355],[-117.25516,34.07355],[-117.25549,34.07355],[-117.25582,34.07355],[-117.25615,34.07355],[-117.25648,34.07355],[-117.25681,34.07355],[-117.25714,34.07355],[-117.25747,34.07356],[-117.2578,34.07356],[-117.25813,34.07356],[-117.25846,34.07356],[-117.25879,34.07356],[-117.25912,34.07356],[-117.25945,34.07356],[-117.25978,34.07356],[-117.26011,34.07356],[-117.26044,34.07357],[-117.26077,34.07357],[-117.2611,34.07357],[-117.26143,34.07357],[-117.26176,34.07357],[-117.2621,34.07357],[-117.26242,34.07357],[-117.26275,34.07357],[-117.26309,34.07357],[-117.26342,34.07357],[-117.26375,34.07357],[-117.26408,34.07357],[-117.26441,34.07357],[-117.26474,34.07357],[-117.26507,34.07357],[-117.2654,34.07357],[-117.26573,34.07357],[-117.26606,34.07357],[-117.26639,34.07358],[-117.26672,34.0736],[-117.26705,34.07361],[-117.26737,34.07364],[-117.2677,34.07369],[-117.26803,34.07373],[-117.26835,34.07379],[-117.26867,34.07386],[-117.26898,34.07394],[-117.26929,34.07403],[-117.26961,34.07412],[-117.26991,34.07422],[-117.27021,34.07435],[-117.2705,34.07447],[-117.2708,34.07459],[-117.2711,34.07471],[-117.27139,34.07483],[-117.27169,34.07495],[-117.27199,34.07507],[-117.27228,34.07519],[-117.27258,34.07531],[-117.27288,34.07544],[-117.27317,34.07556],[-117.27347,34.07568],[-117.27376,34.0758],[-117.27406,34.07592],[-117.27435,34.07605],[-117.27465,34.07617],[-117.27495,34.07629],[-117.27524,34.07641],[-117.27554,34.07653],[-117.27583,34.07666],[-117.27613,34.07678],[-117.27643,34.0769],[-117.27672,34.07702],[-117.27702,34.07715],[-117.27731,34.07727],[-117.27761,34.07739],[-117.27791,34.07751],[-117.2782,34.07764],[-117.2785,34.07776],[-117.27879,34.07789],[-117.27907,34.07803],[-117.27934,34.07819],[-117.2796,34.07836],[-117.27985,34.07854],[-117.28008,34.07873],[-117.28031,34.07893],[-117.28052,34.07914],[-117.28072,34.07936],[-117.2809,34.07959],[-117.28108,34.07982],[-117.28123,34.08006],[-117.28137,34.08031],[-117.2815,34.08057],[-117.28161,34.08082],[-117.28169,34.08109],[-117.28177,34.08136],[-117.28183,34.08163],[-117.28187,34.0819],[-117.28191,34.08217],[-117.28194,34.08245],[-117.28198,34.08272],[-117.28202,34.08299],[-117.28205,34.08327],[-117.28209,34.08354],[-117.28212,34.08381],[-117.28216,34.08409],[-117.28219,34.08436],[-117.28223,34.08463],[-117.28226,34.08491],[-117.2823,34.08518],[-117.28234,34.08545],[-117.28237,34.08572],[-117.28241,34.086],[-117.28244,34.08627],[-117.28247,34.08655],[-117.28251,34.08682],[-117.28254,34.08709],[-117.28257,34.08736],[-117.28261,34.08764],[-117.28265,34.08791],[-117.28268,34.08819],[-117.28272,34.08846],[-117.28276,34.08873],[-117.28279,34.089],[-117.28283,34.08928],[-117.28287,34.08955],[-117.2829,34.08982],[-117.28294,34.0901],[-117.28297,34.09037],[-117.28301,34.09064],[-117.28304,34.09092],[-117.28307,34.09119],[-117.28311,34.09146],[-117.28314,34.09174],[-117.28318,34.09201],[-117.28321,34.09228],[-117.28325,34.09256],[-117.28328,34.09283],[-117.28332,34.0931],[-117.28336,34.09338],[-117.28339,34.09365],[-117.28342,34.09392],[-117.28347,34.09419],[-117.28352,34.09446],[-117.28358,34.09474],[-117.28366,34.095],[-117.28375,34.09527],[-117.28383,34.09553],[-117.28392,34.0958],[-117.28401,34.09606],[-117.28409,34.09633],[-117.28418,34.09659],[-117.28426,34.09686],[-117.28435,34.09712],[-117.28443,34.09739],[-117.28452,34.09766],[-117.2846,34.09792],[-117.28469,34.09819],[-117.28478,34.09845],[-117.28492,34.0987],[-117.28509,34.09893],[-117.28531,34.09914],[-117.28555,34.09933],[-117.28582,34.09949],[-117.28611,34.09961],[-117.28642,34.09972],[-117.28674,34.09976],[-117.28707,34.09979],[-117.2874,34.0998],[-117.28773,34.0998],[-117.28806,34.0998],[-117.28839,34.0998],[-117.28872,34.0998],[-117.28905,34.0998],[-117.28938,34.0998],[-117.28971,34.0998],[-117.29004,34.0998],[-117.29037,34.0998],[-117.29071,34.09981],[-117.29103,34.09981],[-117.29136,34.09981],[-117.2917,34.0998],[-117.29203,34.0998],[-117.29236,34.09979],[-117.29269,34.09979],[-117.29302,34.0998],[-117.29335,34.09981],[-117.29368,34.09981],[-117.29401,34.09981],[-117.29434,34.09981],[-117.29467,34.0998],[-117.295,34.0998],[-117.29533,34.0998],[-117.29566,34.09979],[-117.29599,34.09979],[-117.29632,34.09979],[-117.29665,34.09979],[-117.29698,34.09978],[-117.29731,34.09978],[-117.29764,34.09978],[-117.29797,34.09978],[-117.2983,34.09977],[-117.29863,34.09977],[-117.29896,34.09977],[-117.29929,34.09976],[-117.29962,34.09976],[-117.29995,34.09976],[-117.30028,34.09976],[-117.30061,34.09975],[-117.30094,34.09975],[-117.30127,34.09978],[-117.30159,34.09985],[-117.3019,34.09994],[-117.30221,34.10005],[-117.3025,34.10017],[-117.30277,34.10033],[-117.30301,34.10052],[-117.30322,34.10073],[-117.30343,34.10095],[-117.30363,34.10116],[-117.30384,34.10138],[-117.30401,34.10161],[-117.30413,34.10187],[-117.3042,34.10213],[-117.30421,34.10241],[-117.30421,34.10269],[-117.3042,34.10296],[-117.3042,34.10323],[-117.3042,34.10351],[-117.30425,34.10378],[-117.30436,34.10404],[-117.30453,34.10427],[-117.30476,34.10448],[-117.30502,34.10464],[-117.30532,34.10476],[-117.30563,34.10483],[-117.30596,34.10484],[-117.30629,34.10481],[-117.30661,34.10475],[-117.30694,34.10469],[-117.30726,34.10464],[-117.30758,34.10458],[-117.30791,34.10452],[-117.30823,34.10447],[-117.30856,34.10444],[-117.30889,34.10443],[-117.30922,34.10443],[-117.30955,34.10443],[-117.30988,34.10443],[-117.31021,34.10443],[-117.31054,34.10443],[-117.31087,34.10443],[-117.3112,34.10443],[-117.31153,34.10443],[-117.31186,34.10443],[-117.31219,34.10443],[-117.31252,34.10444],[-117.31285,34.10445],[-117.31318,34.10446],[-117.31351,34.10446],[-117.31384,34.10446],[-117.31417,34.10445],[-117.3145,34.10445],[-117.31483,34.10444],[-117.31516,34.10444],[-117.31549,34.10444],[-117.31583,34.10444],[-117.31615,34.10443],[-117.31649,34.10443],[-117.31682,34.10442],[-117.31715,34.10442],[-117.31748,34.10442],[-117.31781,34.10441],[-117.31814,34.1044],[-117.31847,34.10439],[-117.3188,34.10437],[-117.31913,34.10436],[-117.31946,34.10433],[-117.31978,34.10431],[-117.32011,34.10429],[-117.32044,34.10426],[-117.32077,34.10424],[-117.3211,34.10421],[-117.32143,34.10419],[-117.32176,34.10418],[-117.32209,34.10419],[-117.32242,34.10422],[-117.32274,34.10427],[-117.32306,34.10433],[-117.32338,34.10441],[-117.3237,34.10449],[-117.32402,34.10457],[-117.32433,34.10464],[-117.32465,34.10472],[-117.32497,34.1048],[-117.32528,34.10487],[-117.32561,34.10493],[-117.32593,34.10497],[-117.32626,34.10499],[-117.32659,34.10499],[-117.32692,34.10498],[-117.32725,34.10494],[-117.32758,34.1049],[-117.3279,34.10486],[-117.32823,34.10482],[-117.32855,34.10477],[-117.32888,34.10473],[-117.32921,34.1047],[-117.32954,34.10468],[-117.32987,34.10467],[-117.3302,34.10465],[-117.33053,34.10464],[-117.33086,34.10462],[-117.33119,34.10461],[-117.33152,34.1046],[-117.33185,34.10458],[-117.33218,34.10457],[-117.33251,34.10457],[-117.33284,34.10457],[-117.33317,34.10457],[-117.3335,34.10457],[-117.33383,34.10457],[-117.33416,34.10456],[-117.33449,34.10454],[-117.33482,34.10451],[-117.33514,34.10445],[-117.33546,34.10437],[-117.33577,34.10428],[-117.33607,34.10417],[-117.33636,34.10404],[-117.33664,34.1039],[-117.33692,34.10375],[-117.3372,34.1036],[-117.33747,34.10345],[-117.33775,34.10329],[-117.33802,34.10314],[-117.3383,34.10299],[-117.33858,34.10284],[-117.33885,34.10269],[-117.33913,34.10254],[-117.3394,34.10239],[-117.33968,34.10224],[-117.33996,34.10209],[-117.34023,34.10193],[-117.34051,34.10178],[-117.34078,34.10163],[-117.34106,34.10148],[-117.34133,34.10133],[-117.34161,34.10118],[-117.34189,34.10103],[-117.34216,34.10088],[-117.34244,34.10072],[-117.34271,34.10057],[-117.34299,34.10042],[-117.34327,34.10027],[-117.34354,34.10012],[-117.34382,34.09997],[-117.34409,34.09982],[-117.34437,34.09967],[-117.34465,34.09952],[-117.34493,34.09938],[-117.34522,34.09925],[-117.34551,34.09911],[-117.3458,34.09898],[-117.3461,34.09886],[-117.34639,34.09874],[-117.34669,34.09862],[-117.34699,34.09851],[-117.3473,34.0984],[-117.34761,34.0983],[-117.34791,34.09821],[-117.34822,34.09811],[-117.34854,34.09802],[-117.34885,34.09794],[-117.34917,34.09786],[-117.34949,34.09778],[-117.34981,34.09771],[-117.35013,34.09765],[-117.35045,34.09759],[-117.35077,34.09753],[-117.3511,34.09748],[-117.35142,34.09743],[-117.35175,34.09739],[-117.35207,34.09736],[-117.3524,34.09732],[-117.35273,34.0973],[-117.35306,34.09727],[-117.35339,34.09725],[-117.35372,34.09724],[-117.35405,34.09723],[-117.35438,34.09722],[-117.35471,34.09722],[-117.35504,34.09721],[-117.35537,34.0972],[-117.3557,34.09719],[-117.35603,34.09718],[-117.35636,34.09718],[-117.35669,34.09717],[-117.35702,34.09716],[-117.35735,34.09715],[-117.35768,34.09714],[-117.35801,34.09714],[-117.35834,34.09713],[-117.35867,34.09712],[-117.359,34.09711],[-117.35933,34.0971],[-117.35966,34.0971],[-117.35999,34.09709],[-117.36032,34.09708],[-117.36065,34.09707],[-117.36098,34.09706],[-117.36131,34.09706],[-117.36164,34.09705],[-117.36197,34.09704],[-117.3623,34.09703],[-117.36263,34.09702],[-117.36297,34.09702],[-117.36329,34.09701],[-117.36362,34.097],[-117.36396,34.09699],[-117.36428,34.09698],[-117.36462,34.09698],[-117.36495,34.09697],[-117.36528,34.09696],[-117.36561,34.09695],[-117.36594,34.09694],[-117.36627,34.09694],[-117.3666,34.09693],[-117.36693,34.09692],[-117.36726,34.09691],[-117.36759,34.0969],[-117.36792,34.0969],[-117.36825,34.09689],[-117.36858,34.09688],[-117.36891,34.09687],[-117.36924,34.09686],[-117.36957,34.09686],[-117.3699,34.09685],[-117.37023,34.09684],[-117.37056,34.09683],[-117.37089,34.09682],[-117.37122,34.09682],[-117.37155,34.09681],[-117.37188,34.0968],[-117.37221,34.09679],[-117.37254,34.09678],[-117.37287,34.09678],[-117.3732,34.09677],[-117.37353,34.09676],[-117.37386,34.09675],[-117.37419,34.09674],[-117.37452,34.09674],[-117.37485,34.09673],[-117.37518,34.09672],[-117.37551,34.09671],[-117.37584,34.0967],[-117.37617,34.09669],[-117.3765,34.09669],[-117.37683,34.09668],[-117.37716,34.09667],[-117.37749,34.09666],[-117.37782,34.09665],[-117.37815,34.09665],[-117.37848,34.09664],[-117.37881,34.09663],[-117.37914,34.09662],[-117.37947,34.09661],[-117.3798,34.09661],[-117.38013,34.0966],[-117.38046,34.09659],[-117.38079,34.09658],[-117.38112,34.09658],[-117.38145,34.09657],[-117.38178,34.09656],[-117.38211,34.09655],[-117.38244,34.09654],[-117.38277,34.09653],[-117.38311,34.09653],[-117.38344,34.09652],[-117.38376,34.09651],[-117.3841,34.0965],[-117.38442,34.09649],[-117.38475,34.09649],[-117.38509,34.09648],[-117.38542,34.09647],[-117.38575,34.09646],[-117.38608,34.09645],[-117.38641,34.09644],[-117.38674,34.09644],[-117.38707,34.09643],[-117.3874,34.09642],[-117.38773,34.09641],[-117.38806,34.0964],[-117.38839,34.0964],[-117.38872,34.09639],[-117.38905,34.09638],[-117.38938,34.09637],[-117.38971,34.09636],[-117.39004,34.09635],[-117.39037,34.09634],[-117.3907,34.09634],[-117.39103,34.09633],[-117.39136,34.09632],[-117.39169,34.09631],[-117.39202,34.0963],[-117.39235,34.09629],[-117.39268,34.09629],[-117.39301,34.09628],[-117.39334,34.09627],[-117.39367,34.09626],[-117.394,34.09625],[-117.39433,34.09625],[-117.39466,34.09624],[-117.39499,34.09623],[-117.39532,34.09622],[-117.39565,34.09621],[-117.39598,34.0962],[-117.39631,34.0962],[-117.39664,34.09619],[-117.39697,34.09618],[-117.3973,34.09617],[-117.39763,34.09616],[-117.39796,34.09616],[-117.39829,34.09615],[-117.39862,34.09614],[-117.39895,34.09613],[-117.39928,34.09612],[-117.39961,34.09611],[-117.39994,34.09611],[-117.40027,34.0961],[-117.4006,34.09609],[-117.40093,34.09608],[-117.40126,34.09607],[-117.40159,34.09606],[-117.40192,34.09606],[-117.40225,34.09605],[-117.40258,34.09604],[-117.40291,34.09603],[-117.40324,34.09602],[-117.40357,34.09601],[-117.4039,34.09601],[-117.40423,34.096],[-117.40457,34.09599],[-117.40489,34.09598],[-117.40523,34.09597],[-117.40556,34.09596],[-117.40588,34.09596],[-117.40622,34.09595],[-117.40655,34.09594],[-117.40688,34.09593],[-117.40721,34.09592],[-117.40754,34.09591],[-117.40787,34.09591],[-117.4082,34.0959],[-117.40853,34.09589],[-117.40886,34.09588],[-117.40919,34.09587],[-117.40952,34.09587],[-117.40985,34.09586],[-117.41018,34.09585],[-117.41051,34.09584],[-117.41084,34.09583],[-117.41117,34.09582],[-117.4115,34.09582],[-117.41183,34.09581],[-117.41216,34.0958],[-117.41249,34.09579],[-117.41282,34.09578],[-117.41315,34.09577],[-117.41348,34.09577],[-117.41381,34.09576],[-117.41414,34.09575],[-117.41447,34.09574],[-117.4148,34.09573],[-117.41513,34.09572],[-117.41546,34.09571],[-117.41579,34.09571],[-117.41612,34.0957],[-117.41645,34.09569],[-117.41678,34.09568],[-117.41711,34.09567],[-117.41744,34.09566],[-117.41777,34.09566],[-117.4181,34.09565],[-117.41843,34.09564],[-117.41876,34.09563],[-117.41909,34.09562],[-117.41942,34.09562],[-117.41975,34.09561],[-117.42008,34.0956],[-117.42041,34.09559],[-117.42074,34.09558],[-117.42107,34.09557],[-117.4214,34.09557],[-117.42173,34.09556],[-117.42206,34.09555],[-117.42239,34.09554],[-117.42272,34.09553],[-117.42305,34.09552],[-117.42338,34.09551],[-117.42371,34.09551],[-117.42404,34.0955],[-117.42437,34.09549],[-117.4247,34.09548],[-117.42503,34.09547],[-117.42536,34.09546],[-117.42569,34.09546],[-117.42602,34.09545],[-117.42635,34.09544],[-117.42669,34.09543],[-117.42701,34.09542],[-117.42735,34.09542],[-117.42767,34.09541],[-117.428,34.0954],[-117.42834,34.09539],[-117.42866,34.09538],[-117.429,34.09537],[-117.42933,34.09537],[-117.42966,34.09536],[-117.42999,34.09535],[-117.43032,34.09534],[-117.43065,34.09533],[-117.43098,34.09532],[-117.43131,34.09531],[-117.43164,34.09531],[-117.43197,34.0953],[-117.4323,34.09529],[-117.43263,34.09528],[-117.43296,34.09527],[-117.43329,34.09526],[-117.43362,34.09526],[-117.43395,34.09525],[-117.43428,34.09524],[-117.43461,34.09523],[-117.43494,34.09522],[-117.43527,34.09521],[-117.4356,34.09521],[-117.43593,34.0952],[-117.43626,34.09519],[-117.43659,34.09518],[-117.43692,34.09517],[-117.43725,34.09516],[-117.43758,34.09515],[-117.43791,34.09515],[-117.43824,34.09514],[-117.43857,34.09513],[-117.4389,34.09512],[-117.43923,34.09511],[-117.43956,34.0951],[-117.43989,34.0951],[-117.44022,34.09509],[-117.44055,34.09508],[-117.44088,34.09507],[-117.44121,34.09506],[-117.44154,34.09506],[-117.44187,34.09505],[-117.4422,34.09504],[-117.44253,34.09503],[-117.44286,34.09502],[-117.44319,34.09501],[-117.44352,34.095],[-117.44385,34.095],[-117.44418,34.09499],[-117.44451,34.09498],[-117.44484,34.09497],[-117.44517,34.09496],[-117.4455,34.09495],[-117.44583,34.09495],[-117.44616,34.09494],[-117.44649,34.09493],[-117.44682,34.09492],[-117.44715,34.09491],[-117.44748,34.0949],[-117.44781,34.0949],[-117.44814,34.09489],[-117.44847,34.09488],[-117.4488,34.09487],[-117.44913,34.09486],[-117.44946,34.09485],[-117.44979,34.09484],[-117.45012,34.09484],[-117.45046,34.09483],[-117.45078,34.09482],[-117.45112,34.09481],[-117.45145,34.0948],[-117.45177,34.09479],[-117.45211,34.09479],[-117.45244,34.09478],[-117.45277,34.09477],[-117.4531,34.09476],[-117.45343,34.09475],[-117.45376,34.09474],[-117.45409,34.09474],[-117.45442,34.09473],[-117.45475,34.09472],[-117.45508,34.09471],[-117.45541,34.0947],[-117.45574,34.09469],[-117.45607,34.09468],[-117.4564,34.09468],[-117.45673,34.09467],[-117.45706,34.09466],[-117.45739,34.09465],[-117.45772,34.09464],[-117.45805,34.09463],[-117.45838,34.09463],[-117.45871,34.09462],[-117.45904,34.09461],[-117.45937,34.0946],[-117.4597,34.09459],[-117.46003,34.09458],[-117.46036,34.09457],[-117.46069,34.09457],[-117.46102,34.09456],[-117.46135,34.09455],[-117.46168,34.09454],[-117.46201,34.09453],[-117.46234,34.09452],[-117.46267,34.09452],[-117.463,34.09451],[-117.46333,34.0945],[-117.46366,34.09449],[-117.46399,34.09448],[-117.46432,34.09447],[-117.46465,34.09446],[-117.46498,34.09446],[-117.46531,34.09445],[-117.46564,34.09444],[-117.46597,34.09443],[-117.4663,34.09442],[-117.46663,34.09441],[-117.46696,34.09441],[-117.46729,34.0944],[-117.46762,34.09439],[-117.46795,34.09438],[-117.46828,34.09437],[-117.46861,34.09436],[-117.46894,34.09436],[-117.46927,34.09435],[-117.4696,34.09434],[-117.46993,34.09433],[-117.47026,34.09432],[-117.47059,34.09431],[-117.47092,34.0943],[-117.47125,34.0943],[-117.47158,34.09429],[-117.47191,34.09428],[-117.47224,34.09427],[-117.47257,34.09426],[-117.4729,34.09425],[-117.47323,34.09424],[-117.47356,34.09424],[-117.47389,34.09423],[-117.47423,34.09422],[-117.47455,34.09421],[-117.47489,34.0942],[-117.47522,34.09419],[-117.47554,34.09419],[-117.47588,34.09418],[-117.47621,34.09417],[-117.47654,34.09416],[-117.47687,34.09415],[-117.4772,34.09414],[-117.47753,34.09413],[-117.47786,34.09413],[-117.47819,34.09412],[-117.47852,34.09411],[-117.47885,34.0941],[-117.47918,34.09409],[-117.47951,34.09408],[-117.47984,34.09407],[-117.48017,34.09407],[-117.4805,34.09406],[-117.48083,34.09405],[-117.48116,34.09404],[-117.48149,34.09403],[-117.48182,34.09402],[-117.48215,34.09401],[-117.48248,34.09401],[-117.48281,34.094],[-117.48314,34.09399],[-117.48347,34.09398],[-117.4838,34.09397],[-117.48413,34.09396],[-117.48446,34.09396],[-117.48479,34.09395],[-117.48512,34.09394],[-117.48545,34.09393],[-117.48578,34.09392],[-117.48611,34.09391],[-117.48644,34.0939],[-117.48677,34.09389],[-117.4871,34.09389],[-117.48743,34.09388],[-117.48776,34.09387],[-117.48809,34.09386],[-117.48842,34.09385],[-117.48875,34.09384],[-117.48908,34.09383],[-117.48941,34.09382],[-117.48974,34.09382],[-117.49007,34.09381],[-117.4904,34.0938],[-117.49073,34.09379],[-117.49106,34.09378],[-117.49139,34.09377],[-117.49172,34.09376],[-117.49205,34.09376],[-117.49238,34.09375],[-117.49271,34.09374],[-117.49304,34.09373],[-117.49337,34.09372],[-117.4937,34.09371],[-117.49403,34.0937],[-117.49436,34.09369],[-117.49469,34.09369],[-117.49502,34.09368],[-117.49535,34.09367],[-117.49568,34.09366],[-117.49601,34.09365],[-117.49634,34.09364],[-117.49667,34.09363],[-117.497,34.09362],[-117.49733,34.09362],[-117.49766,34.09361],[-117.49799,34.0936],[-117.49832,34.09359],[-117.49865,34.09358],[-117.49899,34.09357],[-117.49931,34.09356],[-117.49965,34.09356],[-117.49998,34.09355],[-117.5003,34.09354],[-117.50064,34.09353],[-117.50096,34.09352],[-117.50129,34.09351],[-117.50163,34.0935],[-117.50196,34.09349],[-117.50229,34.09349],[-117.50262,34.09348],[-117.50295,34.09347],[-117.50328,34.09346],[-117.50361,34.09345],[-117.50394,34.09344],[-117.50427,34.09343],[-117.5046,34.09342],[-117.50493,34.09342],[-117.50526,34.09341],[-117.50559,34.0934],[-117.50592,34.09339],[-117.50625,34.09338],[-117.50658,34.09337],[-117.50691,34.09336],[-117.50724,34.09335],[-117.50757,34.09334],[-117.5079,34.09334],[-117.50823,34.09333],[-117.50856,34.09332],[-117.50889,34.09331],[-117.50922,34.0933],[-117.50955,34.09329],[-117.50988,34.09328],[-117.51021,34.09327],[-117.51054,34.09327],[-117.51087,34.09326],[-117.5112,34.09325],[-117.51153,34.09324],[-117.51186,34.09323],[-117.51219,34.09322],[-117.51252,34.09321],[-117.51285,34.0932],[-117.51318,34.0932],[-117.51351,34.09319],[-117.51384,34.09318],[-117.51417,34.09317],[-117.5145,34.09316],[-117.51483,34.09315],[-117.51516,34.09314],[-117.51549,34.09313],[-117.51582,34.09313],[-117.51615,34.09312],[-117.51648,34.09311],[-117.51681,34.0931],[-117.51714,34.09309],[-117.51747,34.09308],[-117.5178,34.09307],[-117.51813,34.09307],[-117.51846,34.09306],[-117.51879,34.09305],[-117.51912,34.09304],[-117.51945,34.09303],[-117.51978,34.09302],[-117.52011,34.09301],[-117.52044,34.093],[-117.52077,34.09299],[-117.5211,34.09299],[-117.52143,34.09298],[-117.52176,34.09297],[-117.52209,34.09296],[-117.52242,34.09295],[-117.52275,34.09294],[-117.52308,34.09293],[-117.52341,34.09292],[-117.52374,34.09291],[-117.52407,34.09291],[-117.5244,34.0929],[-117.52473,34.09289],[-117.52506,34.09288],[-117.52539,34.09287],[-117.52572,34.09286],[-117.52605,34.09285],[-117.52639,34.09284],[-117.52671,34.09284],[-117.52705,34.09283],[-117.52738,34.09282],[-117.5277,34.09281],[-117.52804,34.0928],[-117.52836,34.09279],[-117.5287,34.09278],[-117.52903,34.09278],[-117.52936,34.09277],[-117.52969,34.09276],[-117.53002,34.09275],[-117.53035,34.09274],[-117.53068,34.09273],[-117.53101,34.09272],[-117.53134,34.09271],[-117.53167,34.0927],[-117.532,34.09269],[-117.53233,34.09269],[-117.53266,34.09268],[-117.53299,34.09267],[-117.53332,34.09266],[-117.53365,34.09265],[-117.53398,34.09264],[-117.53431,34.09263],[-117.53464,34.09262],[-117.53497,34.09262],[-117.5353,34.09261],[-117.53563,34.0926],[-117.53596,34.09259],[-117.53629,34.09258],[-117.53662,34.09257],[-117.53695,34.09256],[-117.53728,34.09255],[-117.53761,34.09255],[-117.53794,34.09254],[-117.53827,34.09253],[-117.5386,34.09252],[-117.53893,34.09251],[-117.53926,34.0925],[-117.53959,34.09249],[-117.53992,34.09248],[-117.54025,34.09248],[-117.54058,34.09247],[-117.54091,34.09246],[-117.54124,34.09245],[-117.54157,34.09244],[-117.5419,34.09243],[-117.54223,34.09242],[-117.54256,34.09241],[-117.54289,34.0924],[-117.54322,34.0924],[-117.54355,34.09239],[-117.54388,34.09238],[-117.54421,34.09237],[-117.54454,34.09236],[-117.54487,34.09235],[-117.5452,34.09234],[-117.54553,34.09233],[-117.54586,34.09232],[-117.54619,34.09232],[-117.54652,34.09231],[-117.54685,34.0923],[-117.54718,34.09229],[-117.54751,34.09228],[-117.54784,34.09227],[-117.54817,34.09226],[-117.5485,34.09225],[-117.54883,34.09224],[-117.54916,34.09224],[-117.54949,34.09223],[-117.54982,34.09222],[-117.55015,34.09221],[-117.55048,34.0922],[-117.55081,34.09219],[-117.55114,34.09218],[-117.55147,34.09217],[-117.5518,34.09217],[-117.55213,34.09216],[-117.55246,34.09215],[-117.55279,34.09214],[-117.55312,34.09213],[-117.55345,34.09212],[-117.55378,34.09211],[-117.55411,34.0921],[-117.55445,34.09209],[-117.55478,34.09208],[-117.5551,34.09208],[-117.55544,34.09207],[-117.55576,34.09206],[-117.55609,34.09205],[-117.55643,34.09204],[-117.55675,34.09203],[-117.55709,34.09202],[-117.55742,34.09201],[-117.55775,34.09201],[-117.55808,34.092],[-117.55841,34.09199],[-117.55874,34.09198],[-117.55907,34.09197],[-117.5594,34.09196],[-117.55973,34.09195],[-117.56006,34.09194],[-117.56039,34.09193],[-117.56072,34.09193],[-117.56105,34.09192],[-117.56138,34.09191],[-117.56171,34.0919],[-117.56204,34.09189],[-117.56237,34.09189],[-117.5627,34.09188],[-117.56303,34.09188],[-117.56336,34.09188],[-117.56369,34.09188],[-117.56402,34.09188],[-117.56435,34.09188],[-117.56468,34.09188],[-117.56501,34.09189],[-117.56534,34.09189],[-117.56567,34.09189],[-117.566,34.09189],[-117.56633,34.09189],[-117.56666,34.09189],[-117.56699,34.0919],[-117.56732,34.0919],[-117.56765,34.0919],[-117.56798,34.0919],[-117.56831,34.0919],[-117.56864,34.0919],[-117.56897,34.0919],[-117.5693,34.0919],[-117.56963,34.09191],[-117.56996,34.09191],[-117.57029,34.09191],[-117.57062,34.09191],[-117.57095,34.09191],[-117.57129,34.09191],[-117.57161,34.09192],[-117.57195,34.09192],[-117.57228,34.09192],[-117.57261,34.09192],[-117.57294,34.09192],[-117.57327,34.09192],[-117.5736,34.09192],[-117.57393,34.09193],[-117.57426,34.09193],[-117.57459,34.09193],[-117.57492,34.09193],[-117.57525,34.09193],[-117.57558,34.09193],[-117.57591,34.09193],[-117.57624,34.09193],[-117.57657,34.09194],[-117.5769,34.09194],[-117.57723,34.09194],[-117.57756,34.09194],[-117.57789,34.09194],[-117.57822,34.09194],[-117.57855,34.09194],[-117.57888,34.09195],[-117.57921,34.09195],[-117.57954,34.09195],[-117.57987,34.09195],[-117.5802,34.09195],[-117.58053,34.09195],[-117.58086,34.09195],[-117.58119,34.09195],[-117.58152,34.09196],[-117.58185,34.09196],[-117.58218,34.09196],[-117.58252,34.09196],[-117.58285,34.09196],[-117.58317,34.09196],[-117.58351,34.09197],[-117.58384,34.09197],[-117.58417,34.09197],[-117.5845,34.09197],[-117.58483,34.09197],[-117.58516,34.09197],[-117.58549,34.09197],[-117.58582,34.09197],[-117.58615,34.09198],[-117.58648,34.09198],[-117.58681,34.09198],[-117.58714,34.09198],[-117.58747,34.09198],[-117.5878,34.09198],[-117.58813,34.09198],[-117.58846,34.09199],[-117.58879,34.09199],[-117.58912,34.09199],[-117.58945,34.09199],[-117.58978,34.09199],[-117.59011,34.09199],[-117.59044,34.09199],[-117.59077,34.09199],[-117.5911,34.092],[-117.59143,34.092],[-117.59176,34.092],[-117.59209,34.092],[-117.59242,34.092],[-117.59275,34.092],[-117.59308,34.092],[-117.59341,34.09201],[-117.59374,34.09201],[-117.59407,34.09201],[-117.5944,34.09201],[-117.59474,34.09201],[-117.59507,34.09201],[-117.59539,34.09201],[-117.59573,34.09202],[-117.59606,34.09202],[-117.59639,34.09202],[-117.59672,34.09202],[-117.59705,34.09202],[-117.59738,34.09202],[-117.59771,34.09202],[-117.59804,34.09202],[-117.59837,34.09203],[-117.5987,34.09203],[-117.59903,34.09203],[-117.59936,34.09203],[-117.59969,34.09203],[-117.60002,34.09203],[-117.60035,34.09203],[-117.60068,34.09204],[-117.60101,34.09204],[-117.60134,34.09204],[-117.60167,34.09204],[-117.602,34.09204],[-117.60233,34.09204],[-117.60266,34.09205],[-117.60299,34.09206],[-117.60332,34.09207],[-117.60365,34.09209],[-117.60398,34.09211],[-117.60431,34.09213],[-117.60464,34.09216],[-117.60497,34.09218],[-117.6053,34.09221],[-117.60563,34.09223],[-117.60595,34.09225],[-117.60628,34.09228],[-117.60661,34.0923],[-117.60694,34.09233],[-117.60727,34.09235],[-117.6076,34.09238],[-117.60793,34.0924],[-117.60826,34.09242],[-117.60859,34.09245],[-117.60891,34.09247],[-117.60924,34.0925],[-117.60957,34.09252],[-117.6099,34.09253],[-117.61023,34.09255],[-117.61056,34.09256],[-117.61089,34.09257],[-117.61122,34.09257],[-117.61155,34.09257],[-117.61188,34.09257],[-117.61221,34.09257],[-117.61254,34.09257],[-117.61288,34.09257],[-117.6132,34.09257],[-117.61354,34.09257],[-117.61387,34.09257],[-117.6142,34.09257],[-117.61453,34.09257],[-117.61486,34.09257],[-117.61519,34.09257],[-117.61552,34.09256],[-117.61585,34.09256],[-117.61618,34.09256],[-117.61651,34.09256],[-117.61684,34.09256],[-117.61717,34.09256],[-117.6175,34.09256],[-117.61783,34.09256],[-117.61816,34.09256],[-117.61849,34.09256],[-117.61882,34.09255],[-117.61915,34.09255],[-117.61948,34.09255],[-117.61981,34.09255],[-117.62014,34.09255],[-117.62047,34.09255],[-117.6208,34.09255],[-117.62113,34.09255],[-117.62146,34.09255],[-117.62179,34.09255],[-117.62212,34.09255],[-117.62245,34.09255],[-117.62278,34.09254],[-117.62311,34.09254],[-117.62344,34.09254],[-117.62377,34.09254],[-117.62411,34.09254],[-117.62444,34.09254],[-117.62476,34.09254],[-117.6251,34.09254],[-117.62543,34.09254],[-117.62576,34.09253],[-117.62609,34.09253],[-117.62642,34.09253],[-117.62675,34.09253],[-117.62708,34.09253],[-117.62741,34.09253],[-117.62774,34.09253],[-117.62807,34.09253],[-117.6284,34.09254],[-117.62873,34.09255],[-117.62906,34.09257],[-117.62939,34.09259],[-117.62972,34.09261],[-117.63004,34.09264],[-117.63037,34.09268],[-117.6307,34.09272],[-117.63102,34.09276],[-117.63135,34.09281],[-117.63167,34.09287],[-117.632,34.09292],[-117.63232,34.09299],[-117.63264,34.09305],[-117.63296,34.09312],[-117.63328,34.09319],[-117.6336,34.09326],[-117.63392,34.09333],[-117.63424,34.0934],[-117.63455,34.09347],[-117.63487,34.09354],[-117.63519,34.09361],[-117.63551,34.09368],[-117.63583,34.09375],[-117.63615,34.09382],[-117.63647,34.09389],[-117.63679,34.09396],[-117.63711,34.09403],[-117.63743,34.09409],[-117.63776,34.09414],[-117.63808,34.09419],[-117.63841,34.09424],[-117.63873,34.09428],[-117.63906,34.09432],[-117.63939,34.09435],[-117.63972,34.09438],[-117.64005,34.0944],[-117.64038,34.09442],[-117.64071,34.09443],[-117.64104,34.09444],[-117.64137,34.09444],[-117.6417,34.09444],[-117.64203,34.09444],[-117.64236,34.09444],[-117.64269,34.09444],[-117.64302,34.09444],[-117.64335,34.09444],[-117.64368,34.09444],[-117.64401,34.09444],[-117.64434,34.09443],[-117.64467,34.09443],[-117.645,34.09443],[-117.64533,34.09443],[-117.64566,34.09443],[-117.64599,34.09443],[-117.64632,34.09443],[-117.64665,34.09443],[-117.64698,34.09443],[-117.64731,34.09443],[-117.64764,34.09443],[-117.64797,34.09443],[-117.6483,34.09443],[-117.64863,34.09443],[-117.64896,34.09443],[-117.64929,34.09442],[-117.64963,34.09442],[-117.64996,34.09442],[-117.65028,34.09442],[-117.65062,34.09442],[-117.65095,34.09442],[-117.65128,34.09442],[-117.65161,34.09442],[-117.65194,34.09442],[-117.65227,34.09442],[-117.6526,34.09442],[-117.65293,34.09442],[-117.65326,34.09441],[-117.65359,34.09441],[-117.65392,34.09441],[-117.65425,34.09441],[-117.65458,34.09441],[-117.65491,34.09441],[-117.65524,34.09441],[-117.65557,34.09441],[-117.6559,34.09441],[-117.65623,34.09441],[-117.65656,34.09441],[-117.65689,34.09441],[-117.65722,34.09441],[-117.65755,34.09441],[-117.65788,34.0944],[-117.65821,34.0944],[-117.65854,34.0944],[-117.65887,34.0944],[-117.6592,34.0944],[-117.65953,34.0944],[-117.65986,34.0944],[-117.66019,34.0944],[-117.66052,34.0944],[-117.66085,34.0944],[-117.66119,34.0944],[-117.66151,34.0944],[-117.66185,34.09439],[-117.66218,34.09439],[-117.66251,34.09439],[-117.66284,34.09439],[-117.66317,34.09439],[-117.6635,34.09439],[-117.66383,34.09439],[-117.66416,34.09439],[-117.66449,34.09439],[-117.66482,34.09439],[-117.66515,34.09439],[-117.66548,34.09439],[-117.66581,34.09439],[-117.66614,34.09439],[-117.66647,34.09438],[-117.6668,34.09438],[-117.66713,34.09438],[-117.66746,34.09438],[-117.66779,34.09438],[-117.66812,34.09438],[-117.66845,34.09438],[-117.66878,34.09438],[-117.66911,34.09438],[-117.66944,34.09438],[-117.66977,34.09438],[-117.6701,34.09437],[-117.67043,34.09437],[-117.67076,34.09437],[-117.67109,34.09437],[-117.67142,34.09437],[-117.67175,34.09437],[-117.67208,34.09437],[-117.67242,34.09437],[-117.67275,34.09437],[-117.67307,34.09437],[-117.67341,34.09437],[-117.67374,34.09437],[-117.67407,34.09437],[-117.6744,34.09436],[-117.67473,34.09436],[-117.67506,34.09436],[-117.67539,34.09434],[-117.67572,34.09433],[-117.67605,34.0943],[-117.67637,34.09428],[-117.6767,34.09424],[-117.67703,34.09421],[-117.67736,34.09417],[-117.67768,34.09414],[-117.67801,34.0941],[-117.67834,34.09406],[-117.67867,34.09403],[-117.67899,34.09399],[-117.67932,34.09396],[-117.67965,34.09393],[-117.67998,34.09391],[-117.68031,34.0939],[-117.68064,34.09389],[-117.68097,34.09388],[-117.6813,34.09388],[-117.68163,34.09388],[-117.68196,34.09388],[-117.68229,34.09388],[-117.68262,34.09389],[-117.68295,34.09389],[-117.68328,34.09389],[-117.68361,34.09389],[-117.68394,34.09389],[-117.68427,34.09389],[-117.6846,34.09389],[-117.68493,34.09389],[-117.68527,34.09389],[-117.6856,34.09389],[-117.68592,34.09389],[-117.68626,34.09389],[-117.68659,34.09389],[-117.68692,34.09389],[-117.68725,34.0939],[-117.68758,34.0939],[-117.68791,34.0939],[-117.68824,34.0939],[-117.68857,34.0939],[-117.6889,34.0939],[-117.68923,34.0939],[-117.68956,34.0939],[-117.68989,34.0939],[-117.69022,34.0939],[-117.69055,34.0939],[-117.69088,34.0939],[-117.69121,34.0939],[-117.69154,34.0939],[-117.69187,34.0939],[-117.6922,34.09391],[-117.69253,34.09391],[-117.69286,34.09391],[-117.69319,34.09391],[-117.69352,34.09391],[-117.69385,34.09391],[-117.69418,34.09391],[-117.69451,34.09391],[-117.69484,34.09391],[-117.69517,34.09391],[-117.6955,34.09391],[-117.69583,34.09391],[-117.69616,34.09391],[-117.69649,34.09392],[-117.69683,34.09392],[-117.69715,34.09392],[-117.69749,34.09392],[-117.69782,34.09392],[-117.69815,34.09392],[-117.69848,34.09392],[-117.69881,34.09392],[-117.69914,34.09392],[-117.69947,34.09392],[-117.6998,34.09392],[-117.70013,34.09392],[-117.70046,34.09392],[-117.70079,34.09392],[-117.70112,34.09392],[-117.70145,34.09392],[-117.70178,34.09393],[-117.70211,34.09393],[-117.70244,34.09393],[-117.70277,34.09393],[-117.7031,34.09393],[-117.70343,34.09393],[-117.70376,34.09393],[-117.70409,34.09393],[-117.70442,34.09393],[-117.70475,34.09393],[-117.70508,34.09393],[-117.70541,34.09393],[-117.70574,34.09394],[-117.70607,34.09394],[-117.7064,34.09394],[-117.70673,34.09394],[-117.70706,34.09394],[-117.70739,34.09394],[-117.70772,34.09394],[-117.70806,34.09394],[-117.70839,34.09394],[-117.70871,34.09394],[-117.70905,34.09394],[-117.70938,34.09394],[-117.70971,34.09394],[-117.71004,34.09394],[-117.71037,34.09394],[-117.7107,34.09394],[-117.71103,34.09394],[-117.71136,34.09394],[-117.71169,34.09394],[-117.71202,34.09393],[-117.71235,34.09392],[-117.71268,34.09392],[-117.71301,34.09391],[-117.71334,34.09391],[-117.71367,34.0939],[-117.714,34.0939],[-117.71433,34.0939],[-117.71466,34.0939],[-117.71499,34.0939],[-117.71532,34.0939],[-117.71565,34.09391],[-117.71598,34.09391],[-117.71631,34.09391],[-117.71664,34.09391],[-117.71697,34.09391],[-117.7173,34.09391],[-117.71763,34.09391],[-117.71796,34.09391],[-117.71829,34.09391],[-117.71862,34.09391],[-117.71895,34.09391],[-117.71928,34.09391],[-117.71961,34.09391],[-117.71994,34.09391],[-117.72028,34.09391],[-117.72061,34.09391],[-117.72094,34.09391],[-117.72127,34.09391],[-117.7216,34.09391],[-117.72193,34.09391],[-117.72226,34.09391],[-117.72259,34.09391],[-117.72292,34.09392],[-117.72325,34.09392],[-117.72358,34.09392],[-117.72391,34.09392],[-117.72424,34.09392],[-117.72457,34.09392],[-117.7249,34.09392],[-117.72523,34.09392],[-117.72556,34.09392],[-117.72589,34.09392],[-117.72622,34.09392],[-117.72655,34.09392],[-117.72688,34.09392],[-117.72721,34.09392],[-117.72754,34.09392],[-117.72787,34.09392],[-117.7282,34.09392],[-117.72853,34.09392],[-117.72886,34.09392],[-117.72919,34.0939],[-117.72952,34.09389],[-117.72985,34.09387],[-117.73018,34.09385],[-117.73051,34.09383],[-117.73084,34.0938],[-117.73117,34.09378],[-117.7315,34.09376],[-117.73183,34.09374],[-117.73216,34.09373],[-117.73249,34.09372],[-117.73282,34.09372],[-117.73315,34.09372],[-117.73348,34.09372],[-117.73381,34.09372],[-117.73414,34.09372],[-117.73447,34.09372],[-117.7348,34.09372],[-117.73513,34.09372],[-117.73546,34.09372],[-117.73579,34.09372],[-117.73612,34.09372],[-117.73645,34.09373],[-117.73678,34.09373],[-117.73711,34.09373],[-117.73744,34.09373],[-117.73777,34.09373],[-117.7381,34.09373],[-117.73843,34.09373],[-117.73876,34.09373],[-117.73909,34.09373],[-117.73942,34.09373],[-117.73975,34.09373],[-117.74008,34.09373],[-117.74041,34.09373],[-117.74075,34.09373],[-117.74107,34.09374],[-117.74141,34.09374],[-117.74174,34.09374],[-117.74207,34.09373],[-117.7424,34.09373],[-117.74273,34.09372],[-117.74306,34.0937],[-117.74339,34.09368],[-117.74371,34.09366],[-117.74404,34.09364],[-117.74437,34.09362],[-117.7447,34.09361],[-117.74503,34.09359],[-117.74536,34.09359],[-117.74569,34.09358],[-117.74602,34.09358],[-117.74635,34.09359],[-117.74668,34.09359],[-117.74702,34.09359],[-117.74734,34.09359],[-117.74768,34.09359],[-117.74801,34.09359],[-117.74834,34.09359],[-117.74867,34.09359],[-117.749,34.09359],[-117.74933,34.09359],[-117.74966,34.09359],[-117.74999,34.09359],[-117.75032,34.09358],[-117.75065,34.09358],[-117.75098,34.09358],[-117.75131,34.09357],[-117.75164,34.09357],[-117.75197,34.09357],[-117.7523,34.09357],[-117.75263,34.09357],[-117.75296,34.09357],[-117.75329,34.09357],[-117.75362,34.09357],[-117.75395,34.09358],[-117.75428,34.09358],[-117.75461,34.09358],[-117.75494,34.09361],[-117.75527,34.09365],[-117.75559,34.09371],[-117.75591,34.09377],[-117.75623,34.09385],[-117.75655,34.09393],[-117.75686,34.09401],[-117.75718,34.09409],[-117.75749,34.09417],[-117.75781,34.09426],[-117.75812,34.09434],[-117.75844,34.09442],[-117.75875,34.0945],[-117.75907,34.09459],[-117.75938,34.09467],[-117.7597,34.09475],[-117.76001,34.09483],[-117.76033,34.09492],[-117.76064,34.095],[-117.76096,34.09508],[-117.76127,34.09516],[-117.76159,34.09525],[-117.7619,34.09533],[-117.76222,34.09541],[-117.76253,34.09549],[-117.76285,34.09558],[-117.76316,34.09566],[-117.76348,34.09574],[-117.76379,34.09582],[-117.76411,34.0959],[-117.76443,34.09596],[-117.76476,34.09601],[-117.76508,34.09604],[-117.76541,34.09606],[-117.76574,34.09607],[-117.76607,34.09605],[-117.7664,34.09603],[-117.76673,34.096],[-117.76706,34.09596],[-117.76739,34.09593],[-117.76771,34.0959],[-117.76804,34.09587],[-117.76837,34.09584],[-117.7687,34.09582],[-117.76903,34.0958],[-117.76936,34.09581],[-117.76969,34.09583],[-117.77002,34.09586],[-117.77034,34.09591],[-117.77067,34.09597],[-117.77098,34.09604],[-117.7713,34.09612],[-117.77162,34.0962],[-117.77193,34.09628],[-117.77225,34.09637],[-117.77256,34.09645],[-117.77288,34.09653],[-117.77319,34.09661],[-117.77351,34.09669],[-117.77382,34.09678],[-117.77414,34.09686],[-117.77445,34.09694],[-117.77477,34.09703],[-117.77508,34.09711],[-117.7754,34.09719],[-117.77571,34.09727],[-117.77603,34.09735],[-117.77634,34.09744],[-117.77666,34.09752],[-117.77697,34.0976],[-117.77729,34.09768],[-117.7776,34.09777],[-117.77792,34.09785],[-117.77823,34.09793],[-117.77855,34.09801],[-117.77886,34.0981],[-117.77918,34.09818],[-117.77949,34.09826],[-117.77981,34.09834],[-117.78012,34.09842],[-117.78044,34.09851],[-117.78075,34.09859],[-117.78107,34.09867],[-117.78139,34.09875],[-117.7817,34.09884],[-117.78202,34.09892],[-117.78233,34.099],[-117.78265,34.09908],[-117.78296,34.09917],[-117.78328,34.09925],[-117.78359,34.09933],[-117.78391,34.09941],[-117.78422,34.09949],[-117.78454,34.09958],[-117.78485,34.09966],[-117.78517,34.09974],[-117.78548,34.09982],[-117.7858,34.09991],[-117.78611,34.09999],[-117.78643,34.10007],[-117.78674,34.10015],[-117.78706,34.10024],[-117.78737,34.10032],[-117.78769,34.1004],[-117.788,34.10048],[-117.78832,34.10056],[-117.78864,34.10064],[-117.78896,34.10071],[-117.78928,34.10078],[-117.7896,34.10084],[-117.78992,34.1009],[-117.79024,34.10095],[-117.79057,34.101],[-117.7909,34.10104],[-117.79122,34.10108],[-117.79155,34.10112],[-117.79188,34.10115],[-117.79221,34.10117],[-117.79254,34.10119],[-117.79287,34.10121],[-117.7932,34.10122],[-117.79353,34.10122],[-117.79386,34.10123],[-117.79419,34.10123],[-117.79452,34.10123],[-117.79485,34.10123],[-117.79518,34.10123],[-117.79551,34.10123],[-117.79584,34.10123],[-117.79617,34.10123],[-117.7965,34.10123],[-117.79683,34.10123],[-117.79716,34.10123],[-117.79749,34.10123],[-117.79782,34.10123],[-117.79815,34.10123],[-117.79848,34.10123],[-117.79881,34.10123],[-117.79914,34.10123],[-117.79947,34.10123],[-117.7998,34.10123],[-117.80013,34.10123],[-117.80046,34.10123],[-117.80079,34.10123],[-117.80112,34.10123],[-117.80146,34.10123],[-117.80178,34.10123],[-117.80212,34.10123],[-117.80245,34.10123],[-117.80278,34.10123],[-117.80311,34.10123],[-117.80344,34.10123],[-117.80377,34.10123],[-117.8041,34.10123],[-117.80443,34.10123],[-117.80476,34.10123],[-117.80509,34.10123],[-117.80542,34.10123],[-117.80575,34.10123],[-117.80608,34.10123],[-117.80641,34.10123],[-117.80674,34.10123],[-117.80707,34.10123],[-117.8074,34.10123],[-117.80773,34.10123],[-117.80806,34.10123],[-117.80839,34.10123],[-117.80872,34.10123],[-117.80905,34.10123],[-117.80938,34.10123],[-117.80971,34.10123],[-117.81004,34.10123],[-117.81037,34.10123],[-117.8107,34.10123],[-117.81103,34.10123],[-117.81136,34.10123],[-117.8117,34.10123],[-117.81203,34.10123],[-117.81235,34.10123],[-117.81269,34.10123],[-117.81302,34.10123],[-117.81335,34.10123],[-117.81368,34.10123],[-117.81401,34.10124],[-117.81434,34.10124],[-117.81467,34.10124],[-117.815,34.10124],[-117.81533,34.10124],[-117.81566,34.10124],[-117.81599,34.10124],[-117.81632,34.10124],[-117.81665,34.10124],[-117.81698,34.10124],[-117.81731,34.10124],[-117.81764,34.10124],[-117.81797,34.10124],[-117.8183,34.10124],[-117.81863,34.10124],[-117.81896,34.10124],[-117.81929,34.10124],[-117.81962,34.10124],[-117.81995,34.10124],[-117.82028,34.10124],[-117.82061,34.10124],[-117.82094,34.10124],[-117.82127,34.10124],[-117.8216,34.10124],[-117.82193,34.10124],[-117.82227,34.10124],[-117.8226,34.10124],[-117.82292,34.10124],[-117.82326,34.10124],[-117.82359,34.10124],[-117.82392,34.10124],[-117.82425,34.10124],[-117.82458,34.10124],[-117.82491,34.10124],[-117.82524,34.10124],[-117.82557,34.10124],[-117.8259,34.10124],[-117.82623,34.10124],[-117.82656,34.10124],[-117.82689,34.10124],[-117.82722,34.10124],[-117.82755,34.10124],[-117.82788,34.10124],[-117.82821,34.10124],[-117.82854,34.10124],[-117.82887,34.10124],[-117.8292,34.10124],[-117.82953,34.10124],[-117.82986,34.10124],[-117.83019,34.10124],[-117.83052,34.10124],[-117.83085,34.10124],[-117.83118,34.10124],[-117.83151,34.10124],[-117.83184,34.10124],[-117.83217,34.10124],[-117.8325,34.10124],[-117.83284,34.10124],[-117.83316,34.10124],[-117.8335,34.10124],[-117.83383,34.10124],[-117.83416,34.10124],[-117.83449,34.10124],[-117.83482,34.10124],[-117.83515,34.10124],[-117.83548,34.10124],[-117.83581,34.10124],[-117.83614,34.10124],[-117.83647,34.10124],[-117.8368,34.10124],[-117.83713,34.10124],[-117.83746,34.10124],[-117.83779,34.10124],[-117.83812,34.10124],[-117.83845,34.10124],[-117.83878,34.10124],[-117.83911,34.10124],[-117.83944,34.10124],[-117.83977,34.10124],[-117.8401,34.10124],[-117.84043,34.10124],[-117.84076,34.10124],[-117.84109,34.10124],[-117.84142,34.10124],[-117.84175,34.10124],[-117.84208,34.10123],[-117.84241,34.10121],[-117.84274,34.10118],[-117.84307,34.10113],[-117.84339,34.10108],[-117.84371,34.10101],[-117.84402,34.10092],[-117.84433,34.10083],[-117.84464,34.10072],[-117.84495,34.10062],[-117.84525,34.10052],[-117.84556,34.10042],[-117.84587,34.10032],[-117.84618,34.10021],[-117.84648,34.10011],[-117.84679,34.10001],[-117.84709,34.09991],[-117.8474,34.09981],[-117.84771,34.09971],[-117.84802,34.0996],[-117.84832,34.0995],[-117.84863,34.0994],[-117.84893,34.0993],[-117.84924,34.0992],[-117.84955,34.09909],[-117.84986,34.09899],[-117.85016,34.09889],[-117.85047,34.09879],[-117.85077,34.09869],[-117.85108,34.09858],[-117.85139,34.09848],[-117.8517,34.09838],[-117.852,34.09828],[-117.85231,34.09817],[-117.85262,34.09807],[-117.85292,34.09797],[-117.85323,34.09787],[-117.85354,34.09777],[-117.85384,34.09766],[-117.85415,34.09756],[-117.85446,34.09746],[-117.85476,34.09736],[-117.85507,34.09726],[-117.85538,34.09716],[-117.85568,34.09705],[-117.85599,34.09695],[-117.8563,34.09685],[-117.8566,34.09675],[-117.85691,34.09665],[-117.85722,34.09654],[-117.85752,34.09644],[-117.85783,34.09634],[-117.85814,34.09624],[-117.85844,34.09613],[-117.85875,34.09603],[-117.85906,34.09593],[-117.85936,34.09583],[-117.85967,34.09573],[-117.85998,34.09562],[-117.86028,34.09552],[-117.86059,34.09542],[-117.8609,34.09532],[-117.8612,34.09522],[-117.86151,34.09511],[-117.86182,34.09501],[-117.86212,34.09491],[-117.86243,34.09481],[-117.86274,34.09471],[-117.86304,34.0946],[-117.86335,34.0945],[-117.86366,34.0944],[-117.86396,34.0943],[-117.86427,34.0942],[-117.86458,34.09409],[-117.86488,34.09399],[-117.86519,34.09389],[-117.8655,34.09379],[-117.8658,34.09369],[-117.86611,34.09358],[-117.86642,34.09348],[-117.86672,34.09338],[-117.86703,34.09328],[-117.86734,34.09318],[-117.86764,34.09307],[-117.86795,34.09297],[-117.86826,34.09287],[-117.86856,34.09277],[-117.86887,34.09267],[-117.86918,34.09257],[-117.86949,34.09247],[-117.8698,34.09238],[-117.87011,34.0923],[-117.87044,34.09223],[-117.87076,34.09218],[-117.87109,34.09214],[-117.87141,34.09212],[-117.87175,34.0921],[-117.87207,34.0921],[-117.87241,34.09209],[-117.87274,34.09209],[-117.87307,34.09209],[-117.8734,34.09209],[-117.87373,34.09209],[-117.87406,34.09209],[-117.87439,34.09209],[-117.87472,34.09209],[-117.87505,34.09209],[-117.87538,34.09209],[-117.87571,34.09209],[-117.87604,34.09209],[-117.87637,34.09209],[-117.8767,34.09209],[-117.87703,34.09209],[-117.87736,34.09209],[-117.87769,34.09209],[-117.87802,34.09209],[-117.87835,34.09209],[-117.87868,34.09209],[-117.87901,34.09209],[-117.87934,34.09209],[-117.87967,34.09209],[-117.88,34.09209],[-117.88033,34.09209],[-117.88066,34.09209],[-117.88099,34.09209],[-117.88132,34.09209],[-117.88165,34.09209],[-117.88198,34.09209],[-117.88231,34.09209],[-117.88264,34.09209],[-117.88298,34.09208],[-117.8833,34.09208],[-117.88363,34.09207],[-117.88397,34.09207],[-117.8843,34.09207],[-117.88463,34.09207],[-117.88496,34.09207],[-117.88529,34.09207],[-117.88562,34.09207],[-117.88595,34.09207],[-117.88628,34.09207],[-117.88661,34.09207],[-117.88694,34.09207],[-117.88727,34.09206],[-117.8876,34.09206],[-117.88793,34.09206],[-117.88826,34.09206],[-117.88859,34.09206],[-117.88892,34.09206],[-117.88925,34.09206],[-117.88958,34.09206],[-117.88991,34.09206],[-117.89024,34.09207],[-117.89057,34.09207],[-117.8909,34.09207],[-117.89123,34.09207],[-117.89156,34.09207],[-117.89189,34.09207],[-117.89222,34.09207],[-117.89255,34.09207],[-117.89288,34.09207],[-117.89321,34.09207],[-117.89354,34.09207],[-117.89387,34.09207],[-117.8942,34.09207],[-117.89453,34.09207],[-117.89486,34.09207],[-117.8952,34.09207],[-117.89553,34.09207],[-117.89586,34.09207],[-117.89619,34.09207],[-117.89652,34.09207],[-117.89685,34.09207],[-117.89718,34.09207],[-117.89751,34.09207],[-117.89784,34.09207],[-117.89817,34.09207],[-117.8985,34.09207],[-117.89883,34.09207],[-117.89916,34.09207],[-117.89949,34.09207],[-117.89982,34.09207],[-117.90015,34.09207],[-117.90048,34.09207],[-117.90081,34.09207],[-117.90114,34.09207],[-117.90147,34.09207],[-117.9018,34.09207],[-117.90213,34.09207],[-117.90246,34.09207],[-117.90279,34.09207],[-117.90312,34.09207],[-117.90345,34.09207],[-117.90378,34.09207],[-117.90411,34.09207],[-117.90444,34.09207],[-117.90477,34.09207],[-117.9051,34.09207],[-117.90543,34.09207],[-117.90576,34.09207],[-117.90609,34.09207],[-117.90642,34.09207],[-117.90676,34.09207],[-117.90708,34.09207],[-117.90742,34.09207],[-117.90775,34.09207],[-117.90808,34.09207],[-117.90841,34.09207],[-117.90874,34.09207],[-117.90907,34.09207],[-117.9094,34.09207],[-117.90973,34.09208],[-117.91006,34.09208],[-117.91039,34.09208],[-117.91072,34.09208],[-117.91105,34.09208],[-117.91138,34.09208],[-117.91171,34.09209],[-117.91204,34.09209],[-117.91237,34.09209],[-117.9127,34.09209],[-117.91303,34.0921],[-117.91336,34.0921],[-117.91369,34.0921],[-117.91402,34.0921],[-117.91435,34.0921],[-117.91468,34.0921],[-117.91501,34.09211],[-117.91534,34.09211],[-117.91567,34.09211],[-117.916,34.09211],[-117.91633,34.09211],[-117.91666,34.09211],[-117.91699,34.09212],[-117.91732,34.09212],[-117.91765,34.09212],[-117.91798,34.09212],[-117.91832,34.09213],[-117.91864,34.09213],[-117.91898,34.09213],[-117.91931,34.09213],[-117.91964,34.09213],[-117.91997,34.09213],[-117.9203,34.09214],[-117.92063,34.09214],[-117.92096,34.09214],[-117.92129,34.09214],[-117.92162,34.09214],[-117.92195,34.09215],[-117.92228,34.09215],[-117.92261,34.09215],[-117.92294,34.09215],[-117.92327,34.09215],[-117.9236,34.09215],[-117.92393,34.09216],[-117.92426,34.09216],[-117.92459,34.09216],[-117.92492,34.09216],[-117.92525,34.09217],[-117.92558,34.09217],[-117.92591,34.09217],[-117.92624,34.09218],[-117.92657,34.09219],[-117.9269,34.09219],[-117.92723,34.0922],[-117.92756,34.0922],[-117.92789,34.09221],[-117.92822,34.09222],[-117.92855,34.09222],[-117.92888,34.09223],[-117.92921,34.09224],[-117.92954,34.09224],[-117.92987,34.09225],[-117.9302,34.09225],[-117.93053,34.09226],[-117.93086,34.09226],[-117.93119,34.09227],[-117.93152,34.09228],[-117.93185,34.09228],[-117.93219,34.09229],[-117.93251,34.0923],[-117.93285,34.09231],[-117.93318,34.09232],[-117.9335,34.09233],[-117.93384,34.09234],[-117.93416,34.09235],[-117.9345,34.09235],[-117.93483,34.09236],[-117.93516,34.09237],[-117.93549,34.09237],[-117.93582,34.09238],[-117.93615,34.09238],[-117.93648,34.09239],[-117.93681,34.09239],[-117.93714,34.0924],[-117.93747,34.0924],[-117.9378,34.09241],[-117.93813,34.09242],[-117.93846,34.09242],[-117.93879,34.09243],[-117.93912,34.09243],[-117.93945,34.09244],[-117.93978,34.09244],[-117.94011,34.09245],[-117.94044,34.09245],[-117.94077,34.09246],[-117.9411,34.09247],[-117.94143,34.09247],[-117.94176,34.09248],[-117.94209,34.09248],[-117.94242,34.09249],[-117.94275,34.09249],[-117.94308,34.09249],[-117.94341,34.09249],[-117.94374,34.09249],[-117.94407,34.09249],[-117.9444,34.09248],[-117.94473,34.09248],[-117.94506,34.09248],[-117.94539,34.09247],[-117.94572,34.09247],[-117.94605,34.09246],[-117.94638,34.09246],[-117.94671,34.09246],[-117.94704,34.09245],[-117.94737,34.09245],[-117.9477,34.09244],[-117.94804,34.09244],[-117.94836,34.09244],[-117.9487,34.09242],[-117.94902,34.0924],[-117.94935,34.09236],[-117.94968,34.09231],[-117.95,34.09224],[-117.95031,34.09216],[-117.95062,34.09207],[-117.95093,34.09196],[-117.95122,34.09184],[-117.95151,34.09171],[-117.95179,34.09156],[-117.95206,34.0914],[-117.95232,34.09123],[-117.95257,34.09105],[-117.95281,34.09086],[-117.95304,34.09066],[-117.95326,34.09046],[-117.95348,34.09025],[-117.95369,34.09005],[-117.95391,34.08984],[-117.95413,34.08963],[-117.95435,34.08943],[-117.95457,34.08922],[-117.95479,34.08902],[-117.95501,34.08881],[-117.95523,34.08861],[-117.95544,34.0884],[-117.95566,34.08819],[-117.95588,34.08799],[-117.9561,34.08778],[-117.95632,34.08758],[-117.95654,34.08737],[-117.95676,34.08716],[-117.95698,34.08696],[-117.95719,34.08675],[-117.95741,34.08655],[-117.95763,34.08634],[-117.95785,34.08613],[-117.95807,34.08593],[-117.95829,34.08572],[-117.95851,34.08552],[-117.95873,34.08531],[-117.95894,34.0851],[-117.95916,34.0849],[-117.95938,34.08469],[-117.9596,34.08449],[-117.95982,34.08428],[-117.96004,34.08408],[-117.96026,34.08387],[-117.96048,34.08366],[-117.9607,34.08346],[-117.96091,34.08325],[-117.96113,34.08305],[-117.96135,34.08284],[-117.96157,34.08264],[-117.96179,34.08243],[-117.96201,34.08222],[-117.96223,34.08202],[-117.96245,34.08181],[-117.96266,34.08161],[-117.96288,34.0814],[-117.9631,34.08119],[-117.96332,34.08099],[-117.96354,34.08078],[-117.96376,34.08058],[-117.96398,34.08037],[-117.96419,34.08017],[-117.96441,34.07996],[-117.96463,34.07975],[-117.96485,34.07955],[-117.96507,34.07934],[-117.96529,34.07914],[-117.96551,34.07893],[-117.96573,34.07872],[-117.96594,34.07852],[-117.96616,34.07831],[-117.96638,34.07811],[-117.9666,34.0779],[-117.96682,34.07769],[-117.96704,34.07749],[-117.96726,34.07728],[-117.96747,34.07708],[-117.96769,34.07687],[-117.96791,34.07666],[-117.96813,34.07646],[-117.96835,34.07625],[-117.96857,34.07605],[-117.96879,34.07584],[-117.96901,34.07563],[-117.96922,34.07543],[-117.96944,34.07522],[-117.96966,34.07502],[-117.96988,34.07481],[-117.9701,34.07461],[-117.97032,34.0744],[-117.97054,34.0742],[-117.97076,34.07399],[-117.97097,34.07378],[-117.97119,34.07358],[-117.97141,34.07337],[-117.97163,34.07317],[-117.97185,34.07296],[-117.97207,34.07275],[-117.97229,34.07255],[-117.97251,34.07234],[-117.97272,34.07214],[-117.97294,34.07193],[-117.97316,34.07172],[-117.97338,34.07152],[-117.9736,34.07131],[-117.97382,34.07111],[-117.97404,34.0709],[-117.97426,34.0707],[-117.97447,34.07049],[-117.97469,34.07028],[-117.97491,34.07008],[-117.97513,34.06987],[-117.97535,34.06967],[-117.97557,34.06946],[-117.97579,34.06925],[-117.97601,34.06905],[-117.97622,34.06884],[-117.97644,34.06864],[-117.97666,34.06843],[-117.97688,34.06822],[-117.9771,34.06802],[-117.97732,34.06781],[-117.97754,34.06761],[-117.97776,34.0674],[-117.97798,34.0672],[-117.97819,34.06699],[-117.97841,34.06678],[-117.97862,34.06657],[-117.97884,34.06636],[-117.97905,34.06615],[-117.97926,34.06594],[-117.97947,34.06573],[-117.97967,34.06551],[-117.97988,34.0653],[-117.98009,34.06508],[-117.98029,34.06487],[-117.9805,34.06465],[-117.98071,34.06444],[-117.98091,34.06423],[-117.98112,34.06401],[-117.98132,34.0638],[-117.98153,34.06358],[-117.98174,34.06337],[-117.98194,34.06315],[-117.98215,34.06294],[-117.98236,34.06273],[-117.98256,34.06251],[-117.98277,34.0623],[-117.98299,34.06209],[-117.9832,34.06188],[-117.98341,34.06167],[-117.98362,34.06145],[-117.98382,34.06124],[-117.98403,34.06102],[-117.98423,34.06081],[-117.98444,34.06059],[-117.98465,34.06038],[-117.98485,34.06016],[-117.98506,34.05995],[-117.98527,34.05974],[-117.98547,34.05952],[-117.98568,34.05931],[-117.98589,34.05909],[-117.98609,34.05888],[-117.9863,34.05866],[-117.98651,34.05845],[-117.98671,34.05824],[-117.98692,34.05802],[-117.98713,34.05781],[-117.98733,34.05759],[-117.98754,34.05738],[-117.98775,34.05716],[-117.98795,34.05695],[-117.98816,34.05673],[-117.98836,34.05652],[-117.98857,34.05631],[-117.98878,34.05609],[-117.98898,34.05588],[-117.98919,34.05566],[-117.9894,34.05545],[-117.9896,34.05523],[-117.98981,34.05502],[-117.99002,34.0548],[-117.99022,34.05459],[-117.99043,34.05438],[-117.99063,34.05416],[-117.99084,34.05395],[-117.99105,34.05373],[-117.99125,34.05352],[-117.99146,34.0533],[-117.99167,34.05309],[-117.99187,34.05287],[-117.99208,34.05266],[-117.99229,34.05245],[-117.99249,34.05223],[-117.9927,34.05202],[-117.99291,34.0518],[-117.99311,34.05159],[-117.99332,34.05138],[-117.99354,34.05117],[-117.99377,34.05098],[-117.99403,34.0508],[-117.99431,34.05065],[-117.99461,34.05054],[-117.99492,34.05045],[-117.99524,34.0504],[-117.99557,34.05038],[-117.9959,34.05039],[-117.99622,34.05044],[-117.99654,34.05051],[-117.99684,34.05063],[-117.99712,34.05076],[-117.99739,34.05092],[-117.99765,34.05109],[-117.99791,34.05127],[-117.99816,34.05144],[-117.99842,34.05162],[-117.99867,34.05179],[-117.99893,34.05197],[-117.99918,34.05214],[-117.99944,34.05232],[-117.99969,34.05249],[-117.99994,34.05267],[-118.0002,34.05284],[-118.00046,34.05302],[-118.00071,34.05319],[-118.00098,34.05335],[-118.00124,34.05351],[-118.0015,34.05368],[-118.00176,34.05386],[-118.00201,34.05403],[-118.00227,34.05421],[-118.00252,34.05438],[-118.00277,34.05456],[-118.00303,34.05474],[-118.00328,34.05492],[-118.00353,34.05509],[-118.00378,34.05527],[-118.00403,34.05545],[-118.00428,34.05563],[-118.00454,34.0558],[-118.00479,34.05598],[-118.00505,34.05615],[-118.0053,34.05633],[-118.00556,34.0565],[-118.00581,34.05668],[-118.00607,34.05685],[-118.00632,34.05703],[-118.00657,34.0572],[-118.00683,34.05738],[-118.00709,34.05755],[-118.00734,34.05773],[-118.00759,34.0579],[-118.00785,34.05808],[-118.0081,34.05825],[-118.00836,34.05843],[-118.00861,34.0586],[-118.00887,34.05878],[-118.00912,34.05895],[-118.00938,34.05913],[-118.00963,34.0593],[-118.0099,34.05947],[-118.01016,34.05963],[-118.01043,34.05979],[-118.0107,34.05995],[-118.01097,34.06011],[-118.01124,34.06026],[-118.01151,34.06042],[-118.01178,34.06058],[-118.01204,34.06075],[-118.0123,34.06092],[-118.01255,34.06109],[-118.01281,34.06127],[-118.01306,34.06144],[-118.01332,34.06162],[-118.01357,34.06179],[-118.01383,34.06197],[-118.01408,34.06214],[-118.01434,34.06232],[-118.01459,34.06249],[-118.01485,34.06267],[-118.0151,34.06284],[-118.01535,34.06302],[-118.01561,34.06319],[-118.01587,34.06337],[-118.01612,34.06354],[-118.01637,34.06372],[-118.01663,34.06389],[-118.01688,34.06407],[-118.01714,34.06424],[-118.01739,34.06442],[-118.01765,34.06459],[-118.0179,34.06477],[-118.01816,34.06494],[-118.01841,34.06511],[-118.01867,34.06529],[-118.01892,34.06547],[-118.01918,34.06564],[-118.01943,34.06582],[-118.01968,34.06599],[-118.01994,34.06617],[-118.02019,34.06634],[-118.02044,34.06652],[-118.02069,34.0667],[-118.02094,34.06688],[-118.02119,34.06706],[-118.02144,34.06724],[-118.02169,34.06742],[-118.02195,34.06759],[-118.0222,34.06777],[-118.02246,34.06794],[-118.02271,34.06812],[-118.02297,34.06829],[-118.02322,34.06847],[-118.02348,34.06864],[-118.02373,34.06882],[-118.02399,34.06899],[-118.02425,34.06916],[-118.02451,34.06933],[-118.02477,34.0695],[-118.02503,34.06967],[-118.02528,34.06984],[-118.02554,34.07001],[-118.0258,34.07019],[-118.02605,34.07036],[-118.0263,34.07054],[-118.02656,34.07071],[-118.02681,34.07089],[-118.02707,34.07106],[-118.02732,34.07124],[-118.02757,34.07142],[-118.02783,34.07159],[-118.02808,34.07177],[-118.02833,34.07195],[-118.02858,34.07213],[-118.02884,34.0723],[-118.02909,34.07248],[-118.02935,34.07265],[-118.0296,34.07283],[-118.02985,34.073],[-118.03011,34.07318],[-118.03036,34.07335],[-118.03062,34.07353],[-118.03087,34.0737],[-118.03113,34.07388],[-118.03138,34.07405],[-118.03164,34.07423],[-118.03189,34.0744],[-118.03215,34.07458],[-118.0324,34.07475],[-118.03266,34.07493],[-118.03291,34.0751],[-118.03317,34.07527],[-118.03342,34.07545],[-118.03368,34.07563],[-118.03393,34.0758],[-118.03419,34.07597],[-118.03444,34.07615],[-118.0347,34.07632],[-118.03496,34.07649],[-118.03522,34.07666],[-118.03548,34.07682],[-118.03575,34.07699],[-118.03601,34.07715],[-118.03628,34.07731],[-118.03655,34.07747],[-118.03682,34.07763],[-118.03709,34.07779],[-118.03736,34.07794],[-118.03765,34.07808],[-118.03796,34.07818],[-118.03828,34.07824],[-118.03861,34.07827],[-118.03893,34.07826],[-118.03926,34.07821],[-118.03957,34.07813],[-118.03987,34.07802],[-118.04015,34.07787],[-118.04041,34.07769],[-118.04064,34.0775],[-118.04086,34.07729],[-118.04108,34.07709],[-118.0413,34.07688],[-118.04151,34.07668],[-118.04173,34.07647],[-118.04195,34.07626],[-118.04217,34.07606],[-118.04238,34.07585],[-118.0426,34.07564],[-118.04282,34.07544],[-118.04304,34.07523],[-118.04326,34.07502],[-118.04348,34.07482],[-118.04369,34.07461],[-118.04391,34.0744],[-118.04413,34.0742],[-118.04435,34.07399],[-118.04457,34.07379],[-118.04479,34.07359],[-118.04504,34.0734],[-118.0453,34.07324],[-118.04559,34.0731],[-118.04589,34.07299],[-118.0462,34.0729],[-118.04652,34.07284],[-118.04685,34.0728],[-118.04718,34.07278],[-118.04751,34.07275],[-118.04784,34.07273],[-118.04816,34.07271],[-118.04849,34.07269],[-118.04882,34.07267],[-118.04915,34.07264],[-118.04948,34.07262],[-118.04981,34.0726],[-118.05014,34.07258],[-118.05047,34.07255],[-118.0508,34.07253],[-118.05113,34.07251],[-118.05146,34.0725],[-118.05179,34.07249],[-118.05212,34.07248],[-118.05245,34.07248],[-118.05278,34.07247],[-118.05311,34.07247],[-118.05344,34.07247],[-118.05377,34.07246],[-118.0541,34.07246],[-118.05443,34.07246],[-118.05476,34.07246],[-118.05509,34.07246],[-118.05542,34.07246],[-118.05575,34.07246],[-118.05608,34.07245],[-118.05641,34.07245],[-118.05674,34.07245],[-118.05707,34.07244],[-118.0574,34.07244],[-118.05773,34.07243],[-118.05806,34.07243],[-118.05839,34.07243],[-118.05872,34.07242],[-118.05905,34.07242],[-118.05938,34.07241],[-118.05971,34.07241],[-118.06004,34.07241],[-118.06037,34.0724],[-118.0607,34.0724],[-118.06103,34.0724],[-118.06136,34.07239],[-118.06169,34.07239],[-118.06202,34.07238],[-118.06235,34.07238],[-118.06268,34.07238],[-118.06301,34.07237],[-118.06334,34.07237],[-118.06367,34.07236],[-118.064,34.07236],[-118.06433,34.07235],[-118.06466,34.07235],[-118.06499,34.07235],[-118.06532,34.07234],[-118.06565,34.07234],[-118.06598,34.07233],[-118.06631,34.07233],[-118.06664,34.07233],[-118.06697,34.07232],[-118.06731,34.07232],[-118.06763,34.07231],[-118.06797,34.07231],[-118.0683,34.07231],[-118.06863,34.0723],[-118.06896,34.0723],[-118.06929,34.07229],[-118.06962,34.07229],[-118.06995,34.07229],[-118.07028,34.07228],[-118.07061,34.07228],[-118.07094,34.07227],[-118.07127,34.07227],[-118.0716,34.07227],[-118.07193,34.07226],[-118.07226,34.07226],[-118.07259,34.07225],[-118.07292,34.07225],[-118.07325,34.07225],[-118.07358,34.07224],[-118.07391,34.07224],[-118.07424,34.07223],[-118.07457,34.07223],[-118.0749,34.07222],[-118.07523,34.07222],[-118.07556,34.07222],[-118.07589,34.07221],[-118.07622,34.07221],[-118.07655,34.0722],[-118.07688,34.0722],[-118.07721,34.0722],[-118.07754,34.07219],[-118.07787,34.07219],[-118.0782,34.07218],[-118.07853,34.07218],[-118.07886,34.07218],[-118.07919,34.07217],[-118.07952,34.07217],[-118.07985,34.07216],[-118.08018,34.07216],[-118.08051,34.07216],[-118.08084,34.07215],[-118.08117,34.07215],[-118.0815,34.07214],[-118.08183,34.07214],[-118.08216,34.07214],[-118.08249,34.07213],[-118.08282,34.07213],[-118.08315,34.07212],[-118.08348,34.07212],[-118.08381,34.07212],[-118.08414,34.07211],[-118.08447,34.07211],[-118.0848,34.0721],[-118.08513,34.0721],[-118.08546,34.0721],[-118.08579,34.07209],[-118.08612,34.07209],[-118.08646,34.07209],[-118.08679,34.07208],[-118.08711,34.07208],[-118.08745,34.07207],[-118.08778,34.07207],[-118.08811,34.07207],[-118.08844,34.07206],[-118.08877,34.07206],[-118.0891,34.07205],[-118.08943,34.07205],[-118.08976,34.07205],[-118.09009,34.07204],[-118.09042,34.07204],[-118.09075,34.07203],[-118.09108,34.07203],[-118.09141,34.07202],[-118.09174,34.07202],[-118.09207,34.07202],[-118.0924,34.07201],[-118.09273,34.07201],[-118.09306,34.072],[-118.09339,34.072],[-118.09372,34.072],[-118.09405,34.07199],[-118.09438,34.07199],[-118.09471,34.07198],[-118.09504,34.07198],[-118.09537,34.07198],[-118.0957,34.07197],[-118.09603,34.07197],[-118.09636,34.07196],[-118.09669,34.07196],[-118.09702,34.07196],[-118.09735,34.07195],[-118.09768,34.07195],[-118.09801,34.07194],[-118.09834,34.07194],[-118.09867,34.07194],[-118.099,34.07193],[-118.09933,34.07193],[-118.09966,34.07193],[-118.09999,34.07194],[-118.10032,34.07194],[-118.10065,34.07195],[-118.10098,34.07195],[-118.10131,34.07196],[-118.10164,34.07196],[-118.10197,34.07196],[-118.1023,34.07196],[-118.10263,34.07196],[-118.10296,34.07196],[-118.10329,34.07196],[-118.10362,34.07196],[-118.10395,34.07196],[-118.10428,34.07196],[-118.10461,34.07196],[-118.10495,34.07196],[-118.10528,34.07195],[-118.1056,34.07193],[-118.10593,34.07192],[-118.10626,34.0719],[-118.10659,34.07189],[-118.10692,34.07187],[-118.10725,34.07186],[-118.10758,34.07184],[-118.10791,34.07183],[-118.10824,34.07182],[-118.10857,34.07182],[-118.1089,34.07181],[-118.10923,34.07181],[-118.10956,34.0718],[-118.10989,34.0718],[-118.11022,34.0718],[-118.11055,34.07179],[-118.11088,34.07179],[-118.11121,34.07178],[-118.11154,34.07178],[-118.11187,34.07177],[-118.11221,34.07177],[-118.11253,34.07177],[-118.11286,34.07176],[-118.1132,34.07176],[-118.11352,34.07175],[-118.11386,34.07175],[-118.11419,34.07175],[-118.11452,34.07174],[-118.11485,34.07174],[-118.11518,34.07173],[-118.11551,34.07173],[-118.11584,34.07173],[-118.11617,34.07172],[-118.1165,34.07172],[-118.11683,34.07171],[-118.11716,34.07171],[-118.11749,34.07171],[-118.11782,34.0717],[-118.11815,34.0717],[-118.11848,34.07169],[-118.11881,34.07169],[-118.11914,34.07169],[-118.11947,34.07168],[-118.1198,34.07168],[-118.12013,34.07167],[-118.12046,34.07167],[-118.12079,34.07167],[-118.12112,34.07166],[-118.12145,34.07166],[-118.12178,34.07165],[-118.12211,34.07165],[-118.12244,34.07164],[-118.12277,34.07164],[-118.1231,34.07164],[-118.12343,34.07163],[-118.12376,34.07163],[-118.12409,34.07162],[-118.12442,34.07162],[-118.12475,34.07162],[-118.12508,34.07161],[-118.12541,34.07161],[-118.12574,34.0716],[-118.12607,34.0716],[-118.1264,34.0716],[-118.12673,34.07159],[-118.12706,34.07159],[-118.12739,34.07158],[-118.12772,34.07158],[-118.12805,34.07158],[-118.12838,34.07157],[-118.12871,34.07157],[-118.12904,34.07156],[-118.12937,34.07156],[-118.1297,34.07155],[-118.13003,34.07155],[-118.13036,34.07155],[-118.13069,34.07154],[-118.13102,34.07154],[-118.13135,34.07153],[-118.13169,34.07153],[-118.13201,34.07153],[-118.13235,34.07152],[-118.13268,34.07152],[-118.133,34.07151],[-118.13334,34.07151],[-118.13367,34.07151],[-118.134,34.0715],[-118.13433,34.0715],[-118.13466,34.07149],[-118.13499,34.07149],[-118.13532,34.07149],[-118.13565,34.07148],[-118.13598,34.07148],[-118.13631,34.07147],[-118.13664,34.07147],[-118.13697,34.07147],[-118.1373,34.07146],[-118.13763,34.07146],[-118.13796,34.07145],[-118.13829,34.07145],[-118.13862,34.07144],[-118.13895,34.07144],[-118.13928,34.07144],[-118.13961,34.07143],[-118.13994,34.07143],[-118.14027,34.07142],[-118.1406,34.07142],[-118.14093,34.07142],[-118.14126,34.07142],[-118.14159,34.07142],[-118.14192,34.07144],[-118.14225,34.07147],[-118.14257,34.0715],[-118.1429,34.07153],[-118.14323,34.07156],[-118.14356,34.07158],[-118.14389,34.07158],[-118.14422,34.07157],[-118.14455,34.07153],[-118.14487,34.07148],[-118.14519,34.0714],[-118.1455,34.07131],[-118.1458,34.0712],[-118.14609,34.07107],[-118.14638,34.07093],[-118.14666,34.07079],[-118.14694,34.07064],[-118.14722,34.07049],[-118.14749,34.07034],[-118.14777,34.0702],[-118.14805,34.07005],[-118.14833,34.0699],[-118.14861,34.06976],[-118.14889,34.06961],[-118.14917,34.06946],[-118.14944,34.06931],[-118.14972,34.06916],[-118.15,34.06902],[-118.15028,34.06887],[-118.15056,34.06872],[-118.15084,34.06858],[-118.15112,34.06843],[-118.15139,34.06828],[-118.15167,34.06813],[-118.15195,34.06799],[-118.15223,34.06784],[-118.15251,34.06769],[-118.15279,34.06754],[-118.15307,34.06739],[-118.15335,34.06725],[-118.15362,34.0671],[-118.1539,34.06695],[-118.15418,34.06681],[-118.15446,34.06666],[-118.15474,34.06651],[-118.15502,34.06636],[-118.15529,34.06621],[-118.15557,34.06607],[-118.15585,34.06592],[-118.15613,34.06577],[-118.15641,34.06562],[-118.15669,34.06548],[-118.15697,34.06533],[-118.15725,34.06518],[-118.15752,34.06504],[-118.1578,34.06489],[-118.15808,34.06474],[-118.15836,34.06459],[-118.15864,34.06444],[-118.15892,34.0643],[-118.15919,34.06415],[-118.15947,34.064],[-118.15975,34.06385],[-118.16003,34.06371],[-118.16031,34.06356],[-118.16059,34.06341],[-118.16087,34.06327],[-118.16115,34.06312],[-118.16144,34.06299],[-118.16174,34.06288],[-118.16205,34.06278],[-118.16236,34.06269],[-118.16268,34.06262],[-118.163,34.06258],[-118.16333,34.06254],[-118.16366,34.06253],[-118.16399,34.06253],[-118.16432,34.06253],[-118.16465,34.06255],[-118.16498,34.06256],[-118.16531,34.06257],[-118.16564,34.06258],[-118.16597,34.06259],[-118.1663,34.0626],[-118.16663,34.06261],[-118.16696,34.06262],[-118.16729,34.06263],[-118.16762,34.06264],[-118.16795,34.06265],[-118.16828,34.06266],[-118.16861,34.06267],[-118.16894,34.06267],[-118.16927,34.06267],[-118.1696,34.06265],[-118.16993,34.06262],[-118.17025,34.06256],[-118.17057,34.06248],[-118.17088,34.06239],[-118.17118,34.06227],[-118.17147,34.06215],[-118.17176,34.06202],[-118.17205,34.06188],[-118.17234,34.06175],[-118.17262,34.06161],[-118.17291,34.06148],[-118.1732,34.06135],[-118.17349,34.06121],[-118.17378,34.06108],[-118.17407,34.06095],[-118.17436,34.06081],[-118.17464,34.06068],[-118.17493,34.06054],[-118.17522,34.06041],[-118.17551,34.06028],[-118.1758,34.06014],[-118.17608,34.06],[-118.17636,34.05986],[-118.17665,34.05972],[-118.17693,34.05958],[-118.17721,34.05943],[-118.17749,34.05929],[-118.17778,34.05916],[-118.17807,34.05902],[-118.17836,34.05889],[-118.17865,34.05876],[-118.17894,34.05863],[-118.17923,34.0585],[-118.17953,34.05837],[-118.17982,34.05825],[-118.18011,34.05812],[-118.1804,34.05799],[-118.18069,34.05785],[-118.18098,34.05772],[-118.18126,34.05759],[-118.18155,34.05745],[-118.18184,34.05732],[-118.18213,34.05718],[-118.18241,34.05704],[-118.1827,34.05691],[-118.18299,34.05678],[-118.18329,34.05666],[-118.18359,34.05654],[-118.18389,34.05644],[-118.1842,34.05634],[-118.18451,34.05625],[-118.18483,34.05616],[-118.18514,34.05609],[-118.18546,34.05602],[-118.18579,34.05596],[-118.18611,34.05591],[-118.18644,34.05587],[-118.18676,34.05584],[-118.18709,34.05581],[-118.18742,34.05579],[-118.18775,34.05579],[-118.18808,34.05579],[-118.18841,34.05579],[-118.18874,34.0558],[-118.18907,34.0558],[-118.1894,34.05581],[-118.18973,34.05582],[-118.19006,34.05583],[-118.19039,34.05584],[-118.19072,34.05584],[-118.19105,34.05585],[-118.19138,34.05586],[-118.19171,34.05587],[-118.19204,34.05587],[-118.19237,34.05588],[-118.1927,34.05589],[-118.19303,34.0559],[-118.19336,34.05591],[-118.19369,34.05592],[-118.19402,34.05593],[-118.19435,34.05595],[-118.19468,34.05596],[-118.19501,34.05597],[-118.19534,34.05599],[-118.19567,34.056],[-118.196,34.05602],[-118.19633,34.05603],[-118.19666,34.05604],[-118.19699,34.05605],[-118.19732,34.05606],[-118.19765,34.05606],[-118.19798,34.05605],[-118.19831,34.05604],[-118.19864,34.05602],[-118.19897,34.056],[-118.1993,34.05597],[-118.19963,34.05595],[-118.19996,34.05592],[-118.20028,34.05589],[-118.20061,34.05586],[-118.20094,34.05583],[-118.20127,34.05579],[-118.20159,34.05574],[-118.20191,34.05567],[-118.20223,34.0556],[-118.20254,34.05551],[-118.20285,34.05541],[-118.20315,34.0553],[-118.20345,34.05518],[-118.20374,34.05506],[-118.20404,34.05493],[-118.20434,34.05482],[-118.20464,34.05471],[-118.20495,34.0546],[-118.20525,34.05451],[-118.20557,34.05443],[-118.20589,34.05438],[-118.20622,34.05434],[-118.20655,34.05434],[-118.20688,34.05436],[-118.20721,34.0544],[-118.20753,34.05447],[-118.20784,34.05455],[-118.20815,34.05466],[-118.20844,34.05477],[-118.20874,34.0549],[-118.20903,34.05503],[-118.20932,34.05517],[-118.2096,34.0553],[-118.20989,34.05543],[-118.21018,34.05556],[-118.21047,34.0557],[-118.21076,34.05583],[-118.21105,34.05596],[-118.21134,34.05609],[-118.21163,34.05622],[-118.21192,34.05635],[-118.21222,34.05647],[-118.21252,34.05658],[-118.21283,34.05667],[-118.21315,34.05676],[-118.21347,34.05682],[-118.2138,34.05686],[-118.21412,34.05689],[-118.21445,34.0569],[-118.21478,34.05689],[-118.21511,34.05686],[-118.21544,34.05681],[-118.21576,34.05675],[-118.21607,34.05667],[-118.21638,34.05657],[-118.21668,34.05646],[-118.21698,34.05635],[-118.21729,34.05623],[-118.21759,34.05612],[-118.21789,34.05602],[-118.2182,34.05592],[-118.21852,34.05584],[-118.21884,34.05578],[-118.21916,34.05573],[-118.21949,34.05568],[-118.21982,34.05564],[-118.22014,34.0556],[-118.22047,34.05557],[-118.2208,34.05553],[-118.22113,34.05554],[-118.22145,34.05559],[-118.22176,34.05568],[-118.22206,34.0558],[-118.22236,34.05592],[-118.22265,34.05604],[-118.22295,34.05616],[-118.22325,34.05627],[-118.22355,34.05638],[-118.22387,34.05645],[-118.22419,34.05653],[-118.22449,34.05664],[-118.22477,34.05679],[-118.22502,34.05697],[-118.22524,34.05717],[-118.22542,34.0574],[-118.22556,34.05765],[-118.22565,34.05791],[-118.22572,34.05818],[-118.22579,34.05845],[-118.22588,34.05871],[-118.22598,34.05898],[-118.22606,34.05924],[-118.22612,34.05951],[-118.22617,34.05978],[-118.22622,34.06005],[-118.22627,34.06033],[-118.22634,34.06059],[-118.22644,34.06086],[-118.22658,34.06111],[-118.22675,34.06134],[-118.22696,34.06155],[-118.22721,34.06173],[-118.22748,34.06189],[-118.22778,34.062],[-118.2281,34.06206],[-118.22843,34.06208],[-118.22876,34.06205],[-118.22909,34.06202],[-118.22942,34.06199],[-118.22975,34.06196],[-118.23008,34.06193],[-118.2304,34.0619],[-118.23073,34.06187],[-118.23106,34.06183],[-118.23137,34.06174],[-118.23166,34.0616],[-118.23191,34.06143],[-118.23213,34.06122],[-118.2323,34.06099],[-118.23244,34.06074],[-118.23256,34.06048],[-118.23269,34.06023],[-118.23282,34.05998],[-118.23295,34.05973],[-118.23308,34.05947],[-118.23321,34.05922],[-118.23334,34.05897],[-118.23346,34.05871],[-118.23358,34.05845],[-118.23369,34.0582],[-118.23381,34.05794],[-118.23389,34.05767],[-118.23395,34.0574],[-118.234,34.05713],[-118.23406,34.05686],[-118.23412,34.05659],[-118.23418,34.05632],[-118.23423,34.05605],[-118.23429,34.05578],[-118.23435,34.05551],[-118.23441,34.05524],[-118.23446,34.05497],[-118.23452,34.0547],[-118.23458,34.05443]]},"properties":{"routeId":"San Bernardino Line","name":"San Bernardino Line","shortName":"SB Line","color":"#A32136","textColor":"#FFFFFF","system":"metrolink"}},{"type":"Feature","geometry":{"type":"LineString","coordinates":[[-119.30069,34.27699],[-119.30036,34.27699],[-119.30003,34.27699],[-119.29969,34.27699],[-119.29936,34.27699],[-119.29903,34.27699],[-119.2987,34.27699],[-119.29837,34.277],[-119.29804,34.277],[-119.29771,34.277],[-119.29738,34.277],[-119.29705,34.277],[-119.29672,34.277],[-119.29639,34.277],[-119.29605,34.277],[-119.29572,34.27701],[-119.29539,34.27701],[-119.29506,34.27701],[-119.29473,34.27701],[-119.2944,34.27701],[-119.29407,34.277],[-119.29374,34.277],[-119.29341,34.27701],[-119.29308,34.27701],[-119.29274,34.27701],[-119.29241,34.27701],[-119.29208,34.27701],[-119.29175,34.27701],[-119.29142,34.27701],[-119.29109,34.27701],[-119.29076,34.27701],[-119.29043,34.27701],[-119.29009,34.27701],[-119.28976,34.27701],[-119.28943,34.277],[-119.2891,34.27697],[-119.28878,34.27693],[-119.28845,34.27687],[-119.28813,34.2768],[-119.28782,34.27672],[-119.28751,34.27662],[-119.2872,34.27653],[-119.28689,34.27643],[-119.28658,34.27634],[-119.28627,34.27625],[-119.28595,34.27615],[-119.28564,34.27606],[-119.28533,34.27596],[-119.28502,34.27587],[-119.28471,34.27578],[-119.2844,34.27568],[-119.28409,34.27559],[-119.28378,34.2755],[-119.28347,34.2754],[-119.28315,34.27531],[-119.28284,34.27521],[-119.28253,34.27512],[-119.28222,34.27503],[-119.28191,34.27493],[-119.2816,34.27484],[-119.28129,34.27475],[-119.28098,34.27465],[-119.28066,34.27456],[-119.28035,34.27446],[-119.28004,34.27437],[-119.27973,34.27428],[-119.27942,34.27418],[-119.27911,34.27409],[-119.2788,34.27399],[-119.27849,34.2739],[-119.27818,34.27381],[-119.27787,34.27371],[-119.27755,34.27362],[-119.27724,34.27352],[-119.27693,34.27343],[-119.27662,34.27334],[-119.27631,34.27324],[-119.276,34.27314],[-119.27569,34.27304],[-119.27539,34.27293],[-119.27509,34.27281],[-119.2748,34.27269],[-119.27451,34.27255],[-119.27423,34.2724],[-119.27395,34.27225],[-119.27368,34.2721],[-119.27342,34.27193],[-119.27317,34.27175],[-119.27291,34.27158],[-119.27267,34.27139],[-119.27244,34.2712],[-119.2722,34.271],[-119.27198,34.2708],[-119.27175,34.2706],[-119.27153,34.2704],[-119.2713,34.2702],[-119.27107,34.27],[-119.27085,34.2698],[-119.27062,34.2696],[-119.27039,34.2694],[-119.27017,34.2692],[-119.26994,34.26899],[-119.26972,34.26879],[-119.26949,34.26859],[-119.26924,34.26841],[-119.269,34.26823],[-119.26874,34.26805],[-119.26848,34.26788],[-119.26821,34.26772],[-119.26793,34.26758],[-119.26765,34.26744],[-119.26736,34.2673],[-119.26707,34.26717],[-119.26678,34.26703],[-119.26649,34.2669],[-119.2662,34.26676],[-119.26592,34.26663],[-119.26563,34.26649],[-119.26534,34.26636],[-119.26505,34.26622],[-119.26476,34.26609],[-119.26448,34.26595],[-119.26419,34.26582],[-119.2639,34.26568],[-119.26361,34.26555],[-119.26332,34.26541],[-119.26304,34.26527],[-119.26275,34.26514],[-119.26246,34.265],[-119.26217,34.26487],[-119.26188,34.26473],[-119.2616,34.2646],[-119.26131,34.26446],[-119.26102,34.26433],[-119.26073,34.26419],[-119.26044,34.26406],[-119.26016,34.26392],[-119.25987,34.26379],[-119.25958,34.26365],[-119.25929,34.26351],[-119.259,34.26338],[-119.25871,34.26324],[-119.25843,34.26311],[-119.25814,34.26297],[-119.25785,34.26284],[-119.25756,34.2627],[-119.25728,34.26257],[-119.25699,34.26243],[-119.2567,34.2623],[-119.25641,34.26216],[-119.25612,34.26203],[-119.25584,34.26189],[-119.25555,34.26176],[-119.25526,34.26162],[-119.25497,34.26149],[-119.25468,34.26135],[-119.2544,34.26121],[-119.25411,34.26108],[-119.25382,34.26094],[-119.25353,34.26081],[-119.25324,34.26067],[-119.25295,34.26054],[-119.25267,34.2604],[-119.25238,34.26027],[-119.25209,34.26013],[-119.2518,34.26],[-119.25151,34.25986],[-119.25123,34.25973],[-119.25094,34.25959],[-119.25065,34.25946],[-119.25036,34.25932],[-119.25007,34.25919],[-119.24979,34.25905],[-119.2495,34.25892],[-119.24921,34.25878],[-119.24892,34.25864],[-119.24863,34.25851],[-119.24835,34.25837],[-119.24806,34.25824],[-119.24777,34.2581],[-119.24748,34.25797],[-119.24719,34.25783],[-119.2469,34.2577],[-119.24662,34.25756],[-119.24633,34.25743],[-119.24604,34.25729],[-119.24575,34.25716],[-119.24546,34.25702],[-119.24518,34.25689],[-119.24489,34.25675],[-119.2446,34.25661],[-119.24431,34.25648],[-119.24402,34.25635],[-119.24374,34.25621],[-119.24345,34.25607],[-119.24316,34.25594],[-119.24287,34.2558],[-119.24259,34.25567],[-119.2423,34.25553],[-119.24201,34.2554],[-119.24172,34.25526],[-119.24143,34.25513],[-119.24114,34.25499],[-119.24086,34.25486],[-119.24057,34.25472],[-119.24028,34.25459],[-119.23999,34.25445],[-119.2397,34.25431],[-119.23942,34.25418],[-119.23913,34.25404],[-119.23884,34.25391],[-119.23855,34.25377],[-119.23826,34.25364],[-119.23798,34.2535],[-119.23769,34.25337],[-119.2374,34.25323],[-119.23711,34.2531],[-119.23682,34.25296],[-119.23654,34.25283],[-119.23625,34.25269],[-119.23596,34.25256],[-119.23567,34.25242],[-119.23538,34.25229],[-119.2351,34.25215],[-119.23481,34.25202],[-119.23452,34.25188],[-119.23423,34.25174],[-119.23394,34.25161],[-119.23366,34.25147],[-119.23337,34.25134],[-119.23308,34.2512],[-119.23279,34.25107],[-119.2325,34.25093],[-119.23222,34.2508],[-119.23193,34.25066],[-119.23164,34.25053],[-119.23135,34.25039],[-119.23106,34.25026],[-119.23077,34.25012],[-119.23049,34.24999],[-119.2302,34.24985],[-119.22991,34.24972],[-119.22962,34.24958],[-119.22934,34.24944],[-119.22905,34.24931],[-119.22876,34.24917],[-119.22847,34.24904],[-119.22818,34.2489],[-119.2279,34.24877],[-119.22761,34.24863],[-119.22732,34.2485],[-119.22703,34.24837],[-119.22673,34.24824],[-119.22644,34.24812],[-119.22613,34.24801],[-119.22583,34.24791],[-119.22551,34.24783],[-119.22519,34.24777],[-119.22487,34.24771],[-119.22454,34.24767],[-119.22421,34.24764],[-119.22388,34.24763],[-119.22355,34.24763],[-119.22322,34.24764],[-119.22289,34.24768],[-119.22256,34.24772],[-119.22223,34.24775],[-119.22191,34.2478],[-119.22158,34.24786],[-119.22126,34.24791],[-119.22093,34.24795],[-119.22061,34.248],[-119.22028,34.24806],[-119.21996,34.24811],[-119.21963,34.24816],[-119.21931,34.24821],[-119.21898,34.24826],[-119.21865,34.24831],[-119.21833,34.24836],[-119.218,34.24841],[-119.21768,34.24846],[-119.21735,34.24851],[-119.21703,34.24856],[-119.2167,34.24861],[-119.21638,34.24866],[-119.21605,34.24871],[-119.21573,34.24876],[-119.2154,34.24881],[-119.21508,34.24886],[-119.21475,34.24891],[-119.21443,34.24896],[-119.2141,34.24901],[-119.21377,34.24906],[-119.21345,34.24911],[-119.21313,34.24916],[-119.2128,34.24922],[-119.21248,34.24927],[-119.21215,34.24932],[-119.21183,34.24938],[-119.2115,34.24943],[-119.21118,34.24948],[-119.21085,34.24952],[-119.21052,34.24956],[-119.21019,34.2496],[-119.20987,34.24964],[-119.20954,34.24969],[-119.20922,34.24974],[-119.20889,34.24979],[-119.20856,34.24984],[-119.20824,34.24989],[-119.20791,34.24994],[-119.20759,34.24999],[-119.20726,34.25003],[-119.20694,34.25008],[-119.20661,34.25014],[-119.20629,34.25019],[-119.20596,34.25024],[-119.20564,34.25028],[-119.20531,34.25033],[-119.20498,34.25038],[-119.20466,34.25043],[-119.20434,34.25048],[-119.20401,34.25053],[-119.20368,34.25058],[-119.20336,34.25063],[-119.20303,34.25068],[-119.20271,34.25073],[-119.20238,34.25078],[-119.20206,34.25083],[-119.20173,34.25088],[-119.20141,34.25093],[-119.20108,34.25098],[-119.20076,34.25103],[-119.20043,34.25108],[-119.2001,34.25113],[-119.19978,34.25118],[-119.19954,34.25122],[-119.19986,34.25115],[-119.20017,34.25107],[-119.20049,34.25098],[-119.20079,34.25087],[-119.20106,34.25071],[-119.2013,34.25052],[-119.20148,34.2503],[-119.20162,34.25005],[-119.20171,34.24978],[-119.20173,34.24951],[-119.2017,34.24923],[-119.20164,34.24896],[-119.20158,34.24869],[-119.20152,34.24842],[-119.20146,34.24815],[-119.2014,34.24788],[-119.20134,34.24761],[-119.20125,34.24735],[-119.20111,34.2471],[-119.20091,34.24688],[-119.20067,34.2467],[-119.20041,34.24653],[-119.20013,34.24638],[-119.19985,34.24624],[-119.19957,34.24609],[-119.19929,34.24595],[-119.199,34.2458],[-119.19872,34.24566],[-119.19844,34.24551],[-119.19816,34.24537],[-119.19788,34.24522],[-119.1976,34.24508],[-119.19732,34.24493],[-119.19704,34.24479],[-119.19675,34.24464],[-119.19647,34.2445],[-119.19619,34.24435],[-119.19591,34.24421],[-119.19563,34.24406],[-119.19535,34.24392],[-119.19507,34.24377],[-119.19479,34.24362],[-119.19452,34.24346],[-119.19425,34.2433],[-119.19398,34.24314],[-119.19373,34.24297],[-119.19348,34.24279],[-119.19322,34.24261],[-119.19297,34.24244],[-119.19271,34.24226],[-119.19246,34.24209],[-119.1922,34.24191],[-119.19195,34.24174],[-119.1917,34.24156],[-119.19144,34.24138],[-119.19119,34.24121],[-119.19094,34.24103],[-119.19069,34.24085],[-119.19043,34.24067],[-119.19018,34.2405],[-119.18993,34.24032],[-119.18967,34.24014],[-119.18942,34.23997],[-119.18917,34.23979],[-119.18891,34.23961],[-119.18866,34.23944],[-119.18841,34.23926],[-119.18815,34.23908],[-119.1879,34.23891],[-119.18765,34.23873],[-119.18739,34.23855],[-119.18714,34.23837],[-119.18689,34.2382],[-119.18663,34.23802],[-119.18638,34.23784],[-119.18613,34.23766],[-119.18588,34.23749],[-119.18562,34.23731],[-119.18537,34.23713],[-119.18512,34.23696],[-119.18486,34.23678],[-119.18461,34.2366],[-119.18436,34.23643],[-119.1841,34.23625],[-119.18385,34.23607],[-119.18359,34.2359],[-119.18334,34.23572],[-119.18309,34.23555],[-119.18283,34.23537],[-119.18258,34.23519],[-119.18233,34.23502],[-119.18207,34.23484],[-119.18182,34.23466],[-119.18157,34.23449],[-119.18131,34.23431],[-119.18106,34.23413],[-119.18081,34.23396],[-119.18055,34.23378],[-119.1803,34.2336],[-119.18005,34.23343],[-119.17979,34.23325],[-119.17954,34.23307],[-119.17929,34.23289],[-119.17904,34.23271],[-119.17879,34.23253],[-119.17855,34.23235],[-119.17832,34.23215],[-119.1781,34.23194],[-119.1779,34.23172],[-119.1777,34.2315],[-119.17753,34.23127],[-119.17736,34.23103],[-119.17721,34.23079],[-119.17708,34.23054],[-119.17696,34.23028],[-119.17687,34.23002],[-119.17678,34.22975],[-119.17672,34.22948],[-119.17667,34.22921],[-119.17664,34.22894],[-119.17662,34.22866],[-119.17662,34.22839],[-119.17662,34.22811],[-119.17663,34.22784],[-119.17663,34.22756],[-119.17664,34.22729],[-119.17664,34.22701],[-119.17665,34.22674],[-119.17666,34.22646],[-119.17666,34.22619],[-119.17667,34.22591],[-119.17668,34.22564],[-119.17668,34.22536],[-119.17669,34.22509],[-119.17669,34.22481],[-119.1767,34.22454],[-119.17671,34.22427],[-119.17672,34.22399],[-119.17672,34.22372],[-119.17673,34.22344],[-119.17673,34.22317],[-119.17674,34.22289],[-119.17675,34.22262],[-119.17675,34.22234],[-119.17676,34.22207],[-119.17677,34.22179],[-119.17677,34.22152],[-119.17678,34.22124],[-119.17678,34.22097],[-119.17679,34.22069],[-119.1768,34.22042],[-119.1768,34.22015],[-119.17681,34.21987],[-119.17682,34.21959],[-119.17682,34.21932],[-119.17683,34.21905],[-119.17683,34.21877],[-119.17683,34.2185],[-119.17684,34.21822],[-119.17684,34.21795],[-119.17685,34.21767],[-119.17685,34.2174],[-119.17685,34.21712],[-119.17686,34.21685],[-119.17686,34.21657],[-119.17686,34.2163],[-119.17687,34.21602],[-119.17687,34.21575],[-119.17687,34.21547],[-119.17688,34.2152],[-119.17688,34.21492],[-119.17688,34.21465],[-119.17689,34.21437],[-119.17689,34.2141],[-119.1769,34.21382],[-119.1769,34.21355],[-119.1769,34.21328],[-119.17691,34.213],[-119.17691,34.21273],[-119.17691,34.21245],[-119.17692,34.21218],[-119.17692,34.2119],[-119.17692,34.21163],[-119.17693,34.21135],[-119.17693,34.21108],[-119.17693,34.2108],[-119.17694,34.21053],[-119.17694,34.21025],[-119.17695,34.20998],[-119.17695,34.2097],[-119.17695,34.20943],[-119.17696,34.20915],[-119.17696,34.20888],[-119.17696,34.2086],[-119.17697,34.20833],[-119.17697,34.20806],[-119.17697,34.20778],[-119.17697,34.2075],[-119.17698,34.20723],[-119.17698,34.20696],[-119.17699,34.20668],[-119.17699,34.20641],[-119.17699,34.20613],[-119.177,34.20586],[-119.177,34.20558],[-119.177,34.20531],[-119.17701,34.20503],[-119.17701,34.20476],[-119.17701,34.20448],[-119.17702,34.20421],[-119.17702,34.20393],[-119.17703,34.20366],[-119.17703,34.20338],[-119.17703,34.20311],[-119.17704,34.20283],[-119.17703,34.20256],[-119.17702,34.20229],[-119.177,34.20201],[-119.17695,34.20174],[-119.17689,34.20147],[-119.17681,34.2012],[-119.17671,34.20094],[-119.1766,34.20068],[-119.17647,34.20043],[-119.17633,34.20018],[-119.17617,34.19994],[-119.176,34.19971],[-119.1758,34.19948],[-119.1756,34.19926],[-119.17539,34.19906],[-119.17516,34.19886],[-119.17492,34.19867],[-119.17466,34.19849],[-119.1744,34.19832],[-119.17413,34.19817],[-119.17385,34.19803],[-119.17355,34.1979],[-119.17325,34.19778],[-119.17295,34.19768],[-119.17263,34.19759],[-119.17232,34.19751],[-119.172,34.19745],[-119.17167,34.1974],[-119.17134,34.19737],[-119.17101,34.19734],[-119.17068,34.19734],[-119.17035,34.19733],[-119.17002,34.19733],[-119.16969,34.19733],[-119.16936,34.19732],[-119.16903,34.19732],[-119.1687,34.19732],[-119.16837,34.19732],[-119.16804,34.19732],[-119.16771,34.19731],[-119.16738,34.19731],[-119.16705,34.19731],[-119.16671,34.19731],[-119.16639,34.19731],[-119.16605,34.1973],[-119.16572,34.1973],[-119.16539,34.1973],[-119.16506,34.1973],[-119.16473,34.19729],[-119.1644,34.19729],[-119.16407,34.19729],[-119.16374,34.19729],[-119.16341,34.19729],[-119.16308,34.19728],[-119.16275,34.19728],[-119.16242,34.19728],[-119.16209,34.19727],[-119.16175,34.19727],[-119.16142,34.19727],[-119.16109,34.19727],[-119.16076,34.19726],[-119.16043,34.19726],[-119.1601,34.19726],[-119.15977,34.19725],[-119.15944,34.19725],[-119.15911,34.19725],[-119.15878,34.19725],[-119.15845,34.19725],[-119.15812,34.19724],[-119.15779,34.19724],[-119.15746,34.19724],[-119.15712,34.19724],[-119.1568,34.19724],[-119.15646,34.19723],[-119.15613,34.19723],[-119.1558,34.19723],[-119.15547,34.19723],[-119.15514,34.19723],[-119.15481,34.19722],[-119.15448,34.19722],[-119.15415,34.19722],[-119.15382,34.19722],[-119.15349,34.19721],[-119.15316,34.19721],[-119.15283,34.19721],[-119.1525,34.19721],[-119.15216,34.1972],[-119.15183,34.1972],[-119.1515,34.1972],[-119.15117,34.1972],[-119.15084,34.19719],[-119.15051,34.19719],[-119.15018,34.19719],[-119.14985,34.19719],[-119.14952,34.19718],[-119.14919,34.19718],[-119.14886,34.19718],[-119.14853,34.19718],[-119.1482,34.19717],[-119.14787,34.19717],[-119.14754,34.19717],[-119.1472,34.19717],[-119.14687,34.19716],[-119.14654,34.19716],[-119.14621,34.19716],[-119.14588,34.19716],[-119.14555,34.19715],[-119.14522,34.19715],[-119.14489,34.19715],[-119.14456,34.19715],[-119.14423,34.19714],[-119.1439,34.19714],[-119.14357,34.19714],[-119.14324,34.19714],[-119.14291,34.19713],[-119.14257,34.19713],[-119.14224,34.19713],[-119.14191,34.19713],[-119.14158,34.19712],[-119.14125,34.19712],[-119.14092,34.19712],[-119.14059,34.19711],[-119.14026,34.19711],[-119.13993,34.19711],[-119.1396,34.19711],[-119.13927,34.1971],[-119.13894,34.1971],[-119.13861,34.1971],[-119.13828,34.1971],[-119.13795,34.19709],[-119.13761,34.19709],[-119.13728,34.19709],[-119.13695,34.19709],[-119.13662,34.19708],[-119.13629,34.19708],[-119.13596,34.19708],[-119.13563,34.19708],[-119.1353,34.19707],[-119.13497,34.19707],[-119.13464,34.19707],[-119.13431,34.19707],[-119.13398,34.19707],[-119.13365,34.19706],[-119.13332,34.19706],[-119.13299,34.19706],[-119.13265,34.19705],[-119.13232,34.19705],[-119.13199,34.19705],[-119.13166,34.19705],[-119.13133,34.19705],[-119.131,34.19704],[-119.13067,34.19704],[-119.13034,34.19704],[-119.13001,34.19704],[-119.12968,34.19703],[-119.12935,34.19703],[-119.12902,34.19703],[-119.12869,34.19703],[-119.12836,34.19702],[-119.12802,34.19702],[-119.12769,34.19702],[-119.12736,34.19701],[-119.12703,34.19701],[-119.1267,34.19701],[-119.12637,34.19701],[-119.12604,34.197],[-119.12571,34.197],[-119.12538,34.197],[-119.12505,34.197],[-119.12472,34.197],[-119.12439,34.197],[-119.12406,34.19699],[-119.12373,34.19699],[-119.1234,34.19699],[-119.12306,34.19699],[-119.12273,34.19698],[-119.1224,34.19698],[-119.12207,34.19698],[-119.12174,34.19698],[-119.12141,34.19697],[-119.12108,34.19697],[-119.12075,34.19697],[-119.12042,34.19696],[-119.12009,34.19696],[-119.11976,34.19696],[-119.11943,34.19696],[-119.1191,34.19696],[-119.11877,34.19695],[-119.11844,34.19695],[-119.1181,34.19695],[-119.11777,34.19694],[-119.11744,34.19694],[-119.11711,34.19694],[-119.11678,34.19694],[-119.11645,34.19693],[-119.11612,34.19693],[-119.11579,34.19693],[-119.11546,34.19693],[-119.11513,34.19692],[-119.1148,34.19692],[-119.11447,34.19692],[-119.11414,34.19691],[-119.1138,34.19691],[-119.11347,34.19691],[-119.11314,34.19691],[-119.11281,34.19691],[-119.11248,34.1969],[-119.11215,34.1969],[-119.11182,34.1969],[-119.11149,34.19689],[-119.11116,34.19689],[-119.11083,34.19689],[-119.1105,34.19689],[-119.11017,34.19688],[-119.10984,34.19688],[-119.10951,34.19688],[-119.10918,34.19688],[-119.10885,34.19687],[-119.10851,34.19687],[-119.10818,34.19687],[-119.10785,34.19687],[-119.10752,34.19686],[-119.10719,34.19686],[-119.10686,34.19686],[-119.10653,34.19686],[-119.1062,34.19685],[-119.10587,34.19685],[-119.10554,34.19685],[-119.10521,34.19685],[-119.10488,34.19685],[-119.10455,34.19684],[-119.10422,34.19684],[-119.10389,34.19684],[-119.10355,34.19684],[-119.10322,34.19683],[-119.10289,34.19683],[-119.10256,34.19683],[-119.10223,34.19683],[-119.1019,34.19682],[-119.10157,34.19682],[-119.10124,34.19682],[-119.10091,34.19682],[-119.10058,34.19681],[-119.10025,34.19681],[-119.09992,34.19681],[-119.09959,34.19681],[-119.09925,34.1968],[-119.09892,34.1968],[-119.09859,34.1968],[-119.09826,34.1968],[-119.09793,34.19679],[-119.0976,34.19679],[-119.09727,34.19679],[-119.09694,34.19679],[-119.09661,34.19678],[-119.09628,34.19678],[-119.09595,34.19678],[-119.09562,34.19678],[-119.09529,34.19677],[-119.09496,34.19677],[-119.09463,34.19676],[-119.0943,34.19676],[-119.09396,34.19676],[-119.09363,34.19676],[-119.0933,34.19675],[-119.09297,34.19675],[-119.09264,34.19674],[-119.09231,34.19674],[-119.09198,34.19674],[-119.09165,34.19673],[-119.09132,34.19673],[-119.09099,34.19673],[-119.09066,34.19673],[-119.09033,34.19672],[-119.09,34.19672],[-119.08967,34.19672],[-119.08934,34.19672],[-119.089,34.19671],[-119.08867,34.19671],[-119.08834,34.19671],[-119.08801,34.19671],[-119.08768,34.1967],[-119.08735,34.1967],[-119.08702,34.1967],[-119.08669,34.1967],[-119.08636,34.19669],[-119.08603,34.19669],[-119.0857,34.19669],[-119.08537,34.19669],[-119.08504,34.19668],[-119.0847,34.19668],[-119.08437,34.19668],[-119.08404,34.19668],[-119.08371,34.19667],[-119.08338,34.19667],[-119.08305,34.19667],[-119.08272,34.19667],[-119.08239,34.19667],[-119.08206,34.19666],[-119.08173,34.19666],[-119.0814,34.19666],[-119.08107,34.19665],[-119.08074,34.19665],[-119.08041,34.19665],[-119.08008,34.19665],[-119.07975,34.19664],[-119.07941,34.19664],[-119.07908,34.19664],[-119.07875,34.19664],[-119.07842,34.19664],[-119.07809,34.19663],[-119.07776,34.19663],[-119.07743,34.19663],[-119.0771,34.19662],[-119.07677,34.19662],[-119.07644,34.19662],[-119.07611,34.19662],[-119.07578,34.19661],[-119.07545,34.19661],[-119.07511,34.19661],[-119.07479,34.19661],[-119.07445,34.1966],[-119.07412,34.1966],[-119.07379,34.1966],[-119.07346,34.1966],[-119.07313,34.19659],[-119.0728,34.19659],[-119.07247,34.19659],[-119.07214,34.19659],[-119.07181,34.19658],[-119.07148,34.19658],[-119.07115,34.19658],[-119.07082,34.19658],[-119.07049,34.19657],[-119.07015,34.19657],[-119.06982,34.19657],[-119.06949,34.19657],[-119.06916,34.19656],[-119.06883,34.19656],[-119.0685,34.19656],[-119.06817,34.19656],[-119.06784,34.19655],[-119.06751,34.19655],[-119.06718,34.19655],[-119.06685,34.19655],[-119.06652,34.19654],[-119.06619,34.19654],[-119.06586,34.19654],[-119.06553,34.19654],[-119.0652,34.19653],[-119.06486,34.19653],[-119.06453,34.19653],[-119.0642,34.19653],[-119.06387,34.19652],[-119.06354,34.19652],[-119.06321,34.19652],[-119.06288,34.19652],[-119.06255,34.19651],[-119.06222,34.19651],[-119.06189,34.19651],[-119.06156,34.19651],[-119.06123,34.1965],[-119.0609,34.1965],[-119.06056,34.1965],[-119.06024,34.19649],[-119.0599,34.19649],[-119.05957,34.19649],[-119.05924,34.19649],[-119.05891,34.19649],[-119.05858,34.19648],[-119.05825,34.19648],[-119.05792,34.19648],[-119.05759,34.19647],[-119.05726,34.19647],[-119.05693,34.19647],[-119.0566,34.19647],[-119.05627,34.19646],[-119.05594,34.19646],[-119.0556,34.19646],[-119.05527,34.19646],[-119.05494,34.19645],[-119.05461,34.19645],[-119.05428,34.19645],[-119.05395,34.19645],[-119.05362,34.19644],[-119.05329,34.19644],[-119.05296,34.19644],[-119.05263,34.19644],[-119.0523,34.19643],[-119.05197,34.19643],[-119.05164,34.19643],[-119.05131,34.19643],[-119.05097,34.19642],[-119.05065,34.19642],[-119.05031,34.19642],[-119.04998,34.19642],[-119.04965,34.19642],[-119.04932,34.19644],[-119.049,34.19647],[-119.04867,34.19652],[-119.04834,34.19657],[-119.04802,34.19664],[-119.04771,34.19673],[-119.0474,34.19683],[-119.0471,34.19694],[-119.04681,34.19707],[-119.04652,34.1972],[-119.04624,34.19734],[-119.04597,34.1975],[-119.04571,34.19768],[-119.04547,34.19786],[-119.04524,34.19806],[-119.04501,34.19826],[-119.0448,34.19847],[-119.04461,34.1987],[-119.04443,34.19892],[-119.04427,34.19916],[-119.04411,34.19941],[-119.04398,34.19966],[-119.04385,34.19991],[-119.04372,34.20017],[-119.0436,34.20042],[-119.04348,34.20067],[-119.04335,34.20093],[-119.04323,34.20118],[-119.0431,34.20144],[-119.04298,34.20169],[-119.04285,34.20195],[-119.04273,34.2022],[-119.0426,34.20246],[-119.04248,34.20271],[-119.04235,34.20296],[-119.04223,34.20322],[-119.0421,34.20347],[-119.04198,34.20373],[-119.04185,34.20398],[-119.04173,34.20424],[-119.04161,34.20449],[-119.04148,34.20475],[-119.04136,34.205],[-119.04123,34.20526],[-119.04111,34.20551],[-119.04098,34.20576],[-119.04086,34.20602],[-119.04073,34.20627],[-119.04061,34.20653],[-119.04049,34.20678],[-119.04036,34.20704],[-119.04024,34.20729],[-119.04012,34.20755],[-119.03999,34.2078],[-119.03987,34.20806],[-119.03973,34.20831],[-119.03959,34.20856],[-119.03944,34.2088],[-119.03929,34.20905],[-119.03913,34.20929],[-119.03897,34.20953],[-119.0388,34.20976],[-119.03863,34.21],[-119.03845,34.21023],[-119.03828,34.21046],[-119.0381,34.21069],[-119.03792,34.21092],[-119.03774,34.21115],[-119.03756,34.21139],[-119.03738,34.21162],[-119.0372,34.21185],[-119.03702,34.21208],[-119.03684,34.21231],[-119.03666,34.21254],[-119.03648,34.21277],[-119.0363,34.213],[-119.03613,34.21324],[-119.03595,34.21347],[-119.03577,34.2137],[-119.03559,34.21393],[-119.03541,34.21416],[-119.03523,34.21439],[-119.03505,34.21462],[-119.03486,34.21485],[-119.03469,34.21508],[-119.03451,34.21531],[-119.03433,34.21554],[-119.03415,34.21577],[-119.03397,34.216],[-119.03379,34.21623],[-119.03361,34.21646],[-119.03343,34.21669],[-119.03325,34.21693],[-119.03307,34.21716],[-119.03289,34.21739],[-119.03271,34.21762],[-119.03253,34.21785],[-119.03235,34.21808],[-119.03217,34.21831],[-119.03199,34.21854],[-119.0318,34.21877],[-119.03162,34.21899],[-119.03142,34.21921],[-119.03123,34.21944],[-119.03103,34.21966],[-119.03082,34.21987],[-119.03062,34.22009],[-119.0304,34.2203],[-119.03019,34.2205],[-119.02997,34.22071],[-119.02975,34.22092],[-119.02954,34.22113],[-119.02933,34.22134],[-119.02911,34.22155],[-119.0289,34.22176],[-119.02868,34.22196],[-119.02846,34.22217],[-119.02825,34.22238],[-119.02804,34.22259],[-119.02782,34.2228],[-119.0276,34.22301],[-119.02739,34.22322],[-119.02717,34.22343],[-119.02696,34.22364],[-119.02675,34.22384],[-119.02653,34.22405],[-119.02631,34.22426],[-119.0261,34.22447],[-119.02589,34.22468],[-119.02567,34.22489],[-119.02545,34.2251],[-119.02524,34.22531],[-119.02502,34.22552],[-119.02481,34.22572],[-119.02459,34.22593],[-119.02438,34.22614],[-119.02416,34.22635],[-119.02395,34.22656],[-119.02373,34.22677],[-119.02352,34.22697],[-119.0233,34.22718],[-119.02308,34.22739],[-119.02287,34.2276],[-119.02265,34.22781],[-119.02244,34.22802],[-119.02222,34.22823],[-119.02201,34.22843],[-119.02179,34.22864],[-119.02158,34.22885],[-119.02136,34.22906],[-119.02115,34.22927],[-119.02093,34.22948],[-119.02071,34.22969],[-119.0205,34.22989],[-119.02029,34.2301],[-119.02007,34.23031],[-119.01986,34.23052],[-119.01964,34.23073],[-119.01943,34.23094],[-119.01921,34.23115],[-119.019,34.23136],[-119.01878,34.23157],[-119.01856,34.23177],[-119.01835,34.23198],[-119.01813,34.23219],[-119.01792,34.2324],[-119.0177,34.2326],[-119.01748,34.23281],[-119.01727,34.23302],[-119.01705,34.23323],[-119.01684,34.23344],[-119.01662,34.23365],[-119.0164,34.23385],[-119.01619,34.23407],[-119.01599,34.23428],[-119.01579,34.2345],[-119.0156,34.23473],[-119.01542,34.23496],[-119.01525,34.23519],[-119.01508,34.23543],[-119.01491,34.23566],[-119.01474,34.2359],[-119.01457,34.23614],[-119.0144,34.23637],[-119.01423,34.23661],[-119.01407,34.23685],[-119.0139,34.23708],[-119.01373,34.23732],[-119.01356,34.23756],[-119.01339,34.23779],[-119.01322,34.23803],[-119.01305,34.23826],[-119.01288,34.2385],[-119.01271,34.23873],[-119.01254,34.23897],[-119.01238,34.23921],[-119.01221,34.23944],[-119.01204,34.23968],[-119.01187,34.23992],[-119.0117,34.24015],[-119.01153,34.24039],[-119.01136,34.24063],[-119.01119,34.24086],[-119.01102,34.2411],[-119.01086,34.24133],[-119.01069,34.24157],[-119.01052,34.24181],[-119.01035,34.24204],[-119.01018,34.24228],[-119.01001,34.24252],[-119.00984,34.24275],[-119.00967,34.24299],[-119.00951,34.24323],[-119.00934,34.24346],[-119.00917,34.2437],[-119.009,34.24394],[-119.00883,34.24417],[-119.00866,34.24441],[-119.00849,34.24464],[-119.00832,34.24488],[-119.00816,34.24512],[-119.00799,34.24535],[-119.00781,34.24559],[-119.00764,34.24582],[-119.00746,34.24605],[-119.00726,34.24627],[-119.00707,34.24649],[-119.00685,34.2467],[-119.00663,34.24691],[-119.0064,34.24711],[-119.00617,34.2473],[-119.00593,34.24749],[-119.00567,34.24766],[-119.00541,34.24783],[-119.00515,34.248],[-119.00489,34.24817],[-119.00463,34.24834],[-119.00437,34.24851],[-119.00411,34.24868],[-119.00385,34.24885],[-119.00359,34.24902],[-119.00333,34.24918],[-119.00306,34.24935],[-119.0028,34.24952],[-119.00254,34.24969],[-119.00228,34.24986],[-119.00202,34.25003],[-119.00176,34.25019],[-119.00149,34.25036],[-119.00123,34.25053],[-119.00097,34.2507],[-119.00071,34.25086],[-119.00045,34.25103],[-119.00018,34.2512],[-118.99992,34.25137],[-118.99966,34.25154],[-118.9994,34.25171],[-118.99914,34.25187],[-118.99887,34.25204],[-118.99861,34.25221],[-118.99835,34.25238],[-118.99809,34.25255],[-118.99783,34.25271],[-118.99756,34.25288],[-118.9973,34.25305],[-118.99704,34.25322],[-118.99678,34.25339],[-118.99652,34.25355],[-118.99626,34.25372],[-118.99599,34.25389],[-118.99573,34.25406],[-118.99547,34.25423],[-118.99521,34.25439],[-118.99495,34.25456],[-118.99469,34.25473],[-118.99442,34.2549],[-118.99416,34.25507],[-118.9939,34.25523],[-118.99364,34.2554],[-118.99338,34.25557],[-118.99312,34.25574],[-118.99285,34.25591],[-118.99259,34.25608],[-118.99233,34.25624],[-118.99207,34.25641],[-118.99181,34.25658],[-118.99154,34.25675],[-118.99128,34.25692],[-118.99102,34.25708],[-118.99076,34.25725],[-118.9905,34.25742],[-118.99023,34.25759],[-118.98997,34.25776],[-118.98971,34.25793],[-118.98945,34.25809],[-118.98919,34.25826],[-118.98893,34.25843],[-118.98866,34.2586],[-118.9884,34.25876],[-118.98814,34.25893],[-118.98788,34.2591],[-118.98762,34.25927],[-118.98736,34.25944],[-118.98709,34.25961],[-118.98683,34.25977],[-118.98657,34.25994],[-118.98631,34.26011],[-118.98605,34.26028],[-118.98579,34.26045],[-118.98552,34.26061],[-118.98526,34.26078],[-118.985,34.26095],[-118.98474,34.26112],[-118.98448,34.26129],[-118.98421,34.26145],[-118.98395,34.26162],[-118.98369,34.26179],[-118.98343,34.26196],[-118.98317,34.26213],[-118.9829,34.2623],[-118.98264,34.26246],[-118.98238,34.26263],[-118.98212,34.2628],[-118.98186,34.26297],[-118.98159,34.26313],[-118.98133,34.2633],[-118.98107,34.26347],[-118.98081,34.26363],[-118.98054,34.2638],[-118.98028,34.26397],[-118.98001,34.26413],[-118.97974,34.26429],[-118.97947,34.26444],[-118.97918,34.26458],[-118.97889,34.26471],[-118.9786,34.26484],[-118.9783,34.26496],[-118.97799,34.26506],[-118.97769,34.26517],[-118.97737,34.26526],[-118.97706,34.26534],[-118.97674,34.2654],[-118.97641,34.26546],[-118.97609,34.26552],[-118.97576,34.26557],[-118.97544,34.26562],[-118.97511,34.26567],[-118.97479,34.26572],[-118.97446,34.26577],[-118.97414,34.26582],[-118.97381,34.26587],[-118.97349,34.26592],[-118.97316,34.26597],[-118.97284,34.26602],[-118.97251,34.26607],[-118.97218,34.26612],[-118.97186,34.26617],[-118.97153,34.26622],[-118.97121,34.26628],[-118.97088,34.26633],[-118.97056,34.26637],[-118.97023,34.26642],[-118.96991,34.26647],[-118.96958,34.26653],[-118.96926,34.26658],[-118.96893,34.26662],[-118.9686,34.26667],[-118.96828,34.26673],[-118.96795,34.26678],[-118.96763,34.26682],[-118.9673,34.26687],[-118.96698,34.26693],[-118.96665,34.26698],[-118.96633,34.26702],[-118.966,34.26707],[-118.96568,34.26713],[-118.96535,34.26718],[-118.96502,34.26723],[-118.9647,34.26727],[-118.96437,34.26732],[-118.96405,34.26738],[-118.96372,34.26743],[-118.9634,34.26747],[-118.96307,34.26752],[-118.96275,34.26758],[-118.96242,34.26763],[-118.9621,34.26767],[-118.96177,34.26772],[-118.96144,34.26778],[-118.96112,34.26783],[-118.96079,34.26787],[-118.96047,34.26792],[-118.96014,34.26797],[-118.95982,34.26803],[-118.95949,34.26808],[-118.95917,34.26812],[-118.95884,34.26817],[-118.95852,34.26823],[-118.95819,34.26828],[-118.95786,34.26832],[-118.95754,34.26837],[-118.95721,34.26843],[-118.95689,34.26848],[-118.95656,34.26852],[-118.95624,34.26857],[-118.95591,34.26863],[-118.95559,34.26868],[-118.95526,34.26873],[-118.95494,34.26877],[-118.95461,34.26882],[-118.95428,34.26888],[-118.95396,34.26893],[-118.95363,34.26897],[-118.95331,34.26902],[-118.95298,34.26908],[-118.95266,34.26913],[-118.95233,34.26917],[-118.95201,34.26922],[-118.95168,34.26928],[-118.95136,34.26933],[-118.95103,34.26937],[-118.9507,34.26942],[-118.95038,34.26947],[-118.95005,34.26953],[-118.94973,34.26958],[-118.9494,34.26962],[-118.94908,34.26967],[-118.94875,34.26973],[-118.94843,34.26978],[-118.9481,34.26982],[-118.94778,34.26987],[-118.94745,34.26993],[-118.94712,34.26998],[-118.9468,34.27003],[-118.94648,34.27008],[-118.94615,34.27013],[-118.94582,34.27018],[-118.9455,34.27024],[-118.94518,34.27029],[-118.94486,34.27036],[-118.94453,34.27043],[-118.94421,34.2705],[-118.94389,34.27057],[-118.94357,34.27064],[-118.94326,34.27071],[-118.94294,34.27078],[-118.94262,34.27086],[-118.9423,34.27093],[-118.94198,34.271],[-118.94166,34.27107],[-118.94134,34.27114],[-118.94102,34.27121],[-118.9407,34.27129],[-118.94038,34.27136],[-118.94006,34.27143],[-118.93974,34.2715],[-118.93942,34.27157],[-118.9391,34.27165],[-118.93878,34.27172],[-118.93846,34.27179],[-118.93815,34.27186],[-118.93783,34.27194],[-118.93751,34.27201],[-118.93719,34.27208],[-118.93687,34.27215],[-118.93655,34.27222],[-118.93623,34.2723],[-118.93591,34.27237],[-118.93559,34.27244],[-118.93527,34.27251],[-118.93495,34.27258],[-118.93463,34.27266],[-118.93431,34.27273],[-118.93399,34.27281],[-118.93368,34.27289],[-118.93337,34.27298],[-118.93306,34.27308],[-118.93275,34.27318],[-118.93245,34.2733],[-118.93216,34.27343],[-118.93187,34.27357],[-118.93158,34.2737],[-118.9313,34.27383],[-118.93101,34.27397],[-118.93072,34.27411],[-118.93044,34.27425],[-118.93015,34.27439],[-118.92987,34.27453],[-118.92958,34.27467],[-118.9293,34.27481],[-118.92901,34.27495],[-118.92873,34.27509],[-118.92844,34.27523],[-118.92816,34.27537],[-118.92787,34.27551],[-118.92759,34.27565],[-118.9273,34.27579],[-118.92702,34.27593],[-118.92673,34.27607],[-118.92645,34.2762],[-118.92616,34.27634],[-118.92588,34.27648],[-118.92559,34.27662],[-118.9253,34.27676],[-118.92502,34.2769],[-118.92473,34.27704],[-118.92445,34.27718],[-118.92416,34.27732],[-118.92388,34.27746],[-118.92359,34.2776],[-118.92331,34.27774],[-118.92302,34.27788],[-118.92274,34.27802],[-118.92245,34.27815],[-118.92217,34.27829],[-118.92188,34.27843],[-118.92159,34.27857],[-118.92131,34.27871],[-118.92102,34.27885],[-118.92073,34.27898],[-118.92045,34.27912],[-118.92016,34.27925],[-118.91986,34.27938],[-118.91956,34.27949],[-118.91926,34.2796],[-118.91895,34.27969],[-118.91863,34.27978],[-118.91832,34.27986],[-118.918,34.27994],[-118.91768,34.28],[-118.91735,34.28007],[-118.91703,34.28013],[-118.91671,34.2802],[-118.91639,34.28026],[-118.91607,34.28033],[-118.91575,34.2804],[-118.91543,34.28046],[-118.9151,34.28053],[-118.91478,34.28059],[-118.91446,34.28066],[-118.91414,34.28073],[-118.91382,34.28079],[-118.9135,34.28086],[-118.91318,34.28092],[-118.91285,34.28099],[-118.91253,34.28106],[-118.91221,34.28112],[-118.91189,34.28119],[-118.91157,34.28125],[-118.91125,34.28132],[-118.91093,34.28138],[-118.91061,34.28145],[-118.91028,34.28151],[-118.90996,34.28158],[-118.90964,34.28165],[-118.90932,34.28171],[-118.909,34.28178],[-118.90868,34.28184],[-118.90836,34.28191],[-118.90803,34.28198],[-118.90771,34.28204],[-118.90739,34.28211],[-118.90707,34.28218],[-118.90675,34.28224],[-118.90643,34.28231],[-118.90611,34.28237],[-118.90578,34.28244],[-118.90546,34.2825],[-118.90514,34.28257],[-118.90482,34.28264],[-118.9045,34.2827],[-118.90418,34.28277],[-118.90386,34.28283],[-118.90354,34.2829],[-118.90321,34.28296],[-118.90289,34.28303],[-118.90257,34.2831],[-118.90225,34.28316],[-118.90193,34.28323],[-118.90161,34.28329],[-118.90128,34.28336],[-118.90096,34.28342],[-118.90064,34.28349],[-118.90032,34.28355],[-118.9,34.28362],[-118.89968,34.28369],[-118.89936,34.28375],[-118.89903,34.28382],[-118.89871,34.28388],[-118.89839,34.28395],[-118.89807,34.28401],[-118.89775,34.28408],[-118.89743,34.28415],[-118.89711,34.28421],[-118.89678,34.28428],[-118.89646,34.28434],[-118.89614,34.28441],[-118.89582,34.28448],[-118.8955,34.28454],[-118.89518,34.28461],[-118.89486,34.28467],[-118.89453,34.28473],[-118.89421,34.28478],[-118.89388,34.28482],[-118.89355,34.28485],[-118.89322,34.28488],[-118.89289,34.28489],[-118.89256,34.28489],[-118.89223,34.28489],[-118.8919,34.28489],[-118.89157,34.28489],[-118.89123,34.28489],[-118.8909,34.28489],[-118.89057,34.28489],[-118.89024,34.28489],[-118.88991,34.28489],[-118.88958,34.28489],[-118.88925,34.28489],[-118.88892,34.28489],[-118.88859,34.28489],[-118.88826,34.28489],[-118.88792,34.28489],[-118.88759,34.28489],[-118.88726,34.28489],[-118.88693,34.28489],[-118.8866,34.28489],[-118.88627,34.28489],[-118.88594,34.28489],[-118.88561,34.28489],[-118.88528,34.28489],[-118.88495,34.28489],[-118.88461,34.28489],[-118.88428,34.28489],[-118.88395,34.28489],[-118.88362,34.28489],[-118.88329,34.28489],[-118.88296,34.28489],[-118.88263,34.28489],[-118.8823,34.28489],[-118.88197,34.28489],[-118.88164,34.28489],[-118.8813,34.28489],[-118.88097,34.28489],[-118.88064,34.28489],[-118.88031,34.28489],[-118.87998,34.28489],[-118.87965,34.28489],[-118.87932,34.28489],[-118.87899,34.28489],[-118.87865,34.28489],[-118.87832,34.28489],[-118.87799,34.28489],[-118.87766,34.28489],[-118.87733,34.28489],[-118.877,34.28489],[-118.87667,34.28489],[-118.87634,34.28489],[-118.87601,34.28489],[-118.87568,34.28489],[-118.87534,34.28489],[-118.87501,34.28489],[-118.87468,34.28489],[-118.87435,34.28489],[-118.87402,34.28489],[-118.87369,34.28489],[-118.87336,34.28489],[-118.87303,34.28489],[-118.8727,34.28489],[-118.87237,34.28489],[-118.87203,34.28489],[-118.8717,34.28489],[-118.87137,34.28489],[-118.87104,34.28489],[-118.87071,34.28489],[-118.87038,34.28489],[-118.87005,34.28489],[-118.86972,34.28489],[-118.86939,34.28489],[-118.86906,34.28489],[-118.86872,34.28489],[-118.86839,34.28489],[-118.86806,34.28489],[-118.86773,34.2849],[-118.8674,34.28491],[-118.86707,34.28493],[-118.86674,34.28495],[-118.86641,34.28499],[-118.86608,34.28503],[-118.86576,34.28509],[-118.86544,34.28515],[-118.86512,34.28522],[-118.8648,34.28529],[-118.86448,34.28536],[-118.86416,34.28543],[-118.86384,34.2855],[-118.86352,34.28557],[-118.8632,34.28564],[-118.86288,34.28571],[-118.86256,34.28578],[-118.86224,34.28585],[-118.86192,34.28592],[-118.8616,34.28599],[-118.86128,34.28606],[-118.86096,34.28613],[-118.86064,34.2862],[-118.86032,34.28627],[-118.86,34.28634],[-118.85968,34.28641],[-118.85935,34.28648],[-118.85904,34.28655],[-118.85872,34.28662],[-118.8584,34.28669],[-118.85808,34.28676],[-118.85776,34.28684],[-118.85744,34.28693],[-118.85713,34.28702],[-118.85682,34.28711],[-118.85651,34.28721],[-118.8562,34.28731],[-118.85589,34.28741],[-118.85559,34.28751],[-118.85528,34.28761],[-118.85497,34.28771],[-118.85466,34.28781],[-118.85435,34.28791],[-118.85405,34.28801],[-118.85374,34.28811],[-118.85343,34.28821],[-118.85312,34.28831],[-118.85282,34.28842],[-118.85251,34.28852],[-118.8522,34.28862],[-118.85189,34.28872],[-118.85158,34.28882],[-118.85128,34.28892],[-118.85097,34.28902],[-118.85066,34.28912],[-118.85035,34.28922],[-118.85004,34.28932],[-118.84973,34.28942],[-118.84943,34.28952],[-118.84912,34.28963],[-118.84881,34.28973],[-118.8485,34.28983],[-118.8482,34.28993],[-118.84789,34.29003],[-118.84758,34.29013],[-118.84727,34.29023],[-118.84696,34.29033],[-118.84666,34.29043],[-118.84635,34.29053],[-118.84604,34.29064],[-118.84573,34.29074],[-118.84542,34.29084],[-118.84512,34.29094],[-118.84481,34.29104],[-118.8445,34.29114],[-118.84419,34.29124],[-118.84388,34.29134],[-118.84358,34.29144],[-118.84327,34.29154],[-118.84296,34.29164],[-118.84265,34.29174],[-118.84234,34.29185],[-118.84204,34.29195],[-118.84173,34.29205],[-118.84142,34.29215],[-118.84111,34.29225],[-118.84081,34.29235],[-118.8405,34.29245],[-118.84019,34.29255],[-118.83987,34.29264],[-118.83956,34.29272],[-118.83924,34.29278],[-118.83891,34.29283],[-118.83858,34.29286],[-118.83825,34.29287],[-118.83792,34.29286],[-118.83759,34.29283],[-118.83726,34.29278],[-118.83694,34.29272],[-118.83663,34.29263],[-118.83632,34.29253],[-118.83602,34.29241],[-118.83574,34.29227],[-118.83546,34.29212],[-118.83519,34.29197],[-118.83492,34.2918],[-118.83466,34.29164],[-118.83439,34.29147],[-118.83413,34.29131],[-118.83387,34.29114],[-118.8336,34.29097],[-118.83334,34.2908],[-118.83308,34.29064],[-118.83281,34.29047],[-118.83255,34.29031],[-118.83228,34.29015],[-118.832,34.29],[-118.83172,34.28985],[-118.83143,34.28971],[-118.83114,34.28959],[-118.83084,34.28946],[-118.83054,34.28935],[-118.83024,34.28925],[-118.82993,34.28915],[-118.82962,34.28906],[-118.8293,34.28896],[-118.82899,34.28887],[-118.82868,34.28878],[-118.82837,34.28869],[-118.82806,34.2886],[-118.82774,34.28851],[-118.82743,34.28841],[-118.82712,34.28832],[-118.82681,34.28823],[-118.8265,34.28814],[-118.82618,34.28805],[-118.82587,34.28796],[-118.82555,34.28787],[-118.82524,34.2878],[-118.82492,34.28773],[-118.82459,34.28767],[-118.82427,34.28762],[-118.82394,34.28758],[-118.82361,34.28754],[-118.82328,34.28752],[-118.82295,34.2875],[-118.82262,34.28748],[-118.82229,34.28746],[-118.82196,34.28744],[-118.82163,34.28742],[-118.8213,34.2874],[-118.82097,34.28738],[-118.82064,34.28737],[-118.82031,34.28735],[-118.81998,34.28733],[-118.81965,34.28731],[-118.81932,34.28729],[-118.81899,34.28727],[-118.81866,34.28725],[-118.81833,34.28724],[-118.818,34.28722],[-118.81767,34.2872],[-118.81734,34.28718],[-118.81701,34.28716],[-118.81668,34.28714],[-118.81635,34.28712],[-118.81602,34.2871],[-118.81569,34.28708],[-118.81535,34.28707],[-118.81503,34.28705],[-118.8147,34.28703],[-118.81436,34.28701],[-118.81403,34.28699],[-118.8137,34.28697],[-118.81337,34.28695],[-118.81304,34.28694],[-118.81271,34.28692],[-118.81238,34.2869],[-118.81205,34.28688],[-118.81172,34.28686],[-118.81139,34.28684],[-118.81106,34.28682],[-118.81073,34.2868],[-118.8104,34.28678],[-118.81007,34.28674],[-118.80975,34.2867],[-118.80942,34.28665],[-118.8091,34.28659],[-118.80878,34.28652],[-118.80846,34.28644],[-118.80815,34.28635],[-118.80784,34.28626],[-118.80753,34.28615],[-118.80723,34.28603],[-118.80694,34.28591],[-118.80665,34.28578],[-118.80636,34.28564],[-118.80608,34.28549],[-118.80581,34.28534],[-118.80554,34.28517],[-118.80529,34.285],[-118.80504,34.28482],[-118.80479,34.28463],[-118.80455,34.28444],[-118.80432,34.28425],[-118.80409,34.28405],[-118.80386,34.28386],[-118.80362,34.28366],[-118.80339,34.28346],[-118.80316,34.28327],[-118.80293,34.28307],[-118.8027,34.28287],[-118.80246,34.28268],[-118.80222,34.28249],[-118.80198,34.28231],[-118.80172,34.28213],[-118.80146,34.28197],[-118.80118,34.28181],[-118.8009,34.28167],[-118.80061,34.28153],[-118.80032,34.28141],[-118.80002,34.28129],[-118.79971,34.28119],[-118.7994,34.2811],[-118.79908,34.28102],[-118.79876,34.28095],[-118.79844,34.28089],[-118.79811,34.28085],[-118.79778,34.28081],[-118.79745,34.28079],[-118.79712,34.28077],[-118.79679,34.28076],[-118.79646,34.28074],[-118.79613,34.28073],[-118.7958,34.28072],[-118.79547,34.28071],[-118.79514,34.28069],[-118.79481,34.28068],[-118.79448,34.28067],[-118.79415,34.28066],[-118.79382,34.28064],[-118.79349,34.28063],[-118.79316,34.28062],[-118.79282,34.28061],[-118.7925,34.2806],[-118.79216,34.28058],[-118.79183,34.28057],[-118.7915,34.28056],[-118.79117,34.28054],[-118.79084,34.28053],[-118.79051,34.2805],[-118.79018,34.28047],[-118.78986,34.28043],[-118.78953,34.28037],[-118.78921,34.28031],[-118.78889,34.28024],[-118.78857,34.28016],[-118.78826,34.28007],[-118.78795,34.27997],[-118.78765,34.27987],[-118.78735,34.27975],[-118.78705,34.27963],[-118.78676,34.27949],[-118.78647,34.27936],[-118.78618,34.27922],[-118.7859,34.27909],[-118.78561,34.27895],[-118.78533,34.27881],[-118.78504,34.27867],[-118.78475,34.27853],[-118.78447,34.27839],[-118.78418,34.27826],[-118.78389,34.27812],[-118.78361,34.27798],[-118.78332,34.27784],[-118.78304,34.2777],[-118.78275,34.27757],[-118.78246,34.27743],[-118.78218,34.27729],[-118.78189,34.27715],[-118.78161,34.27701],[-118.78132,34.27687],[-118.78103,34.27674],[-118.78074,34.27661],[-118.78045,34.27648],[-118.78015,34.27636],[-118.77985,34.27625],[-118.77954,34.27615],[-118.77923,34.27605],[-118.77891,34.27597],[-118.7786,34.27588],[-118.77828,34.2758],[-118.77797,34.27572],[-118.77765,34.27564],[-118.77734,34.27555],[-118.77702,34.27547],[-118.7767,34.27539],[-118.77639,34.27531],[-118.77607,34.27523],[-118.77576,34.27515],[-118.77544,34.27506],[-118.77512,34.27498],[-118.77481,34.2749],[-118.77449,34.27482],[-118.77418,34.27473],[-118.77386,34.27465],[-118.77354,34.27457],[-118.77323,34.27449],[-118.77291,34.27441],[-118.7726,34.27433],[-118.77228,34.27424],[-118.77196,34.27416],[-118.77165,34.27408],[-118.77133,34.274],[-118.77102,34.27392],[-118.7707,34.27383],[-118.77038,34.27375],[-118.77007,34.27367],[-118.76975,34.27359],[-118.76944,34.27351],[-118.76912,34.27343],[-118.7688,34.27334],[-118.76849,34.27326],[-118.76817,34.27318],[-118.76786,34.2731],[-118.76754,34.27302],[-118.76722,34.27293],[-118.76691,34.27285],[-118.76659,34.27277],[-118.76628,34.27269],[-118.76596,34.27261],[-118.76564,34.27253],[-118.76533,34.27244],[-118.76501,34.27236],[-118.76469,34.27229],[-118.76438,34.27221],[-118.76405,34.27215],[-118.76373,34.2721],[-118.7634,34.27205],[-118.76307,34.27201],[-118.76274,34.27199],[-118.76242,34.27197],[-118.76208,34.27196],[-118.76175,34.27195],[-118.76142,34.27195],[-118.76109,34.27195],[-118.76076,34.27195],[-118.76043,34.27195],[-118.7601,34.27195],[-118.75977,34.27195],[-118.75944,34.27195],[-118.75911,34.27195],[-118.75877,34.27195],[-118.75844,34.27195],[-118.75811,34.27195],[-118.75778,34.27195],[-118.75745,34.27195],[-118.75712,34.27195],[-118.75679,34.27195],[-118.75646,34.27195],[-118.75613,34.27195],[-118.7558,34.27195],[-118.75546,34.27195],[-118.75513,34.27195],[-118.7548,34.27195],[-118.75447,34.27195],[-118.75414,34.27195],[-118.75381,34.27195],[-118.75348,34.27195],[-118.75315,34.27195],[-118.75282,34.27195],[-118.75248,34.27195],[-118.75215,34.27195],[-118.75182,34.27195],[-118.75149,34.27195],[-118.75116,34.27195],[-118.75083,34.27195],[-118.7505,34.27195],[-118.75017,34.27195],[-118.74984,34.27195],[-118.74951,34.27195],[-118.74917,34.27195],[-118.74884,34.27195],[-118.74851,34.27195],[-118.74818,34.27195],[-118.74785,34.27196],[-118.74752,34.27196],[-118.74719,34.27196],[-118.74686,34.27196],[-118.74653,34.27196],[-118.7462,34.27196],[-118.74586,34.27196],[-118.74553,34.27196],[-118.7452,34.27196],[-118.74487,34.27196],[-118.74454,34.27196],[-118.74421,34.27196],[-118.74388,34.27196],[-118.74355,34.27196],[-118.74322,34.27196],[-118.74289,34.27196],[-118.74255,34.27196],[-118.74222,34.27196],[-118.74189,34.27196],[-118.74156,34.27196],[-118.74123,34.27196],[-118.7409,34.27196],[-118.74057,34.27196],[-118.74024,34.27196],[-118.73991,34.27196],[-118.73958,34.27196],[-118.73924,34.27196],[-118.73891,34.27196],[-118.73858,34.27196],[-118.73825,34.27196],[-118.73792,34.27196],[-118.73759,34.27196],[-118.73726,34.27196],[-118.73693,34.27196],[-118.7366,34.27196],[-118.73627,34.27196],[-118.73593,34.27196],[-118.7356,34.27196],[-118.73527,34.27196],[-118.73494,34.27196],[-118.73461,34.27196],[-118.73428,34.27196],[-118.73395,34.27196],[-118.73362,34.27196],[-118.73329,34.27196],[-118.73296,34.27196],[-118.73262,34.27196],[-118.73229,34.27196],[-118.73196,34.27196],[-118.73163,34.27196],[-118.7313,34.27196],[-118.73097,34.27196],[-118.73064,34.27196],[-118.73031,34.27196],[-118.72998,34.27196],[-118.72965,34.27196],[-118.72931,34.27196],[-118.72898,34.27196],[-118.72865,34.27196],[-118.72832,34.27196],[-118.72799,34.27196],[-118.72766,34.27196],[-118.72733,34.27196],[-118.727,34.27196],[-118.72667,34.27196],[-118.72634,34.27196],[-118.72601,34.27196],[-118.72567,34.27196],[-118.72534,34.27196],[-118.72501,34.27196],[-118.72468,34.27196],[-118.72435,34.27196],[-118.72402,34.27196],[-118.72369,34.27196],[-118.72336,34.27196],[-118.72303,34.27196],[-118.7227,34.27196],[-118.72236,34.27196],[-118.72203,34.27196],[-118.7217,34.27196],[-118.72137,34.27196],[-118.72104,34.27196],[-118.72071,34.27196],[-118.72038,34.27196],[-118.72005,34.27196],[-118.71972,34.27196],[-118.71939,34.27196],[-118.71905,34.27196],[-118.71872,34.27196],[-118.71839,34.27196],[-118.71806,34.27196],[-118.71773,34.27196],[-118.7174,34.27196],[-118.71707,34.27196],[-118.71674,34.27196],[-118.71641,34.27196],[-118.71608,34.27196],[-118.71574,34.27196],[-118.71541,34.27196],[-118.71508,34.27196],[-118.71475,34.27196],[-118.71442,34.27196],[-118.71409,34.27196],[-118.71376,34.27196],[-118.71343,34.27195],[-118.7131,34.27195],[-118.71277,34.27195],[-118.71243,34.27195],[-118.7121,34.27195],[-118.71177,34.27195],[-118.71144,34.27195],[-118.71111,34.27195],[-118.71078,34.27195],[-118.71045,34.27195],[-118.71012,34.27195],[-118.70979,34.27195],[-118.70946,34.27195],[-118.70912,34.27195],[-118.70879,34.27195],[-118.70846,34.27195],[-118.70813,34.27195],[-118.7078,34.27195],[-118.70747,34.27195],[-118.70714,34.27195],[-118.70681,34.27195],[-118.70648,34.27195],[-118.70615,34.27195],[-118.70581,34.27195],[-118.70548,34.27195],[-118.70515,34.27195],[-118.70482,34.27195],[-118.70449,34.27195],[-118.70416,34.27195],[-118.70383,34.27195],[-118.7035,34.27195],[-118.70317,34.27195],[-118.70283,34.27195],[-118.7025,34.27195],[-118.70217,34.27195],[-118.70184,34.27195],[-118.70151,34.27195],[-118.70118,34.27195],[-118.70085,34.27195],[-118.70052,34.27195],[-118.70019,34.27194],[-118.69986,34.27192],[-118.69953,34.2719],[-118.6992,34.27185],[-118.69888,34.2718],[-118.69856,34.27173],[-118.69824,34.27164],[-118.69793,34.27155],[-118.69763,34.27144],[-118.69733,34.27131],[-118.69705,34.27118],[-118.69677,34.27103],[-118.69649,34.27088],[-118.69622,34.27072],[-118.69595,34.27056],[-118.69568,34.2704],[-118.69541,34.27024],[-118.69514,34.27008],[-118.69487,34.26992],[-118.6946,34.26976],[-118.69433,34.2696],[-118.69406,34.26945],[-118.69379,34.26929],[-118.69352,34.26913],[-118.69325,34.26897],[-118.69298,34.26881],[-118.69272,34.26865],[-118.69245,34.26849],[-118.69218,34.26833],[-118.69191,34.26817],[-118.69164,34.26801],[-118.69137,34.26785],[-118.6911,34.26769],[-118.69082,34.26754],[-118.69055,34.26738],[-118.69027,34.26724],[-118.68998,34.2671],[-118.6897,34.26696],[-118.6894,34.26683],[-118.68911,34.26671],[-118.68881,34.2666],[-118.6885,34.26649],[-118.6882,34.26638],[-118.68788,34.26629],[-118.68757,34.2662],[-118.68726,34.26612],[-118.68694,34.26604],[-118.68662,34.26598],[-118.6863,34.26591],[-118.68597,34.26586],[-118.68564,34.26581],[-118.68532,34.26577],[-118.68499,34.26574],[-118.68466,34.26572],[-118.68433,34.2657],[-118.684,34.26568],[-118.68367,34.26568],[-118.68334,34.26567],[-118.683,34.26566],[-118.68267,34.26565],[-118.68234,34.26564],[-118.68201,34.26564],[-118.68168,34.26563],[-118.68135,34.26562],[-118.68102,34.26561],[-118.68069,34.26561],[-118.68036,34.2656],[-118.68003,34.26559],[-118.6797,34.26558],[-118.67937,34.26558],[-118.67903,34.26557],[-118.6787,34.26556],[-118.67837,34.26555],[-118.67804,34.26555],[-118.67771,34.26554],[-118.67738,34.26553],[-118.67705,34.26552],[-118.67672,34.26551],[-118.67639,34.2655],[-118.67606,34.26548],[-118.67573,34.26545],[-118.6754,34.26541],[-118.67508,34.26536],[-118.67475,34.26531],[-118.67443,34.26524],[-118.67411,34.26516],[-118.6738,34.26508],[-118.67349,34.26499],[-118.67318,34.26488],[-118.67288,34.26477],[-118.67258,34.26465],[-118.67228,34.26453],[-118.67199,34.26441],[-118.67169,34.26429],[-118.6714,34.26416],[-118.6711,34.26404],[-118.6708,34.26391],[-118.67051,34.26379],[-118.67021,34.26367],[-118.66992,34.26355],[-118.66962,34.26342],[-118.66932,34.2633],[-118.66903,34.26317],[-118.66873,34.26305],[-118.66844,34.26293],[-118.66814,34.26281],[-118.66785,34.26268],[-118.66755,34.26256],[-118.66725,34.26244],[-118.66696,34.26231],[-118.66666,34.26219],[-118.66637,34.26206],[-118.66607,34.26194],[-118.66577,34.26182],[-118.66548,34.2617],[-118.66518,34.26157],[-118.66488,34.26145],[-118.66458,34.26134],[-118.66427,34.26124],[-118.66396,34.26116],[-118.66364,34.26108],[-118.66332,34.26102],[-118.66299,34.26097],[-118.66266,34.26094],[-118.66233,34.26092],[-118.662,34.26092],[-118.66167,34.26093],[-118.66134,34.26095],[-118.66101,34.26098],[-118.66069,34.26101],[-118.66036,34.26105],[-118.66003,34.26109],[-118.6597,34.26112],[-118.65937,34.26116],[-118.65905,34.26119],[-118.65872,34.26123],[-118.65839,34.26127],[-118.65806,34.2613],[-118.65773,34.26134],[-118.6574,34.26137],[-118.65708,34.26141],[-118.65675,34.26145],[-118.65642,34.2615],[-118.6561,34.26156],[-118.65578,34.26164],[-118.65547,34.26172],[-118.65516,34.26183],[-118.65486,34.26194],[-118.65457,34.26207],[-118.65428,34.26221],[-118.654,34.26236],[-118.65374,34.26252],[-118.65349,34.2627],[-118.65324,34.26288],[-118.65301,34.26308],[-118.65279,34.26328],[-118.65257,34.26349],[-118.65236,34.2637],[-118.65215,34.26392],[-118.65195,34.26413],[-118.65174,34.26435],[-118.65153,34.26456],[-118.65132,34.26477],[-118.65109,34.26497],[-118.65085,34.26516],[-118.6506,34.26534],[-118.65033,34.2655],[-118.65005,34.26564],[-118.64975,34.26577],[-118.64945,34.26588],[-118.64914,34.26597],[-118.64882,34.26604],[-118.6485,34.2661],[-118.64817,34.26614],[-118.64784,34.26615],[-118.64751,34.26615],[-118.64718,34.26613],[-118.64685,34.26611],[-118.64652,34.26607],[-118.64619,34.26603],[-118.64587,34.26599],[-118.64554,34.26595],[-118.64521,34.26592],[-118.64488,34.26588],[-118.64455,34.26584],[-118.64423,34.2658],[-118.6439,34.26577],[-118.64357,34.26573],[-118.64324,34.26569],[-118.64292,34.26565],[-118.64259,34.26561],[-118.64226,34.26557],[-118.64193,34.26554],[-118.6416,34.2655],[-118.64128,34.26546],[-118.64095,34.26542],[-118.64062,34.26538],[-118.64029,34.26535],[-118.63997,34.26531],[-118.63964,34.26527],[-118.63931,34.26523],[-118.63898,34.26519],[-118.63865,34.26516],[-118.63833,34.26512],[-118.638,34.26508],[-118.63767,34.26504],[-118.63734,34.265],[-118.63702,34.26496],[-118.63669,34.26493],[-118.63636,34.26489],[-118.63603,34.26485],[-118.63571,34.26481],[-118.63538,34.26477],[-118.63505,34.26474],[-118.63472,34.2647],[-118.63439,34.26466],[-118.63407,34.26462],[-118.63374,34.26458],[-118.63341,34.26455],[-118.63308,34.26451],[-118.63276,34.26447],[-118.63243,34.26443],[-118.6321,34.26439],[-118.63177,34.26436],[-118.63144,34.26432],[-118.63112,34.26428],[-118.63079,34.26424],[-118.63046,34.2642],[-118.63013,34.26416],[-118.62981,34.26413],[-118.62948,34.26409],[-118.62915,34.26405],[-118.62882,34.26401],[-118.62849,34.26397],[-118.62817,34.26394],[-118.62784,34.2639],[-118.62751,34.26386],[-118.62718,34.26382],[-118.62686,34.26378],[-118.62653,34.26375],[-118.6262,34.26371],[-118.62587,34.26367],[-118.62554,34.26363],[-118.62522,34.26359],[-118.62489,34.26355],[-118.62456,34.26352],[-118.62423,34.26348],[-118.6239,34.26344],[-118.62358,34.2634],[-118.62325,34.26336],[-118.62292,34.26333],[-118.62259,34.26329],[-118.62227,34.26325],[-118.62194,34.26321],[-118.62161,34.26319],[-118.62128,34.26318],[-118.62095,34.2632],[-118.62062,34.26325],[-118.6203,34.26331],[-118.61998,34.26339],[-118.61966,34.26347],[-118.61935,34.26355],[-118.61903,34.26363],[-118.61872,34.26371],[-118.6184,34.26379],[-118.61808,34.26387],[-118.61777,34.26395],[-118.61745,34.26403],[-118.61713,34.26411],[-118.61682,34.26419],[-118.6165,34.26427],[-118.61618,34.26435],[-118.61587,34.26443],[-118.61555,34.26451],[-118.61524,34.26461],[-118.61494,34.26472],[-118.61465,34.26485],[-118.61438,34.26501],[-118.61413,34.26519],[-118.6139,34.26539],[-118.6137,34.26561],[-118.61353,34.26584],[-118.61339,34.26609],[-118.61328,34.26635],[-118.61319,34.26662],[-118.61311,34.26688],[-118.61304,34.26715],[-118.61297,34.26742],[-118.6129,34.26769],[-118.61283,34.26796],[-118.61275,34.26822],[-118.61268,34.26849],[-118.61261,34.26876],[-118.61254,34.26903],[-118.61247,34.2693],[-118.61239,34.26956],[-118.61231,34.26983],[-118.61221,34.27009],[-118.61209,34.27035],[-118.61194,34.27059],[-118.61175,34.27082],[-118.61154,34.27103],[-118.61131,34.27122],[-118.61105,34.27139],[-118.61077,34.27154],[-118.61047,34.27166],[-118.61016,34.27176],[-118.60984,34.27182],[-118.60951,34.27187],[-118.60918,34.2719],[-118.60885,34.27191],[-118.60852,34.27193],[-118.60819,34.27194],[-118.60786,34.27195],[-118.60753,34.27197],[-118.6072,34.27198],[-118.60687,34.272],[-118.60654,34.27201],[-118.60621,34.27202],[-118.60588,34.27204],[-118.60555,34.27205],[-118.60522,34.27206],[-118.60489,34.27208],[-118.60456,34.27209],[-118.60422,34.27211],[-118.60389,34.27212],[-118.60356,34.27213],[-118.60323,34.27215],[-118.6029,34.27215],[-118.60257,34.27215],[-118.60224,34.27212],[-118.60192,34.27207],[-118.6016,34.27198],[-118.6013,34.27188],[-118.60101,34.27174],[-118.60074,34.27158],[-118.60049,34.2714],[-118.60027,34.2712],[-118.60007,34.27098],[-118.5999,34.27074],[-118.59977,34.27049],[-118.59966,34.27023],[-118.59959,34.26996],[-118.59955,34.26969],[-118.59953,34.26942],[-118.59952,34.26914],[-118.59952,34.26887],[-118.59952,34.26859],[-118.59952,34.26832],[-118.59952,34.26804],[-118.59952,34.26777],[-118.59952,34.26749],[-118.59952,34.26722],[-118.59952,34.26694],[-118.59952,34.26667],[-118.59952,34.26639],[-118.59951,34.26612],[-118.59951,34.26584],[-118.59951,34.26557],[-118.59951,34.2653],[-118.59951,34.26502],[-118.59951,34.26474],[-118.59951,34.26447],[-118.59951,34.2642],[-118.59951,34.26392],[-118.59951,34.26365],[-118.59951,34.26337],[-118.59951,34.2631],[-118.59951,34.26282],[-118.59951,34.26255],[-118.59951,34.26227],[-118.59951,34.262],[-118.59951,34.26172],[-118.59951,34.26145],[-118.59951,34.26117],[-118.59951,34.2609],[-118.5995,34.26062],[-118.5995,34.26035],[-118.5995,34.26007],[-118.5995,34.2598],[-118.5995,34.25952],[-118.5995,34.25925],[-118.5995,34.25897],[-118.5995,34.2587],[-118.5995,34.25843],[-118.5995,34.25815],[-118.5995,34.25788],[-118.5995,34.2576],[-118.5995,34.25733],[-118.5995,34.25705],[-118.5995,34.25678],[-118.5995,34.2565],[-118.5995,34.25623],[-118.5995,34.25595],[-118.5995,34.25568],[-118.5995,34.2554],[-118.5995,34.25513],[-118.5995,34.25485],[-118.5995,34.25458],[-118.59949,34.2543],[-118.59949,34.25403],[-118.59949,34.25375],[-118.59949,34.25348],[-118.59949,34.2532],[-118.59949,34.25293],[-118.59949,34.25265],[-118.59949,34.25238],[-118.59949,34.25211],[-118.59949,34.25183],[-118.59949,34.25156],[-118.59949,34.25128],[-118.59949,34.25101],[-118.59949,34.25073],[-118.59949,34.25046],[-118.59949,34.25018],[-118.59949,34.24991],[-118.59948,34.24963],[-118.59948,34.24936],[-118.59946,34.24908],[-118.59944,34.24881],[-118.59941,34.24853],[-118.59937,34.24826],[-118.59932,34.24799],[-118.59926,34.24772],[-118.59919,34.24745],[-118.59912,34.24718],[-118.59904,34.24692],[-118.59895,34.24665],[-118.59885,34.24639],[-118.59874,34.24613],[-118.59862,34.24587],[-118.5985,34.24562],[-118.59837,34.24537],[-118.59823,34.24512],[-118.59808,34.24487],[-118.59793,34.24463],[-118.59776,34.24439],[-118.59759,34.24415],[-118.59741,34.24392],[-118.59723,34.2437],[-118.59704,34.24347],[-118.59684,34.24325],[-118.59663,34.24304],[-118.59642,34.24283],[-118.5962,34.24262],[-118.59597,34.24242],[-118.59574,34.24222],[-118.59551,34.24203],[-118.59526,34.24185],[-118.59501,34.24167],[-118.59476,34.24149],[-118.59449,34.24132],[-118.59423,34.24116],[-118.59396,34.241],[-118.59368,34.24085],[-118.5934,34.2407],[-118.59312,34.24056],[-118.59283,34.24043],[-118.59253,34.2403],[-118.59224,34.24018],[-118.59194,34.24007],[-118.59163,34.23996],[-118.59133,34.23985],[-118.59102,34.23976],[-118.5907,34.23967],[-118.59038,34.2396],[-118.59007,34.23952],[-118.58974,34.23946],[-118.58942,34.23939],[-118.5891,34.23933],[-118.58878,34.23927],[-118.58846,34.2392],[-118.58813,34.23914],[-118.58781,34.23908],[-118.58749,34.23902],[-118.58717,34.23895],[-118.58685,34.23889],[-118.58652,34.23882],[-118.5862,34.23876],[-118.58588,34.2387],[-118.58556,34.23864],[-118.58524,34.23857],[-118.58491,34.23851],[-118.58459,34.23845],[-118.58427,34.23838],[-118.58395,34.23832],[-118.58363,34.23826],[-118.5833,34.23819],[-118.58298,34.23813],[-118.58266,34.23807],[-118.58234,34.238],[-118.58202,34.23794],[-118.58169,34.23788],[-118.58137,34.23781],[-118.58105,34.23775],[-118.58073,34.23769],[-118.58041,34.23762],[-118.58009,34.23756],[-118.57976,34.2375],[-118.57944,34.23743],[-118.57912,34.23737],[-118.5788,34.23731],[-118.57848,34.23724],[-118.57815,34.23718],[-118.57783,34.23712],[-118.57751,34.23705],[-118.57719,34.23699],[-118.57687,34.23693],[-118.57654,34.23686],[-118.57622,34.2368],[-118.5759,34.23674],[-118.57558,34.23667],[-118.57526,34.23661],[-118.57493,34.23655],[-118.57461,34.23648],[-118.57429,34.23642],[-118.57397,34.23636],[-118.57365,34.23629],[-118.57332,34.23623],[-118.573,34.23617],[-118.57268,34.2361],[-118.57236,34.23604],[-118.57204,34.23598],[-118.57171,34.23591],[-118.57139,34.23585],[-118.57107,34.23579],[-118.57075,34.23572],[-118.57043,34.23566],[-118.5701,34.2356],[-118.56978,34.23553],[-118.56946,34.23547],[-118.56914,34.23541],[-118.56882,34.23534],[-118.56849,34.23528],[-118.56817,34.23522],[-118.56785,34.23515],[-118.56753,34.23509],[-118.56721,34.23503],[-118.56689,34.23496],[-118.56656,34.2349],[-118.56624,34.23484],[-118.56592,34.23477],[-118.5656,34.23471],[-118.56528,34.23465],[-118.56495,34.23458],[-118.56463,34.23452],[-118.56431,34.23446],[-118.56399,34.23439],[-118.56367,34.23433],[-118.56334,34.23427],[-118.56302,34.2342],[-118.5627,34.23414],[-118.56238,34.23408],[-118.56206,34.23401],[-118.56173,34.23395],[-118.56141,34.23389],[-118.56109,34.23382],[-118.56077,34.23376],[-118.56045,34.2337],[-118.56012,34.23363],[-118.5598,34.23357],[-118.55948,34.23351],[-118.55916,34.23344],[-118.55884,34.23338],[-118.55851,34.23332],[-118.55819,34.23325],[-118.55787,34.23319],[-118.55755,34.23313],[-118.55723,34.23306],[-118.55691,34.233],[-118.55658,34.23294],[-118.55626,34.23287],[-118.55594,34.23281],[-118.55562,34.23275],[-118.5553,34.23268],[-118.55497,34.23262],[-118.55465,34.23256],[-118.55433,34.23249],[-118.55401,34.23243],[-118.55369,34.23237],[-118.55336,34.2323],[-118.55304,34.23224],[-118.55272,34.23218],[-118.5524,34.23211],[-118.55208,34.23205],[-118.55175,34.23199],[-118.55143,34.23192],[-118.55111,34.23186],[-118.55079,34.23179],[-118.55047,34.23173],[-118.55015,34.23167],[-118.54982,34.23161],[-118.5495,34.23154],[-118.54918,34.23148],[-118.54886,34.23141],[-118.54854,34.23135],[-118.54821,34.23129],[-118.54789,34.23123],[-118.54757,34.23116],[-118.54725,34.2311],[-118.54693,34.23103],[-118.5466,34.23097],[-118.54628,34.23091],[-118.54596,34.23085],[-118.54564,34.23078],[-118.54532,34.23072],[-118.545,34.23065],[-118.54467,34.23059],[-118.54435,34.23053],[-118.54403,34.23046],[-118.54371,34.2304],[-118.54339,34.23034],[-118.54306,34.23027],[-118.54274,34.23021],[-118.54242,34.23015],[-118.5421,34.23008],[-118.54178,34.23002],[-118.54145,34.22996],[-118.54113,34.22989],[-118.54081,34.22983],[-118.54049,34.22977],[-118.54017,34.2297],[-118.53984,34.22964],[-118.53952,34.22958],[-118.5392,34.22951],[-118.53888,34.22945],[-118.53856,34.22939],[-118.53824,34.22932],[-118.53791,34.22926],[-118.53759,34.2292],[-118.53727,34.22913],[-118.53695,34.22907],[-118.53663,34.22901],[-118.5363,34.22894],[-118.53598,34.22888],[-118.53566,34.22882],[-118.53534,34.22875],[-118.53502,34.22869],[-118.53469,34.22863],[-118.53437,34.22856],[-118.53405,34.2285],[-118.53373,34.22843],[-118.53341,34.22837],[-118.53308,34.22831],[-118.53276,34.22825],[-118.53244,34.22818],[-118.53212,34.22812],[-118.5318,34.22805],[-118.53148,34.22799],[-118.53115,34.22793],[-118.53083,34.22786],[-118.53051,34.2278],[-118.53019,34.22774],[-118.52987,34.22767],[-118.52954,34.22761],[-118.52922,34.22755],[-118.5289,34.22748],[-118.52858,34.22742],[-118.52826,34.22736],[-118.52793,34.22729],[-118.52761,34.22723],[-118.52729,34.22717],[-118.52697,34.2271],[-118.52665,34.22704],[-118.52632,34.22698],[-118.526,34.22691],[-118.52568,34.22685],[-118.52536,34.22679],[-118.52504,34.22672],[-118.52472,34.22666],[-118.52439,34.2266],[-118.52407,34.22653],[-118.52375,34.22647],[-118.52343,34.2264],[-118.52311,34.22634],[-118.52278,34.22628],[-118.52246,34.22622],[-118.52214,34.22615],[-118.52182,34.22609],[-118.5215,34.22602],[-118.52117,34.22596],[-118.52085,34.2259],[-118.52053,34.22583],[-118.52021,34.22577],[-118.51989,34.22571],[-118.51957,34.22564],[-118.51924,34.22558],[-118.51892,34.22552],[-118.5186,34.22545],[-118.51828,34.22539],[-118.51796,34.22533],[-118.51763,34.22526],[-118.51731,34.2252],[-118.51699,34.22514],[-118.51667,34.22507],[-118.51635,34.22501],[-118.51602,34.22495],[-118.5157,34.22488],[-118.51538,34.22482],[-118.51506,34.22476],[-118.51474,34.22469],[-118.51441,34.22463],[-118.51409,34.22457],[-118.51377,34.2245],[-118.51345,34.22444],[-118.51313,34.22438],[-118.51281,34.22431],[-118.51248,34.22425],[-118.51216,34.22418],[-118.51184,34.22412],[-118.51152,34.22406],[-118.5112,34.224],[-118.51087,34.22393],[-118.51055,34.22387],[-118.51023,34.2238],[-118.50991,34.22374],[-118.50959,34.22368],[-118.50926,34.22361],[-118.50894,34.22355],[-118.50862,34.22349],[-118.5083,34.22342],[-118.50798,34.22336],[-118.50766,34.2233],[-118.50733,34.22323],[-118.50701,34.22317],[-118.50669,34.22311],[-118.50637,34.22304],[-118.50605,34.22298],[-118.50572,34.22292],[-118.5054,34.22285],[-118.50508,34.22279],[-118.50476,34.22273],[-118.50444,34.22266],[-118.50412,34.2226],[-118.50379,34.22254],[-118.50347,34.22247],[-118.50315,34.22241],[-118.50283,34.22234],[-118.50251,34.22228],[-118.50218,34.22222],[-118.50186,34.22215],[-118.50154,34.22209],[-118.50122,34.22203],[-118.5009,34.22196],[-118.50057,34.2219],[-118.50025,34.22184],[-118.49993,34.22177],[-118.49961,34.22171],[-118.49929,34.22165],[-118.49897,34.22158],[-118.49864,34.22152],[-118.49832,34.22146],[-118.498,34.22139],[-118.49768,34.22133],[-118.49736,34.22127],[-118.49703,34.2212],[-118.49671,34.22114],[-118.49639,34.22107],[-118.49607,34.22101],[-118.49575,34.22095],[-118.49543,34.22088],[-118.4951,34.22082],[-118.49478,34.22076],[-118.49446,34.22069],[-118.49414,34.22063],[-118.49382,34.22057],[-118.49349,34.2205],[-118.49317,34.22044],[-118.49285,34.22038],[-118.49253,34.22031],[-118.49221,34.22025],[-118.49188,34.22019],[-118.49156,34.22012],[-118.49124,34.22006],[-118.49092,34.21999],[-118.4906,34.21993],[-118.49028,34.21987],[-118.48995,34.21981],[-118.48963,34.21974],[-118.48931,34.21968],[-118.48899,34.21961],[-118.48867,34.21955],[-118.48834,34.21949],[-118.48802,34.21942],[-118.4877,34.21936],[-118.48738,34.2193],[-118.48706,34.21923],[-118.48674,34.21917],[-118.48641,34.21911],[-118.48609,34.21904],[-118.48577,34.21898],[-118.48545,34.21892],[-118.48513,34.21885],[-118.4848,34.21879],[-118.48448,34.21873],[-118.48416,34.21866],[-118.48384,34.2186],[-118.48352,34.21854],[-118.4832,34.21847],[-118.48287,34.21841],[-118.48255,34.21834],[-118.48223,34.21828],[-118.48191,34.21822],[-118.48159,34.21815],[-118.48127,34.21808],[-118.48095,34.218],[-118.48063,34.21793],[-118.48031,34.21786],[-118.47999,34.2178],[-118.47967,34.21773],[-118.47935,34.21767],[-118.47902,34.2176],[-118.4787,34.21754],[-118.47838,34.21748],[-118.47806,34.21741],[-118.47774,34.21735],[-118.47742,34.21729],[-118.47709,34.21722],[-118.47677,34.21716],[-118.47645,34.21709],[-118.47613,34.21702],[-118.47581,34.21695],[-118.47549,34.21688],[-118.47517,34.21681],[-118.47485,34.21674],[-118.47453,34.21667],[-118.47421,34.21661],[-118.47389,34.21654],[-118.47357,34.21648],[-118.47325,34.21641],[-118.47293,34.21635],[-118.4726,34.21629],[-118.47228,34.21622],[-118.47196,34.21616],[-118.47164,34.2161],[-118.47131,34.21604],[-118.47099,34.21598],[-118.47067,34.21593],[-118.47034,34.21587],[-118.47002,34.21581],[-118.4697,34.21576],[-118.46937,34.2157],[-118.46905,34.21564],[-118.46873,34.21557],[-118.46841,34.21551],[-118.46808,34.21545],[-118.46776,34.21538],[-118.46744,34.21532],[-118.46712,34.21526],[-118.4668,34.2152],[-118.46647,34.21513],[-118.46615,34.21507],[-118.46583,34.215],[-118.46551,34.21494],[-118.46519,34.21488],[-118.46487,34.21481],[-118.46454,34.21475],[-118.46422,34.21469],[-118.4639,34.21462],[-118.46358,34.21456],[-118.46326,34.21449],[-118.46294,34.21443],[-118.46261,34.21437],[-118.46229,34.2143],[-118.46197,34.21424],[-118.46165,34.21417],[-118.46133,34.21411],[-118.46101,34.21405],[-118.46068,34.21398],[-118.46036,34.21392],[-118.46004,34.21386],[-118.45972,34.21379],[-118.4594,34.21373],[-118.45907,34.21366],[-118.45875,34.2136],[-118.45843,34.21354],[-118.45811,34.21347],[-118.45779,34.21341],[-118.45746,34.21335],[-118.45714,34.21328],[-118.45682,34.21322],[-118.4565,34.21316],[-118.45618,34.21309],[-118.45586,34.21303],[-118.45553,34.21297],[-118.45521,34.2129],[-118.45489,34.21284],[-118.45457,34.21278],[-118.45425,34.21271],[-118.45392,34.21265],[-118.4536,34.21259],[-118.45328,34.21252],[-118.45296,34.21246],[-118.45264,34.2124],[-118.45232,34.21233],[-118.45199,34.21227],[-118.45167,34.21221],[-118.45135,34.21214],[-118.45103,34.21208],[-118.4507,34.21203],[-118.45038,34.21197],[-118.45006,34.21192],[-118.44973,34.21186],[-118.44941,34.2118],[-118.44909,34.21174],[-118.44876,34.21168],[-118.44844,34.21161],[-118.44813,34.21153],[-118.44781,34.21146],[-118.44749,34.21138],[-118.44717,34.2113],[-118.44685,34.21123],[-118.44653,34.21116],[-118.44621,34.2111],[-118.44589,34.21103],[-118.44557,34.21097],[-118.44525,34.2109],[-118.44493,34.21084],[-118.4446,34.21078],[-118.44428,34.21071],[-118.44396,34.21065],[-118.44364,34.21059],[-118.44332,34.21052],[-118.44299,34.21046],[-118.44267,34.21041],[-118.44235,34.21035],[-118.44202,34.21029],[-118.4417,34.21024],[-118.44138,34.21018],[-118.44106,34.21011],[-118.44073,34.21005],[-118.44041,34.20999],[-118.44009,34.20992],[-118.43977,34.20986],[-118.43945,34.2098],[-118.43912,34.20973],[-118.4388,34.20967],[-118.43848,34.20961],[-118.43816,34.20954],[-118.43784,34.20948],[-118.43752,34.20942],[-118.43719,34.20935],[-118.43687,34.20929],[-118.43655,34.20923],[-118.43623,34.20916],[-118.43591,34.2091],[-118.43559,34.20904],[-118.43526,34.20897],[-118.43494,34.20891],[-118.43462,34.20884],[-118.4343,34.20878],[-118.43397,34.20872],[-118.43365,34.20867],[-118.43333,34.20861],[-118.433,34.20855],[-118.43268,34.20849],[-118.43236,34.20844],[-118.43203,34.20838],[-118.43171,34.20831],[-118.43139,34.20825],[-118.43107,34.20819],[-118.43075,34.20812],[-118.43042,34.20806],[-118.4301,34.208],[-118.42978,34.20793],[-118.42946,34.20787],[-118.42914,34.20781],[-118.42882,34.20774],[-118.42849,34.20768],[-118.42817,34.20762],[-118.42785,34.20755],[-118.42753,34.20749],[-118.42721,34.20743],[-118.42688,34.20736],[-118.42656,34.2073],[-118.42624,34.20723],[-118.42592,34.20717],[-118.4256,34.20711],[-118.42528,34.20704],[-118.42495,34.20698],[-118.42463,34.20692],[-118.42431,34.20685],[-118.42399,34.20679],[-118.42367,34.20673],[-118.42334,34.20666],[-118.42302,34.2066],[-118.4227,34.20654],[-118.42238,34.20647],[-118.42206,34.20641],[-118.42174,34.20634],[-118.42141,34.20628],[-118.42109,34.20622],[-118.42077,34.20616],[-118.42045,34.20609],[-118.42013,34.20603],[-118.41981,34.20596],[-118.41948,34.2059],[-118.41916,34.20584],[-118.41884,34.20577],[-118.41852,34.20571],[-118.4182,34.20565],[-118.41787,34.20558],[-118.41755,34.20552],[-118.41723,34.20546],[-118.41691,34.20539],[-118.41659,34.20533],[-118.41627,34.20527],[-118.41594,34.2052],[-118.41562,34.20514],[-118.4153,34.20508],[-118.41498,34.20501],[-118.41466,34.20495],[-118.41433,34.20488],[-118.41401,34.20482],[-118.41369,34.20476],[-118.41337,34.20469],[-118.41305,34.20463],[-118.41273,34.20457],[-118.41241,34.2045],[-118.41208,34.20444],[-118.41176,34.20438],[-118.41144,34.20431],[-118.41112,34.20425],[-118.4108,34.20419],[-118.41047,34.20412],[-118.41015,34.20406],[-118.40983,34.20399],[-118.40951,34.20393],[-118.40919,34.20387],[-118.40887,34.2038],[-118.40854,34.20374],[-118.40822,34.20368],[-118.4079,34.20361],[-118.40758,34.20355],[-118.40726,34.20349],[-118.40694,34.20342],[-118.40661,34.20336],[-118.40629,34.2033],[-118.40597,34.20323],[-118.40565,34.20317],[-118.40533,34.20311],[-118.405,34.20304],[-118.40468,34.20298],[-118.40436,34.20291],[-118.40404,34.20285],[-118.40372,34.20279],[-118.4034,34.20272],[-118.40307,34.20266],[-118.40275,34.2026],[-118.40243,34.20253],[-118.40211,34.20247],[-118.40179,34.20241],[-118.40147,34.20234],[-118.40114,34.20228],[-118.40082,34.20222],[-118.4005,34.20215],[-118.40018,34.20209],[-118.39986,34.20202],[-118.39954,34.20196],[-118.39921,34.2019],[-118.39889,34.20183],[-118.39857,34.20177],[-118.39825,34.20171],[-118.39793,34.20164],[-118.3976,34.20158],[-118.39728,34.20152],[-118.39696,34.20145],[-118.39664,34.20139],[-118.39632,34.20132],[-118.39599,34.20126],[-118.39567,34.2012],[-118.39535,34.20113],[-118.39503,34.20107],[-118.39471,34.20101],[-118.39439,34.20094],[-118.39406,34.20088],[-118.39374,34.20082],[-118.39342,34.20075],[-118.3931,34.20069],[-118.39278,34.20063],[-118.39246,34.20056],[-118.39213,34.2005],[-118.39181,34.20043],[-118.39149,34.20037],[-118.39117,34.20031],[-118.39085,34.20024],[-118.39053,34.20018],[-118.3902,34.20012],[-118.38988,34.20005],[-118.38956,34.19999],[-118.38924,34.19993],[-118.38892,34.19986],[-118.38859,34.1998],[-118.38827,34.19973],[-118.38795,34.19967],[-118.38763,34.19961],[-118.38731,34.19955],[-118.38699,34.19948],[-118.38666,34.19942],[-118.38634,34.19935],[-118.38602,34.19929],[-118.3857,34.19923],[-118.38538,34.19916],[-118.38506,34.1991],[-118.38474,34.19904],[-118.38441,34.19897],[-118.38409,34.19891],[-118.38377,34.19885],[-118.38345,34.19878],[-118.38313,34.19872],[-118.3828,34.19866],[-118.38248,34.19859],[-118.38216,34.19853],[-118.38184,34.19846],[-118.38152,34.1984],[-118.3812,34.19834],[-118.38087,34.19827],[-118.38055,34.19821],[-118.38023,34.19815],[-118.37991,34.19808],[-118.37959,34.19802],[-118.37927,34.19796],[-118.37894,34.19789],[-118.37862,34.19783],[-118.3783,34.19776],[-118.37798,34.1977],[-118.37766,34.19764],[-118.37734,34.19757],[-118.37701,34.19751],[-118.37669,34.19745],[-118.37637,34.19738],[-118.37605,34.19732],[-118.37573,34.19726],[-118.3754,34.19719],[-118.37508,34.19713],[-118.37476,34.19707],[-118.37444,34.197],[-118.37412,34.19694],[-118.3738,34.19687],[-118.37347,34.19681],[-118.37315,34.19675],[-118.37283,34.19668],[-118.37251,34.19662],[-118.37219,34.19656],[-118.37186,34.19649],[-118.37154,34.19643],[-118.37122,34.19637],[-118.3709,34.1963],[-118.37058,34.19624],[-118.37026,34.19617],[-118.36993,34.19611],[-118.36961,34.19605],[-118.36929,34.19598],[-118.36897,34.19592],[-118.36865,34.19586],[-118.36833,34.19579],[-118.368,34.19573],[-118.36768,34.19567],[-118.36736,34.1956],[-118.36704,34.19554],[-118.36672,34.19548],[-118.3664,34.19541],[-118.36607,34.19535],[-118.36575,34.19528],[-118.36543,34.19522],[-118.36511,34.19516],[-118.36479,34.19509],[-118.36447,34.19503],[-118.36414,34.19497],[-118.36382,34.1949],[-118.3635,34.19484],[-118.36318,34.19477],[-118.36286,34.19471],[-118.36254,34.19465],[-118.36221,34.19458],[-118.36189,34.19452],[-118.36157,34.19446],[-118.36125,34.19439],[-118.36093,34.19433],[-118.36061,34.19427],[-118.36028,34.1942],[-118.35996,34.19414],[-118.35964,34.19407],[-118.35932,34.19401],[-118.359,34.19395],[-118.35868,34.19388],[-118.35835,34.19382],[-118.35803,34.19376],[-118.35771,34.19369],[-118.35739,34.19363],[-118.35707,34.19357],[-118.35675,34.1935],[-118.35642,34.19344],[-118.3561,34.19338],[-118.35578,34.19331],[-118.35546,34.19325],[-118.35514,34.19318],[-118.35482,34.19312],[-118.35449,34.19306],[-118.35417,34.19299],[-118.35385,34.19293],[-118.35353,34.19287],[-118.35321,34.1928],[-118.35289,34.19274],[-118.35256,34.19268],[-118.35224,34.19261],[-118.35192,34.19255],[-118.3516,34.19248],[-118.35128,34.19242],[-118.35095,34.19236],[-118.35063,34.19229],[-118.35031,34.19223],[-118.34999,34.19217],[-118.34967,34.1921],[-118.34935,34.19204],[-118.34902,34.19197],[-118.3487,34.19191],[-118.34838,34.19185],[-118.34806,34.19178],[-118.34774,34.19172],[-118.34742,34.19166],[-118.34709,34.19159],[-118.34677,34.19153],[-118.34645,34.19147],[-118.34613,34.1914],[-118.34581,34.19134],[-118.34549,34.19127],[-118.34516,34.19121],[-118.34484,34.19115],[-118.34452,34.19108],[-118.3442,34.19102],[-118.34388,34.19096],[-118.34356,34.19089],[-118.34323,34.19083],[-118.34291,34.19077],[-118.34259,34.1907],[-118.34227,34.19064],[-118.34195,34.19058],[-118.34163,34.19051],[-118.3413,34.19045],[-118.34098,34.19038],[-118.34066,34.19032],[-118.34034,34.19026],[-118.34002,34.19019],[-118.3397,34.19013],[-118.33937,34.19007],[-118.33905,34.19],[-118.33873,34.18994],[-118.33841,34.18988],[-118.33809,34.18981],[-118.33777,34.18975],[-118.33744,34.18968],[-118.33712,34.18962],[-118.3368,34.18956],[-118.33648,34.18949],[-118.33616,34.18943],[-118.33584,34.18937],[-118.33551,34.1893],[-118.33519,34.18924],[-118.33487,34.18917],[-118.33455,34.18911],[-118.33423,34.18905],[-118.33391,34.18898],[-118.33358,34.18892],[-118.33326,34.18885],[-118.33294,34.18879],[-118.33262,34.18873],[-118.3323,34.18866],[-118.33198,34.1886],[-118.33165,34.18854],[-118.33133,34.18847],[-118.33101,34.18841],[-118.33069,34.18835],[-118.33037,34.18828],[-118.33005,34.18822],[-118.32972,34.18816],[-118.3294,34.18809],[-118.32908,34.18803],[-118.32876,34.18796],[-118.32844,34.1879],[-118.32812,34.18784],[-118.32779,34.18777],[-118.32747,34.18771],[-118.32715,34.18765],[-118.32683,34.18758],[-118.32651,34.18752],[-118.32619,34.18745],[-118.32586,34.18739],[-118.32554,34.18733],[-118.32522,34.18726],[-118.3249,34.1872],[-118.32458,34.18714],[-118.32426,34.18707],[-118.32393,34.18701],[-118.32361,34.18695],[-118.32329,34.18688],[-118.32297,34.18682],[-118.32265,34.18675],[-118.32233,34.18668],[-118.32202,34.18659],[-118.32172,34.18648],[-118.32143,34.18634],[-118.32116,34.18617],[-118.32092,34.18599],[-118.32068,34.1858],[-118.32045,34.18561],[-118.32022,34.18541],[-118.31999,34.18521],[-118.31976,34.18501],[-118.31953,34.18481],[-118.31931,34.18461],[-118.31908,34.18441],[-118.31884,34.18422],[-118.31862,34.18402],[-118.3184,34.18382],[-118.31817,34.18361],[-118.31795,34.18341],[-118.31772,34.18321],[-118.3175,34.18301],[-118.31728,34.18281],[-118.31705,34.1826],[-118.31683,34.1824],[-118.3166,34.1822],[-118.31638,34.182],[-118.31616,34.18179],[-118.31593,34.18159],[-118.31571,34.18139],[-118.31548,34.18119],[-118.31526,34.18099],[-118.31503,34.18079],[-118.3148,34.18059],[-118.31457,34.1804],[-118.31433,34.18021],[-118.31409,34.18001],[-118.31386,34.17982],[-118.31363,34.17963],[-118.31339,34.17943],[-118.31316,34.17924],[-118.31292,34.17904],[-118.31269,34.17885],[-118.31244,34.17866],[-118.31219,34.17849],[-118.31194,34.17831],[-118.31169,34.17813],[-118.31144,34.17795],[-118.31119,34.17777],[-118.31093,34.17759],[-118.31068,34.17742],[-118.31043,34.17724],[-118.31018,34.17706],[-118.30993,34.17688],[-118.30968,34.1767],[-118.30942,34.17653],[-118.30916,34.17636],[-118.30889,34.1762],[-118.30863,34.17603],[-118.30836,34.17587],[-118.3081,34.1757],[-118.30784,34.17554],[-118.30757,34.17537],[-118.3073,34.17521],[-118.30703,34.17506],[-118.30675,34.17491],[-118.30648,34.17475],[-118.30621,34.1746],[-118.30593,34.17444],[-118.30566,34.17429],[-118.30539,34.17413],[-118.30511,34.17398],[-118.30484,34.17383],[-118.30456,34.17367],[-118.30429,34.17352],[-118.30402,34.17336],[-118.30374,34.17321],[-118.30347,34.17306],[-118.30319,34.17291],[-118.30291,34.17276],[-118.30263,34.17261],[-118.30236,34.17246],[-118.30208,34.17232],[-118.3018,34.17217],[-118.30152,34.17202],[-118.30124,34.17187],[-118.30097,34.17172],[-118.30069,34.17157],[-118.30042,34.17142],[-118.30014,34.17126],[-118.29986,34.17111],[-118.29959,34.17096],[-118.29932,34.17081],[-118.29904,34.17065],[-118.29877,34.1705],[-118.29849,34.17035],[-118.29821,34.17019],[-118.29794,34.17004],[-118.29767,34.16989],[-118.29739,34.16974],[-118.29712,34.16958],[-118.29684,34.16943],[-118.29657,34.16928],[-118.29629,34.16913],[-118.29602,34.16897],[-118.29574,34.16882],[-118.29547,34.16867],[-118.29519,34.16851],[-118.29492,34.16836],[-118.29465,34.16821],[-118.29437,34.16806],[-118.29409,34.1679],[-118.29382,34.16775],[-118.29354,34.1676],[-118.29327,34.16745],[-118.293,34.16729],[-118.29272,34.16714],[-118.29245,34.16699],[-118.29217,34.16683],[-118.29189,34.16668],[-118.29162,34.16653],[-118.29135,34.16638],[-118.29107,34.16622],[-118.2908,34.16607],[-118.29052,34.16592],[-118.29024,34.16577],[-118.28997,34.16562],[-118.28969,34.16546],[-118.28942,34.16531],[-118.28914,34.16516],[-118.28887,34.16501],[-118.28859,34.16485],[-118.28832,34.1647],[-118.28804,34.16455],[-118.28777,34.16439],[-118.28749,34.16424],[-118.28722,34.16409],[-118.28694,34.16394],[-118.28667,34.16378],[-118.28639,34.16363],[-118.28612,34.16348],[-118.28584,34.16333],[-118.28557,34.16317],[-118.2853,34.16302],[-118.28503,34.16286],[-118.28476,34.1627],[-118.2845,34.16253],[-118.28423,34.16237],[-118.28397,34.1622],[-118.28371,34.16203],[-118.28345,34.16186],[-118.2832,34.16169],[-118.28294,34.16151],[-118.28269,34.16133],[-118.28245,34.16114],[-118.2822,34.16096],[-118.28196,34.16077],[-118.28172,34.16058],[-118.28148,34.16039],[-118.28125,34.1602],[-118.28102,34.16],[-118.28079,34.1598],[-118.28056,34.1596],[-118.28034,34.1594],[-118.28012,34.15919],[-118.2799,34.15899],[-118.27968,34.15879],[-118.27947,34.15857],[-118.27926,34.15836],[-118.27905,34.15815],[-118.27885,34.15793],[-118.27865,34.15771],[-118.27845,34.15749],[-118.27826,34.15727],[-118.27807,34.15704],[-118.27788,34.15682],[-118.2777,34.15659],[-118.27752,34.15636],[-118.27734,34.15613],[-118.27717,34.15589],[-118.27699,34.15566],[-118.27683,34.15542],[-118.27666,34.15518],[-118.2765,34.15494],[-118.27634,34.1547],[-118.27619,34.15446],[-118.27604,34.15421],[-118.27589,34.15397],[-118.27575,34.15372],[-118.27561,34.15347],[-118.27547,34.15322],[-118.27534,34.15297],[-118.27521,34.15272],[-118.27508,34.15246],[-118.27495,34.15221],[-118.27482,34.15196],[-118.27469,34.15171],[-118.27456,34.15145],[-118.27443,34.1512],[-118.2743,34.15095],[-118.27417,34.1507],[-118.27404,34.15044],[-118.27391,34.15019],[-118.27378,34.14994],[-118.27365,34.14969],[-118.27352,34.14943],[-118.27339,34.14918],[-118.27326,34.14893],[-118.27312,34.14868],[-118.27299,34.14842],[-118.27286,34.14817],[-118.27273,34.14792],[-118.2726,34.14767],[-118.27248,34.14741],[-118.27235,34.14716],[-118.2722,34.14691],[-118.27207,34.14666],[-118.27194,34.14641],[-118.27181,34.14616],[-118.27168,34.1459],[-118.27155,34.14565],[-118.27142,34.1454],[-118.27129,34.14515],[-118.27116,34.14489],[-118.27103,34.14464],[-118.2709,34.14439],[-118.27077,34.14414],[-118.27064,34.14388],[-118.27051,34.14363],[-118.27038,34.14338],[-118.27025,34.14312],[-118.27012,34.14287],[-118.26999,34.14262],[-118.26986,34.14237],[-118.26973,34.14211],[-118.2696,34.14186],[-118.26947,34.14161],[-118.26934,34.14136],[-118.26921,34.1411],[-118.26908,34.14085],[-118.26895,34.1406],[-118.26882,34.14035],[-118.26869,34.14009],[-118.26856,34.13984],[-118.26843,34.13959],[-118.2683,34.13934],[-118.26817,34.13908],[-118.26804,34.13883],[-118.26791,34.13858],[-118.26778,34.13833],[-118.26765,34.13807],[-118.26752,34.13782],[-118.26739,34.13757],[-118.26726,34.13732],[-118.26713,34.13706],[-118.267,34.13681],[-118.26687,34.13656],[-118.26674,34.13631],[-118.26661,34.13605],[-118.26648,34.1358],[-118.26635,34.13555],[-118.26622,34.13529],[-118.26609,34.13504],[-118.26596,34.13479],[-118.26583,34.13454],[-118.2657,34.13428],[-118.26557,34.13403],[-118.26544,34.13378],[-118.26531,34.13352],[-118.26518,34.13327],[-118.26505,34.13302],[-118.26492,34.13277],[-118.26479,34.13251],[-118.26466,34.13226],[-118.26453,34.13201],[-118.2644,34.13176],[-118.26427,34.1315],[-118.26414,34.13125],[-118.26401,34.131],[-118.26388,34.13075],[-118.26375,34.13049],[-118.26362,34.13024],[-118.26349,34.12999],[-118.26336,34.12974],[-118.26323,34.12948],[-118.26309,34.12923],[-118.26296,34.12898],[-118.26282,34.12873],[-118.26267,34.12849],[-118.26253,34.12824],[-118.26238,34.12799],[-118.26223,34.12775],[-118.26208,34.1275],[-118.26192,34.12726],[-118.26176,34.12702],[-118.2616,34.12678],[-118.26144,34.12654],[-118.26128,34.1263],[-118.26111,34.12606],[-118.26094,34.12583],[-118.26077,34.12559],[-118.2606,34.12536],[-118.26042,34.12513],[-118.26024,34.1249],[-118.26006,34.12467],[-118.25988,34.12444],[-118.25969,34.12421],[-118.2595,34.12399],[-118.25931,34.12376],[-118.25911,34.12354],[-118.25892,34.12332],[-118.25872,34.1231],[-118.25852,34.12288],[-118.25831,34.12267],[-118.25811,34.12245],[-118.2579,34.12224],[-118.25769,34.12203],[-118.25748,34.12181],[-118.25726,34.12161],[-118.25705,34.1214],[-118.25683,34.12119],[-118.25661,34.12099],[-118.25638,34.12079],[-118.25616,34.12059],[-118.25593,34.12039],[-118.2557,34.12019],[-118.25547,34.11999],[-118.25524,34.11979],[-118.25501,34.11959],[-118.25478,34.1194],[-118.25455,34.1192],[-118.25432,34.119],[-118.25409,34.11881],[-118.25387,34.11861],[-118.25364,34.11841],[-118.25341,34.11821],[-118.25318,34.11801],[-118.25295,34.11782],[-118.25272,34.11762],[-118.25249,34.11742],[-118.25226,34.11722],[-118.25203,34.11703],[-118.2518,34.11683],[-118.25157,34.11663],[-118.25134,34.11644],[-118.25111,34.11624],[-118.25088,34.11604],[-118.25065,34.11584],[-118.25042,34.11565],[-118.25019,34.11545],[-118.24996,34.11525],[-118.24973,34.11505],[-118.2495,34.11485],[-118.24927,34.11466],[-118.24904,34.11446],[-118.24881,34.11426],[-118.24858,34.11407],[-118.24835,34.11387],[-118.24812,34.11367],[-118.24789,34.11348],[-118.24766,34.11327],[-118.24745,34.11306],[-118.24725,34.11285],[-118.24706,34.11262],[-118.24688,34.11239],[-118.24671,34.11215],[-118.24656,34.11191],[-118.24642,34.11166],[-118.24629,34.11141],[-118.24617,34.11115],[-118.24604,34.1109],[-118.24592,34.11064],[-118.24579,34.11039],[-118.24567,34.11014],[-118.24553,34.10989],[-118.24538,34.10964],[-118.24522,34.1094],[-118.24505,34.10917],[-118.24486,34.10894],[-118.24466,34.10872],[-118.24447,34.1085],[-118.24427,34.10828],[-118.24407,34.10806],[-118.24387,34.10784],[-118.24367,34.10762],[-118.24347,34.1074],[-118.24327,34.10718],[-118.24308,34.10696],[-118.24288,34.10674],[-118.24268,34.10652],[-118.24248,34.1063],[-118.24229,34.10608],[-118.24211,34.10585],[-118.24194,34.10561],[-118.24178,34.10537],[-118.24164,34.10512],[-118.24151,34.10487],[-118.24139,34.10462],[-118.24129,34.10435],[-118.24119,34.10409],[-118.24109,34.10383],[-118.24099,34.10357],[-118.24089,34.10331],[-118.24079,34.10304],[-118.24069,34.10278],[-118.24059,34.10252],[-118.2405,34.10226],[-118.2404,34.102],[-118.2403,34.10173],[-118.2402,34.10147],[-118.2401,34.10121],[-118.23999,34.10095],[-118.23986,34.1007],[-118.23973,34.10044],[-118.23958,34.1002],[-118.23942,34.09996],[-118.23924,34.09973],[-118.23906,34.0995],[-118.23887,34.09927],[-118.23868,34.09905],[-118.23849,34.09882],[-118.2383,34.0986],[-118.23811,34.09837],[-118.23793,34.09815],[-118.23774,34.09792],[-118.23754,34.0977],[-118.23735,34.09747],[-118.23717,34.09725],[-118.23698,34.09702],[-118.23678,34.0968],[-118.23659,34.09658],[-118.23638,34.09636],[-118.23616,34.09616],[-118.23593,34.09596],[-118.23569,34.09577],[-118.23544,34.09559],[-118.23518,34.09542],[-118.23492,34.09526],[-118.23464,34.09511],[-118.23436,34.09497],[-118.23407,34.09484],[-118.23377,34.09471],[-118.23347,34.09459],[-118.23318,34.09447],[-118.23288,34.09435],[-118.23258,34.09424],[-118.23228,34.09413],[-118.23198,34.09402],[-118.23168,34.0939],[-118.23138,34.09378],[-118.23109,34.09364],[-118.23081,34.0935],[-118.23054,34.09334],[-118.23028,34.09318],[-118.23002,34.093],[-118.22977,34.09282],[-118.22954,34.09263],[-118.22931,34.09243],[-118.22909,34.09222],[-118.22889,34.09201],[-118.22869,34.09179],[-118.2285,34.09156],[-118.22831,34.09134],[-118.22812,34.09111],[-118.22793,34.09089],[-118.22774,34.09066],[-118.22756,34.09043],[-118.22738,34.0902],[-118.22722,34.08996],[-118.22706,34.08972],[-118.22692,34.08947],[-118.22679,34.08922],[-118.22666,34.08897],[-118.22655,34.08871],[-118.22645,34.08845],[-118.22636,34.08818],[-118.22628,34.08792],[-118.22621,34.08765],[-118.22615,34.08738],[-118.22611,34.08711],[-118.22607,34.08683],[-118.22605,34.08656],[-118.22604,34.08628],[-118.22604,34.08601],[-118.22605,34.08573],[-118.22608,34.08546],[-118.22611,34.08519],[-118.22617,34.08492],[-118.22623,34.08465],[-118.22631,34.08438],[-118.2264,34.08411],[-118.2265,34.08385],[-118.22659,34.08359],[-118.22666,34.08332],[-118.22673,34.08305],[-118.22678,34.08278],[-118.22682,34.08251],[-118.22685,34.08223],[-118.22687,34.08196],[-118.22688,34.08169],[-118.2269,34.08141],[-118.22692,34.08114],[-118.22694,34.08086],[-118.22696,34.08059],[-118.22698,34.08031],[-118.22699,34.08004],[-118.22701,34.07976],[-118.22702,34.07949],[-118.22701,34.07921],[-118.22699,34.07894],[-118.22695,34.07867],[-118.2269,34.0784],[-118.22683,34.07813],[-118.22676,34.07786],[-118.22668,34.07759],[-118.22661,34.07732],[-118.22653,34.07706],[-118.22646,34.07679],[-118.22638,34.07652],[-118.22632,34.07625],[-118.22626,34.07598],[-118.2262,34.07571],[-118.22615,34.07544],[-118.2261,34.07517],[-118.22604,34.0749],[-118.22599,34.07463],[-118.22594,34.07435],[-118.22589,34.07408],[-118.22583,34.07381],[-118.22578,34.07354],[-118.22573,34.07327],[-118.22568,34.073],[-118.22565,34.07272],[-118.22561,34.07245],[-118.22558,34.07218],[-118.22554,34.07191],[-118.22549,34.07163],[-118.22542,34.07136],[-118.22535,34.0711],[-118.22529,34.07083],[-118.22522,34.07056],[-118.22516,34.07029],[-118.2251,34.07002],[-118.22504,34.06975],[-118.22497,34.06948],[-118.22493,34.06921],[-118.22491,34.06893],[-118.22492,34.06866],[-118.22497,34.06839],[-118.22505,34.06812],[-118.22515,34.06786],[-118.22525,34.0676],[-118.22536,34.06734],[-118.22546,34.06708],[-118.22556,34.06681],[-118.22567,34.06655],[-118.22577,34.06629],[-118.22587,34.06603],[-118.22598,34.06577],[-118.22608,34.06551],[-118.22618,34.06525],[-118.22628,34.06499],[-118.22639,34.06473],[-118.22649,34.06446],[-118.22659,34.0642],[-118.2267,34.06394],[-118.22682,34.06369],[-118.22694,34.06343],[-118.22707,34.06318],[-118.22722,34.06294],[-118.22742,34.06271],[-118.22765,34.06252],[-118.22792,34.06237],[-118.22822,34.06226],[-118.22855,34.0622],[-118.22887,34.06216],[-118.2292,34.06213],[-118.22953,34.06209],[-118.22986,34.06206],[-118.23019,34.06203],[-118.23051,34.06199],[-118.23084,34.06196],[-118.23117,34.06191],[-118.23147,34.06182],[-118.23176,34.06167],[-118.232,34.06149],[-118.23222,34.06128],[-118.23239,34.06105],[-118.23253,34.0608],[-118.23267,34.06055],[-118.2328,34.0603],[-118.23294,34.06005],[-118.23307,34.0598],[-118.23319,34.05954],[-118.2333,34.05928],[-118.23343,34.05903],[-118.23357,34.05878],[-118.23371,34.05853],[-118.23384,34.05828],[-118.23398,34.05803],[-118.23412,34.05778],[-118.23425,34.05753],[-118.23436,34.05727],[-118.23444,34.057],[-118.23449,34.05673],[-118.23455,34.05646],[-118.23461,34.05619],[-118.23467,34.05592],[-118.23473,34.05565],[-118.23478,34.05538],[-118.23484,34.05511],[-118.2349,34.05484],[-118.23496,34.05457],[-118.23498,34.05448]]},"properties":{"routeId":"Ventura County Line","name":"Ventura County Line","shortName":"VC Line","color":"#FFB81D","textColor":"#000000","system":"metrolink"}}]}